0,10
0,27
0,138
0,30
0,0
0,30
1,10
1,0
1,0
2,2
3,54
3,874
3,2
3,253
3,253
3,3
4,5
4,129
4,4
4,444
5,4
5,4
8,10
8,1024
8,27
8,129
8,138
8,9
8,198
8,185
8,8
8,401
9,247
9,248
9,8
9,198
9,8
9,9
10,172
10,3917
10,27
10,92
10,6637
10,354
11,973
11,235
11,11
12,13
13,11
13,38
13,459
13,22
13,252
13,401
14,656
14,656
14,27
14,14
14,877
16,2564
16,16
18,10
18,399
18,18
19,3183
19,2984
19,3497
19,2487
19,4394
19,2250
19,19
20,0
20,1078
20,0
21,2
21,839
21,227
21,86
21,85
21,86
22,332
22,22
23,24
23,2487
23,445
23,23
24,23
24,23
24,24
25,26
25,10
25,27
25,28
26,135
26,0
26,30
26,1044
26,3000
26,124
26,7
26,28
26,1159
26,25
27,2402
27,2
27,27
30,10
30,0
30,1078
30,1081
30,0
30,30
31,10
31,328
32,33
32,32
33,32
33,33
33,32
34,9372
35,105
35,106
35,10
36,10
36,0
36,1078
38,57
38,1060
38,1598
38,939
38,49
38,1137
38,48
42,10
42,595
42,1024
42,27
42,76
42,301
42,200
42,138
42,2036
42,92
42,42
43,37
43,99
43,71
45,545
45,301
45,45
45,877
47,2704
47,2704
48,38
48,692
48,48
49,38
50,71
51,398
51,958
52,53
52,54
52,27
52,55
53,1877
53,7
53,28
53,1105
53,11760
53,11761
54,3
54,6504
54,6507
54,5424
54,27
54,1844
54,1882
54,1168
54,1941
54,43
56,216
56,54
57,1813
58,1598
60,780
60,1843
60,1079
60,61
60,1261
61,61
61,2824
61,2319
62,2928
62,62
62,2341
62,877
63,64
63,65
63,64
63,13
64,7996
64,2
64,2
64,3
64,1243
64,63
64,5006
64,12037
64,7332
64,12038
64,1271
64,1987
65,5115
65,144
65,3
65,54
66,27
67,1843
67,67
68,780
68,1261
68,68
69,61
69,69
70,877
70,70
71,71
72,6574
72,27
72,76
72,1328
73,1842
74,10
74,27
74,28
75,75
75,51
75,173
76,72
77,78
77,79
77,27
77,7
78,1234
78,618
78,637
78,4481
78,124
78,7
79,3
80,54
80,3
81,27
82,27
85,3279
85,807
85,247
85,248
85,86
85,85
86,85
86,10
86,1024
86,27
86,514
86,138
86,86
87,4887
88,10
89,560
89,131
90,370
90,209
90,13606
90,331
90,2868
90,13549
90,762
90,1224
90,10597
92,10
92,205
92,42
92,423
92,92
93,2402
93,156
93,94
93,95
93,97
95,442
95,619
95,716
95,366
95,595
95,129
95,259
95,1060
95,813
95,514
95,49
95,1137
96,94
97,1024
97,27
97,301
97,514
97,138
97,1079
97,2323
97,97
98,0
98,2772
98,3671
99,71
99,43
99,11
99,22
99,99
102,2550
102,44
102,615
102,649
103,408
103,585
103,104
105,106
105,105
106,10
106,27
106,105
106,106
107,54
107,107
108,44
108,43
108,3201
108,3261
109,110
109,2
109,54
110,54
110,2
110,110
111,10
111,548
111,112
111,112
112,10
112,27
112,201
112,112
114,514
114,1079
115,581
115,301
115,129
115,115
119,257
121,3831
121,141
121,3831
121,141
122,123
122,122
122,123
123,2402
123,122
125,388
125,2602
125,5274
125,2705
126,960
126,802
127,128
128,231
128,8534
128,6872
128,6873
128,5768
128,3
128,7110
128,3608
128,6871
129,2402
130,2821
130,130
130,2821
132,132
133,1079
133,133
134,595
134,2940
134,1813
134,1813
134,2180
134,134
135,10
135,135
136,292
136,75
137,138
137,1079
137,137
138,2536
139,139
140,2250
140,141
141,140
142,193
142,142
142,193
142,201
142,354
143,2469
143,10
143,143
144,940
145,42
145,92
145,0
145,2220
146,2430
146,3814
146,92
148,1573
148,0
148,0
149,198
149,149
150,11
150,173
153,453
153,153
153,173
153,453
154,3816
154,3497
154,173
154,154
154,3816
154,444
155,451
155,259
155,2181
155,155
156,2835
157,10
157,27
157,28
158,2536
158,45
158,16
158,137
158,45
159,54
159,2443
159,2
159,550
159,173
159,2180
159,159
159,550
160,10
160,1271
160,2170
162,10
163,388
163,5274
163,321
163,445
163,1103
163,163
163,453
164,5
164,772
164,4
165,5
165,165
165,201
166,360
166,321
166,166
167,595
167,1024
167,27
167,129
167,514
167,1079
167,167
168,169
168,168
169,169
169,168
171,342
171,171
171,877
172,3621
172,497
174,774
174,54
175,10
175,176
175,175
176,10
176,27
176,138
176,175
176,2180
176,176
177,129
177,129
177,4
177,2519
178,10
178,179
178,178
178,179
179,10
179,27
179,138
179,178
179,179
180,181
181,181
187,10
187,188
187,187
188,10
188,187
188,188
189,10
191,586
191,191
192,1021
192,51
192,192
193,142
193,10
193,193
201,61
202,10
202,202
203,1431
203,595
203,326
203,203
203,1431
204,10
204,497
204,204
205,10
205,92
205,173
205,205
205,92
206,0
206,0
206,779
206,206
207,10
207,768
207,970
207,247
207,248
207,86
207,86
208,10
208,208
209,209
211,3157
211,3243
211,272
211,649
211,1551
211,1538
211,211
211,272
211,1539
212,212
213,10
213,337
213,337
214,10
214,236
214,236
214,955
215,42
215,10
215,260
216,216
220,138
220,1079
222,586
222,2180
222,222
223,223
223,27
223,223
223,877
223,223
224,27
224,49
224,224
225,54
225,495
225,2
225,225
225,869
226,75
227,54
227,2
227,227
228,10
228,27
228,228
229,216
229,54
229,2442
230,38
231,230
231,1137
231,1137
231,38
231,152
232,10
232,232
232,201
232,354
235,11
236,816
236,10
236,399
236,369
236,162
236,236
237,236
237,705
237,185
237,236
237,7379
237,237
238,11
238,355
240,649
240,601
240,1568
240,120
240,1296
240,1324
241,1004
241,3
241,2177
241,11243
242,10
242,351
242,242
244,54
245,416
245,10
245,27
245,301
245,245
246,27
247,874
247,3
247,1040
247,1020
247,2282
247,12924
248,3
248,5424
248,1882
248,1168
248,1941
248,27
248,2519
249,248
249,3
249,772
249,1261
249,2519
250,54
250,216
251,3638
251,216
251,54
251,216
252,252
253,54
253,2
253,3
254,266
254,444
254,971
254,945
255,2
255,255
256,209
256,256
257,54
257,2
259,748
259,570
259,155
261,61
261,354
263,54
263,894
265,264
265,54
265,600
265,265
266,54
266,2
266,783
266,1342
266,945
266,254
266,970
266,2180
267,10
267,2
267,614
268,10
268,497
268,268
269,10
269,1155
269,269
270,54
270,2
270,270
271,54
271,2
272,54
272,2
272,272
272,356
272,971
273,54
273,272
273,273
275,587
275,301
275,595
275,275
275,61
277,54
277,3
278,798
278,514
278,410
279,51
279,279
281,54
281,216
281,216
283,2
283,649
283,54
284,649
284,54
286,54
286,1342
286,1342
287,647
287,54
287,287
288,54
288,2
289,54
289,2
289,289
290,54
290,288
290,2
290,2577
290,288
290,290
291,54
291,783
291,254
291,6072
291,291
292,54
292,2
292,292
293,11
293,294
294,293
294,173
294,294
295,54
295,110
295,2
295,110
295,2
296,368
296,54
297,292
297,54
299,252
300,2
300,54
300,594
300,2180
300,201
300,971
300,1205
300,594
301,2536
301,45
301,301
301,412
302,10
302,302
303,908
303,10
303,27
303,138
303,303
304,877
304,304
305,54
305,2
305,649
305,605
305,305
305,605
306,54
306,305
307,253
308,54
308,308
308,272
308,2180
310,10
311,54
312,1599
312,216
312,54
312,1599
313,54
313,2
313,313
313,255
314,313
314,54
314,255
314,314
315,316
315,316
315,315
315,173
315,144
316,315
316,57
316,315
316,316
317,11
317,51
317,149
317,45
317,4
317,16
317,122
317,222
317,10
317,2938
317,2258
317,772
317,1079
317,1261
318,11
318,173
318,971
318,542
320,54
320,1111
320,774
323,236
323,2626
323,1271
324,393
324,2
324,54
324,75
324,101
325,1185
325,2
325,3
325,1321
326,203
326,326
326,203
327,54
327,255
327,327
328,10
328,27
328,328
329,2940
329,5478
329,939
329,1137
329,1238
329,61
329,329
330,264
330,54
330,600
330,894
331,54
331,2
331,937
331,2
332,22
332,22
333,79
333,3
333,2810
333,6771
334,10
334,334
335,3497
335,3831
335,335
336,10
336,336
337,714
337,10
337,337
337,354
338,329
339,248
339,181
339,339
340,2431
340,27
340,1079
340,340
341,10
341,179
342,342
342,171
343,470
343,27
343,301
343,2819
343,343
344,270
344,54
344,344
345,1686
345,393
345,1456
349,10
349,135
350,10
350,236
350,236
351,10
351,399
351,351
352,1041
353,3408
353,216
353,54
353,2648
355,11
355,355
356,54
356,270
356,2
356,272
356,649
356,272
356,356
357,10
357,357
358,10
359,10
359,27
359,359
360,360
361,10
361,361
361,201
362,10
362,27
362,362
363,10
363,4566
363,193
363,193
364,10
364,204
365,86
365,10
365,1271
366,95
366,366
367,54
367,368
367,2
367,1205
367,367
367,1131
368,54
368,2
368,368
369,236
369,236
370,54
370,2661
370,209
370,424
370,370
370,209
371,1280
371,54
371,255
372,4206
372,372
372,877
373,373
374,27
374,27
374,804
374,89
374,152
375,10
375,782
375,375
375,354
376,54
377,170
377,17
377,34
377,28
377,199
377,104
379,27
379,595
380,6591
381,162
381,10
382,54
382,2
382,2
382,382
384,44
384,43
384,305
384,1959
385,536
385,10
385,901
385,385
386,10
386,193
387,54
387,3
388,125
388,125
388,7379
388,388
389,10
389,389
390,10
390,27
390,390
391,468
391,2196
392,468
392,392
393,54
393,2
393,2577
394,1226
394,635
394,0
394,7
394,17
395,137
395,158
395,395
395,137
397,1079
397,2519
398,132
398,51
398,198
398,398
399,2402
399,10
402,3524
402,288
402,739
402,8243
404,0
404,0
404,30
404,1271
405,54
405,272
407,54
407,216
407,407
407,971
407,353
408,2443
408,2
408,585
409,16
409,16
410,278
410,1101
410,278
410,2568
410,201
410,971
412,608
412,2472
412,608
412,595
412,1079
412,2315
412,412
413,54
413,2
413,896
413,2577
413,896
414,54
415,10
415,415
416,10
416,245
417,2
417,418
417,54
418,54
418,2
418,418
418,1523
419,10
419,205
419,92
420,4
421,3593
421,3517
421,281
421,10338
421,216
423,10
423,92
423,173
423,92
423,423
425,606
425,54
426,10
426,426
427,618
427,54
428,855
428,556
428,5851
428,5852
430,418
430,54
430,418
431,54
432,10
432,266
432,228
432,228
432,266
433,252
433,61
433,252
436,228
436,228
436,10
436,116
436,2344
439,72
439,881
439,10
439,152
440,10
441,376
441,54
442,95
442,95
443,2
443,10
443,27
443,429
445,23
446,1168
446,446
447,11
447,51
447,171
447,38
447,58
447,222
447,115
447,168
447,10
447,1079
448,595
448,27
448,61
448,2180
448,61
448,448
449,38
449,449
451,155
451,451
451,155
452,4
453,153
453,453
454,0
454,354
455,54
455,3985
455,455
456,2
456,382
456,254
457,236
457,236
458,10
458,458
459,459
459,1079
459,2519
459,459
460,10
460,0
460,0
460,460
461,2
461,601
461,54
463,11011
463,913
463,2351
463,463
464,0
465,975
466,767
466,476
466,3377
466,1205
466,989
467,468
467,865
467,865
468,467
468,27
468,1844
469,595
469,1079
469,61
469,1261
471,1246
471,441
471,54
471,3209
473,38
473,473
474,45
474,45
475,38
475,475
475,1238
476,54
476,2
476,476
477,112
477,227
477,112
478,10
478,27
478,138
478,478
479,10
479,27
479,479
480,10
480,334
480,334
481,2277
481,61
481,203
482,1024
482,638
483,2
483,601
484,92
484,557
484,0
484,494
485,4
486,27
486,514
487,1123
487,321
487,129
487,259
487,445
487,141
487,2036
487,1103
487,487
488,27
488,27
490,16
490,16
490,490
491,54
492,495
492,54
492,492
492,495
492,971
493,807
493,54
493,2443
494,0
495,54
495,2
496,10
496,550
498,2
498,807
498,2232
498,4696
499,10
499,336
499,5626
500,3447
500,27
500,198
500,500
501,2326
502,10
503,54
503,1006
504,2
504,54
504,3
505,0
505,0
507,606
507,54
508,289
508,54
509,467
509,772
509,1370
510,280
510,1569
510,0
510,30
510,1078
512,1378
512,4628
512,14829
512,1271
512,2170
514,2536
515,0
516,10
516,2767
516,10
517,1079
517,2519
517,517
518,10
518,0
518,0
519,846
519,1057
519,960
519,9305
521,10
521,361
522,716
522,93
522,27
523,1079
523,2519
523,523
523,877
524,578
524,54
524,578
527,6748
527,54
527,3
528,382
528,54
529,216
529,54
529,1325
530,1573
530,0
530,0
530,2772
531,2399
531,54
531,209
533,10
534,125
534,125
536,10
536,385
537,538
537,13
537,180
537,181
538,821
539,10
541,10
541,355
541,236
542,542
542,640
543,54
543,407
544,468
544,544
545,45
545,45
545,545
546,10
547,110
547,2
547,54
548,54
549,2
549,618
549,54
550,54
550,2
550,550
551,54
551,392
551,201
552,54
553,618
553,54
553,618
554,10
555,3
555,322
555,1697
556,347
557,0
557,1078
557,30
558,10
558,423
559,407
559,216
559,1829
559,4443
560,89
560,89
560,560
561,373
562,54
562,2753
562,255
562,562
562,2753
563,10
563,135
563,135
565,187
565,188
565,236
565,900
565,7
565,1181
567,2649
567,5110
567,282
567,10818
567,110
567,3629
567,555
567,1288
568,2
568,54
569,1079
569,61
569,1261
570,4386
570,259
571,137
571,137
572,10
573,1294
573,54
573,1294
575,10
575,92
577,576
577,54
577,576
578,54
578,216
579,10
579,193
579,354
580,27
580,138
580,2938
580,877
580,580
581,115
581,581
582,1079
582,582
583,16
583,16
584,292
584,54
584,292
585,54
585,2
585,408
585,585
586,2402
586,191
586,222
587,275
587,903
588,3183
588,2250
588,445
588,141
588,588
588,804
589,10
589,8
590,10
590,334
590,334
591,649
591,54
592,10
592,359
592,359
593,4
594,54
594,2
594,594
595,275
595,32
595,304
595,68
595,67
595,70
595,580
595,69
595,379
596,54
596,2
598,1345
598,550
598,54
598,2443
600,264
600,2838
600,600
601,54
601,2
601,601
602,216
603,216
603,216
604,138
604,1079
604,604
605,54
605,2
605,605
606,54
606,2
606,606
607,10
607,106
608,412
608,412
608,201
609,10
609,204
609,204
610,10
611,27
611,301
612,1079
612,1261
612,612
613,236
613,236
614,10
614,356
614,267
614,267
615,2
615,649
615,54
615,615
616,708
616,708
616,616
616,152
617,10
617,0
617,0
618,54
618,2
618,618
619,95
619,201
619,95
620,1064
620,7
621,278
621,2568
621,201
621,114
622,470
622,1024
622,93
622,27
622,129
622,131
622,200
622,5088
622,445
622,2536
622,141
622,1941
622,173
622,622
623,27
623,301
623,514
623,138
623,301
624,0
624,0
625,470
625,2819
625,301
625,1079
625,61
626,27
626,301
626,877
626,626
627,628
627,627
628,627
628,627
629,2746
629,2819
629,27
630,2402
630,54
631,227
631,54
632,54
632,289
632,2
632,674
632,2577
632,632
633,5255
633,1024
633,93
633,301
633,2939
633,514
633,138
633,27
633,633
634,10
634,2797
634,478
635,1573
635,0
636,380
637,54
637,2
637,637
639,236
639,236
640,470
640,27
640,542
641,472
641,152
642,10
642,236
642,236
643,10
643,86
644,301
644,472
645,237
645,10
645,236
646,10
646,204
646,204
647,54
647,2
647,647
647,3310
648,368
648,648
649,54
649,2
650,10
650,112
651,468
651,651
652,0
653,27
654,654
654,45
654,45
655,10
655,236
656,14
657,54
657,264
657,2838
658,301
658,129
658,658
659,61
660,202
661,93
661,27
661,301
661,129
661,445
661,1103
661,138
661,141
661,2539
661,661
662,54
662,216
662,662
662,216
663,0
664,3034
664,407
664,3340
664,407
664,28
664,113
666,1024
666,27
666,301
666,49
666,27
666,301
666,666
667,0
667,0
668,236
669,10
669,0
669,0
670,10
670,351
670,351
671,2
672,1280
672,173
672,672
673,1882
673,1168
673,11
673,51
673,2
673,46
673,22
673,216
673,95
673,10
673,1370
673,201
673,216
673,971
674,54
674,2
675,2443
675,2
675,807
675,2
676,1608
676,2
676,4828
676,356
676,2
676,1036
678,10
678,236
679,280
679,236
680,10
680,86
681,236
682,54
682,2
682,227
682,682
683,10
683,42
684,10
685,10
685,236
686,270
686,54
687,54
687,209
688,1185
688,628
689,10
689,236
689,236
690,305
690,637
690,3109
690,83
690,1271
690,2170
691,271
691,2443
691,691
692,38
692,173
692,692
693,54
693,1535
694,54
694,2
694,674
694,694
695,27
695,877
695,695
696,2648
696,216
696,54
696,3347
697,2261
697,27
697,1079
697,61
698,54
698,264
698,2838
699,27
699,301
699,129
700,807
700,54
700,1283
701,1045
701,54
701,2577
701,1045
703,10
705,10
705,236
705,236
705,237
706,10
706,236
706,236
706,816
707,468
707,1344
708,616
709,10
710,468
710,1506
710,2838
711,49
711,11
711,316
711,51
711,171
711,223
711,22
711,224
711,54
711,10
711,472
711,1079
711,1238
711,61
712,6673
712,2408
712,11
713,216
713,54
713,2442
714,337
714,3755
714,337
715,10
716,95
716,95
717,10
717,40
717,1209
717,975
719,10
719,228
719,228
720,270
720,54
720,720
721,131
721,11
721,278
721,51
721,459
721,72
721,380
721,54
721,10
721,1079
721,61
726,578
726,54
726,578
726,726
727,216
727,54
728,54
728,216
729,10
729,3621
729,328
729,328
730,223
730,730
731,54
732,216
732,54
733,1599
733,54
734,216
734,54
735,54
736,54
736,368
736,2
736,1205
736,736
738,288
738,2577
738,738
739,288
739,54
740,257
740,54
740,740
741,257
741,54
741,257
741,741
742,313
742,54
743,2399
743,54
743,209
743,1536
744,54
744,2661
744,209
744,2401
744,744
744,209
745,896
745,2577
745,2
746,5
746,2519
747,51
747,3
747,54
747,132
747,3
747,132
748,259
748,748
748,152
749,618
749,54
749,7061
750,216
750,54
751,54
752,54
752,281
753,3434
753,209
754,342
755,227
755,54
757,2
757,209
758,313
758,54
759,313
759,54
759,759
760,3408
760,216
760,54
760,2648
761,649
761,54
762,1045
762,54
762,2577
763,476
763,54
764,774
764,54
765,54
766,674
766,2
766,54
767,476
767,2
767,54
767,2577
767,767
768,54
768,2
768,254
768,207
768,970
768,2
768,5712
769,10
769,377
769,161
771,2285
771,54
771,27
772,772
774,54
774,2
774,774
775,10
775,361
776,10
776,106
778,2318
778,3821
779,2120
780,68
780,68
781,236
781,2755
782,10
782,375
782,375
783,54
783,2
783,783
784,2514
784,470
784,27
784,813
784,800
785,10
785,176
785,176
786,10
786,236
786,236
787,10
787,302
787,302
789,10
789,458
790,301
790,790
790,877
791,292
791,54
791,292
792,22
792,1168
792,792
793,10
793,0
794,54
794,2
794,292
794,1205
794,594
794,794
794,594
797,550
797,54
798,278
798,278
798,2568
798,173
798,201
799,10
799,236
801,0
801,1078
802,54
802,2
803,2399
803,54
804,804
804,203
805,1185
805,1192
806,329
806,61
806,329
807,54
807,2
808,1342
808,945
808,254
808,808
809,10
809,351
809,351
810,10
810,18
811,54
811,272
812,0
812,206
812,1959
813,68
814,134
814,134
815,10
815,4057
815,8
817,10
817,0
818,54
818,209
818,2400
819,10
819,18
819,18
819,354
820,10
820,5623
820,336
820,336
821,939
821,11
821,171
821,45
821,46
821,16
821,412
821,329
821,501
821,54
821,10
822,288
822,54
823,171
823,1238
824,171
825,45
826,278
826,278
826,2568
826,201
827,10
827,18
828,0
828,0
829,236
830,649
830,54
831,637
831,54
832,5382
832,236
834,54
836,1604
836,132
836,132
838,10
838,0
838,2183
838,0
839,227
839,54
839,839
840,54
840,255
840,840
841,10
841,176
841,176
842,10
842,86
842,86
843,595
843,27
843,843
843,144
843,971
844,54
844,255
845,10
845,236
845,705
845,236
846,54
846,2
847,580
847,580
848,0
848,2924
848,0
849,27
849,301
850,10
850,0
850,2183
851,0
851,0
852,10
852,8
852,8
853,10
853,0
854,10
854,245
856,2
856,54
856,945
857,637
857,54
857,857
858,10
858,1249
858,176
858,176
859,143
859,3963
859,143
860,27
860,860
861,10
861,5078
861,176
861,176
862,54
862,2753
862,255
863,0
863,0
864,1355
864,54
864,3
865,468
865,865
865,467
866,1402
866,1305
866,601
866,8214
866,6404
867,761
867,8
867,8
868,0
868,2183
871,54
871,945
871,871
872,281
872,216
873,10
873,0
874,5504
874,7490
874,2
874,253
874,54
874,3
875,270
875,2
875,54
876,2
876,54
876,3
877,877
878,576
878,54
878,576
880,54
880,2
880,418
881,10
881,0
882,10
882,357
883,10
883,479
883,479
884,54
885,27
886,57
886,1060
886,1598
886,939
886,49
886,1137
886,51
886,223
886,666
886,69
886,95
886,501
886,54
886,10
886,1843
886,472
886,1079
886,1238
886,61
886,1261
886,1238
887,54
887,216
888,11
889,48
889,27
890,10
890,302
890,302
891,236
892,54
892,945
892,892
893,271
893,54
894,264
894,2838
895,10
895,193
896,54
896,2
897,10
897,143
897,143
898,468
898,865
899,10
899,0
900,236
900,236
900,354
901,385
901,385
902,27
902,902
904,959
904,93
904,27
904,301
904,138
904,904
905,0
906,10
906,0
906,2231
908,10
908,303
910,278
910,278
910,2568
910,201
911,10
911,1271
912,913
912,54
913,54
913,2
913,913
914,54
915,0
915,1043
916,54
917,10
917,27
917,513
917,916
917,6257
918,10
918,328
920,205
920,92
925,54
925,170
925,27
925,926
926,54
927,606
927,2
927,54
928,1292
928,1352
929,1266
929,10
929,1271
929,2252
929,2170
930,931
930,932
931,163
931,453
931,441
931,3
931,3631
931,3632
931,3633
931,2155
932,2649
932,3784
932,418
932,199
933,10
933,390
934,54
934,266
934,945
935,54
935,945
936,807
936,54
936,936
937,54
937,2
937,331
937,937
938,10
938,4113
938,112
938,112
939,38
939,329
939,38
939,329
939,1813
941,10
941,18
943,1358
943,14623
943,981
943,3
943,3215
943,3
944,1111
944,2
944,774
945,54
945,2
945,266
945,254
946,418
946,54
947,948
947,949
947,948
947,6
947,950
948,1580
948,457
948,101
949,950
949,954
949,8601
949,10510
950,954
950,952
950,949
950,948
950,6
950,953
950,3
950,30
950,95
950,172
950,947
950,951
951,952
951,949
951,948
951,6
951,953
951,3
951,950
951,947
952,950
952,42
952,92
952,10
952,2170
956,65
956,319
956,260
956,957
957,2
957,255
957,289
957,2
957,54
957,40
957,41
957,1321
958,2536
958,181
958,10
959,2402
959,149
960,54
960,802
960,2
960,802
960,779
960,1265
961,368
961,54
962,10
963,27
963,124
964,3
964,2321
964,101
964,3522
964,3523
965,3
965,54
965,15591
965,1271
965,7842
965,6776
965,7274
966,601
966,54
967,2
967,54
967,255
967,967
968,1477
968,618
968,2
968,535
969,834
969,54
969,774
970,54
970,2
970,970
973,2402
973,11
974,10
974,0
976,2399
976,54
976,1536
977,10
977,28
978,637
978,54
979,511
979,199
981,54
981,3
982,10
982,205
982,92
982,205
983,2
983,783
983,54
984,802
984,54
984,984
985,368
985,54
985,736
986,54
986,3
987,270
987,54
989,54
989,2
989,1205
989,594
989,594
989,989
990,846
990,54
991,42
992,993
992,3718
992,54
993,54
993,2
993,253
993,3181
994,170
996,10
996,2995
996,86
997,4040
997,1080
997,2452
997,4041
1000,54
1001,10
1002,10
1002,268
1002,268
1003,3735
1003,282
1003,11628
1003,4134
1004,552
1004,54
1005,54
1006,503
1007,270
1007,54
1009,10
1009,0
1009,2300
1010,54
1011,10
1011,458
1012,54
1012,266
1012,945
1013,2
1013,674
1013,54
1014,236
1015,2292
1015,527
1015,10178
1015,1324
1015,1271
1016,23
1016,2487
1016,979
1017,1134
1017,54
1018,54
1018,3
1019,177
1019,27
1020,674
1020,54
1021,2
1021,54
1021,3
1022,289
1022,54
1027,908
1027,10
1027,303
1028,0
1028,1569
1028,1254
1029,937
1029,54
1030,1031
1030,54
1031,2
1032,288
1032,7439
1032,3
1033,54
1033,874
1033,3
1034,54
1035,774
1035,54
1036,993
1036,54
1036,3
1038,335
1039,54
1039,2
1039,253
1040,54
1041,2
1041,45
1041,352
1042,2347
1042,966
1042,765
1042,27
1042,2968
1042,6138
1042,7832
1042,2566
1042,2177
1043,288
1043,739
1043,2987
1043,2988
1043,2049
1043,199
1043,2989
1043,2990
1043,2991
1043,2992
1043,937
1045,54
1045,2
1045,1045
1046,1045
1046,54
1046,2577
1047,281
1047,216
1048,10
1049,10
1049,2
1049,1604
1050,821
1050,821
1051,95
1052,6736
1053,10
1053,4
1054,10
1054,205
1054,92
1056,1045
1056,54
1057,846
1057,2
1057,54
1058,618
1058,54
1059,86
1059,86
1060,1813
1061,1062
1061,11
1061,27
1061,1063
1062,263
1062,264
1064,596
1064,2
1064,54
1064,2443
1065,1040
1065,54
1065,3
1066,10
1066,0
1066,2772
1066,1066
1066,1192
1068,2954
1068,2954
1068,1202
1068,3
1068,50
1069,7221
1069,147
1069,722
1069,8013
1069,14439
1069,1271
1070,0
1070,30
1070,1078
1071,986
1071,54
1071,3
1072,54
1073,54
1073,3
1073,1073
1074,54
1075,2
1075,54
1077,2191
1077,4872
1077,8
1078,10
1078,0
1078,1081
1080,1858
1080,4040
1080,997
1080,2452
1080,4041
1080,1959
1081,10
1081,0
1081,1078
1081,2183
1082,313
1082,54
1083,257
1083,54
1083,1083
1084,132
1084,132
1084,984
1085,647
1085,54
1085,647
1086,216
1086,54
1087,216
1088,1355
1088,54
1088,3
1091,54
1092,54
1093,54
1094,54
1095,647
1095,2
1095,54
1097,1355
1097,54
1099,0
1099,1078
1100,10
1101,772
1101,61
1102,2283
1102,216
1102,54
1102,3593
1103,2536
1104,2363
1104,808
1104,1342
1104,1044
1104,17
1104,199
1104,1106
1104,4424
1106,1104
1106,10
1107,1356
1107,2
1107,54
1107,3
1107,1356
1108,476
1108,54
1110,54
1110,2
1110,2
1110,327
1110,971
1110,1110
1111,54
1111,2
1112,54
1113,10
1113,0
1114,601
1114,54
1115,54
1116,54
1117,2283
1117,54
1119,13
1119,1120
1119,1121
1120,13
1120,0
1120,1569
1121,13
1122,54
1123,1103
1123,125
1123,156
1123,45
1123,4
1123,155
1123,16
1123,94
1123,137
1123,140
1123,54
1123,3688
1123,2536
1123,2519
1123,487
1123,4394
1124,2
1124,54
1124,3
1125,54
1126,54
1126,356
1127,54
1128,7801
1128,54
1128,3
1129,54
1129,945
1130,264
1130,54
1130,894
1131,368
1131,54
1131,367
1131,1131
1132,10
1132,92
1133,42
1133,92
1133,10
1134,2
1134,54
1134,3
1135,2
1135,292
1135,54
1136,10
1136,179
1136,179
1137,38
1137,329
1139,54
1139,253
1140,236
1140,1181
1140,1352
1140,1181
1141,0
1141,1856
1142,2
1142,896
1142,7123
1142,7124
1142,922
1142,54
1143,54
1143,3
1144,10
1144,204
1145,2432
1145,54
1146,618
1146,54
1146,2575
1147,89
1147,28
1147,721
1148,54
1149,0
1150,2478
1150,0
1150,1078
1151,313
1151,54
1151,1151
1153,2
1153,54
1153,3
1155,10
1155,269
1155,269
1156,2220
1156,0
1157,1158
1157,54
1157,27
1157,1159
1158,340
1158,124
1158,28
1160,846
1160,9098
1160,5653
1160,3
1160,9097
1164,205
1164,92
1164,10
1164,42
1165,86
1166,10
1167,550
1167,54
1167,1167
1168,3637
1168,216
1170,1059
1170,42
1170,10
1170,202
1170,10
1170,218
1170,1171
1172,2
1172,674
1172,54
1172,1172
1173,54
1173,209
1174,110
1174,2
1174,54
1175,2
1175,674
1175,54
1176,54
1176,209
1177,606
1177,54
1178,674
1178,54
1179,774
1179,54
1180,368
1180,54
1181,399
1181,4238
1181,68
1181,72
1181,69
1182,0
1183,10
1184,38
1184,1184
1185,1246
1185,1246
1185,3
1186,0
1186,1078
1187,10
1187,337
1188,1079
1188,1238
1188,61
1188,1261
1189,1602
1189,10
1189,302
1191,10
1193,172
1193,10
1195,10
1195,245
1196,281
1197,449
1197,230
1197,231
1197,38
1198,2940
1198,57
1198,5478
1198,939
1198,1137
1198,51
1198,4
1198,59
1198,329
1198,69
1198,501
1198,54
1198,10
1198,1843
1198,1079
1198,1238
1198,61
1200,1201
1200,1202
1200,1203
1200,1204
1200,1205
1200,1206
1201,960
1202,4099
1202,993
1202,54
1203,1201
1203,376
1203,7439
1203,7438
1203,1200
1204,368
1204,54
1205,1205
1206,3
1206,988
1206,2282
1213,10
1213,389
1214,656
1214,1079
1214,61
1215,10
1215,86
1217,292
1217,54
1217,1217
1217,292
1219,0
1220,57
1220,59
1220,223
1220,69
1220,95
1220,501
1220,54
1220,10
1220,2938
1220,2258
1220,472
1220,1079
1220,1238
1220,61
1221,10
1223,1194
1225,10
1226,1576
1226,10
1227,10
1227,458
1228,3008
1228,10
1228,267
1231,10
1231,337
1232,1233
1232,960
1232,1234
1232,1235
1232,1236
1233,1265
1233,960
1233,1265
1233,960
1234,2282
1235,1342
1235,2408
1235,1285
1235,1236
1236,1232
1236,8946
1236,3825
1236,368
1236,1235
1237,231
1237,1238
1238,1238
1238,2392
1239,10
1239,112
1241,472
1242,10
1243,11
1243,51
1243,133
1243,45
1243,392
1243,22
1243,95
1243,137
1243,54
1243,10
1243,2489
1243,821
1243,46
1244,54
1244,209
1245,1248
1245,2684
1245,1248
1246,3
1246,73
1247,367
1247,368
1248,331
1249,10
1249,858
1249,176
1250,548
1250,54
1252,10
1252,415
1255,10
1255,0
1256,407
1256,216
1256,54
1257,10
1257,204
1258,10
1258,193
1259,682
1259,227
1260,10
1260,0
1260,2183
1261,1079
1261,1261
1263,1248
1263,3076
1263,1248
1265,960
1265,960
1265,1265
1266,92
1266,10
1267,10
1267,86
1267,86
1267,967
1268,110
1268,54
1268,2862
1269,10
1269,236
1269,236
1273,10
1273,269
1274,0
1275,0
1276,1277
1276,1278
1276,960
1276,1279
1277,1248
1277,1248
1278,2
1278,54
1278,970
1278,1278
1278,970
1279,1278
1279,5631
1280,54
1280,2
1280,1280
1281,10
1281,359
1282,10
1282,106
1283,1845
1284,1091
1285,4560
1286,10
1286,303
1286,303
1287,1086
1287,216
1287,54
1289,1290
1289,1291
1289,1290
1290,774
1290,54
1292,10
1292,106
1293,0
1293,1078
1293,0
1293,198
1293,30
1294,54
1294,209
1295,1246
1296,979
1297,54
1297,305
1299,10
1299,8
1303,1240
1303,3312
1304,0
1304,0
1305,1246
1305,1246
1305,3
1306,10
1306,92
1307,3
1307,85
1308,202
1308,0
1308,202
1308,227
1308,682
1309,10
1309,179
1312,2
1312,3
1312,2
1312,3
1312,1313
1312,1314
1312,1315
1312,1316
1312,1240
1312,1262
1312,1317
1312,1318
1312,1241
1313,1312
1313,2883
1313,1907
1313,1315
1313,3684
1313,1314
1313,5884
1313,1315
1313,2727
1313,1240
1313,2824
1313,1303
1313,1241
1314,281
1314,281
1314,2719
1314,1313
1314,2192
1314,3827
1314,4137
1314,1316
1314,1241
1314,2719
1314,2497
1314,1240
1314,1262
1314,1303
1314,3312
1314,2335
1314,1241
1315,163
1315,388
1315,960
1315,802
1315,2883
1315,1313
1315,5884
1315,5181
1315,3684
1315,5884
1315,1240
1315,2824
1315,1303
1315,1317
1315,3312
1315,2335
1315,1241
1316,545
1316,545
1316,545
1319,470
1319,973
1319,57
1319,482
1319,939
1319,11
1319,51
1319,4
1319,89
1319,22
1319,54
1319,10
1323,2
1325,216
1326,1327
1326,124
1326,54
1327,3
1327,808
1328,76
1328,11
1328,51
1328,89
1328,223
1328,69
1328,224
1328,501
1328,54
1328,10
1328,2258
1329,10
1329,337
1330,10
1330,5693
1330,385
1330,385
1330,1331
1331,1330
1331,10
1331,385
1332,10
1332,106
1332,106
1334,467
1334,392
1334,170
1334,124
1334,392
1334,1296
1335,10
1335,389
1336,0
1336,2228
1336,42
1336,8584
1337,54
1338,10
1338,236
1339,10
1340,1341
1340,1342
1340,340
1340,1105
1341,54
1341,1342
1341,1341
1341,1342
1342,54
1342,2
1342,1342
1343,444
1344,27
1344,1844
1344,1882
1344,220
1344,11
1344,278
1344,51
1344,133
1344,45
1344,4
1344,22
1344,264
1344,468
1344,54
1344,10
1344,4563
1344,2086
1344,3816
1344,2850
1344,673
1344,2294
1344,1079
1346,220
1346,11
1346,173
1346,4
1348,10
1348,8
1349,1051
1349,522
1349,3
1349,1350
1349,1351
1349,1351
1351,1305
1351,441
1351,978
1351,5305
1351,1224
1351,17
1351,506
1351,1349
1351,1350
1351,978
1354,27
1354,1238
1354,61
1355,54
1355,5485
1356,54
1356,3
1357,134
1357,1076
1357,134
1358,1265
1358,1265
1358,960
1359,54
1360,606
1360,1177
1360,606
1360,1361
1360,1209
1363,10
1366,10
1366,176
1367,54
1368,299
1368,180
1368,181
1368,506
1368,821
1369,236
1370,11
1370,904
1370,1370
1370,354
1371,4
1371,1169
1371,54
1371,1372
1371,1373
1371,1374
1372,2086
1373,2
1373,79
1373,255
1373,258
1373,2
1374,3
1374,427
1374,618
1375,1376
1376,54
1376,701
1376,1045
1377,54
1377,289
1377,2282
1378,42
1379,314
1380,1228
1380,3
1380,79
1380,172
1380,1381
1380,1382
1380,1383
1380,1384
1383,2649
1383,3400
1383,441
1383,1380
1383,1381
1383,1382
1385,10
1385,371
1386,10
1386,42
1387,105
1387,106
1388,2243
1388,2
1388,2282
1390,595
1390,5255
1390,1024
1390,51
1390,653
1390,627
1390,54
1390,10
1390,167
1390,5513
1390,4273
1390,1843
1390,472
1390,1079
1390,1238
1390,61
1390,1261
1391,2
1391,418
1391,2282
1392,1248
1392,1248
1394,286
1394,2282
1395,329
1396,10
1396,106
1397,292
1397,54
1398,1399
1399,1248
1399,231
1399,194
1399,54
1400,10
1400,413
1400,86
1400,86
1402,3
1402,54
1403,213
1403,10
1403,337
1404,11
1404,51
1404,4
1404,89
1404,94
1404,22
1404,501
1404,54
1404,10
1404,2519
1405,14191
1405,633
1405,1114
1405,2
1407,2366
1408,10
1408,179
1409,472
1409,1238
1409,61
1409,2519
1411,27
1411,49
1413,10
1413,42
1414,10
1414,389
1415,10
1415,8
1416,1265
1416,4167
1416,1265
1416,960
1417,1248
1417,1248
1418,1419
1418,693
1418,2
1418,376
1418,3
1418,1420
1418,1421
1418,1209
1420,2
1420,605
1420,2282
1421,3022
1421,292
1421,2282
1422,1205
1422,1180
1423,774
1423,54
1425,27
1426,1248
1426,1201
1426,1248
1426,331
1427,10
1428,1429
1428,1296
1428,1209
1429,11
1429,51
1429,171
1429,89
1429,224
1429,54
1429,10
1429,61
1430,30
1430,0
1431,125
1431,156
1431,45
1431,4
1431,94
1431,54
1431,10
1431,3131
1431,1079
1431,61
1431,1261
1431,275
1431,212
1431,32
1431,661
1431,155
1431,67
1431,412
1431,70
1431,379
1432,27
1432,1079
1433,10
1433,357
1439,1040
1439,54
1440,10
1440,106
1441,1265
1441,2517
1441,1265
1441,960
1442,2856
1442,740
1442,2
1443,2
1443,54
1443,970
1444,0
1445,596
1445,54
1445,2443
1446,170
1446,998
1446,556
1446,1447
1446,1448
1449,54
1449,3
1449,11223
1451,913
1451,54
1452,1889
1452,54
1453,774
1453,54
1454,774
1454,54
1455,774
1455,54
1456,807
1456,54
1457,601
1457,2236
1457,1459
1457,4718
1457,1457
1458,601
1458,54
1459,601
1459,54
1460,227
1460,54
1461,774
1461,54
1462,774
1462,54
1463,807
1463,54
1464,807
1464,54
1465,807
1465,54
1465,2443
1466,313
1466,54
1466,255
1467,313
1467,54
1467,255
1468,313
1468,54
1468,255
1469,807
1469,54
1469,255
1470,913
1470,54
1471,2760
1471,1073
1471,2
1471,54
1471,253
1472,2421
1472,54
1472,253
1473,3300
1473,54
1473,3
1474,54
1475,2
1475,618
1475,54
1476,2
1476,54
1476,3
1477,2760
1477,2
1477,54
1478,618
1478,54
1478,618
1479,54
1479,594
1480,618
1480,54
1480,2575
1481,674
1481,54
1482,2
1482,618
1482,54
1482,2578
1483,264
1483,54
1483,1485
1483,1485
1484,368
1484,54
1485,54
1485,264
1485,2838
1486,54
1487,288
1487,54
1488,846
1488,54
1489,54
1489,3
1489,441
1490,54
1490,3009
1491,292
1491,54
1492,54
1493,54
1493,3
1494,674
1494,54
1495,674
1495,463
1496,264
1496,54
1496,698
1497,54
1497,289
1497,2
1497,2577
1498,110
1498,54
1499,476
1499,54
1500,288
1500,2
1500,54
1500,2577
1501,288
1501,54
1502,288
1502,54
1502,2577
1503,606
1503,54
1504,264
1504,54
1504,698
1506,2838
1507,1040
1507,54
1508,54
1508,209
1509,54
1509,209
1510,418
1510,54
1511,54
1511,209
1512,54
1512,209
1512,2400
1513,54
1513,209
1513,256
1514,937
1514,54
1515,54
1516,896
1516,54
1517,637
1517,54
1518,2401
1518,54
1518,209
1518,744
1519,585
1519,54
1520,476
1520,54
1521,896
1521,54
1522,54
1522,209
1523,54
1523,2
1523,1523
1523,418
1524,54
1524,1505
1525,54
1525,209
1525,2400
1526,2288
1526,54
1526,209
1526,2288
1526,1526
1527,1294
1527,54
1527,209
1527,1294
1528,1294
1528,54
1528,209
1529,54
1530,54
1530,266
1530,945
1531,54
1532,270
1532,54
1532,2
1533,382
1533,54
1534,270
1534,2
1534,54
1535,54
1535,270
1535,2
1535,605
1536,54
1536,2399
1536,209
1537,1294
1537,54
1537,209
1537,2407
1538,54
1538,211
1539,54
1539,211
1539,1539
1540,647
1540,54
1541,647
1541,54
1542,468
1542,1506
1542,2838
1543,418
1543,54
1544,913
1544,247
1544,54
1545,313
1545,54
1545,255
1546,271
1546,54
1546,2443
1547,2
1547,54
1547,255
1548,54
1549,54
1549,2753
1550,647
1550,54
1551,54
1551,211
1551,649
1552,54
1552,272
1552,1552
1553,2441
1553,2442
1553,216
1553,54
1554,216
1554,54
1554,2442
1555,2285
1555,54
1556,2283
1556,216
1556,54
1556,5313
1557,216
1557,54
1558,578
1558,216
1558,54
1558,578
1559,1006
1559,54
1559,1006
1560,42
1560,92
1560,10
1560,459
1561,1175
1561,170
1561,1877
1561,1224
1561,7
1561,28
1561,4222
1561,10622
1561,1856
1564,3242
1565,10
1566,595
1566,2940
1566,1024
1566,259
1566,813
1566,1813
1566,939
1566,1103
1566,138
1566,141
1566,1137
1568,54
1568,2
1568,601
1569,0
1569,30
1569,1078
1570,10
1570,389
1573,0
1573,2772
1574,10
1574,334
1575,281
1576,10
1576,236
1576,705
1576,236
1577,10
1577,176
1577,176
1578,1073
1578,54
1579,10
1579,0
1580,0
1580,30
1581,0
1581,30
1582,219
1582,10
1582,27
1582,1096
1583,618
1583,54
1583,618
1585,389
1586,0
1586,206
1586,0
1586,30
1586,1152
1588,10
1588,86
1588,86
1589,668
1589,236
1589,237
1590,0
1590,1078
1590,0
1590,30
1591,10
1591,106
1593,45
1593,1238
1593,1593
1595,16
1596,10
1596,106
1596,359
1596,179
1597,0
1598,38
1598,58
1599,2405
1601,278
1601,278
1601,2568
1601,201
1602,10
1602,302
1602,302
1604,110
1604,2
1604,54
1606,472
1607,10
1607,302
1607,302
1608,524
1608,216
1609,1610
1610,3
1610,880
1610,292
1610,584
1610,34
1612,42
1612,0
1612,30
1612,10
1612,1199
1613,1614
1613,10
1613,27
1613,7
1613,1615
1613,104
1614,1856
1614,73
1614,556
1614,27
1617,10
1618,1392
1618,5874
1618,896
1618,1523
1618,83
1619,765
1619,6707
1620,779
1620,152
1621,293
1621,3533
1621,3533
1622,3400
1622,7559
1622,1296
1622,1324
1623,2318
1623,742
1624,84
1624,313
1625,1344
1625,7103
1625,288
1625,1344
1625,14385
1625,16494
1626,227
1626,2118
1626,5038
1626,637
1626,1760
1626,10987
1628,978
1628,637
1628,6665
1628,6508
1628,476
1628,10622
1629,1630
1629,87
1629,27
1630,1305
1630,765
1630,3
1630,9259
1630,258
1630,490
1630,3020
1630,15431
1630,15432
1630,14155
1630,15433
1630,3608
1630,15434
1630,9257
1630,9257
1631,266
1631,1296
1633,276
1633,276
1633,1238
1633,0
1633,1633
1634,1228
1634,1059
1634,0
1634,206
1634,85
1634,86
1635,1636
1635,27
1636,3088
1636,2
1636,11
1636,14928
1637,1638
1637,54
1637,1639
1638,596
1638,2237
1638,618
1639,1638
1639,54
1639,1637
1640,2681
1640,239
1640,17
1640,453
1641,11
1641,27
1641,1063
1642,2289
1642,5584
1643,33
1643,32
1643,595
1643,2273
1644,92
1644,376
1645,1646
1645,1646
1645,27
1645,1646
1646,3
1646,1677
1646,3014
1646,2074
1647,1040
1647,4220
1647,4692
1647,1045
1647,4855
1648,10
1648,27
1648,1023
1649,2408
1649,209
1649,104
1650,1651
1650,27
1650,1652
1651,2523
1651,3977
1651,3765
1651,3
1652,1651
1652,27
1653,2
1653,649
1653,468
1653,2020
1654,10
1654,27
1654,435
1654,942
1655,54
1656,278
1656,170
1657,75
1657,398
1657,821
1657,101
1657,1352
1657,4023
1657,821
1658,329
1658,27
1658,556
1659,281
1659,4408
1659,1205
1659,1047
1659,1584
1660,3803
1660,1205
1660,7227
1661,105
1661,106
1661,0
1661,30
1661,1059
1661,540
1661,239
1661,28
1662,2402
1662,230
1662,2
1662,392
1662,216
1662,209
1662,4769
1663,10
1663,184
1664,1546
1664,290
1665,1059
1665,1301
1665,1410
1665,3
1666,1047
1666,281
1666,7001
1666,5774
1666,9737
1666,3307
1667,694
1667,3753
1667,7108
1667,6955
1667,6956
1667,6957
1667,6958
1667,6959
1667,5879
1667,7109
1667,7110
1667,3608
1667,6954
1668,3550
1668,1842
1669,10
1670,180
1670,181
1670,8038
1670,8039
1670,8040
1670,8041
1670,180
1670,181
1672,1671
1672,170
1672,742
1673,1667
1673,83
1673,1674
1673,1110
1674,54
1675,1676
1675,54
1675,198
1675,124
1676,1531
1676,273
1677,0
1677,557
1677,1646
1677,3014
1678,1256
1678,696
1678,5888
1679,3
1679,7318
1679,1959
1681,54
1682,10
1682,1352
1682,1271
1683,54
1684,10
1684,27
1685,105
1685,106
1685,0
1685,206
1685,1044
1685,17
1686,284
1686,54
1686,8983
1686,14613
1686,5423
1686,101
1686,1352
1686,1271
1687,393
1688,1689
1689,414
1689,3
1689,73
1689,2932
1689,184
1689,1296
1690,1689
1690,979
1690,1691
1691,979
1692,991
1692,1378
1692,8
1692,9
1692,10
1692,40
1692,13050
1692,10
1693,2517
1693,442
1693,7449
1693,632
1693,995
1693,2902
1693,1436
1693,1361
1693,1079
1694,170
1694,999
1694,217
1695,10
1695,27
1695,1691
1698,10
1699,27
1699,556
1699,526
1700,1047
1700,6007
1700,578
1700,1044
1701,1702
1701,27
1701,1703
1702,1424
1702,535
1702,601
1702,461
1702,1703
1702,15253
1703,1702
1703,27
1703,17067
1704,3003
1704,3799
1704,637
1704,637
1704,1517
1704,13813
1705,257
1705,7
1705,28
1706,1707
1706,54
1707,2517
1707,9095
1707,492
1707,1288
1709,27
1709,1710
1710,3076
1710,1206
1710,2
1710,3
1710,54
1710,2
1710,1205
1710,54
1710,185
1710,1322
1710,2086
1710,1271
1711,313
1711,1265
1712,124
1712,28
1713,1714
1713,3
1714,2856
1714,1324
1715,574
1715,2762
1716,3
1717,2680
1717,283
1717,8151
1717,1627
1718,3
1718,3333
1718,2687
1718,150
1719,601
1719,11657
1719,2049
1719,403
1720,376
1720,674
1720,9288
1720,9289
1721,1185
1721,463
1721,17
1721,953
1721,199
1723,1708
1723,10
1723,27
1723,995
1724,10
1724,27
1725,54
1726,3860
1726,627
1726,628
1726,2
1726,441
1726,3
1726,54
1726,15604
1726,13126
1726,11130
1726,1725
1727,0
1727,206
1727,0
1727,3382
1727,1842
1727,1792
1727,7257
1728,6815
1728,1445
1728,6925
1729,181
1729,180
1729,181
1729,821
1730,299
1730,23
1730,10
1730,10
1730,2093
1730,2036
1731,1732
1732,5137
1732,2760
1732,618
1732,4829
1732,10202
1732,3
1732,3602
1732,4635
1732,2195
1732,10809
1732,10810
1732,10750
1732,10811
1732,10812
1732,10813
1732,10814
1732,10815
1732,9813
1732,3751
1732,10816
1733,0
1734,396
1735,2362
1735,281
1735,752
1735,511
1735,7847
1735,1736
1735,11582
1736,1735
1736,1882
1736,979
1737,2292
1737,4825
1737,327
1737,398
1737,1044
1738,1737
1738,51
1738,27
1738,513
1739,1737
1739,51
1739,27
1739,513
1740,1497
1740,10574
1740,927
1740,953
1741,170
1741,1306
1741,42
1742,10
1742,27
1742,1364
1742,7
1742,9908
1743,2191
1743,2191
1744,2787
1744,2983
1744,1044
1744,403
1744,34
1744,199
1744,14908
1744,1296
1744,2344
1745,1732
1745,28
1747,10
1747,556
1748,2446
1748,270
1748,124
1748,7
1749,674
1749,9145
1749,3799
1749,441
1749,9144
1750,3570
1750,649
1750,701
1750,28
1751,27
1753,1754
1753,54
1754,13154
1754,3203
1754,2049
1754,199
1754,2989
1754,1296
1754,2344
1756,193
1756,10
1756,17
1756,199
1757,54
1758,10
1759,10
1759,27
1759,1584
1759,8407
1760,1004
1760,3
1760,37
1760,99
1761,536
1761,0
1761,30
1762,1763
1763,6345
1763,227
1763,3
1763,1010
1763,239
1763,10825
1763,197
1763,6774
1763,5318
1763,28
1763,4029
1763,10826
1763,10827
1763,5616
1763,227
1763,903
1763,10828
1764,1765
1765,107
1765,13170
1765,54
1765,13171
1765,3330
1766,239
1766,995
1766,532
1767,38
1767,1842
1767,821
1767,9724
1769,54
1770,10
1771,2766
1771,327
1771,1499
1771,1251
1772,10
1772,635
1772,10
1772,124
1772,1746
1772,1023
1772,28
1772,1181
1772,1296
1773,10
1773,124
1773,28
1774,605
1774,6785
1774,8933
1774,92
1774,6092
1774,1812
1775,3586
1775,757
1775,981
1775,1780
1775,119
1775,637
1775,2844
1775,1388
1775,12379
1775,1288
1775,2566
1775,1271
1775,2083
1776,11
1776,27
1776,1655
1777,27
1777,1691
1778,281
1779,348
1779,3
1779,9548
1779,6005
1779,7336
1780,2763
1780,1004
1780,3
1781,1782
1781,65
1781,65
1781,83
1781,65
1781,1677
1782,5359
1782,282
1782,3083
1782,12819
1782,7700
1782,15183
1782,15578
1782,12798
1782,15593
1782,12820
1782,1271
1782,13
1783,2191
1783,42
1783,92
1783,1216
1785,11
1785,27
1785,979
1786,544
1786,467
1786,1344
1787,3120
1787,42
1787,10
1787,1324
1788,648
1788,1205
1788,9410
1788,15609
1789,3274
1789,3558
1789,79
1789,606
1789,425
1789,1047
1789,503
1791,10
1793,1763
1794,10
1795,1571
1795,54
1796,3443
1796,5336
1796,3581
1796,5307
1796,3136
1796,4890
1796,1241
1798,2
1799,2863
1799,382
1799,1426
1800,3397
1800,1205
1800,11346
1800,3045
1800,3
1801,281
1801,3
1802,1801
1802,1044
1802,1584
1802,1755
1802,13775
1804,54
1804,2
1804,1804
1806,2334
1806,1341
1806,1342
1806,1301
1806,17
1806,1296
1807,0
1807,30
1807,124
1807,8872
1808,226
1808,4428
1809,1810
1810,767
1810,476
1810,606
1810,2
1810,54
1810,54
1810,4477
1810,116
1812,164
1812,6785
1812,30
1812,1774
1813,62
1813,134
1813,304
1813,1137
1814,10
1814,1028
1815,968
1815,1800
1815,968
1816,10
1816,27
1816,429
1817,27
1817,1769
1818,92
1818,0
1818,30
1818,5161
1819,10
1819,245
1820,1059
1820,2187
1820,316
1820,315
1820,1243
1820,16236
1820,1821
1820,2213
1820,1296
1820,1254
1821,1820
1821,54
1821,34
1821,16236
1822,42
1822,92
1822,10
1822,42
1822,10
1822,10
1822,4389
1822,218
1823,1824
1823,1620
1823,1825
1824,393
1824,2489
1824,2489
1824,1321
1825,1824
1825,54
1825,27
1825,1620
1825,1823
1826,747
1826,1296
1827,1828
1827,27
1827,429
1828,3842
1828,2292
1828,27
1829,978
1829,637
1830,3345
1830,2229
1830,148
1830,1584
1831,2049
1831,2989
1831,12261
1831,1296
1832,1263
1832,265
1832,331
1832,6660
1832,6661
1832,331
1833,10
1834,5308
1834,5310
1834,1045
1834,7429
1835,105
1835,106
1835,4166
1835,4168
1835,0
1836,1837
1836,1838
1836,1839
1837,2318
1837,3
1837,3206
1837,2022
1837,14390
1837,17493
1837,17694
1837,12635
1837,11749
1837,17892
1837,12636
1837,1838
1837,5703
1837,12634
1838,2318
1838,3
1838,12637
1838,4743
1838,1205
1838,12634
1838,12635
1838,12636
1838,1837
1838,12634
1839,5703
1839,1837
1841,305
1841,2421
1843,1843
1844,392
1846,65
1846,54
1848,10
1848,29
1849,2649
1849,960
1849,3
1849,10196
1850,1245
1850,649
1850,356
1850,331
1850,937
1850,1171
1850,331
1851,10
1851,27
1851,210
1852,1399
1852,79
1853,3
1853,1378
1853,1185
1853,1248
1854,302
1854,10
1854,10
1854,415
1854,995
1854,506
1854,10
1855,10
1857,163
1857,163
1857,0
1857,30
1858,4040
1858,1080
1858,997
1858,4041
1858,2690
1858,2834
1859,54
1859,393
1859,327
1859,305
1859,463
1859,1860
1860,1419
1860,6108
1861,8448
1861,4398
1861,802
1862,10
1862,27
1862,1863
1864,3
1864,1040
1864,2
1865,248
1865,429
1867,1868
1867,54
1867,27
1867,1037
1867,1869
1868,4405
1868,1044
1869,1868
1870,1871
1870,1872
1871,3
1871,3
1871,953
1871,199
1871,1243
1871,40
1871,3458
1872,1871
1872,14896
1872,916
1872,1870
1873,11270
1873,282
1873,2401
1873,2334
1873,14811
1873,1296
1875,0
1875,10
1878,10
1878,27
1879,1880
1879,27
1880,164
1880,746
1880,2
1880,3
1880,597
1881,1882
1881,429
1882,2402
1882,1557
1882,600
1882,657
1882,2286
1882,1485
1882,3950
1882,468
1882,216
1882,2838
1882,54
1883,10
1883,27
1883,28
1884,1837
1884,1839
1885,10
1885,27
1885,435
1885,942
1886,967
1886,1792
1887,39
1887,10
1888,65
1888,239
1888,28
1888,4504
1889,54
1889,2
1889,253
1889,1190
1890,2
1890,967
1890,255
1890,7364
1890,40
1891,10
1891,1224
1892,10
1892,27
1892,1224
1893,22
1893,27
1894,2604
1894,0
1894,30
1895,1227
1895,337
1895,3483
1896,356
1897,1280
1897,672
1897,5509
1898,10
1898,28
1899,2
1899,2
1900,27
1901,1902
1901,10
1901,27
1901,28
1902,477
1902,10
1902,112
1902,10
1902,112
1902,1224
1902,7
1902,17
1902,28
1902,1797
1902,1181
1902,1296
1902,1448
1903,54
1904,1903
1904,513
1904,1037
1905,1903
1905,513
1905,1037
1905,4351
1906,392
1906,27
1907,2
1907,674
1907,694
1907,175
1907,176
1907,2156
1907,1313
1907,1834
1907,2161
1907,2192
1907,3827
1908,3955
1908,3090
1908,73
1908,184
1908,4323
1909,10
1909,922
1910,672
1910,3
1912,487
1912,5
1912,164
1912,170
1912,83
1912,4344
1912,1224
1912,922
1912,1691
1912,285
1912,29
1912,1448
1912,87
1912,1842
1912,1792
1912,1123
1912,1251
1912,116
1912,1324
1912,1209
1912,1448
1912,1211
1913,1914
1913,54
1914,855
1914,115
1914,1044
1914,1584
1914,1037
1914,199
1914,2989
1915,1047
1915,5492
1915,5492
1916,1392
1916,1047
1916,601
1916,2236
1916,289
1917,356
1917,1205
1917,989
1917,116
1917,1296
1917,1209
1918,1917
1918,54
1918,83
1919,1416
1919,367
1919,4551
1919,7737
1919,618
1919,3569
1920,3018
1920,602
1920,216
1920,1102
1920,216
1920,1882
1920,2703
1920,673
1920,1102
1920,10041
1921,3043
1922,1923
1922,54
1922,1924
1922,1925
1923,1097
1923,618
1923,210
1923,1044
1923,1436
1923,17
1923,506
1924,1923
1924,54
1924,1922
1925,1923
1925,54
1925,1922
1926,6748
1926,292
1926,9937
1926,3808
1926,6978
1926,6981
1926,9938
1926,6979
1926,9936
1926,6980
1927,574
1927,3026
1928,270
1928,978
1928,637
1928,637
1928,12024
1929,270
1929,3253
1929,674
1929,3590
1929,3328
1929,2333
1929,2321
1930,111
1930,10
1930,112
1930,42
1930,92
1930,10
1931,10
1931,27
1931,28
1932,10
1933,115
1933,754
1934,11
1934,2
1934,3
1935,7149
1935,2432
1936,370
1936,30
1936,170
1936,7
1936,28
1936,1271
1937,128
1938,2170
1939,1940
1939,54
1939,27
1939,1448
1940,2318
1940,289
1940,7018
1940,1022
1940,289
1940,1792
1940,3020
1940,1296
1940,7110
1940,3608
1940,9442
1940,9898
1941,220
1941,2
1941,54
1942,0
1942,30
1942,205
1942,92
1942,120
1943,79
1943,2704
1943,124
1943,2048
1944,1732
1945,1438
1945,467
1945,509
1945,467
1945,509
1945,2092
1946,757
1946,2
1946,896
1946,4657
1946,2
1946,896
1946,11674
1946,1209
1947,991
1947,1387
1947,92
1947,0
1947,206
1947,2719
1947,991
1947,1192
1947,1265
1947,1387
1948,112
1948,104
1949,137
1949,54
1949,1948
1950,1948
1950,1951
1951,393
1951,54
1952,1201
1952,674
1952,3958
1952,1206
1953,1954
1954,2421
1954,3
1954,1953
1954,4260
1954,7347
1954,7348
1954,7349
1954,7350
1954,7351
1954,7352
1955,10
1955,27
1955,429
1956,1689
1957,1689
1958,10
1960,10
1960,27
1960,73
1960,1448
1961,1962
1961,54
1961,677
1962,3280
1962,2842
1962,15394
1962,116
1962,1254
1963,10918
1963,9340
1963,2
1963,3
1963,4480
1963,2
1963,3
1963,4480
1963,1218
1963,1324
1963,1271
1963,4901
1963,2139
1963,10919
1964,10
1964,27
1964,1448
1965,2705
1965,163
1965,2825
1967,54
1967,1871
1968,143
1968,4127
1969,178
1969,179
1969,170
1969,1605
1969,124
1969,7
1969,29
1969,40
1969,1271
1969,975
1970,1971
1971,5130
1971,15564
1971,3
1971,34
1971,1983
1971,5681
1971,1632
1971,13207
1971,15565
1972,1096
1972,42
1972,92
1972,10
1972,1344
1972,1344
1972,1352
1973,1327
1973,243
1973,4717
1974,7389
1974,7390
1975,10
1975,27
1975,28
1976,231
1976,692
1976,12626
1976,12625
1976,4812
1976,12627
1977,1683
1978,10
1979,4322
1980,1245
1980,606
1981,1644
1981,10
1981,27
1981,1691
1982,10
1983,2622
1983,2023
1983,7017
1983,253
1983,289
1983,7018
1983,7019
1984,1985
1984,1986
1984,54
1984,83
1984,1987
1985,2
1985,463
1985,913
1985,2
1985,418
1985,54
1986,4857
1987,231
1987,64
1988,1989
1988,1740
1988,65
1989,601
1989,1459
1989,2
1989,1243
1989,54
1990,1991
1991,2255
1991,1197
1991,449
1991,11451
1991,8398
1991,5966
1991,2
1991,3
1991,54
1991,2320
1991,11452
1992,1438
1992,467
1992,509
1992,978
1992,2
1992,248
1992,1320
1993,1801
1993,199
1994,3
1994,4343
1994,2411
1995,1727
1995,10
1995,27
1995,1448
1996,1997
1996,54
1996,916
1997,3788
1997,3315
1997,618
1997,79
1997,3
1997,54
1997,1044
1997,1584
1997,2086
1997,2086
1997,3175
1997,1296
1997,1324
1997,3726
1997,9408
1997,9679
1998,1259
1998,227
1999,2000
1999,54
1999,2001
1999,2002
2000,2432
2001,2000
2001,54
2001,1655
2001,1999
2002,2000
2002,54
2002,1999
2003,1806
2003,513
2003,2004
2004,1806
2004,54
2004,1044
2004,8394
2005,4412
2005,4413
2006,2007
2007,3955
2007,651
2007,3
2007,2006
2007,2035
2007,13098
2007,1296
2008,42
2008,92
2008,2
2008,3
2008,280
2008,5414
2008,280
2009,11
2009,27
2009,7
2010,2086
2011,265
2011,264
2011,1324
2011,2177
2012,10
2012,10
2013,757
2013,3206
2013,1205
2014,210
2014,1447
2014,15
2014,511
2014,725
2014,2320
2014,8755
2015,10
2016,393
2016,300
2016,1324
2017,2
2017,574
2017,429
2017,1296
2017,1271
2018,305
2018,5887
2018,3
2018,3296
2019,51
2019,904
2019,10
2020,407
2020,3
2020,8935
2020,1653
2021,27
2022,1837
2022,1838
2022,15
2022,1839
2023,8021
2023,7017
2023,4534
2023,1959
2024,2025
2024,1611
2025,3532
2025,3597
2025,2421
2025,3
2025,331
2025,1224
2025,14219
2025,1296
2025,3128
2027,370
2027,8566
2027,54
2027,209
2027,2
2027,6015
2027,54
2027,54
2027,1324
2027,1271
2028,1769
2029,2030
2030,2
2030,1535
2030,54
2030,2
2030,1179
2030,774
2030,54
2030,8509
2031,78
2031,2
2031,27
2031,7
2032,477
2032,10
2032,12551
2033,51
2033,181
2033,339
2033,236
2033,506
2034,3923
2035,2007
2035,248
2035,923
2036,2402
2037,601
2037,4718
2038,356
2038,12101
2038,791
2038,292
2038,7792
2038,6424
2038,17788
2039,2040
2039,2041
2040,251
2040,3
2040,4818
2040,3957
2041,2040
2041,54
2041,2039
2042,33
2042,1260
2043,2042
2043,11269
2044,10
2044,27
2044,7
2045,1732
2046,3656
2046,791
2046,292
2046,923
2046,62
2047,2622
2047,627
2047,627
2047,8
2047,27
2047,627
2047,9614
2047,1324
2047,1209
2047,1271
2048,5318
2050,2093
2050,2703
2050,1296
2051,7625
2051,441
2052,3745
2052,2318
2052,270
2052,2
2052,1243
2052,557
2052,7418
2052,7419
2053,54
2053,418
2054,10
2054,0
2055,10
2056,10
2057,27
2058,370
2058,5871
2058,209
2059,726
2059,578
2059,578
2059,1558
2059,1287
2059,28
2060,14
2060,124
2060,28
2060,14
2060,10
2061,943
2061,54
2061,1655
2062,1630
2062,27
2063,10
2063,27
2063,28
2064,1710
2065,1379
2065,371
2065,255
2065,393
2066,2680
2066,1389
2066,5899
2066,13895
2067,2318
2067,2524
2068,2069
2068,54
2069,159
2070,33
2070,2397
2070,11677
2071,10
2072,4617
2072,286
2072,124
2072,28
2073,1732
2073,54
2073,28
2074,39
2074,115
2074,115
2074,1646
2075,821
2076,2075
2076,27
2076,922
2077,1659
2077,14444
2078,1659
2078,1683
2079,3192
2079,1192
2079,38
2079,506
2079,1296
2079,1209
2080,2005
2080,38
2080,54
2080,2005
2080,2079
2080,27
2080,1137
2081,2082
2081,2083
2082,2
2082,1000
2082,2
2082,981
2082,3
2082,2607
2083,2408
2083,743
2083,441
2083,1775
2084,2085
2084,10
2084,916
2085,3
2085,3036
2085,2574
2085,285
2085,12315
2086,27
2086,220
2086,11
2086,51
2086,2
2086,22
2086,95
2086,54
2086,10
2086,209
2086,1243
2086,1344
2086,1285
2086,61
2086,1261
2086,7086
2087,54
2088,2089
2088,124
2089,3
2089,393
2089,120
2089,1364
2089,124
2089,28
2089,1159
2089,725
2089,8575
2089,28
2090,1989
2090,1626
2091,12850
2091,2113
2091,3449
2091,54
2091,3449
2091,3450
2091,170
2091,723
2091,17521
2091,3450
2092,1945
2092,247
2092,1662
2092,2093
2092,87
2094,3983
2094,791
2094,120
2094,1224
2096,2097
2096,2098
2097,2
2097,3
2097,580
2097,847
2097,230
2097,11627
2097,230
2098,3157
2098,2999
2098,649
2098,774
2099,10
2099,27
2100,2101
2100,54
2100,1154
2100,17
2101,3
2101,1010
2101,3
2102,2
2102,3
2102,465
2103,54
2103,27
2103,513
2104,62
2104,10
2104,73
2104,1296
2104,1194
2105,265
2105,264
2106,1923
2106,54
2106,2107
2107,1923
2107,54
2107,2106
2107,1627
2108,1769
2109,7285
2110,1868
2110,54
2110,27
2110,1037
2110,2111
2110,2112
2111,1868
2111,54
2111,27
2111,1037
2111,1869
2112,1868
2112,1037
2112,2110
2113,1416
2113,1305
2113,1450
2113,2
2113,574
2113,2
2113,3
2114,27
2114,7
2114,28
2115,258
2115,258
2116,10
2117,7359
2117,3022
2117,292
2117,1959
2118,3
2118,1010
2118,1760
2118,1626
2118,10987
2118,5038
2119,2623
2119,227
2119,7178
2121,1585
2121,2545
2121,1584
2121,17
2121,13685
2121,15447
2121,15448
2121,15449
2121,40
2122,107
2122,54
2122,989
2123,2124
2123,3
2124,2
2125,2126
2126,2867
2126,1044
2126,1224
2126,104
2126,7590
2126,9605
2127,649
2127,288
2127,13951
2127,2331
2128,574
2128,5609
2128,1296
2128,1324
2129,10
2129,27
2131,1732
2132,1131
2132,1205
2132,1994
2132,618
2132,10862
2132,5957
2132,4343
2133,1689
2134,10
2134,27
2134,28
2135,83
2135,10
2136,187
2136,10
2136,703
2136,42
2136,10
2136,979
2136,1448
2137,2138
2137,11
2137,10
2138,10
2139,356
2139,1963
2140,27
2141,1710
2142,78
2142,2
2142,27
2142,7
2143,27
2144,392
2144,27
2144,979
2144,2145
2145,392
2145,27
2145,979
2146,2147
2147,54
2148,2149
2148,3
2149,2196
2149,2148
2150,10
2150,27
2151,10
2151,86
2151,86
2151,492
2151,86
2152,266
2152,2342
2152,3
2152,2177
2152,9094
2153,10
2153,124
2153,5960
2154,10
2154,27
2154,28
2155,163
2156,3022
2156,1078
2156,3314
2156,3323
2156,3312
2156,2335
2156,1241
2156,3469
2157,310
2157,0
2157,206
2157,10
2158,137
2158,45
2158,545
2158,27
2158,301
2158,129
2158,138
2158,138
2158,869
2159,2160
2159,320
2159,774
2160,1417
2160,8269
2160,783
2160,6014
2160,3
2160,527
2160,15
2160,16294
2160,15869
2161,1245
2161,1438
2161,467
2161,7740
2161,545
2161,7741
2161,11899
2161,7739
2162,2163
2162,3
2163,2
2163,1201
2163,2
2163,3
2163,2566
2164,551
2164,27
2164,922
2165,11
2165,27
2165,979
2166,1710
2166,1028
2166,2167
2166,2132
2167,3
2167,54
2167,3
2167,54
2167,54
2167,1270
2167,14195
2167,1271
2168,1732
2169,2618
2171,959
2171,220
2171,11
2171,278
2171,51
2171,149
2171,4
2171,122
2171,222
2171,10
2171,2472
2171,149
2174,316
2174,170
2174,83
2175,93
2175,27
2175,45
2175,4
2175,54
2175,1079
2176,2940
2176,57
2176,27
2176,1060
2176,1598
2176,939
2176,49
2176,1137
2178,10
2179,11
2179,51
2179,191
2179,4
2179,122
2179,252
2179,222
2179,54
2179,10
2181,61
2181,1261
2182,0
2183,0
2183,0
2183,236
2185,10
2185,176
2186,10
2186,202
2187,292
2189,264
2189,54
2189,600
2190,10
2190,18
2191,2
2191,3
2192,2191
2192,112
2194,0
2194,1078
2196,468
2196,2196
2196,391
2196,971
2197,54
2197,209
2198,10
2199,10
2200,642
2200,236
2201,10
2201,188
2202,10
2203,10
2203,2386
2203,202
2204,0
2204,2772
2204,3671
2205,0
2206,821
2206,924
2207,10
2207,0
2208,1155
2208,10
2208,269
2209,10
2210,3
2210,27
2211,10
2211,135
2211,135
2212,10
2212,135
2214,0
2214,30
2214,1078
2215,619
2215,95
2215,95
2216,10
2218,299
2218,42
2218,10
2218,813
2219,1110
2220,0
2220,30
2220,1078
2220,30
2221,10
2221,106
2221,106
2222,10
2222,18
2224,476
2224,54
2225,54
2225,272
2226,10
2226,0
2226,1078
2226,30
2227,192
2227,821
2228,10
2228,0
2228,1078
2229,1274
2229,0
2231,0
2232,10
2232,86
2232,86
2233,0
2234,0
2234,0
2236,601
2236,54
2237,618
2237,54
2238,10
2238,0
2238,0
2239,54
2241,10
2241,359
2242,10
2242,176
2242,176
2243,54
2243,2
2243,253
2244,9569
2244,2995
2244,247
2244,248
2244,86
2244,86
2246,753
2247,10
2247,42
2248,1523
2248,2
2248,54
2248,3844
2250,141
2250,220
2250,278
2250,51
2250,4
2250,16
2250,23
2250,252
2250,10
2250,140
2253,9515
2253,13
2254,1598
2254,11
2254,38
2254,223
2254,638
2254,58
2254,69
2254,501
2254,54
2254,10
2254,472
2254,1238
2255,45
2255,545
2256,253
2257,11
2257,171
2257,89
2257,252
2257,10
2257,2519
2258,2258
2258,201
2261,697
2261,173
2261,697
2262,10
2262,389
2263,10
2264,1737
2264,51
2264,27
2264,513
2264,2265
2265,1737
2265,51
2265,27
2265,513
2265,2264
2266,212
2266,155
2266,16
2266,114
2266,137
2266,772
2266,1079
2266,61
2266,748
2266,2266
2266,125
2266,1079
2266,32
2266,155
2266,16
2267,1265
2267,1265
2268,10
2268,202
2269,10
2269,85
2269,86
2270,2271
2271,3
2271,54
2273,595
2273,16
2273,67
2273,59
2273,70
2273,69
2273,501
2273,10
2273,1079
2273,61
2274,134
2274,134
2274,595
2274,27
2274,301
2274,129
2274,1813
2274,1171
2274,2275
2277,61
2278,586
2278,51
2278,191
2278,122
2278,54
2278,10
2279,970
2280,1045
2280,54
2280,2577
2281,54
2282,1285
2283,5313
2284,649
2284,1205
2284,989
2285,54
2285,603
2285,216
2286,468
2286,2838
2287,0
2287,0
2288,54
2288,209
2289,54
2289,2407
2289,2409
2289,2399
2289,1536
2289,2408
2289,1294
2289,4842
2289,2288
2289,209
2289,1845
2289,209
2290,10
2290,8
2291,30
2291,0
2292,327
2293,10
2293,179
2293,179
2294,27
2294,1941
2294,220
2294,11
2294,51
2294,2
2294,22
2294,216
2294,10
2294,209
2294,2086
2294,1344
2294,2850
2294,673
2294,1079
2294,201
2294,209
2295,54
2295,802
2295,2
2296,2297
2296,2297
2297,615
2297,649
2297,14669
2297,7471
2298,10
2298,8
2299,236
2299,236
2300,0
2300,2772
2301,54
2302,10
2302,112
2303,38
2303,472
2303,1079
2303,1238
2303,61
2304,3967
2304,3289
2304,3289
2306,54
2307,288
2307,738
2307,86
2307,86
2307,738
2308,42
2309,10
2309,202
2310,10
2310,389
2310,389
2311,10
2311,0
2311,2183
2313,545
2313,2923
2313,170
2313,979
2313,116
2313,1296
2313,1324
2315,27
2315,301
2315,514
2315,138
2315,220
2315,278
2315,51
2315,45
2315,412
2315,459
2315,69
2315,10
2315,167
2316,33
2316,32
2317,4
2317,134
2317,304
2317,68
2317,67
2317,222
2317,203
2317,501
2317,54
2317,10
2317,61
2317,304
2318,4836
2318,2601
2318,1246
2318,3
2318,54
2319,61
2321,356
2321,54
2322,33
2322,32
2326,595
2326,27
2326,11
2326,51
2326,149
2326,191
2326,4
2326,67
2326,54
2326,10
2327,32
2327,32
2328,1414
2328,10
2328,2329
2328,1845
2329,448
2329,10
2329,2328
2330,134
2330,991
2330,1156
2330,10
2331,1018
2332,3
2332,54
2332,2
2333,288
2333,290
2333,2
2334,637
2334,857
2334,54
2335,3135
2336,45
2337,45
2338,1248
2338,231
2338,806
2338,329
2338,231
2338,1198
2338,2339
2338,231
2338,1198
2339,231
2339,329
2339,1197
2339,2338
2339,329
2339,231
2339,1198
2339,62
2339,231
2339,1198
2341,62
2341,1079
2341,1238
2341,1261
2342,2
2342,54
2342,945
2342,945
2343,329
2343,170
2343,124
2345,630
2345,224
2346,10
2347,393
2348,293
2348,294
2351,54
2351,2
2351,463
2352,316
2355,595
2355,11
2355,32
2355,67
2355,59
2355,412
2355,203
2355,501
2355,54
2355,10
2355,61
2358,61
2358,1261
2359,2261
2359,27
2359,1079
2359,61
2360,470
2360,1079
2360,61
2360,1261
2361,635
2361,0
2362,281
2362,216
2363,107
2363,1804
2364,203
2364,61
2366,54
2366,3
2367,220
2367,278
2367,4
2367,67
2367,412
2367,69
2367,203
2367,167
2367,2315
2367,1079
2367,61
2368,2355
2369,295
2369,2
2369,54
2369,110
2371,233
2371,54
2372,3220
2372,1457
2372,2
2372,601
2373,38
2373,27
2373,1137
2373,38
2374,343
2374,278
2374,790
2374,4
2374,14
2374,16
2374,625
2374,629
2374,54
2374,10
2374,1079
2374,61
2374,629
2375,10
2375,112
2376,0
2376,30
2376,1078
2377,10
2377,336
2378,11
2378,51
2378,4
2378,38
2378,68
2378,252
2378,54
2378,10
2378,1843
2378,1261
2378,68
2378,2378
2379,2411
2380,32
2380,10
2380,1253
2382,45
2383,54
2383,3985
2385,10
2385,2385
2385,152
2386,202
2386,202
2386,227
2386,682
2387,54
2387,209
2388,271
2388,54
2389,10
2389,8
2389,8
2390,2261
2390,697
2394,10
2394,0
2394,3671
2395,10
2396,10
2396,0
2396,460
2396,2396
2397,1248
2397,1248
2398,27
2398,1079
2400,54
2400,209
2400,2409
2403,1006
2403,54
2403,1006
2404,3879
2404,250
2405,216
2406,1294
2406,54
2406,209
2406,1294
2407,1294
2407,209
2408,54
2408,2399
2408,209
2408,2408
2409,2400
2410,1006
2410,216
2410,54
2410,1006
2411,2379
2411,2318
2413,291
2413,2
2414,629
2414,27
2415,370
2415,2416
2415,2417
2415,2418
2416,54
2416,2415
2416,6468
2417,2415
2417,2415
2417,2415
2417,4647
2418,4875
2418,2415
2419,1246
2419,1246
2419,3
2420,1246
2421,54
2421,874
2422,10
2422,86
2422,354
2423,85
2423,2191
2423,8
2423,9
2423,8
2424,247
2424,1046
2424,86
2424,86
2424,1046
2425,2191
2425,172
2425,1059
2425,1301
2425,2426
2426,2191
2426,2425
2426,86
2426,1059
2426,1301
2427,1022
2427,85
2427,86
2428,92
2429,10
2429,40
2430,10
2430,204
2431,27
2431,11
2431,51
2431,4
2431,16
2431,95
2431,54
2431,10
2431,2249
2432,54
2433,10
2434,92
2434,10
2435,10
2435,106
2435,4059
2436,149
2436,61
2436,1261
2436,459
2437,10
2438,10
2438,0
2438,2183
2438,0
2439,10
2439,112
2440,937
2440,2282
2441,54
2441,2442
2441,216
2442,54
2442,216
2442,649
2443,54
2443,2
2444,10
2444,18
2445,10
2445,112
2446,54
2446,783
2448,204
2448,4956
2449,1426
2449,1388
2449,332
2449,101
2449,1352
2449,1271
2449,2170
2450,13
2451,54
2451,27
2452,839
2452,227
2452,4041
2452,4040
2452,1080
2452,997
2452,1858
2453,649
2454,0
2454,1078
2454,0
2455,11
2455,27
2455,435
2455,2456
2456,11
2456,27
2456,435
2456,2911
2456,2455
2458,10
2458,2767
2458,1328
2458,205
2458,92
2459,10
2459,269
2460,791
2460,202
2461,2462
2461,1449
2461,3
2461,79
2464,10
2465,54
2466,10
2467,0
2467,0
2468,10
2468,202
2469,10
2469,143
2469,143
2471,10
2472,45
2472,4
2472,134
2472,412
2472,252
2472,10
2472,1079
2473,10
2473,42
2476,2
2476,54
2476,945
2477,135
2478,371
2478,2
2478,86
2479,10
2479,106
2480,10
2480,42
2481,2482
2482,2720
2482,2
2482,3
2483,10
2483,8
2483,8
2484,2482
2484,266
2484,2
2485,30
2485,0
2485,354
2486,408
2486,606
2486,1177
2486,1840
2486,6006
2487,445
2487,220
2487,11
2487,588
2487,278
2487,51
2487,45
2487,4
2487,252
2487,54
2487,10
2487,2825
2487,10631
2487,4669
2487,2821
2487,772
2487,23
2487,2323
2488,10
2488,2535
2490,10
2490,236
2490,236
2491,1438
2491,3479
2491,3
2491,1439
2491,2048
2491,34
2491,2493
2491,6350
2492,2491
2492,2175
2492,796
2492,1320
2492,1199
2492,1343
2492,772
2492,2493
2493,2491
2493,2048
2493,7
2494,10
2494,27
2495,0
2495,2183
2495,0
2496,10
2496,205
2496,92
2497,972
2497,247
2497,807
2497,441
2497,248
2497,574
2497,1314
2497,4890
2497,2192
2497,1316
2497,5575
2497,1265
2497,2497
2497,779
2498,10
2498,112
2499,10
2499,269
2500,3
2500,54
2501,2501
2502,937
2502,54
2503,10
2503,112
2504,42
2504,39
2504,10
2504,8440
2505,10
2505,479
2506,2507
2506,10
2506,526
2507,3
2507,1010
2507,4040
2507,3
2508,1358
2508,288
2508,738
2508,288
2508,738
2509,10
2509,1573
2509,0
2510,305
2510,3
2510,4154
2510,3330
2510,3
2510,4864
2511,2512
2511,28
2511,2513
2512,1508
2512,28
2513,2512
2513,54
2513,27
2513,28
2513,2511
2513,9394
2514,27
2514,133
2514,68
2514,67
2514,69
2514,10
2514,1079
2516,672
2517,1248
2517,331
2517,1441
2517,1248
2517,331
2518,3
2518,2
2521,1220
2522,27
2522,129
2522,903
2522,622
2522,1079
2525,172
2525,2526
2525,1161
2525,27
2526,608
2526,412
2526,27
2526,218
2526,1301
2526,2562
2526,116
2526,1210
2527,27
2527,120
2528,2175
2528,1296
2529,10
2529,0
2530,1059
2530,10
2531,618
2531,54
2531,2575
2532,2
2532,791
2532,292
2533,3
2533,54
2534,10
2534,0
2534,4687
2535,10
2535,42
2537,10
2537,18
2537,18
2538,275
2538,156
2538,45
2538,70
2538,580
2538,94
2538,625
2538,1079
2538,2538
2538,45
2538,61
2539,2796
2540,10
2540,357
2541,27
2541,2542
2542,2
2542,2432
2542,79
2542,2
2542,3
2542,54
2542,54
2542,1296
2542,1271
2543,86
2543,550
2544,2018
2545,10
2545,112
2546,11
2546,316
2546,51
2546,171
2546,661
2546,2180
2546,38
2546,89
2546,223
2546,95
2546,115
2546,168
2546,380
2546,354
2547,649
2547,54
2548,10
2549,2550
2549,356
2550,615
2550,649
2550,1243
2550,1271
2551,0
2552,10
2552,0
2552,4687
2553,2554
2553,170
2553,285
2554,170
2554,73
2554,1324
2554,1271
2555,10
2555,4482
2555,303
2556,2557
2556,27
2556,17
2556,199
2556,104
2557,2404
2557,3
2557,28
2557,104
2557,2556
2558,2567
2558,757
2558,5499
2558,292
2558,120
2559,38
2560,472
2563,236
2564,220
2564,11
2564,278
2564,51
2564,45
2564,16
2564,604
2564,10
2564,167
2564,612
2564,1079
2564,16
2565,301
2565,11
2565,51
2565,45
2565,616
2565,666
2565,2337
2565,22
2565,1593
2565,95
2565,54
2565,10
2567,1248
2567,970
2567,4174
2567,1248
2568,1024
2568,93
2568,27
2568,301
2568,129
2568,813
2568,131
2568,200
2568,3831
2568,123
2568,445
2568,514
2568,138
2568,141
2568,2036
2568,220
2568,582
2568,51
2568,4
2568,89
2568,604
2568,114
2568,137
2568,54
2568,10
2568,472
2568,772
2568,6371
2568,1238
2568,61
2568,1261
2568,1401
2568,2629
2568,1370
2568,6372
2568,2560
2568,3554
2569,216
2569,2701
2570,0
2571,10
2571,228
2572,0
2572,3671
2572,0
2573,10
2573,228
2575,54
2575,2
2575,618
2575,1480
2576,913
2576,54
2577,54
2577,2
2577,606
2577,288
2577,2
2580,38
2580,27
2580,2581
2581,38
2581,27
2581,979
2581,7765
2581,2580
2582,8288
2582,913
2582,463
2583,1438
2583,467
2583,545
2584,1278
2584,970
2584,4163
2584,124
2584,17
2585,0
2585,30
2587,2441
2587,54
2587,2442
2588,105
2588,106
2588,110
2588,4997
2589,151
2589,10
2589,1324
2589,1271
2590,10
2591,114
2591,704
2591,114
2592,5255
2592,1024
2592,93
2592,301
2592,236
2593,205
2593,92
2593,10
2594,27
2595,288
2595,2
2595,54
2596,1573
2596,0
2597,1305
2597,2366
2597,3
2597,79
2597,3
2597,2598
2597,79
2597,2086
2597,2599
2597,2600
2597,3
2598,3
2599,54
2599,3715
2602,5274
2602,11
2602,278
2602,51
2602,45
2602,4
2602,16
2602,94
2602,115
2602,54
2602,10
2602,4389
2603,10
2603,0
2603,2300
2605,1091
2605,1073
2605,54
2606,2225
2606,2
2606,551
2607,288
2607,2082
2609,10
2609,389
2610,10
2611,2
2612,54
2612,272
2613,54
2613,54
2614,2
2614,618
2614,54
2616,3
2616,54
2617,10
2618,393
2618,54
2619,738
2619,376
2619,2620
2620,738
2620,288
2621,89
2621,170
2621,131
2622,1248
2622,1248
2623,1207
2623,3586
2623,1207
2623,960
2624,148
2624,0
2625,163
2625,2602
2626,10
2626,236
2627,10
2627,106
2628,10
2628,0
2629,1261
2629,2629
2630,10
2630,1271
2631,2316
2631,3
2632,2633
2633,3
2634,10
2634,4022
2634,334
2635,1248
2635,1248
2636,54
2636,2442
2637,5200
2637,5200
2637,84
2637,400
2637,0
2637,1569
2638,216
2638,54
2639,11
2639,638
2639,224
2639,501
2639,535
2640,54
2640,3426
2640,356
2640,7792
2641,2
2641,376
2641,2
2641,116
2641,1296
2641,1209
2641,1211
2641,3581
2641,992
2641,3330
2642,281
2643,216
2643,54
2643,525
2644,216
2644,54
2645,726
2646,10
2646,336
2646,336
2647,2648
2647,216
2647,54
2647,27
2647,1882
2647,3347
2648,3347
2648,216
2648,216
2649,1248
2649,331
2649,1248
2650,503
2650,216
2650,1006
2651,382
2651,54
2651,945
2652,2653
2652,142
2652,901
2652,2
2652,193
2652,3
2654,54
2655,0
2655,1078
2656,937
2656,54
2657,92
2657,10
2658,10
2658,112
2659,10
2659,232
2660,10
2660,106
2661,209
2662,10
2663,2487
2663,121
2664,10
2664,2535
2665,10
2665,179
2666,11
2667,54
2667,945
2668,1259
2668,3
2668,54
2668,27
2668,2489
2668,1296
2668,1209
2669,10
2669,0
2669,0
2670,601
2670,54
2671,637
2671,54
2672,10
2673,2674
2673,821
2673,2674
2674,27
2675,10
2675,0
2676,3
2676,1352
2676,1271
2676,2677
2679,292
2680,1248
2680,1358
2680,1248
2681,937
2681,54
2682,1045
2683,10
2683,42
2684,1265
2684,1245
2684,1265
2685,10
2685,112
2686,10
2686,1573
2686,0
2686,0
2688,716
2688,27
2689,10
2691,10
2691,2
2691,618
2691,202
2692,637
2692,54
2694,2802
2694,61
2695,1265
2695,366
2695,1185
2696,783
2696,54
2696,945
2697,10
2697,179
2697,179
2698,2292
2698,327
2699,92
2699,10
2700,10
2700,328
2700,328
2701,216
2701,54
2701,27
2701,1168
2701,2569
2703,3683
2704,2
2704,54
2704,1342
2705,388
2705,1261
2706,172
2706,10
2707,2086
2708,10
2708,179
2709,2684
2709,2710
2710,3
2710,1040
2710,2709
2710,618
2710,5169
2711,576
2711,54
2711,576
2712,1246
2712,3
2713,635
2713,0
2713,116
2714,1207
2714,2404
2714,1243
2714,1243
2715,0
2715,1078
2716,10
2717,10
2717,0
2718,2
2718,418
2718,54
2719,578
2719,1558
2719,281
2719,1796
2719,1947
2719,437
2719,1262
2719,1241
2720,54
2720,3642
2721,10
2721,8
2721,8
2722,236
2723,545
2723,1243
2723,1296
2723,1324
2723,1209
2723,1211
2724,617
2724,0
2724,2624
2725,10
2727,1263
2727,7205
2727,594
2727,2703
2727,2566
2727,1296
2727,1209
2728,620
2728,3314
2728,1840
2728,1241
2729,2626
2729,236
2730,10
2731,1165
2731,92
2731,172
2731,10
2731,10
2732,216
2732,54
2733,10
2733,120
2735,10
2735,42
2736,10
2736,389
2737,10
2737,193
2738,10
2738,135
2739,1426
2739,16
2739,5612
2739,9889
2739,894
2739,555
2739,8901
2740,10
2740,188
2741,10
2741,415
2742,2743
2743,3
2744,12631
2744,2156
2744,3469
2745,3
2745,54
2746,27
2746,301
2746,514
2746,138
2746,343
2746,14
2746,625
2746,629
2746,54
2746,10
2746,1079
2746,61
2747,937
2747,54
2748,2749
2748,54
2748,1037
2748,2750
2748,2751
2748,2752
2749,4069
2749,331
2749,6918
2749,289
2749,2712
2749,10555
2750,2749
2750,54
2750,1037
2750,14424
2750,2751
2750,2748
2751,2749
2751,54
2752,2749
2752,54
2752,1037
2752,2748
2752,2751
2752,8406
2753,562
2753,1110
2753,255
2753,562
2755,10
2755,2934
2755,781
2755,236
2755,236
2756,0
2757,10
2757,135
2758,10
2759,10
2759,7685
2759,28
2760,54
2760,3
2760,2760
2761,54
2762,2778
2762,54
2763,1248
2763,3107
2763,1248
2764,2765
2764,629
2765,3
2765,54
2766,54
2767,10
2767,2458
2768,514
2768,220
2768,11
2768,278
2768,51
2768,133
2768,45
2768,16
2768,137
2768,10
2768,772
2769,5088
2769,138
2769,278
2769,51
2769,133
2769,517
2769,45
2769,4
2769,523
2769,137
2769,54
2769,10
2769,2938
2769,459
2770,1441
2770,2404
2770,250
2770,11707
2770,11708
2770,250
2771,10
2771,0
2772,3077
2772,635
2772,0
2772,3164
2772,863
2772,530
2772,2572
2772,848
2772,906
2772,206
2772,2885
2772,663
2772,2936
2772,0
2773,1248
2773,1358
2773,1248
2774,10
2774,303
2776,2
2776,574
2776,132
2777,2778
2777,3
2777,606
2777,2779
2778,54
2779,606
2779,54
2780,0
2780,4110
2781,2539
2781,2539
2781,3648
2781,1240
2781,1262
2781,1303
2781,1317
2781,1241
2782,10
2782,86
2782,86
2783,85
2783,86
2783,2641
2783,5064
2783,8831
2783,2161
2783,1837
2783,6123
2783,2781
2783,6044
2783,47
2783,3728
2784,4123
2784,10
2784,458
2785,92
2785,1266
2785,399
2785,10
2786,2331
2786,1305
2786,981
2787,92
2788,51
2788,27
2788,1063
2789,132
2789,51
2789,821
2789,1296
2791,10
2791,176
2792,10
2793,10
2793,135
2794,2795
2794,3
2795,292
2795,1135
2796,259
2796,748
2796,11
2796,51
2796,4
2796,22
2796,54
2796,10
2796,155
2796,869
2797,10
2797,634
2797,634
2798,278
2798,278
2798,2568
2798,201
2799,3055
2799,697
2801,149
2801,61
2803,0
2804,1192
2804,231
2804,27
2804,38
2805,1572
2805,2318
2805,1305
2805,2363
2807,545
2807,45
2808,54
2809,10
2809,415
2809,415
2810,3
2810,1040
2811,292
2811,54
2811,292
2812,2813
2812,3
2812,2814
2812,2815
2812,2816
2812,2817
2813,608
2813,2812
2813,2814
2813,2815
2813,2816
2813,2817
2815,608
2815,412
2815,2812
2815,2814
2815,2813
2815,2816
2815,2817
2817,32
2817,2812
2817,2814
2817,2815
2817,2813
2817,2816
2819,343
2819,790
2819,14
2819,625
2819,629
2820,1059
2820,1248
2820,3314
2820,2728
2821,125
2821,278
2821,51
2821,45
2821,4
2821,453
2821,130
2821,54
2821,10
2821,4669
2821,772
2822,163
2822,166
2822,54
2822,3
2822,54
2822,445
2823,164
2823,0
2823,30
2823,1318
2823,1241
2825,321
2825,220
2825,11
2825,125
2825,51
2825,45
2825,4
2825,130
2825,115
2825,54
2825,10
2825,4669
2825,2821
2825,1079
2825,2519
2825,2249
2825,201
2827,71
2828,10
2828,106
2829,0
2834,0
2834,30
2835,129
2835,51
2835,45
2835,4
2835,16
2835,658
2835,94
2835,137
2835,115
2835,54
2835,10
2835,61
2835,2249
2836,674
2836,54
2836,1495
2837,10
2837,179
2838,468
2838,54
2838,600
2838,657
2838,2286
2838,894
2838,1505
2838,1485
2838,1506
2838,698
2839,0
2839,2183
2840,10
2840,42
2841,264
2841,54
2841,600
2843,54
2843,945
2844,331
2844,937
2844,2282
2845,2846
2845,356
2845,54
2847,2
2847,738
2848,844
2849,54
2850,11
2850,2086
2850,1344
2850,673
2850,2294
2851,139
2851,40
2851,2172
2851,54
2851,2852
2851,40
2851,2172
2853,2272
2853,54
2854,1426
2854,1402
2854,331
2855,4405
2855,54
2856,54
2856,257
2856,2
2856,8915
2856,257
2856,2
2857,693
2857,270
2857,305
2858,1356
2858,54
2859,2
2859,1265
2859,1248
2859,2860
2860,2859
2860,8625
2861,606
2861,54
2862,54
2862,2
2862,292
2862,292
2862,1268
2863,382
2863,54
2864,3
2864,2
2864,2282
2865,2866
2865,264
2865,1248
2865,1327
2865,104
2866,264
2866,54
2866,600
2867,896
2867,2
2867,54
2868,271
2868,2282
2869,1000
2869,3
2869,54
2870,54
2870,2
2870,253
2871,13
2872,13
2873,356
2874,585
2874,54
2875,1265
2875,2876
2875,292
2875,960
2875,1388
2875,2877
2875,2878
2875,2879
2876,292
2876,54
2877,1000
2877,2
2877,253
2878,1029
2878,937
2879,2649
2879,2876
2879,292
2879,1388
2879,2877
2880,2401
2880,54
2880,209
2881,2369
2881,807
2881,2882
2881,124
2881,28
2881,40
2881,1300
2882,807
2882,54
2883,601
2883,4718
2883,2312
2883,4179
2883,1315
2883,1241
2884,10
2885,0
2885,2300
2886,821
2887,220
2887,11
2887,125
2887,278
2887,51
2887,45
2887,4
2887,16
2887,115
2887,10
2887,772
2887,61
2888,30
2888,10
2888,0
2889,11
2889,51
2889,133
2889,459
2889,137
2889,54
2889,10
2889,167
2890,10
2890,2535
2891,10
2892,10
2892,28
2893,54
2894,177
2894,821
2894,1324
2894,3937
2895,10
2895,92
2896,10
2896,28
2897,236
2898,0
2899,2
2899,6555
2899,2
2899,2
2899,2432
2900,0
2900,30
2901,54
2901,209
2903,1963
2903,3684
2903,2050
2903,4577
2903,1240
2903,1262
2903,1303
2903,1241
2904,10
2904,359
2906,618
2906,54
2907,45
2907,45
2909,960
2909,331
2911,11
2911,27
2911,435
2911,2456
2912,1024
2912,93
2912,27
2912,301
2912,138
2913,302
2913,426
2913,10
2914,10
2914,135
2914,2211
2915,2916
2915,2917
2915,2918
2916,1000
2916,54
2916,3
2916,3058
2917,1004
2917,2915
2917,2918
2918,744
2918,209
2918,2915
2918,419
2918,3029
2918,209
2918,2917
2919,11
2919,278
2919,51
2919,45
2919,95
2919,10
2919,2175
2919,772
2919,156
2919,201
2920,10
2921,2922
2921,10
2921,120
2922,2796
2924,10
2924,848
2924,0
2924,2772
2925,10
2925,415
2925,415
2926,99
2926,2
2926,290
2927,10
2927,208
2928,1813
2928,62
2928,51
2928,171
2928,329
2928,252
2928,10
2928,2320
2929,1238
2930,468
2930,54
2930,2407
2931,42
2931,92
2931,0
2931,30
2931,991
2931,1271
2933,2933
2934,10
2934,236
2934,2755
2935,278
2935,45
2935,627
2935,459
2935,69
2935,54
2935,10
2935,1079
2935,61
2935,45
2936,0
2936,2772
2936,0
2937,61
2937,2323
2940,329
2940,338
2940,62
2940,134
2940,329
2941,305
2941,55
2941,1863
2941,184
2941,1365
2942,960
2942,2
2942,1436
2943,11
2943,27
2943,2944
2944,11
2944,27
2944,2943
2945,467
2945,8616
2946,2101
2946,17
2946,1615
2947,11
2947,27
2947,979
2948,2
2949,3828
2949,1584
2950,54
2950,2949
2950,118
2950,27
2950,2951
2950,2949
2951,126
2951,126
2951,960
2952,10
2952,198
2953,10
2953,942
2954,295
2954,243
2954,29
2955,3546
2955,3189
2955,4093
2955,216
2955,216
2956,22
2956,1319
2956,1319
2956,1324
2957,27
2958,10
2959,1073
2959,292
2959,5888
2959,1678
2960,10
2960,28
2961,1483
2961,264
2961,5012
2962,2963
2962,54
2963,5361
2963,368
2964,1271
2965,2966
2965,10
2965,27
2965,28
2965,1696
2966,42
2966,92
2966,0
2966,73
2966,184
2966,27
2966,1296
2966,1254
2967,2712
2967,1134
2967,7964
2967,8481
2969,5900
2969,2712
2969,4714
2969,9456
2969,1424
2969,9626
2969,3
2970,1962
2970,54
2971,2347
2971,2901
2971,209
2971,7
2971,1271
2972,1737
2972,51
2972,27
2972,513
2974,1301
2974,10
2974,1181
2974,2801
2976,2705
2976,166
2976,360
2976,1842
2976,2825
2977,10
2977,2978
2978,10
2978,34
2979,10
2979,27
2979,995
2980,1047
2980,248
2980,548
2981,0
2982,10
2982,303
2983,115
2983,16
2983,115
2984,11
2984,278
2984,51
2984,4
2984,392
2984,122
2984,252
2984,54
2984,10
2984,772
2985,24
2985,2487
2985,2487
2986,182
2986,65
2986,10808
2987,288
2987,2
2987,739
2987,288
2987,2
2987,1043
2987,2991
2988,2
2988,937
2988,54
2988,2
2990,1043
2990,54
2990,27
2990,513
2990,17093
2990,1655
2990,16394
2991,2446
2991,270
2991,2
2991,1065
2991,2
2991,3
2991,1043
2991,2987
2992,937
2992,54
2993,407
2993,413
2993,556
2993,17
2993,34
2994,1547
2994,282
2994,6150
2995,10
2995,2244
2995,2244
2995,86
2996,122
2996,472
2996,1079
2996,61
2996,122
2997,95
2997,27
2998,1265
2998,2292
2998,54
2998,1243
3001,10
3002,10
3003,5485
3003,54
3003,3
3004,1395
3004,27
3004,1137
3004,869
3005,468
3005,3005
3006,1047
3006,4345
3006,752
3006,281
3008,10
3008,267
3009,2243
3009,54
3009,3
3010,2
3011,495
3011,3012
3012,495
3012,54
3013,3
3013,3014
3013,3015
3013,3016
3014,1677
3014,115
3014,115
3014,1646
3016,42
3016,92
3016,3014
3016,85
3016,86
3016,1646
3016,1677
3016,3013
3017,846
3017,1209
3018,216
3018,54
3019,742
3019,742
3021,54
3022,292
3022,54
3022,292
3024,627
3025,281
3025,216
3025,54
3026,2243
3026,54
3026,3
3027,1246
3028,10
3028,188
3029,54
3029,209
3029,2400
3030,3005
3030,1344
3030,11805
3031,265
3031,544
3031,467
3031,391
3032,54
3032,272
3033,281
3033,597
3034,1256
3034,407
3035,10
3035,193
3036,16
3038,10
3039,3040
3039,597
3039,54
3040,647
3040,54
3041,3042
3041,87
3041,3
3042,3
3042,6938
3042,6938
3043,54
3043,3
3044,45
3044,45
3045,1604
3046,276
3046,1197
3046,276
3046,1197
3046,11441
3046,61
3046,1303
3049,1079
3049,61
3049,3049
3050,682
3050,1452
3051,85
3051,2427
3051,10
3051,86
3051,85
3052,1138
3052,61
3053,2355
3054,333
3054,54
3056,32
3056,33
3056,32
3056,170
3056,83
3056,7
3056,2273
3056,40
3057,32
3058,200
3058,11
3058,51
3058,171
3058,4
3058,89
3058,252
3058,10
3059,2
3059,331
3060,1103
3060,141
3060,203
3060,10
3061,92
3061,92
3061,1296
3061,1324
3061,1209
3062,618
3062,937
3062,1388
3063,257
3063,54
3063,3063
3064,467
3064,1344
3065,54
3065,1535
3066,216
3066,54
3066,1325
3067,913
3067,54
3068,3069
3068,495
3068,225
3068,3070
3070,893
3070,271
3070,1110
3070,1271
3070,1254
3070,3068
3071,570
3071,2726
3072,13014
3073,281
3074,216
3074,54
3075,216
3075,54
3076,960
3076,960
3077,0
3078,10
3078,334
3079,45
3079,45
3080,3081
3081,54
3081,3
3082,10
3083,13
3083,2
3083,1151
3083,313
3083,54
3084,2
3084,356
3084,37
3084,975
3085,10
3086,467
3086,1344
3087,213
3087,10
3088,2
3088,54
3088,3
3089,27
3089,72
3090,292
3090,54
3091,10
3091,8
3092,495
3092,2
3092,937
3093,418
3093,54
3093,3844
3095,216
3095,54
3095,2442
3096,54
3096,2753
3097,313
3097,54
3098,3099
3099,3958
3099,441
3099,3
3100,495
3100,225
3101,10
3102,309
3102,2130
3102,13
3103,2292
3103,1248
3103,595
3103,27
3104,180
3104,181
3104,821
3106,54
3106,356
3107,1265
3107,2763
3107,1265
3107,960
3108,54
3109,637
3109,2
3109,54
3110,10
3110,8831
3111,54
3111,3
3112,1813
3112,939
3112,1079
3112,1238
3112,61
3112,1261
3113,10
3113,179
3114,170
3114,83
3114,723
3114,326
3115,128
3115,3116
3116,128
3116,12344
3116,1627
3117,3118
3118,54
3118,27
3118,429
3118,3117
3120,10
3120,92
3121,316
3121,907
3122,27
3122,90
3123,10
3123,106
3125,73
3125,721
3125,721
3126,1238
3127,54
3127,356
3127,2
3127,272
3127,356
3129,89
3129,721
3130,10
3130,176
3131,1813
3131,62
3131,134
3131,329
3131,252
3131,140
3131,10
3131,1431
3132,27
3133,629
3133,27
3133,73
3134,51
3134,132
3134,181
3134,10
3135,1238
3136,164
3136,746
3136,204
3136,1907
3136,3791
3136,2942
3136,7785
3136,1796
3136,3684
3136,3791
3136,6605
3136,2781
3136,1240
3136,3353
3136,1303
3136,2335
3136,1241
3137,10
3137,0
3137,2183
3138,10
3138,1604
3138,202
3139,10
3140,10
3140,86
3140,86
3141,10
3141,426
3142,10
3142,2458
3143,10
3143,120
3143,104
3144,0
3145,10
3145,106
3146,1576
3146,236
3147,601
3147,54
3148,1192
3148,236
3148,98
3149,0
3149,1078
3150,1294
3150,54
3150,209
3150,1294
3151,10
3151,42
3152,51
3152,2
3152,2704
3153,10
3153,179
3153,179
3154,92
3154,1044
3154,1296
3154,1271
3155,236
3156,39
3156,10
3157,54
3157,211
3158,0
3159,10
3160,10
3160,202
3161,10
3162,10
3162,135
3163,10
3163,179
3164,10
3164,0
3165,635
3165,0
3165,1216
3165,10
3167,228
3167,10
3168,10
3168,228
3169,10
3169,228
3170,10
3170,228
3171,399
3171,18
3171,336
3171,351
3171,10
3172,3173
3172,435
3173,3409
3173,783
3173,441
3173,3
3174,54
3176,45
3176,545
3176,51
3176,821
3176,1296
3178,92
3178,73
3178,218
3178,2026
3178,45
3178,16
3178,10
3178,1296
3179,180
3179,181
3179,821
3180,9
3180,10
3180,8
3181,54
3181,3
3182,2623
3182,1059
3182,2318
3182,1243
3182,115
3183,19
3183,335
3183,23
3183,252
3183,140
3183,10
3183,2250
3184,10
3184,42
3185,2680
3185,618
3185,1090
3185,27
3186,0
3186,105
3186,106
3186,30
3186,42
3186,92
3187,1585
3187,92
3187,10
3187,92
3187,10
3187,116
3188,10
3188,2535
3190,281
3191,0
3191,1078
3192,1248
3192,3745
3192,1248
3193,10
3193,328
3194,270
3194,2
3194,54
3195,132
3195,3196
3196,821
3196,54
3196,54
3196,2344
3196,3195
3197,10
3197,0
3197,4110
3197,0
3198,1287
3198,1296
3198,1324
3199,1248
3199,1248
3199,331
3200,3
3200,560
3201,1134
3201,54
3201,3201
3203,937
3203,54
3204,54
3205,913
3205,54
3206,368
3206,54
3207,10
3207,357
3208,245
3208,5125
3209,3065
3209,471
3209,3
3210,662
3210,216
3210,54
3210,3211
3210,3212
3211,3
3213,10
3213,361
3214,10
3214,361
3216,0
3216,3671
3216,0
3217,2
3217,54
3218,1073
3218,54
3218,3
3219,54
3220,601
3220,54
3221,2401
3221,54
3221,209
3221,744
3223,2421
3223,54
3223,2421
3224,491
3224,54
3225,22
3225,27
3226,2763
3226,1145
3226,3
3226,5999
3227,662
3227,216
3228,662
3229,98
3229,0
3230,10
3231,2399
3231,54
3231,209
3231,2408
3232,1356
3232,54
3232,3
3233,270
3233,1532
3233,120
3234,270
3234,2
3234,720
3234,120
3235,2086
3236,1045
3237,585
3237,54
3238,54
3239,10
3240,42
3240,92
3240,10
3241,2
3241,54
3241,272
3241,1552
3242,292
3242,54
3243,54
3243,211
3244,54
3244,945
3245,1245
3245,896
3246,54
3247,2684
3247,2
3247,3248
3247,3249
3247,3250
3247,2868
3247,3251
3247,3252
3247,2
3247,3
3248,2702
3248,54
3248,3252
3248,3
3251,648
3251,1205
3253,54
3253,272
3257,2
3257,618
3257,54
3258,2
3259,54
3259,54
3259,54
3259,3260
3259,1296
3261,1134
3261,54
3262,54
3262,3
3263,10
3263,86
3264,0
3265,54
3266,10
3266,27
3267,596
3267,54
3269,54
3269,2442
3270,2282
3271,2
3272,2
3273,960
3274,54
3274,2648
3275,367
3276,467
3276,1344
3276,1296
3277,355
3277,3278
3277,3
3277,3215
3278,1246
3278,3
3278,3277
3278,877
3279,807
3279,54
3280,393
3281,0
3281,30
3281,1078
3282,2
3283,10
3283,336
3284,27
3285,216
3285,54
3286,170
3286,3287
3287,65
3287,65
3287,243
3287,2130
3288,3289
3289,1419
3289,649
3289,401
3289,27
3289,2489
3289,54
3289,10681
3289,2304
3289,13281
3289,1271
3289,2170
3290,649
3290,2282
3291,1576
3291,236
3292,1260
3292,0
3293,10
3293,179
3294,10
3294,179
3295,418
3295,54
3296,3297
3297,1006
3297,216
3297,54
3297,1006
3298,647
3298,54
3298,647
3299,54
3300,54
3300,2
3300,253
3300,2760
3300,253
3301,1116
3301,3302
3301,3303
3301,3304
3302,54
3303,170
3303,27
3303,10221
3304,10221
3304,65
3304,65
3305,1153
3305,54
3306,1047
3306,281
3306,216
3306,3075
3306,216
3306,2642
3306,3307
3306,1666
3306,3308
3307,407
3307,3306
3307,3308
3307,281
3307,1047
3307,281
3308,281
3308,1666
3308,281
3308,3307
3308,3306
3309,54
3309,3985
3311,468
3311,1844
3311,1344
3312,5252
3313,11
3313,355
3313,238
3313,2
3313,331
3313,937
3313,116
3314,3315
3314,2
3314,618
3314,54
3314,0
3314,10
3314,2156
3314,3316
3314,3317
3314,3318
3314,2728
3314,3319
3314,3320
3314,2820
3314,3321
3314,3322
3314,3323
3314,1303
3314,3312
3314,2335
3314,1241
3315,2760
3315,54
3315,3
3316,496
3316,991
3316,4049
3316,1237
3317,0
3317,206
3318,4201
3318,13184
3318,2282
3320,299
3320,24
3320,3314
3320,2728
3320,2824
3320,1241
3321,163
3321,3986
3321,3314
3321,2820
3321,919
3321,1241
3322,1387
3322,2655
3322,1209
3323,276
3323,0
3323,3314
3323,2156
3323,2156
3323,5252
3324,649
3324,54
3325,1000
3325,54
3326,3327
3326,255
3326,763
3326,476
3327,54
3327,255
3328,356
3328,54
3329,0
3329,1078
3331,10
3332,821
3333,1889
3333,54
3334,10
3335,10
3336,3
3337,3338
3337,1168
3337,3339
3338,2569
3338,54
3338,27
3338,1168
3338,2569
3339,1047
3339,3338
3339,1168
3339,3337
3340,216
3340,54
3340,407
3341,2569
3341,54
3341,1168
3341,2569
3341,173
3341,216
3342,10
3342,375
3343,10
3343,135
3344,3
3344,54
3344,2546
3345,635
3345,0
3346,1246
3346,3
3346,2
3346,156
3348,3349
3348,2648
3348,216
3348,216
3348,54
3348,281
3348,216
3348,216
3348,3350
3348,216
3349,3408
3349,216
3349,54
3349,3347
3350,757
3350,726
3350,281
3350,556
3350,17
3350,1296
3350,3348
3352,1234
3352,1233
3352,3
3354,802
3354,54
3354,802
3355,54
3356,10
3356,337
3357,3
3357,14586
3357,9720
3358,54
3358,3
3359,10
3359,179
3361,10
3361,42
3362,392
3362,3363
3362,27
3363,807
3363,124
3363,40
3364,2
3364,209
3365,874
3365,54
3367,3368
3368,2318
3368,1004
3368,3
3368,2432
3368,3
3368,2093
3368,511
3368,3367
3368,5413
3369,8
3370,54
3371,10
3371,42
3372,115
3372,10
3372,115
3373,3374
3373,54
3374,2778
3374,483
3374,601
3374,1044
3374,17
3375,10
3375,42
3376,10
3377,54
3377,594
3379,1356
3379,216
3380,54
3380,253
3382,10
3382,0
3382,4687
3383,0
3383,1078
3384,503
3384,180
3384,181
3385,745
3385,896
3385,2282
3386,0
3386,1078
3387,1058
3388,0
3388,202
3388,1308
3388,40
3388,1209
3389,2
3389,54
3389,3
3389,3
3390,10
3391,10
3392,10
3392,85
3392,86
3393,10
3394,10
3394,2535
3395,10
3396,2778
3396,54
3397,368
3397,54
3399,601
3399,54
3400,986
3400,54
3401,271
3401,54
3402,27
3402,1209
3403,10
3403,337
3404,10
3404,2458
3405,27
3406,987
3407,10
3407,179
3408,54
3408,3347
3408,216
3409,54
3409,945
3410,54
3410,3
3411,10
3411,228
3412,172
3412,10
3413,550
3413,54
3414,10
3414,8
3415,288
3415,54
3416,292
3416,54
3417,10
3417,10
3417,10
3418,10
3418,385
3419,292
3419,54
3420,618
3420,54
3421,2835
3421,2344
3422,0
3422,30
3423,54
3424,132
3424,2876
3424,292
3424,2876
3424,292
3425,265
3425,54
3425,264
3426,649
3426,1551
3426,356
3427,54
3427,945
3428,10
3428,179
3429,27
3429,0
3429,202
3429,187
3429,236
3429,106
3429,539
3429,18
3429,86
3429,178
3429,4947
3429,135
3429,8
3429,268
3429,206
3429,208
3429,5970
3429,2564
3429,1261
3430,10
3430,236
3430,236
3431,10
3432,3055
3432,3055
3432,3381
3432,2489
3434,54
3434,27
3434,1941
3434,753
3435,10
3435,179
3436,13
3436,3437
3437,3
3438,105
3438,3439
3438,3440
3438,2295
3438,3441
3439,3
3439,3
3439,12545
3439,3440
3440,3438
3440,3441
3440,12545
3440,3439
3441,3439
3441,3440
3442,27
3443,6249
3443,2719
3443,1796
3443,1314
3443,1992
3443,2781
3443,1241
3446,0
3447,278
3447,51
3447,133
3447,16
3447,459
3447,137
3447,10
3447,167
3447,772
3447,1261
3447,2519
3448,3449
3448,54
3448,3450
3448,147
3449,3450
3449,3450
3450,2
3450,967
3450,1110
3450,2
3450,356
3451,10
3452,3453
3452,10
3453,218
3453,10
3453,3452
3453,1199
3454,177
3455,3099
3455,54
3455,916
3456,3
3456,545
3457,2
3457,1342
3458,791
3458,3
3458,2336
3458,1352
3458,1271
3458,2170
3458,1871
3459,118
3461,1304
3461,0
3462,821
3462,1296
3462,1324
3462,1209
3463,10
3463,334
3464,10
3465,2
3465,896
3465,54
3466,2
3466,292
3466,54
3467,10
3467,478
3468,10
3470,649
3470,54
3471,802
3471,54
3472,54
3472,1535
3474,10
3475,54
3475,594
3476,1355
3476,985
3477,54
3478,10
3478,1573
3478,0
3479,468
3479,865
3480,2285
3480,54
3481,54
3482,216
3482,54
3483,3
3483,236
3483,955
3483,1377
3483,3484
3483,3485
3484,4590
3484,3483
3484,1834
3484,992
3484,3
3485,981
3486,986
3486,54
3487,2288
3487,54
3487,2288
3488,10
3489,399
3489,357
3489,328
3489,0
3489,1596
3489,334
3489,236
3489,193
3489,390
3489,106
3489,389
3489,18
3489,188
3489,303
3489,385
3489,143
3489,478
3489,337
3489,4947
3489,351
3489,361
3489,8
3489,176
3489,458
3489,112
3489,179
3489,479
3490,2210
3490,408
3492,725
3492,10
3492,1448
3493,220
3493,11
3493,278
3493,51
3493,4
3493,155
3493,16
3493,115
3493,203
3493,10
3494,11
3494,51
3494,212
3494,10
3494,2323
3495,10
3495,105
3495,106
3495,10
3495,1224
3495,923
3495,27
3495,301
3495,514
3495,1103
3495,511
3495,1103
3495,1171
3495,116
3495,1296
3495,1320
3495,2344
3495,2120
3495,2335
3496,3497
3496,1079
3496,3498
3497,3831
3497,278
3497,51
3497,4
3497,392
3497,19
3497,122
3497,23
3497,252
3497,54
3497,10
3498,3497
3498,1079
3498,3496
3499,39
3499,10
3501,10
3501,8
3502,3586
3502,5564
3502,601
3502,28
3502,3020
3502,7789
3504,10
3505,16
3506,13
3507,45
3507,27
3507,1044
3508,576
3508,54
3508,576
3509,1079
3509,61
3510,65
3510,147
3511,1426
3511,2318
3511,289
3512,11
3512,150
3512,235
3512,1319
3512,11
3512,150
3512,235
3513,3189
3513,216
3513,54
3513,3189
3514,54
3514,1535
3515,377
3515,3516
3515,280
3515,27
3515,1044
3515,17
3515,199
3516,10
3517,2283
3517,54
3517,1102
3518,27
3518,1048
3519,846
3519,2
3519,54
3520,10
3521,0
3522,3
3522,3
3522,1417
3522,210
3522,8560
3522,6812
3522,964
3522,3523
3523,278
3523,1243
3523,2
3523,3
3523,5395
3523,1312
3523,3522
3524,393
3524,2
3524,54
3524,393
3525,10
3526,760
3526,3408
3526,216
3527,10
3528,10
3528,27
3528,556
3530,10
3530,236
3531,0
3531,0
3532,1248
3532,4138
3532,1248
3532,331
3533,289
3533,54
3534,7421
3535,1263
3535,2
3535,54
3535,314
3535,152
3536,1020
3536,674
3537,821
3538,216
3538,54
3539,20
3539,0
3540,54
3541,3
3541,3542
3541,3543
3542,3541
3542,11
3542,27
3543,3541
3543,11
3543,27
3544,216
3544,54
3545,10
3545,236
3546,3189
3546,216
3546,54
3546,3189
3547,61
3548,995
3549,10
3550,2
3550,54
3551,54
3551,3552
3551,6
3551,953
3551,2
3551,3
3551,487
3552,1379
3552,3553
3552,4840
3556,120
3557,10
3557,236
3558,54
3558,3347
3558,216
3559,1192
3559,72
3559,72
3559,10
3560,10
3560,193
3561,3562
3561,3563
3561,3
3564,426
3564,362
3564,10
3565,54
3565,3
3566,236
3567,10
3568,1263
3568,54
3568,3569
3568,1171
3568,234
3570,1020
3570,2
3570,674
3571,10
3572,3573
3573,3
3573,9276
3573,9277
3573,9278
3573,9279
3574,10
3574,337
3575,289
3575,54
3576,3718
3577,629
3577,2374
3578,2649
3578,1599
3578,7498
3578,376
3578,555
3579,2824
3579,3312
3579,250
3579,216
3579,250
3579,216
3579,1796
3579,3580
3579,3581
3579,2404
3579,1256
3579,1246
3579,673
3580,618
3580,6059
3580,1067
3580,2086
3581,3
3581,3
3581,1241
3582,54
3582,110
3583,110
3583,3
3583,981
3583,3
3583,2786
3583,3584
3583,1296
3583,1271
3584,253
3586,1248
3586,331
3586,2623
3586,1248
3586,331
3587,2
3588,10
3588,8
3589,1599
3589,54
3589,2405
3590,674
3590,54
3591,1047
3591,1256
3591,3592
3591,3593
3591,216
3591,3594
3592,2283
3592,54
3592,3593
3593,216
3594,54
3594,525
3595,250
3595,216
3595,54
3595,3
3595,216
3595,3596
3595,216
3598,7538
3598,7539
3598,544
3598,392
3598,116
3599,1536
3599,979
3600,2286
3600,2838
3601,662
3601,216
3602,3
3604,10
3604,86
3606,10
3606,42
3607,281
3607,216
3607,54
3607,216
3609,252
3609,203
3609,140
3609,61
3610,10
3610,86
3611,250
3611,1046
3611,3612
3612,2
3612,107
3612,701
3612,2
3612,1045
3612,120
3613,2
3614,54
3614,1342
3614,2
3616,356
3617,92
3617,184
3617,10
3617,116
3618,2
3618,682
3618,2095
3618,104
3618,54
3618,1296
3619,10
3620,10
3620,202
3621,2191
3621,112
3622,2191
3622,10
3624,10
3624,334
3625,2191
3625,172
3625,1059
3625,6249
3625,1384
3625,172
3626,51
3626,132
3627,456
3627,382
3627,2282
3628,0
3629,3
3630,54
3631,92
3631,3632
3631,931
3631,3633
3631,2155
3632,4671
3632,1389
3632,3
3632,3631
3632,3695
3632,1243
3632,14199
3632,931
3632,2155
3633,163
3633,3632
3634,10
3634,179
3635,227
3635,54
3636,163
3636,388
3636,388
3636,2602
3636,1296
3636,1209
3637,51
3637,51
3638,216
3639,75
3639,2
3640,54
3641,2647
3641,216
3642,54
3642,3
3643,1599
3643,216
3643,79
3643,42
3643,92
3643,10
3643,216
3643,1212
3644,1047
3644,1256
3644,281
3644,54
3647,802
3647,54
3648,2796
3649,54
3649,2
3649,574
3649,1128
3650,10
3650,351
3651,802
3651,54
3652,216
3652,54
3653,281
3653,281
3653,2561
3654,2404
3654,250
3654,3655
3654,674
3654,216
3655,674
3655,54
3657,248
3657,10162
3658,10
3658,8
3658,8
3659,110
3659,2
3659,54
3660,376
3660,2
3660,180
3660,181
3662,1353
3662,10
3663,10
3663,245
3664,216
3664,281
3664,216
3664,1047
3664,1920
3664,54
3665,10
3667,27
3667,259
3668,367
3668,368
3669,2
3669,1546
3670,10
3670,303
3670,303
3671,0
3671,0
3672,1630
3672,79
3672,79
3673,10
3674,10
3674,106
3675,10
3675,10
3675,1181
3676,1247
3676,1004
3676,3
3676,3677
3676,3678
3676,3679
3677,8890
3677,3676
3677,3678
3678,2
3678,54
3678,3676
3678,3677
3678,8909
3679,991
3679,3676
3680,54
3681,121
3681,298
3681,10
3682,10
3682,351
3684,3136
3684,1315
3684,2727
3684,1240
3684,1262
3684,1303
3684,1241
3685,305
3687,210
3687,170
3687,1118
3687,1224
3687,922
3687,1691
3687,29
3687,28
3687,87
3687,999
3687,1842
3687,1792
3688,45
3688,4
3688,16
3688,23
3688,114
3688,487
3688,252
3688,137
3688,140
3689,367
3689,648
3689,2
3691,10
3691,143
3693,3694
3693,2745
3693,1324
3693,1271
3693,1254
3694,54
3696,3697
3697,54
3697,6133
3697,1271
3698,2147
3699,54
3699,3
3700,271
3700,54
3701,271
3701,54
3702,3703
3702,54
3702,3704
3703,277
3703,5542
3703,3704
3704,65
3704,3703
3705,3426
3705,3706
3705,3707
3705,2640
3706,2
3707,2
3708,271
3708,54
3709,54
3709,209
3710,257
3710,54
3711,821
3712,3206
3712,1205
3712,597
3713,5488
3713,73
3713,1296
3713,1324
3713,1271
3714,3713
3714,170
3714,83
3715,253
3716,601
3716,54
3717,649
3717,1243
3718,54
3718,2
3718,253
3719,195
3719,556
3719,266
3719,562
3719,935
3719,1549
3719,327
3719,305
3719,1679
3720,10
3720,245
3720,245
3721,10
3721,92
3722,10
3722,202
3723,152
3723,10
3724,10
3724,359
3726,1201
3726,3727
3726,3608
3727,807
3727,54
3728,3310
3728,10963
3728,3037
3729,138
3729,357
3729,0
3729,334
3729,202
3729,236
3729,193
3729,106
3729,232
3729,18
3729,204
3729,86
3729,143
3729,42
3729,337
3729,135
3729,8
3729,214
3729,176
3729,112
3729,2519
3730,3006
3730,87
3730,3
3731,10
3732,10
3732,8
3733,2
3733,2
3733,3734
3733,2314
3735,2
3735,54
3735,2753
3736,550
3736,54
3736,2443
3736,550
3737,54
3737,3
3738,54
3738,649
3739,2
3740,1294
3740,54
3740,1294
3740,209
3741,3
3741,54
3742,10
3742,106
3743,54
3743,970
3743,970
3744,54
3744,970
3744,254
3745,960
3745,331
3746,10
3746,42
3746,2535
3747,227
3747,3748
3747,45
3747,3749
3747,1391
3747,2507
3748,1392
3748,3
3748,2507
3748,406
3748,1243
3748,3747
3748,8899
3749,45
3749,45
3749,9518
3750,3420
3750,618
3750,960
3750,7162
3750,11093
3750,11092
3750,2086
3751,1300
3751,2778
3751,3
3751,574
3751,648
3751,1205
3751,2156
3751,1732
3751,2744
3751,2938
3751,1732
3751,3469
3752,2
3752,896
3752,54
3753,3
3753,39
3754,1059
3754,10
3755,10
3755,714
3755,714
3755,337
3756,10
3757,10
3757,3758
3757,112
3758,10
3758,3757
3758,112
3759,132
3759,821
3760,1097
3760,2
3760,2
3760,331
3760,6249
3760,1262
3760,2824
3760,1303
3760,3047
3760,1241
3761,382
3761,2
3761,54
3761,3761
3762,1107
3762,441
3763,32
3763,3057
3763,3
3763,597
3763,32
3764,10
3764,135
3764,2217
3765,11
3766,54
3767,288
3767,54
3768,10
3768,1164
3769,562
3769,2
3769,282
3769,1296
3769,506
3769,2
3769,3770
3769,255
3770,313
3770,54
3771,746
3771,23
3771,3772
3771,3773
3772,5
3772,1122
3772,120
3772,3773
3772,5666
3773,5
3773,2
3773,3
3773,3772
3774,10
3774,27
3774,1063
3775,3
3775,356
3775,3776
3775,3777
3775,3778
3775,3779
3775,1667
3775,3780
3775,3330
3777,3775
3777,3779
3777,1667
3777,3780
3777,79
3777,3778
3777,79
3778,2
3778,3775
3778,3779
3778,1667
3778,3780
3778,2
3778,3
3778,3776
3778,54
3778,3777
3778,54
3779,3
3779,105
3779,3776
3779,116
3779,3777
3779,3778
3779,3775
3779,1667
3779,3780
3779,2831
3780,3
3780,1083
3780,3776
3780,3777
3780,3778
3780,3775
3780,3779
3780,1667
3780,1083
3781,54
3782,54
3783,292
3783,54
3784,418
3784,54
3785,2649
3785,2318
3785,368
3785,1212
3785,368
3785,3786
3786,54
3787,601
3787,54
3789,10
3789,202
3790,227
3790,631
3790,54
3790,1536
3790,54
3790,531
3790,1243
3791,485
3791,164
3791,0
3791,3136
3791,3826
3791,9526
3791,3136
3791,2781
3791,4577
3791,218
3791,1241
3792,2517
3792,291
3792,846
3792,1209
3792,1488
3793,54
3794,54
3795,467
3795,3796
3796,1294
3796,54
3796,209
3796,1294
3798,163
3798,388
3798,51
3798,132
3798,5076
3798,2719
3798,1849
3800,54
3800,3
3800,3
3801,42
3801,92
3801,10
3801,10
3802,10
3802,10
3802,0
3802,148
3802,10
3803,54
3803,594
3804,591
3804,649
3804,647
3805,548
3805,54
3805,3
3806,54
3806,356
3807,649
3807,305
3807,3808
3807,441
3807,3
3808,2856
3808,17887
3810,2
3811,3812
3811,3
3812,544
3812,509
3812,288
3812,739
3812,54
3813,10
3813,42
3815,1024
3815,27
3815,76
3815,301
3815,72
3815,1320
3816,278
3816,51
3816,149
3816,45
3816,4
3816,122
3816,137
3816,222
3816,54
3816,10
3816,2171
3816,1344
3816,2278
3817,618
3817,3818
3817,1477
3817,618
3817,124
3817,3819
3817,3820
3818,1356
3818,54
3818,3
3820,3817
3820,2
3820,27
3820,7
3820,1691
3820,3819
3821,1045
3821,54
3821,2577
3822,8192
3822,4428
3823,2
3823,674
3823,54
3824,2649
3824,791
3824,292
3824,923
3825,1201
3825,110
3825,1539
3825,1235
3825,772
3826,1832
3826,1351
3826,6249
3826,1241
3827,631
3827,39
3827,1313
3827,1907
3827,2192
3827,5575
3827,2423
3827,1314
3827,1316
3827,1262
3827,869
3827,201
3828,5499
3828,54
3829,54
3830,10
3830,337
3831,335
3832,0
3832,0
3833,10
3833,106
3834,10
3834,204
3835,27
3835,301
3835,302
3835,188
3835,303
3835,351
3835,132
3835,181
3835,179
3835,4587
3835,1401
3836,27
3836,301
3836,51
3836,188
3836,303
3836,351
3836,132
3836,10
3836,179
3836,1401
3837,1238
3838,10
3838,30
3838,10
3838,134
3838,134
3839,2318
3839,134
3839,725
3840,1079
3840,61
3840,1261
3841,1138
3841,61
3842,139
3843,802
3843,2282
3844,418
3844,54
3844,202
3844,1272
3844,2248
3845,2
3845,3846
3845,40
3847,132
3847,2305
3847,556
3847,1159
3847,10665
3848,1604
3849,2732
3850,3851
3850,2990
3851,2
3852,51
3852,27
3852,1811
3852,104
3853,5725
3854,3855
3854,10
3855,10
3855,228
3856,10
3856,232
3858,10
3859,10
3859,2890
3859,2535
3862,1002
3862,10
3862,268
3863,367
3863,3206
3863,73
3863,34
3863,3864
3864,3206
3865,3866
3865,270
3865,289
3865,1497
3866,270
3866,54
3867,54
3870,10
3871,2305
3871,10
3871,10
3871,92
3871,10
3872,1248
3872,1278
3872,2
3872,970
3873,596
3873,54
3874,72
3874,72
3874,27
3874,76
3874,301
3875,10
3876,45
3876,3749
3876,821
3877,618
3877,1107
3877,3878
3877,16
3877,3879
3877,54
3877,3880
3877,16
3877,54
3878,3879
3881,2321
3881,3
3881,1296
3882,10
3882,106
3883,766
3883,2618
3883,54
3884,8230
3884,937
3884,574
3884,3805
3884,2703
3885,10
3885,135
3886,821
3887,1256
3887,407
3888,2
3888,3
3888,2
3888,3
3888,1010
3889,288
3889,54
3890,10
3890,245
3891,10
3891,334
3892,2479
3892,0
3892,30
3893,973
3893,293
3893,355
3893,235
3893,4206
3893,472
3893,1079
3893,4686
3893,61
3894,10
3894,202
3895,10
3896,22
3896,65
3896,117
3897,92
3897,27
3897,116
3898,850
3898,10
3898,0
3899,476
3899,54
3900,10
3901,393
3901,896
3901,2365
3902,3903
3902,3904
3903,313
3903,54
3904,313
3904,54
3905,1689
3905,124
3905,1627
3907,2705
3907,409
3907,2
3907,3
3908,10
3909,991
3909,3227
3909,2604
3909,577
3909,216
3909,3910
3910,10
3911,10
3911,106
3912,10
3912,135
3913,2399
3913,54
3913,209
3913,1536
3914,65
3914,2094
3915,27
3915,517
3915,2519
3916,2841
3917,27
3917,514
3917,138
3917,0
3917,236
3917,4947
3917,176
3917,2938
3917,2258
3917,622
3917,137
3917,138
3917,354
3917,152
3918,331
3918,2
3918,2
3918,3919
3919,2
3919,937
3919,54
3919,331
3920,10
3921,0
3921,30
3921,506
3922,1265
3922,960
3922,4163
3922,1265
3922,960
3923,54
3923,2
3923,3923
3924,2502
3925,704
3925,114
3925,441
3925,54
3926,2
3928,701
3928,54
3929,649
3929,811
3930,0
3930,30
3931,10
3932,10
3932,28
3932,28
3933,10
3934,10
3934,120
3935,1023
3937,821
3937,1324
3937,2177
3937,2894
3938,2
3938,107
3938,1324
3938,1271
3939,95
3939,124
3939,73
3939,1447
3939,506
3939,1319
3939,1296
3940,10
3941,423
3941,10
3941,42
3942,10
3942,2
3942,3465
3943,54
3944,3945
3944,368
3944,3206
3945,3206
3945,54
3945,1324
3945,1271
3945,5155
3946,2292
3946,327
3946,2698
3946,1110
3948,132
3948,398
3948,821
3949,2712
3949,3563
3949,1477
3949,618
3949,3950
3949,120
3949,40
3949,3734
3949,1271
3950,216
3951,54
3953,821
3955,1265
3955,1265
3955,960
3956,2648
3956,54
3956,3347
3957,251
3957,216
3959,601
3959,54
3960,11
3960,27
3960,1876
3963,10
3963,859
3963,859
3963,143
3964,451
3964,155
3964,451
3964,155
3964,2796
3965,3721
3965,0
3965,30
3965,1181
3966,43
3967,3289
3967,6523
3967,10681
3967,2304
3967,13281
3968,27
3969,13
3970,13
3970,1954
3971,3712
3971,1985
3972,51
3972,27
3972,979
3972,9188
3973,239
3973,170
3974,10
3974,170
3975,2086
3975,1208
3975,975
3976,1059
3976,2318
3976,116
3978,10
3978,27
3978,184
3979,0
3979,148
3979,11903
3979,2
3979,3
3979,5625
3980,27
3980,184
3981,674
3981,6912
3981,674
3981,1020
3981,674
3981,11864
3982,6687
3982,892
3982,1064
3982,596
3982,9649
3983,270
3983,54
3984,596
3984,54
3985,54
3985,257
3985,2
3985,2351
3986,54
3986,2
3986,253
3987,27
3987,28
3988,124
3988,1161
3988,821
3989,10
3989,180
3989,181
3990,2583
3990,27
3991,280
3991,27
3991,1044
3992,1248
3992,7910
3992,1176
3992,370
3992,2294
3993,27
3993,3994
3995,10
3995,27
3995,28
3996,132
3996,398
3996,821
3996,2393
3997,0
3997,30
3997,101
3998,2969
3998,11
3998,27
3998,526
3999,27
3999,403
3999,1448
4000,10
4000,27
4000,4001
4001,10
4001,4000
4002,10
4002,1378
4002,1218
4002,1324
4002,1271
4003,54
4003,27
4003,4004
4004,1064
4005,10
4005,245
4006,1238
4007,4008
4007,27
4007,28
4008,28
4008,1243
4009,1763
4009,239
4009,4010
4009,4011
4010,1763
4010,13848
4011,1763
4012,774
4012,54
4013,170
4013,87
4014,880
4014,216
4015,184
4015,10
4015,40
4016,981
4017,3
4017,1856
4017,104
4017,4018
4017,4019
4019,124
4019,104
4020,3482
4020,216
4020,821
4020,924
4021,42
4021,10
4021,383
4021,10
4021,2312
4022,10
4022,2634
4022,334
4023,181
4023,821
4023,101
4023,1324
4023,1271
4023,1657
4024,54
4025,255
4025,2856
4025,233
4026,216
4026,54
4026,3347
4026,216
4027,14535
4027,281
4028,2760
4028,54
4029,1763
4029,4030
4030,1763
4030,434
4030,4031
4030,4029
4031,1763
4031,435
4031,4030
4032,2442
4032,4033
4032,216
4032,216
4033,2441
4033,216
4033,54
4033,2442
4034,0
4034,1078
4035,674
4035,54
4035,110
4035,3
4035,1342
4036,4037
4036,2
4036,3
4036,2
4036,763
4037,54
4038,10
4038,27
4038,435
4039,10
4039,8
4040,3
4040,1080
4040,997
4040,2452
4040,4041
4040,4042
4041,1078
4041,2452
4041,1858
4041,4040
4041,1080
4041,997
4043,10
4043,232
4044,3
4044,1088
4044,665
4044,4045
4045,4044
4048,10
4050,506
4050,27
4050,10
4050,2314
4050,506
4050,1199
4051,10
4051,92
4052,2178
4052,10
4053,236
4054,10
4054,115
4054,337
4055,1525
4056,10
4056,10
4057,10
4057,815
4057,815
4057,8
4057,173
4057,8
4057,344
4057,8
4058,10
4058,18
4059,10
4059,106
4060,10
4060,27
4061,10
4061,135
4062,10
4062,303
4063,86
4064,27
4065,10
4065,5380
4067,132
4067,398
4067,8483
4068,10
4068,337
4069,937
4069,54
4069,331
4070,10
4070,0
4070,2231
4070,0
4071,747
4072,10
4073,3
4073,1353
4073,2477
4073,10
4073,1209
4074,0
4074,2924
4075,28
4076,54
4076,281
4077,10
4077,5985
4077,176
4077,176
4078,10
4078,458
4079,10
4079,92
4080,42
4080,92
4080,0
4080,13777
4081,10
4081,179
4082,10
4082,1155
4082,179
4083,10
4083,337
4084,10
4085,0
4086,299
4086,618
4086,12515
4086,1118
4086,979
4086,1448
4086,2237
4087,313
4087,54
4088,1069
4088,170
4088,83
4089,4090
4090,54
4091,725
4091,721
4091,1296
4092,10
4092,86
4093,281
4093,216
4093,216
4093,54
4093,1218
4093,11837
4093,2955
4094,3006
4094,87
4094,3
4095,10
4095,135
4096,10
4096,0
4097,27
4098,649
4099,2
4099,253
4100,0
4100,30
4100,2194
4100,1044
4100,28
4101,170
4101,2130
4102,10
4102,28
4103,0
4103,101
4103,1271
4104,10
4105,392
4105,392
4105,10
4105,4106
4106,92
4106,392
4106,10
4106,4105
4107,2124
4107,87
4107,3
4108,759
4108,903
4109,10
4109,390
4110,0
4111,10
4111,179
4112,270
4112,271
4112,272
4112,1804
4112,783
4112,1110
4113,10
4113,112
4114,138
4114,0
4115,10
4116,4117
4116,17
4116,28
4117,3
4117,124
4117,3994
4117,28
4118,2
4119,0
4120,10
4121,495
4121,54
4122,10
4122,112
4123,10
4123,458
4124,573
4124,573
4124,209
4125,1294
4125,54
4125,209
4126,54
4126,209
4127,54
4127,209
4128,1122
4128,3
4128,2282
4128,3
4129,47
4129,247
4129,3
4129,27
4129,87
4130,1294
4130,54
4130,209
4130,1294
4131,172
4131,10
4132,54
4132,3
4132,2282
4132,3
4133,0
4133,1078
4134,54
4134,1342
4135,10
4135,92
4135,10
4135,27
4135,10
4136,10
4137,407
4137,5884
4137,10350
4137,6561
4137,1314
4137,1240
4137,1262
4137,1303
4137,1241
4138,1265
4138,3532
4138,1265
4138,960
4139,10
4139,8
4140,802
4140,54
4140,2295
4141,1636
4141,27
4141,1636
4142,1265
4142,398
4142,124
4142,104
4142,821
4144,1256
4144,407
4144,216
4144,407
4144,216
4145,9
4145,2
4146,2649
4146,1165
4146,2245
4146,4511
4146,2
4146,3
4146,4145
4146,4147
4146,13480
4148,3745
4148,1022
4148,115
4148,1377
4148,1296
4149,541
4149,236
4150,0
4150,30
4151,0
4152,10
4152,357
4153,1243
4154,1201
4154,305
4154,392
4154,1324
4154,2510
4154,4864
4154,3330
4155,10
4156,10
4157,10
4157,0
4158,2
4158,3
4158,2
4158,1218
4158,4159
4158,4160
4159,3582
4160,208
4160,4158
4160,205
4160,42
4160,3734
4160,4159
4161,30
4161,0
4162,1248
4162,255
4163,1248
4163,3922
4163,1248
4164,10
4164,337
4165,54
4166,991
4166,4167
4166,2308
4166,3
4166,1181
4166,1243
4166,4168
4167,1248
4167,331
4167,1416
4167,1248
4169,1259
4169,1045
4169,73
4170,10
4170,106
4171,894
4171,4172
4171,600
4171,2189
4172,264
4172,54
4172,894
4173,376
4173,3
4173,15847
4173,2973
4174,1265
4174,2567
4174,1265
4174,960
4175,2
4175,601
4175,54
4176,138
4176,1328
4177,662
4177,83
4177,673
4177,1296
4178,27
4178,11
4178,51
4178,22
4178,280
4178,1079
4179,1346
4179,1301
4179,1201
4179,231
4179,2719
4180,2647
4180,2648
4180,216
4180,10639
4181,4182
4181,34
4181,1159
4182,3369
4182,3
4182,1181
4182,2353
4182,13271
4182,5613
4183,10
4183,202
4184,11
4184,27
4184,513
4184,4185
4184,526
4185,11
4185,27
4185,513
4186,27
4187,65
4189,10
4190,10
4190,27
4190,1159
4191,3
4191,54
4191,4192
4192,54
4193,54
4193,209
4194,10
4194,135
4195,10
4195,193
4196,2191
4196,991
4197,265
4197,264
4197,264
4197,5401
4198,1095
4198,3721
4199,105
4199,106
4199,10
4200,10
4200,268
4201,1490
4201,4099
4201,54
4201,3
4202,65
4202,117
4202,4203
4203,441
4203,3
4203,2252
4203,2170
4203,14192
4204,10
4205,10
4205,357
4206,11
4206,51
4206,223
4206,638
4206,72
4206,224
4206,380
4206,10
4206,2938
4206,472
4206,1079
4206,61
4207,10
4207,236
4208,399
4208,973
4208,0
4208,42
4208,772
4208,2519
4209,10
4210,170
4210,1696
4210,10
4210,1254
4211,4210
4211,10
4211,27
4211,979
4212,4213
4212,4213
4212,0
4212,236
4212,30
4212,237
4213,346
4213,199
4214,0
4214,30
4214,1324
4215,10
4215,1271
4215,2252
4215,2170
4216,10
4217,10
4217,4218
4218,10
4218,4217
4219,172
4219,10
4220,331
4220,937
4220,2
4220,54
4220,1647
4220,4855
4221,359
4221,3954
4222,1561
4222,54
4222,27
4222,124
4223,10
4224,4225
4224,948
4224,438
4224,7
4224,199
4224,0
4224,30
4224,18
4224,42
4224,92
4224,2287
4225,2308
4225,0
4225,30
4225,1271
4225,2170
4226,10
4227,1192
4227,3941
4227,184
4227,27
4227,1181
4227,40
4228,3268
4228,73
4228,184
4228,506
4228,27
4229,905
4229,10
4229,1218
4229,101
4229,1352
4229,1254
4230,10
4231,375
4231,357
4231,0
4231,334
4231,390
4231,385
4231,143
4231,478
4231,361
4231,458
4231,479
4232,991
4232,0
4232,30
4233,10
4233,202
4234,10
4234,219
4235,27
4236,1217
4237,10
4237,0
4237,4687
4238,399
4238,630
4238,1111
4238,253
4238,216
4239,334
4239,0
4239,30
4240,10
4240,359
4241,68
4241,813
4241,2378
4241,101
4241,1209
4241,1271
4241,1254
4242,2
4242,223
4243,496
4243,10
4245,281
4245,216
4245,2
4245,2599
4245,3
4246,1305
4246,3269
4246,2442
4246,216
4247,10
4248,61
4249,472
4249,61
4250,472
4250,1079
4250,1238
4251,10
4252,38
4252,27
4253,27
4253,184
4254,27
4255,1045
4255,54
4256,10
4256,245
4257,10
4258,11
4258,27
4259,27
4259,73
4260,1954
4260,195
4261,10
4261,27
4261,979
4261,28
4262,1415
4262,83
4262,27
4262,200
4262,1324
4262,1211
4263,10
4263,202
4264,368
4264,54
4265,10
4265,8
4266,10
4266,337
4267,10
4267,193
4268,288
4268,54
4269,170
4271,774
4271,54
4272,42
4273,630
4273,5255
4273,253
4273,272
4273,597
4273,254
4273,1079
4273,1238
4273,61
4274,10
4275,10
4275,179
4276,3955
4276,736
4276,985
4276,1205
4276,7429
4276,1324
4276,1271
4277,355
4277,238
4278,1017
4278,574
4279,2
4279,107
4280,10
4280,389
4281,2
4281,3
4281,54
4281,2
4281,3
4281,54
4281,3569
4281,1416
4281,4282
4283,10
4284,10
4285,305
4285,132
4285,398
4286,10
4286,92
4287,54
4288,10
4289,10
4289,245
4290,105
4290,106
4290,0
4290,30
4291,10
4292,10
4293,2
4294,392
4294,2286
4294,2838
4294,392
4294,4294
4295,1047
4295,1256
4295,281
4295,11721
4295,3
4296,10
4296,27
4296,429
4297,10
4297,27
4298,11
4298,27
4298,979
4299,4576
4299,265
4299,264
4299,821
4299,1296
4299,1271
4300,4012
4301,2
4301,11083
4301,1045
4301,1101
4301,1234
4301,6149
4301,9049
4302,4301
4302,248
4302,12508
4303,27
4304,1012
4304,4121
4304,535
4305,2018
4305,429
4306,698
4306,1504
4306,467
4306,29
4307,4306
4307,468
4307,27
4308,4309
4308,1344
4308,1344
4309,1344
4310,5107
4310,292
4310,7916
4310,1392
4310,2989
4311,61
4312,4313
4312,83
4313,54
4314,1010
4314,1388
4314,3270
4314,1296
4314,555
4315,1962
4315,54
4315,916
4317,1003
4317,65
4318,27
4319,356
4319,1693
4319,2292
4319,4320
4319,8971
4320,551
4320,154
4320,392
4321,57
4321,27
4322,3020
4323,1265
4323,159
4323,550
4323,12910
4323,73
4323,9765
4323,1296
4323,1908
4323,556
4323,1105
4324,10
4325,551
4325,2994
4326,1150
4326,0
4326,10
4326,399
4327,220
4327,11
4327,278
4327,51
4327,45
4327,137
4327,222
4327,10
4327,167
4327,1079
4327,2519
4327,2323
4328,2287
4328,0
4329,470
4329,1024
4329,514
4329,220
4329,278
4329,133
4329,397
4329,114
4329,137
4329,10
4329,2938
4329,2258
4329,1261
4329,2629
4329,2519
4329,2323
4330,329
4330,170
4330,83
4331,10
4331,1227
4331,173
4332,2
4332,1046
4333,38
4333,27
4333,124
4333,556
4334,75
4334,821
4335,204
4335,10
4335,556
4335,1159
4335,3994
4336,92
4336,10
4336,457
4337,1008
4337,121
4337,3
4337,54
4338,0
4338,30
4338,0
4338,30
4339,27
4339,28
4340,27
4341,65
4341,182
4341,4342
4341,4343
4342,83
4342,4341
4342,4647
4343,1004
4343,3
4343,1491
4343,1994
4343,5957
4343,2132
4345,2285
4345,216
4345,54
4346,3
4346,1584
4346,995
4346,7
4346,2086
4347,1002
4347,92
4347,4782
4347,10693
4348,468
4348,468
4348,556
4348,1344
4349,1831
4349,1584
4349,17
4349,4350
4350,1831
4350,54
4350,27
4350,1584
4350,17
4350,14405
4351,1903
4351,513
4351,1037
4351,1905
4352,1178
4352,674
4352,1296
4352,1271
4353,779
4353,4354
4354,3
4354,2808
4354,1507
4354,3
4354,5344
4354,3683
4354,2703
4354,4353
4354,18019
4354,15994
4354,18020
4354,2463
4354,18021
4355,10
4356,1933
4356,54
4356,27
4357,19
4357,2984
4357,1096
4357,4358
4357,10
4358,2336
4358,5356
4360,137
4361,10
4361,458
4363,10
4363,4407
4363,106
4364,10
4364,359
4365,10
4365,336
4366,10
4366,135
4366,135
4367,2
4368,5255
4368,1024
4368,93
4368,27
4368,2939
4368,514
4368,138
4368,49
4368,599
4368,51
4368,94
4368,97
4368,54
4368,10
4368,167
4368,1843
4368,472
4368,1079
4368,4686
4368,1238
4368,61
4368,2519
4369,667
4369,0
4370,2
4370,356
4371,10
4372,1329
4372,10
4373,10
4373,3734
4373,1254
4374,562
4374,282
4374,562
4374,1110
4375,11
4375,27
4376,10
4376,362
4377,4378
4377,4379
4377,4380
4377,3
4377,4381
4377,4382
4381,4377
4383,188
4383,10
4384,0
4384,1296
4384,1271
4385,669
4385,0
4386,11
4386,570
4386,4
4386,155
4386,95
4386,54
4386,10
4386,1079
4386,5791
4387,1265
4387,1248
4387,4
4387,452
4387,11
4387,2802
4387,4388
4388,535
4388,54
4388,4387
4388,12768
4390,959
4390,8488
4391,10
4392,10
4392,328
4393,991
4393,1156
4393,3
4394,220
4394,278
4394,45
4394,453
4394,487
4394,137
4394,203
4394,10
4394,472
4394,1079
4394,61
4394,1261
4394,23
4394,4394
4395,0
4396,95
4396,27
4397,10
4397,2458
4398,216
4399,958
4399,1882
4399,1168
4399,75
4399,132
4399,279
4399,181
4399,2086
4399,673
4399,2802
4399,1079
4399,132
4400,54
4401,51
4401,821
4402,476
4402,54
4403,10
4403,106
4404,54
4404,209
4407,10
4407,4363
4407,106
4408,368
4408,54
4409,4410
4410,2285
4410,54
4411,350
4411,10
4411,236
4412,2005
4412,65
4413,2005
4413,65
4413,2005
4413,19
4413,335
4413,252
4413,4647
4414,216
4414,54
4415,10
4415,362
4416,2285
4416,54
4417,11961
4417,5624
4418,307
4418,54
4418,3
4419,216
4419,734
4419,619
4420,4421
4420,54
4420,722
4420,4422
4421,637
4421,54
4423,2318
4423,54
4423,2650
4424,266
4424,2
4424,1104
4425,407
4425,216
4425,821
4425,1296
4425,1448
4426,10
4426,336
4427,821
4428,937
4428,2282
4429,1006
4429,54
4429,1006
4430,2285
4430,216
4430,54
4431,594
4431,2282
4432,54
4433,10
4433,337
4434,308
4435,1265
4435,981
4435,960
4435,1305
4435,1265
4435,3469
4436,11
4436,235
4436,124
4436,7
4436,1159
4436,1319
4436,2188
4437,4438
4438,2261
4438,3
4438,2223
4438,2799
4438,1305
4438,1288
4438,11101
4439,468
4439,4439
4440,2649
4440,1608
4440,4430
4440,1599
4440,3589
4440,4441
4440,4442
4441,2618
4441,441
4443,1608
4443,407
4443,216
4443,54
4444,54
4445,2449
4445,1716
4445,2449
4446,10
4446,7
4446,193
4446,10
4447,54
4448,54
4449,279
4449,180
4449,821
4450,2
4451,1266
4451,10
4452,764
4452,774
4452,401
4452,1243
4452,4453
4452,1271
4452,118
4453,4452
4453,170
4454,1280
4454,54
4455,1319
4456,10
4457,54
4457,2442
4457,4457
4457,2441
4458,10
4458,92
4459,54
4460,2272
4460,2331
4460,1259
4460,3119
4460,393
4460,3268
4460,2093
4461,255
4461,10164
4461,3
4461,5030
4462,216
4462,54
4463,281
4464,271
4464,54
4464,271
4465,216
4465,54
4466,27
4467,236
4468,637
4468,2
4468,54
4469,10
4469,106
4470,774
4470,54
4472,10
4472,179
4473,54
4474,10
4474,179
4475,2283
4475,216
4475,54
4475,1102
4476,54
4478,17
4478,0
4479,54
4481,110
4481,2
4481,54
4482,10
4482,303
4483,1045
4483,54
4484,10
4485,0
4487,5076
4487,1627
4488,342
4488,472
4488,4686
4489,2179
4490,140
4490,506
4490,2487
4491,1228
4491,1829
4491,153
4491,27
4491,1209
4491,1271
4492,180
4492,181
4492,821
4493,1265
4493,545
4493,10
4493,545
4494,181
4494,821
4495,4496
4495,4496
4495,13
4496,170
4497,390
4497,10
4498,2086
4499,647
4499,54
4500,3
4500,54
4501,159
4501,550
4501,2086
4502,807
4502,5095
4503,54
4503,2753
4504,10
4504,83
4504,7
4504,28
4504,1888
4505,216
4505,54
4505,1325
4506,967
4506,1345
4506,1110
4506,967
4507,618
4507,54
4508,1064
4509,54
4509,313
4510,8251
4511,10
4512,2
4513,10
4513,106
4514,257
4514,54
4515,10
4518,10755
4518,305
4519,0
4520,202
4520,10
4521,1426
4521,3
4521,13563
4521,92
4522,181
4522,51
4522,821
4523,153
4523,802
4524,10
4524,236
4525,649
4525,356
4525,37
4526,2432
4526,54
4526,3
4527,72
4527,27
4527,76
4527,34
4528,288
4528,54
4529,948
4529,8544
4529,195
4529,346
4529,161
4529,403
4529,236
4529,20
4529,237
4530,11
4530,27
4530,1044
4531,10
4531,27
4532,4533
4532,11
4532,27
4533,2704
4533,11
4534,1983
4534,7019
4534,2023
4535,649
4535,284
4535,1243
4535,808
4535,1342
4535,2086
4536,2778
4536,295
4536,54
4537,2347
4537,648
4537,3
4538,267
4538,10
4538,86
4538,10
4538,1181
4538,1254
4538,15
4539,10
4539,8
4539,4540
4540,2954
4540,309
4540,13
4540,17130
4541,10
4541,135
4542,974
4542,10
4543,3
4543,3
4543,4544
4543,4545
4543,4546
4543,4547
4543,4548
4543,4549
4544,4543
4544,4545
4544,4548
4544,7703
4545,606
4546,545
4546,6578
4546,4547
4546,4549
4546,981
4548,6578
4548,7703
4548,4543
4548,4544
4548,4545
4548,4546
4548,4547
4548,4549
4549,288
4550,6593
4551,367
4551,368
4551,4550
4552,1024
4552,27
4552,0
4552,236
4552,106
4552,143
4552,42
4552,176
4552,112
4552,472
4552,772
4552,2519
4552,1328
4553,10
4554,774
4554,54
4555,4556
4555,13
4556,10
4557,54
4557,209
4558,573
4558,4124
4558,1941
4559,937
4559,54
4560,1265
4560,247
4560,3
4560,247
4560,3
4560,2908
4560,506
4560,6095
4560,10368
4560,1163
4561,3649
4561,1128
4562,1137
4562,75
4562,132
4562,181
4562,1238
4563,27
4563,4564
4563,264
4563,468
4563,2086
4563,1344
4563,673
4563,2294
4563,772
4563,2678
4564,2402
4564,11
4564,51
4564,551
4564,392
4564,264
4564,10
4565,2680
4565,4576
4565,757
4565,3397
4565,1035
4565,1206
4566,10
4566,363
4566,363
4566,193
4567,42
4567,92
4567,10
4568,327
4568,282
4568,367
4568,368
4569,550
4569,54
4570,1047
4570,1301
4570,556
4570,1243
4571,2283
4571,54
4571,3593
4572,4573
4573,281
4573,4572
4573,3218
4573,3
4573,1436
4574,250
4574,216
4575,728
4575,1557
4575,28
4575,673
4578,475
4578,231
4578,1346
4578,27
4578,1254
4579,0
4579,1569
4579,30
4579,27
4579,0
4579,1569
4580,65
4580,4581
4580,4582
4581,1265
4581,1108
4581,476
4582,3460
4582,3
4582,1040
4582,5770
4582,3712
4583,2671
4583,637
4583,11
4583,54
4583,2188
4584,10
4586,57
4586,27
4586,1060
4586,939
4586,49
4586,1137
4586,265
4586,266
4586,393
4586,370
4586,808
4586,281
4586,407
4586,327
4586,408
4586,305
4586,3
4586,356
4586,463
4586,159
4586,284
4586,295
4586,107
4586,291
4586,1843
4586,472
4586,1079
4586,1238
4586,61
4586,1261
4587,399
4587,958
4587,1882
4587,1168
4587,51
4587,10
4588,54
4588,184
4588,4589
4589,4588
4589,184
4589,1845
4590,1045
4590,54
4591,393
4591,393
4591,1389
4591,4592
4592,393
4592,2
4594,93
4594,27
4594,129
4595,27
4596,38
4596,27
4596,1448
4597,3
4597,1543
4597,922
4597,1543
4598,271
4598,54
4599,0
4599,0
4600,10
4601,1523
4601,1044
4602,3
4602,2
4602,4603
4602,594
4602,40
4603,54
4603,594
4604,821
4604,1296
4604,1209
4604,1254
4605,896
4605,54
4606,10
4606,0
4607,10
4607,172
4607,1410
4607,1209
4608,54
4608,209
4609,248
4609,768
4609,744
4609,79
4609,1254
4609,4610
4609,4611
4610,649
4610,4611
4610,4609
4611,2
4612,288
4612,2
4612,54
4613,54
4614,10
4614,361
4615,821
4616,913
4616,54
4618,257
4618,247
4619,0
4621,216
4621,1168
4621,3341
4622,3220
4622,601
4623,243
4623,83
4623,65
4623,6664
4624,1185
4625,0
4625,1296
4625,2344
4626,2283
4626,216
4626,54
4626,1102
4627,54
4628,280
4628,0
4629,10
4630,216
4630,54
4630,4631
4632,54
4633,3
4633,4634
4634,601
4634,54
4635,1732
4636,922
4636,821
4636,1079
4637,548
4637,292
4637,4638
4638,54
4639,481
4639,203
4639,92
4639,10
4639,4640
4640,481
4640,203
4640,92
4640,10
4640,4639
4641,10
4641,236
4642,393
4642,736
4642,4643
4642,3901
4643,393
4643,736
4643,1194
4644,265
4644,264
4645,10
4646,3623
4646,4647
4646,2
4647,2411
4647,3
4647,5106
4648,42
4648,10
4649,1096
4649,10
4649,86
4650,10
4650,361
4651,299
4651,24
4651,2487
4652,931
4652,2152
4652,4653
4653,54
4654,1716
4655,2855
4655,1079
4655,173
4655,218
4656,10
4657,896
4657,54
4659,216
4659,54
4660,10
4660,703
4661,772
4661,61
4661,1261
4662,4663
4662,1045
4662,2
4662,4664
4662,248
4662,248
4663,1045
4663,54
4664,1045
4664,54
4665,8
4665,86
4665,10
4666,10
4666,202
4667,10
4667,351
4668,991
4668,73
4668,506
4668,27
4668,1296
4668,1199
4669,321
4669,129
4669,445
4669,4
4669,23
4669,130
4669,2825
4669,2487
4669,2519
4669,2249
4670,618
4670,54
4670,2578
4672,163
4672,166
4672,360
4672,2825
4673,10
4674,755
4674,227
4674,227
4674,4675
4674,120
4674,1296
4674,4676
4675,227
4675,54
4676,227
4676,54
4677,2
4678,27
4678,236
4679,6012
4680,3289
4681,6035
4681,54
4681,6035
4681,6035
4681,520
4682,355
4682,11
4682,1319
4683,1266
4683,10
4685,10
4686,171
4687,0
4687,2772
4687,0
4688,10
4690,132
4690,398
4690,821
4691,476
4691,54
4692,1045
4692,54
4693,10
4693,1266
4694,3119
4694,3
4695,10
4695,172
4696,2
4696,1064
4696,2086
4696,498
4697,247
4697,3
4697,574
4697,2
4697,248
4697,3
4697,574
4698,3024
4698,701
4698,54
4699,578
4699,54
4699,578
4700,10
4701,132
4701,398
4701,821
4702,821
4703,2
4703,54
4703,1342
4705,674
4705,54
4706,2626
4706,10
4707,1319
4709,216
4709,54
4710,2
4711,10
4712,10
4713,1438
4713,1259
4713,4714
4713,467
4713,979
4713,1448
4713,1344
4713,723
4714,54
4716,618
4716,54
4717,1973
4717,54
4717,104
4718,601
4718,54
4719,132
4719,821
4720,1392
4720,370
4720,150
4720,235
4720,5772
4721,10
4721,4722
4721,179
4721,1161
4721,10
4722,10
4722,179
4723,606
4723,54
4724,176
4724,10
4724,1192
4725,2
4725,2
4725,1550
4725,3037
4725,27
4725,54
4725,1254
4725,4726
4727,292
4727,1578
4727,295
4727,1044
4727,2049
4727,1296
4728,1085
4728,4729
4728,356
4728,54
4729,54
4729,356
4730,4731
4731,3
4731,5701
4731,4730
4731,1298
4732,2
4732,3
4732,4733
4732,2
4732,3
4732,54
4732,1209
4734,991
4734,10
4734,2
4734,116
4735,3
4736,95
4736,27
4737,10
4737,1296
4738,0
4738,1805
4739,2646
4739,2604
4739,10
4740,1465
4740,691
4740,54
4741,4742
4741,4743
4742,368
4742,54
4744,1248
4745,573
4745,4746
4746,292
4746,54
4747,701
4747,54
4748,4
4748,27
4749,10
4750,649
4750,4751
4751,407
4751,216
4751,54
4751,7209
4751,7210
4751,4750
4752,10
4752,1056
4753,80
4754,4705
4754,1118
4754,1291
4754,4755
4755,6531
4755,649
4756,2856
4757,10
4757,202
4758,247
4758,3
4758,618
4758,247
4759,10
4760,180
4760,181
4760,821
4761,393
4761,773
4762,247
4763,288
4763,54
4763,2577
4764,288
4764,54
4764,290
4765,4766
4765,2747
4766,937
4767,247
4767,4768
4767,1342
4767,247
4767,1342
4767,4769
4767,1209
4768,54
4768,1342
4770,51
4770,132
4770,398
4770,821
4770,821
4771,54
4772,1322
4772,1181
4772,821
4772,1271
4774,367
4774,2
4774,3
4774,4775
4774,2842
4774,43
4774,2579
4774,3966
4775,253
4776,393
4776,10
4776,104
4777,2
4777,367
4777,54
4777,4282
4778,0
4778,206
4778,545
4778,10
4779,442
4779,95
4780,601
4780,54
4781,373
4781,3
4781,79
4782,10
4782,2535
4783,855
4783,2
4783,2086
4783,2086
4784,54
4784,209
4785,1423
4785,774
4785,1118
4785,73
4785,184
4785,34
4785,4786
4786,606
4786,5338
4786,288
4786,14978
4786,184
4786,201
4786,4785
4788,747
4788,187
4788,188
4788,1229
4789,10
4790,795
4790,10
4791,601
4791,2301
4792,10
4793,3
4793,4794
4793,4795
4793,411
4794,132
4795,9
4796,305
4796,2626
4797,3513
4797,525
4797,15
4797,34
4798,10
4799,811
4799,830
4799,79
4799,4800
4801,3223
4802,3426
4802,2640
4803,10
4803,179
4804,10
4805,280
4805,27
4805,34
4805,1696
4806,266
4806,28
4807,1116
4807,3
4807,2932
4807,1152
4808,10
4808,232
4808,232
4809,2
4810,54
4810,27
4810,4811
4811,54
4812,12627
4812,12626
4812,12625
4812,1976
4813,3632
4813,526
4814,54
4815,4814
4815,54
4816,1185
4817,10
4817,0
4817,0
4818,266
4818,945
4819,54
4819,4179
4819,4820
4820,231
4820,4819
4820,38
4820,4179
4821,10
4821,176
4822,3
4822,2
4822,636
4823,292
4823,54
4824,2
4826,2
4826,672
4826,2
4826,774
4827,3
4828,54
4830,5188
4830,110
4830,2282
4831,1259
4831,4832
4831,935
4831,783
4831,54
4833,225
4833,495
4834,467
4834,468
4834,1344
4835,14920
4837,2760
4837,618
4837,1407
4838,18
4838,10
4838,16
4838,10
4839,2
4839,227
4839,2282
4841,54
4841,209
4844,1768
4844,821
4845,10
4846,2615
4846,1246
4847,0
4847,10
4848,1207
4848,618
4848,1090
4848,54
4848,54
4848,331
4848,937
4848,54
4848,4849
4850,1018
4851,10
4852,2411
4852,1206
4853,2334
4853,120
4853,183
4853,104
4853,27
4853,40
4854,281
4854,216
4856,2680
4856,418
4856,3
4856,4857
4856,199
4857,2237
4857,618
4857,2282
4857,2237
4858,601
4858,2282
4859,10
4859,245
4860,2420
4860,783
4860,3109
4860,40
4860,1271
4860,2170
4861,3
4862,216
4862,124
4862,28
4862,54
4863,2510
4865,1093
4866,3
4866,3189
4866,4867
4867,3
4867,14539
4867,14540
4867,14541
4867,14542
4868,4867
4869,2
4870,10
4871,3
4871,597
4872,2191
4872,1077
4872,4873
4873,383
4873,10
4873,383
4873,10
4873,1077
4873,4872
4874,227
4874,54
4875,3
4875,1667
4876,1265
4876,2833
4876,2
4876,3
4876,92
4876,1266
4877,4878
4877,54
4877,4879
4877,4880
4877,4881
4878,467
4878,594
4878,989
4878,2049
4878,10152
4879,4878
4879,54
4879,9959
4879,4880
4879,4877
4880,4878
4880,4931
4881,4878
4881,54
4881,4877
4881,4880
4881,9759
4882,10
4882,204
4883,1766
4883,9618
4884,10
4884,176
4884,176
4885,3149
4885,10
4885,0
4886,2
4888,45
4888,1243
4889,3
4889,993
4889,54
4889,340
4889,54
4889,340
4889,1209
4889,2275
4890,1796
4890,3684
4890,2497
4890,2007
4890,7528
4890,1316
4890,1241
4891,10
4892,10
4893,981
4893,3
4893,2412
4894,10
4894,179
4894,179
4895,601
4895,1139
4895,54
4895,73
4895,1254
4896,51
4896,132
4896,51
4896,132
4896,398
4896,821
4897,230
4897,54
4898,27
4898,15
4901,4167
4901,3
4901,4902
4901,4903
4901,1584
4901,1963
4901,4904
4901,4905
4901,1963
4902,2622
4902,3
4902,54
4902,4046
4902,9890
4902,4901
4902,4904
4903,54
4903,15273
4904,2649
4904,3
4904,1040
4904,4902
4904,4903
4904,2421
4904,3
4904,1212
4906,10
4907,482
4907,472
4907,61
4907,1261
4908,27
4909,54
4909,209
4913,596
4913,54
4914,2371
4914,441
4914,3
4914,2279
4914,3270
4914,2507
4914,4915
4916,2
4916,2356
4916,3
4916,54
4916,143
4916,859
4916,10
4916,3963
4916,184
4916,1254
4916,437
4916,218
4916,869
4917,2356
4917,2350
4917,4918
4917,562
4917,2
4917,255
4917,11
4917,1412
4917,1026
4917,972
4917,54
4919,2
4920,11
4920,4
4920,184
4920,1319
4920,40
4920,116
4920,869
4921,649
4921,366
4922,716
4922,3419
4922,1296
4924,289
4924,54
4925,0
4925,460
4925,1159
4926,4925
4926,27
4926,28
4927,27
4927,28
4928,202
4928,1356
4929,723
4930,10
4930,39
4930,10
4931,4878
4931,54
4931,4932
4931,4880
4932,4878
4932,54
4932,8411
4932,4880
4932,4931
4933,299
4933,0
4933,30
4933,116
4934,2
4934,3
4935,54
4936,2707
4936,54
4936,4937
4936,4938
4937,2707
4937,4936
4938,2707
4938,4936
4939,467
4939,392
4939,113
4939,1181
4939,1344
4940,2
4940,601
4940,2236
4940,199
4941,4942
4941,435
4941,942
4941,4943
4942,3
4942,13022
4942,124
4942,73
4943,4942
4943,435
4944,2670
4944,601
4944,434
4944,124
4944,28
4945,4946
4945,398
4946,407
4946,216
4946,54
4946,467
4947,202
4947,245
4947,86
4947,267
4947,8
4947,268
4947,10
4947,269
4948,27
4948,922
4948,1696
4948,217
4948,723
4948,44
4949,10
4949,202
4950,585
4950,2874
4951,759
4951,511
4952,647
4952,5682
4952,5683
4953,2167
4954,54
4955,2118
4955,2510
4957,289
4957,4958
4958,289
4958,54
4958,2577
4959,11
4959,27
4959,526
4960,27
4961,27
4962,27
4963,28
4963,10
4964,649
4964,54
4965,368
4965,54
4966,2
4967,54
4968,11
4968,51
4968,32
4968,45
4968,16
4968,70
4968,10
4968,1079
4969,449
4969,27
4969,472
4970,38
4970,27
4971,2
4971,2640
4972,1227
4972,124
4972,104
4972,10
4973,3
4974,75
4975,0
4976,2089
4976,120
4977,2649
4977,1256
4977,281
4977,4978
4977,4979
4977,4980
4977,281
4977,4981
4977,54
4977,4982
4980,216
4980,54
4983,446
4983,960
4983,2
4984,728
4984,216
4984,54
4984,728
4985,649
4985,305
4985,54
4985,39
4985,10
4985,4986
4987,10
4987,10
4987,172
4987,1302
4987,116
4987,796
4988,27
4988,821
4989,10
4990,54
4991,601
4991,2720
4991,368
4993,2441
4993,216
4993,54
4993,2442
4994,674
4994,647
4994,40
4995,10
4996,802
4996,2
4996,54
4997,110
4997,2
4997,54
4998,10
4998,8
4999,10
4999,106
5000,10
5000,42
5001,1943
5001,54
5002,264
5002,54
5002,698
5003,255
5003,255
5003,5098
5004,10
5005,54
5005,265
5005,600
5005,264
5006,64
5006,65
5006,64
5006,13
5006,5007
5006,5008
5006,3302
5006,5009
5006,5010
5006,5007
5006,5009
5007,64
5007,5006
5007,5008
5007,5009
5008,64
5009,64
5009,65
5009,64
5009,5006
5010,2670
5010,745
5010,5900
5011,5012
5012,1441
5012,3
5012,29
5012,1296
5012,2961
5012,18087
5013,0
5013,206
5013,400
5013,118
5014,783
5014,291
5014,12596
5015,11
5015,27
5016,5017
5017,649
5017,356
5017,54
5017,1205
5017,54
5017,54
5017,17866
5018,5019
5018,1773
5019,2
5019,3
5019,2
5019,618
5019,2614
5019,28
5020,42
5020,92
5020,27
5021,10960
5021,170
5022,12208
5022,3
5022,796
5023,0
5023,30
5023,2095
5023,1877
5023,124
5023,2048
5023,870
5023,184
5023,506
5023,104
5023,2213
5023,1296
5023,1209
5023,1199
5023,1271
5023,2344
5024,1201
5024,757
5024,3766
5024,960
5025,560
5025,721
5025,1296
5025,560
5026,3
5026,5027
5028,10
5028,236
5029,5030
5029,10
5029,506
5030,2604
5030,1265
5030,3
5030,4049
5030,5029
5030,5628
5030,4461
5031,299
5031,0
5031,30
5032,5033
5032,329
5032,1059
5032,1402
5032,1389
5033,142
5033,193
5033,10
5034,10
5034,120
5035,5036
5035,54
5035,27
5035,120
5036,6063
5036,896
5036,701
5036,1045
5036,7460
5037,27
5037,301
5037,138
5038,3
5038,1626
5038,10987
5038,2118
5039,10
5039,328
5040,467
5040,407
5040,1344
5041,180
5041,181
5041,821
5042,8
5042,9
5042,0
5042,30
5042,1406
5042,10
5043,3127
5043,3
5043,54
5044,5019
5044,5045
5044,1773
5045,5019
5045,5386
5045,1773
5045,5044
5046,2101
5046,1037
5047,54
5047,5048
5047,120
5047,27
5047,5048
5049,10
5049,1063
5050,10
5050,478
5051,289
5051,1497
5051,606
5051,425
5052,10
5052,42
5053,359
5053,10
5053,1161
5053,10
5054,5055
5054,10
5054,1161
5055,1161
5055,10
5056,10
5056,0
5056,4687
5057,590
5057,10
5057,27
5058,149
5058,191
5058,4
5058,122
5058,222
5058,470
5058,27
5058,301
5058,586
5059,129
5059,2602
5060,777
5060,2
5060,5061
5060,2
5061,2618
5061,9050
5061,1018
5061,41
5061,5060
5061,9051
5062,30
5062,10
5063,10
5063,361
5064,305
5064,2649
5065,5066
5065,5067
5065,5068
5065,5069
5066,1419
5066,649
5066,356
5067,1539
5067,2170
5068,5066
5068,28
5068,5069
5069,10686
5069,5066
5069,5067
5069,10686
5069,28
5069,13
5070,271
5070,54
5071,3333
5071,367
5072,10
5072,390
5073,459
5073,10
5074,10
5074,10
5075,5076
5075,4487
5076,757
5076,5146
5076,163
5076,153
5076,3
5076,54
5076,4487
5076,5147
5076,5148
5076,2754
5077,27
5077,435
5077,1773
5078,10
5078,861
5078,861
5078,176
5078,176
5079,10
5079,0
5079,2300
5080,1242
5080,10
5080,202
5080,2203
5080,10
5080,1044
5081,280
5081,27
5082,12938
5083,10
5084,10
5084,236
5085,8
5086,337
5086,17
5086,10
5087,10
5088,51
5088,523
5088,459
5088,10
5089,468
5089,27
5089,124
5090,0
5090,1078
5091,2
5092,51
5092,10
5093,54
5094,682
5095,807
5095,54
5096,2
5096,327
5096,255
5096,11
5097,10
5097,10
5098,1438
5098,600
5098,4439
5098,54
5098,5003
5098,54
5099,368
5099,54
5100,10
5101,821
5101,506
5101,821
5101,796
5102,270
5102,54
5103,10
5104,10
5104,170
5105,991
5105,10
5106,4646
5106,4647
5107,292
5107,54
5108,308
5108,2
5108,120
5108,54
5108,40
5109,1392
5109,4901
5109,10068
5109,1243
5110,54
5111,54
5112,10
5112,5113
5113,236
5113,1864
5114,960
5114,2529
5114,3330
5115,144
5115,65
5115,65
5116,171
5116,3
5116,54
5117,10
5117,106
5118,1207
5118,738
5118,4741
5118,2432
5118,3
5118,2524
5118,5119
5119,2366
5119,4741
5119,6564
5120,10
5120,151
5120,991
5120,5097
5121,2876
5121,292
5121,2282
5121,2876
5122,606
5122,5123
5122,674
5122,5124
5123,606
5123,54
5123,606
5124,606
5124,4612
5124,288
5124,5122
5125,288
5125,54
5125,5125
5125,245
5125,279
5126,270
5126,54
5127,54
5127,594
5128,4099
5128,54
5128,3
5128,774
5129,54
5129,594
5130,637
5130,54
5131,236
5132,1043
5132,54
5132,5133
5132,1285
5134,495
5134,54
5135,1046
5135,1045
5135,2678
5135,1046
5136,51
5136,180
5136,181
5136,821
5138,2491
5138,2493
5139,937
5139,54
5140,2649
5140,305
5141,674
5141,54
5142,54
5142,970
5143,2
5144,54
5144,594
5147,5076
5147,677
5149,2
5149,227
5149,3635
5149,289
5149,3575
5149,1497
5149,54
5149,1218
5149,1324
5149,4658
5149,5150
5150,3
5150,632
5150,289
5150,1218
5150,5149
5151,289
5151,54
5151,2577
5152,313
5152,54
5153,3
5153,6760
5154,9573
5154,6760
5156,92
5156,10
5156,42
5157,3434
5157,978
5157,637
5157,124
5157,7
5157,3819
5158,4836
5158,2
5158,3
5158,367
5158,2
5158,1205
5158,54
5158,5159
5160,716
5160,3
5160,116
5160,1296
5161,92
5161,6752
5161,10
5161,1818
5162,2
5162,3413
5162,2
5162,3
5163,30
5163,0
5164,4
5164,821
5164,1324
5164,2177
5165,10
5165,359
5166,10
5166,135
5167,305
5167,1797
5167,54
5167,5168
5169,2649
5169,2710
5169,618
5170,1201
5170,467
5170,392
5170,79
5170,1344
5170,2802
5171,10
5171,267
5172,281
5172,752
5172,216
5172,3
5172,2256
5172,9243
5172,12326
5173,10
5173,27
5173,429
5173,526
5174,2261
5174,697
5174,821
5174,1194
5174,821
5175,10
5175,179
5176,327
5176,5177
5176,5178
5177,272
5177,2
5178,647
5178,54
5179,10
5179,10
5180,585
5180,54
5181,367
5181,1467
5181,1312
5181,1315
5181,1317
5181,3312
5181,1241
5182,1402
5182,3
5182,2
5182,2546
5183,10
5184,10
5184,337
5185,257
5185,54
5186,1059
5186,432
5186,10
5186,10
5186,1059
5186,1661
5187,441
5187,3
5187,3206
5187,1205
5188,110
5188,54
5188,4830
5190,54
5190,594
5191,3242
5191,2
5192,637
5192,54
5193,1006
5193,54
5193,1006
5194,54
5194,970
5195,54
5195,970
5196,674
5196,54
5197,3300
5197,1039
5197,54
5197,3
5198,0
5198,2231
5199,10
5200,10
5201,5202
5201,54
5201,723
5201,13
5201,0
5201,30
5201,10
5202,54
5203,191
5203,191
5203,170
5203,29
5204,27
5205,2649
5205,1256
5205,602
5205,216
5206,3
5206,54
5206,196
5206,5207
5207,54
5208,2467
5208,0
5209,185
5209,3497
5210,5211
5210,10
5210,5212
5211,10
5211,120
5211,124
5211,1296
5212,5211
5212,10
5212,124
5212,870
5212,5214
5212,5210
5213,5211
5213,10
5213,1169
5213,239
5213,1224
5213,217
5213,5214
5214,5211
5214,10
5214,1169
5214,239
5214,1224
5214,217
5214,5213
5214,5212
5215,10
5216,125
5216,1254
5216,472
5216,4686
5216,1118
5216,73
5217,1407
5217,967
5217,282
5217,4506
5217,967
5217,1296
5217,1324
5217,1271
5217,1296
5218,324
5218,3275
5220,400
5220,13
5221,143
5221,10
5222,2
5222,408
5222,585
5222,288
5222,2
5222,1500
5222,184
5222,27
5222,40
5223,105
5223,10
5223,2213
5223,1254
5224,2802
5224,27
5224,49
5224,1079
5225,10
5226,10
5226,42
5227,51
5227,821
5227,821
5228,10
5228,188
5229,27
5230,65
5230,4581
5232,89
5232,721
5233,601
5233,54
5234,1813
5234,1410
5234,134
5234,2278
5234,222
5235,10
5235,83
5235,0
5235,30
5236,2318
5237,821
5238,393
5238,393
5239,10
5240,478
5240,4875
5241,10
5241,236
5242,54
5242,266
5242,945
5243,3
5243,587
5243,3076
5243,27
5243,54
5243,555
5243,5244
5243,5245
5243,5246
5244,248
5244,79
5244,27
5244,79
5244,1298
5245,376
5245,3
5245,79
5245,376
5245,3
5245,79
5245,3076
5245,555
5245,555
5245,1298
5246,846
5246,1057
5246,79
5246,5243
5247,54
5248,3923
5248,3923
5248,54
5248,2443
5249,38
5249,27
5249,979
5250,38
5250,27
5250,979
5250,5249
5251,38
5251,27
5251,1044
5251,199
5252,472
5253,5254
5254,54
5255,2592
5256,2
5256,184
5257,5258
5257,5259
5257,170
5257,5259
5258,356
5258,3328
5258,1243
5258,54
5258,7992
5258,1243
5260,2
5260,202
5261,10
5261,27
5261,124
5262,418
5262,54
5263,10
5263,202
5264,10
5264,5265
5265,10
5266,10
5266,1271
5267,2
5267,17
5267,1322
5267,101
5267,1296
5267,1271
5268,10
5269,5270
5270,11
5270,294
5270,395
5270,137
5270,1888
5270,54
5270,6018
5270,1271
5271,3
5271,1040
5271,2598
5272,92
5272,10
5273,10
5273,2927
5274,2402
5274,125
5276,54
5276,970
5277,54
5277,970
5278,292
5278,1218
5278,6544
5279,5280
5279,54
5279,27
5280,675
5281,865
5281,556
5281,1344
5282,2404
5282,1397
5282,292
5283,1248
5283,637
5283,12875
5284,11504
5284,995
5285,632
5285,2
5286,472
5286,61
5287,334
5287,27
5287,10
5288,1233
5288,1392
5289,10
5289,236
5290,1059
5290,1185
5290,1389
5290,619
5290,95
5291,1006
5291,216
5291,54
5291,1006
5292,299
5292,299
5292,2984
5292,2734
5292,1253
5292,2984
5293,10
5293,232
5294,348
5294,135
5294,10
5294,10
5295,368
5295,54
5296,236
5297,606
5297,54
5298,10
5299,10
5299,7
5299,28
5299,532
5300,10
5301,6539
5302,1395
5302,276
5302,329
5302,338
5302,2173
5302,2940
5302,27
5302,1813
5302,3683
5302,2314
5302,1209
5303,27
5303,2633
5304,10
5304,916
5306,674
5306,5307
5306,1241
5307,691
5307,271
5307,367
5307,1205
5307,5306
5307,2641
5307,1727
5307,1940
5307,1796
5307,3581
5307,3751
5307,1241
5308,1426
5308,5309
5308,1045
5308,5310
5308,1045
5308,3483
5308,3484
5308,5311
5309,1045
5309,54
5310,1045
5310,54
5311,2649
5311,1174
5311,1234
5312,10
5312,86
5312,1215
5313,216
5314,180
5314,181
5314,181
5314,339
5314,821
5315,530
5315,0
5316,5317
5316,27
5316,5318
5316,1696
5317,1266
5317,10
5317,104
5319,5320
5319,5321
5320,270
5320,2
5320,54
5321,1248
5321,331
5321,2
5322,2843
5322,783
5322,1341
5322,54
5323,2
5324,4715
5324,649
5324,305
5324,34
5324,1296
5325,9009
5326,10
5327,236
5327,1209
5329,0
5329,30
5330,10
5330,179
5331,10
5331,1209
5332,10
5334,10
5334,1563
5335,10
5336,2622
5336,8808
5336,970
5336,985
5336,1205
5337,10
5337,202
5337,86
5337,207
5338,606
5338,54
5339,10
5339,86
5340,627
5340,628
5340,2873
5340,1256
5341,596
5341,54
5342,227
5342,5343
5342,227
5342,5343
5343,227
5343,54
5344,3
5344,3360
5345,495
5345,54
5346,552
5346,54
5347,170
5348,10
5349,163
5349,153
5349,2
5349,3
5349,1351
5350,85
5350,86
5350,5030
5350,10
5350,5351
5351,1059
5351,164
5351,5030
5351,10
5351,10
5351,280
5351,5350
5352,10
5352,389
5353,10
5354,5355
5354,2115
5354,54
5355,16
5355,16
5355,16
5356,4358
5356,27
5357,163
5357,129
5357,2602
5357,1447
5357,1208
5357,1254
5358,10
5358,2109
5358,73
5359,54
5360,10
5360,18
5361,368
5361,54
5362,10
5362,106
5363,495
5363,225
5363,441
5363,3
5363,239
5363,1584
5363,34
5363,28
5363,199
5363,1797
5365,712
5365,27
5366,54
5366,5367
5366,27
5367,255
5368,266
5368,2
5369,4167
5369,6662
5369,551
5369,1171
5370,27
5370,28
5371,4701
5371,51
5371,27
5371,34
5372,73
5372,1448
5372,721
5373,649
5374,0
5374,206
5374,71
5375,1181
5375,10
5375,1181
5376,3541
5377,27
5377,301
5377,506
5378,10
5379,10
5380,10
5381,10
5381,5382
5381,236
5382,10
5382,832
5382,236
5383,204
5383,54
5383,804
5383,833
5383,2734
5384,1583
5384,618
5384,1044
5384,199
5384,10118
5384,9061
5385,10
5386,5019
5386,1773
5386,5045
5387,0
5387,460
5388,301
5388,1710
5389,54
5390,10
5391,4670
5391,618
5391,124
5391,7
5391,28
5391,1296
5392,51
5392,821
5393,674
5393,694
5393,3
5393,1040
5393,2807
5394,292
5394,961
5395,1248
5395,3523
5395,1305
5396,1671
5396,742
5397,618
5397,6059
5397,120
5398,540
5398,170
5399,0
5399,10
5399,28
5399,40
5400,5399
5400,10
5400,27
5400,28
5401,264
5401,54
5401,1485
5402,27
5402,28
5403,10
5404,2869
5404,34
5405,2
5405,596
5405,54
5405,2443
5406,124
5406,73
5406,721
5406,1208
5408,5409
5408,55
5408,28
5409,54
5410,10
5411,10
5412,10
5413,3368
5413,1655
5414,92
5414,30
5414,2008
5415,227
5415,54
5416,227
5416,54
5417,2288
5417,54
5417,2288
5418,54
5418,54
5418,65
5418,260
5419,54
5419,2819
5419,54
5419,65
5420,6058
5420,5418
5420,316
5420,239
5420,1584
5420,124
5420,17
5420,316
5420,315
5420,3
5421,54
5421,5422
5422,393
5422,40
5423,1687
5423,6457
5423,1686
5423,345
5423,65
5423,1686
5423,1686
5423,345
5423,1829
5423,147
5423,170
5423,285
5423,393
5423,14613
5423,15834
5424,606
5424,54
5425,393
5425,54
5425,5426
5425,444
5425,27
5426,2419
5426,54
5426,5425
5427,10
5428,54
5428,3
5429,27
5429,1137
5429,1254
5430,3093
5430,54
5430,418
5431,170
5432,134
5432,134
5432,134
5432,61
5433,45
5433,545
5433,10
5433,120
5433,45
5434,10
5434,27
5434,556
5434,7
5435,276
5435,276
5435,1238
5436,27
5436,120
5437,13
5437,1070
5438,5439
5439,3222
5439,2347
5439,266
5439,54
5439,6867
5439,40
5439,116
5439,116
5440,5439
5440,210
5441,13
5442,1234
5442,896
5442,3465
5442,11088
5443,4210
5443,10
5443,131
5443,979
5444,1903
5444,513
5444,1037
5444,5445
5445,1903
5445,513
5445,1037
5445,5444
5446,5202
5446,723
5446,13
5446,236
5446,237
5446,10
5447,10
5447,8421
5447,1296
5447,1209
5448,2
5449,1045
5450,5451
5450,922
5451,1442
5451,13525
5451,1533
5451,682
5451,5784
5451,54
5451,5450
5451,40
5452,3437
5452,65
5452,170
5453,170
5453,998
5453,29
5454,701
5454,7761
5454,8803
5454,11167
5454,11696
5455,5456
5456,54
5457,981
5457,8147
5458,10
5459,39
5459,170
5460,13
5461,170
5462,1059
5462,0
5462,30
5463,27
5464,350
5464,236
5465,10
5466,2005
5466,65
5467,128
5467,3116
5468,1018
5468,574
5468,8035
5468,2531
5468,8036
5468,12400
5468,12401
5468,10196
5469,1550
5469,3037
5469,199
5470,5469
5470,2086
5470,378
5470,1655
5471,5469
5471,2086
5471,199
5471,1655
5471,12609
5472,27
5472,51
5472,54
5472,10
5472,2802
5472,2678
5473,10
5473,179
5473,1161
5473,10
5473,40
5475,38
5475,28
5475,13
5475,48
5476,10
5476,337
5477,618
5477,54
5477,2575
5479,1710
5481,10
5482,2449
5482,65
5482,2449
5483,51
5483,45
5483,137
5483,10
5483,1079
5484,10
5484,389
5485,54
5485,2
5485,253
5485,1355
5486,10
5487,0
5487,104
5488,54
5489,5490
5489,54
5490,693
5490,270
5490,3
5490,1040
5490,11086
5491,10
5492,2283
5492,54
5492,27
5492,1882
5493,299
5493,121
5493,1324
5493,3497
5494,271
5494,54
5495,1477
5495,2
5495,618
5495,2
5495,774
5495,944
5496,65
5496,65
5497,5498
5497,54
5497,28
5498,1247
5498,4617
5498,8847
5498,356
5498,2902
5498,28
5498,2
5498,6246
5499,54
5499,2
5499,253
5500,280
5500,27
5500,124
5500,5501
5501,10
5501,27
5501,124
5501,5500
5502,227
5502,54
5503,4438
5504,874
5504,54
5504,3
5505,10
5505,106
5506,914
5506,478
5507,1059
5507,188
5507,0
5507,557
5507,1271
5509,757
5509,356
5509,2363
5509,1897
5510,2016
5510,943
5511,10
5511,124
5511,40
5512,10
5513,630
5513,253
5513,1079
5513,61
5514,2
5514,5515
5514,5516
5515,1067
5516,3623
5516,54
5516,4800
5516,5514
5516,5515
5516,15562
5517,418
5517,880
5517,3861
5518,10
5519,1254
5519,5520
5520,3
5520,476
5522,1174
5523,5524
5523,1342
5523,5525
5523,1979
5524,54
5524,1342
5525,382
5525,54
5526,39
5526,1161
5526,10
5527,54
5529,5295
5529,5530
5530,736
5530,54
5531,10
5532,10
5533,1355
5533,2
5533,54
5534,10660
5534,628
5535,42
5535,92
5535,10
5535,1152
5536,0
5536,460
5536,124
5536,556
5536,7
5536,17
5536,28
5536,1296
5536,1271
5538,967
5538,1110
5539,105
5539,106
5539,86
5539,1266
5539,10
5540,821
5541,2407
5541,1537
5541,513
5541,34
5541,199
5541,1296
5542,418
5542,54
5543,5544
5543,54
5543,5545
5546,3
5546,54
5546,17
5547,10
5548,54
5549,2305
5549,10
5549,10
5550,10
5550,458
5550,10
5550,458
5550,1296
5551,3166
5551,594
5551,989
5551,3
5552,1940
5552,54
5552,27
5552,1448
5553,10
5553,27
5553,435
5553,8860
5554,2661
5554,209
5554,1941
5554,2294
5555,5556
5555,54
5555,429
5556,115
5556,434
5556,34
5556,1296
5557,38
5557,473
5558,11241
5558,10504
5558,17668
5559,170
5560,54
5561,1156
5562,27
5563,255
5563,821
5563,398
5563,821
5564,2
5564,54
5565,2
5565,418
5565,54
5566,216
5566,5854
5566,368
5566,2
5566,1271
5566,11428
5567,2
5567,253
5569,10
5569,135
5570,10
5571,92
5571,10
5572,10
5572,84
5572,400
5572,13
5573,10
5573,86
5574,10
5575,802
5575,2
5575,3647
5575,2
5575,1040
5575,1945
5575,3827
5575,1262
5575,1241
5576,2648
5576,216
5576,54
5576,3347
5577,10
5578,10
5579,2
5579,3
5579,2
5579,3
5580,398
5580,506
5580,821
5581,257
5581,1083
5581,1296
5581,1324
5582,10
5582,8
5582,10
5582,10
5583,54
5583,27
5584,2399
5584,54
5584,209
5584,1536
5585,779
5585,10
5586,3289
5586,5587
5587,3289
5588,10
5588,40
5589,270
5589,10358
5590,11
5590,27
5590,979
5591,54
5592,960
5593,2
5594,2
5595,3
5595,3358
5595,3
5595,2870
5595,5596
5595,5597
5595,5598
5595,3
5595,5599
5596,5595
5596,13
5596,5598
5597,462
5597,5957
5597,5595
5597,6416
5597,9761
5598,13
5599,3715
5599,2870
5599,2
5599,54
5600,257
5600,3710
5601,541
5601,10
5602,10
5602,236
5602,236
5603,2487
5603,1320
5604,216
5604,54
5604,27
5604,1168
5604,2569
5605,2101
5606,1185
5606,5607
5606,1544
5606,5608
5606,647
5607,2351
5607,2
5607,54
5607,463
5609,54
5610,132
5610,398
5610,51
5610,132
5610,398
5610,821
5611,476
5611,54
5612,1251
5612,796
5613,10
5614,27
5614,28
5615,2318
5615,1265
5615,1243
5616,227
5616,54
5617,27
5617,1584
5617,1365
5617,12105
5618,10
5618,27
5618,435
5619,11
5619,27
5620,548
5620,292
5621,550
5621,3608
5622,10
5623,10
5623,336
5624,11961
5624,4417
5625,1305
5625,1469
5625,807
5625,11903
5625,11
5625,355
5625,238
5625,1935
5625,3330
5625,3
5625,3979
5626,10
5626,499
5626,499
5626,336
5627,10
5627,337
5628,54
5629,162
5629,10
5630,721
5630,218
5631,1045
5631,54
5631,2577
5632,10
5632,232
5633,392
5633,582
5633,1344
5634,772
5634,61
5634,1261
5635,10
5635,232
5636,227
5636,54
5637,288
5637,54
5637,290
5638,10
5638,193
5639,264
5639,54
5639,894
5640,10
5640,112
5641,802
5641,54
5641,2295
5642,27
5642,129
5643,288
5643,54
5644,54
5644,3
5645,170
5646,27
5647,2
5648,10
5649,10
5649,10
5649,1181
5649,1352
5649,1271
5650,1754
5650,54
5651,27
5651,30
5652,10
5652,27
5652,28
5653,253
5653,1040
5653,3
5654,8
5655,10
5656,1732
5656,979
5656,5657
5657,1732
5657,5656
5658,10
5658,106
5659,2449
5659,2449
5660,662
5660,15215
5661,937
5661,54
5662,54
5662,27
5662,129
5662,3996
5663,5664
5664,54
5665,0
5665,30
5666,287
5666,649
5666,3
5666,7
5666,28
5666,199
5666,1271
5666,3772
5667,2
5667,3
5667,1088
5667,2703
5668,10
5668,27
5668,1876
5669,1763
5670,135
5670,10
5670,10
5670,7845
5670,1257
5670,1262
5670,2824
5671,981
5671,3
5671,79
5671,5672
5671,674
5673,1153
5673,989
5674,5675
5674,1355
5674,2094
5674,5676
5674,5677
5674,5676
5676,2094
5676,5674
5676,5677
5677,5675
5677,331
5677,3
5677,2094
5677,5674
5677,5676
5679,51
5679,27
5679,73
5680,305
5680,1569
5680,1324
5681,5130
5681,637
5681,1632
5681,1971
5682,647
5682,54
5683,4952
5683,54
5683,4952
5683,120
5683,17411
5684,1243
5685,674
5685,694
5685,292
5685,3020
5686,10
5686,18
5687,649
5687,305
5687,1324
5687,1271
5688,10
5689,5687
5689,170
5690,27
5690,124
5691,721
5691,721
5692,10
5692,42
5693,10
5693,1330
5693,1330
5693,385
5694,10
5694,1322
5694,2170
5695,10
5697,10
5697,2095
5698,73
5698,721
5699,2
5699,1355
5699,400
5700,2692
5700,492
5700,225
5700,857
5700,2
5700,54
5700,495
5700,637
5701,276
5701,4730
5701,4731
5701,17019
5702,27
5703,3
5703,1201
5703,1837
5704,10
5705,10
5705,92
5706,492
5706,2
5706,495
5706,495
5707,2905
5707,132
5707,821
5707,6437
5708,1671
5708,27
5708,742
5708,54
5709,5202
5709,13
5710,54
5710,209
5711,701
5711,1045
5712,3020
5713,10
5713,359
5714,10
5715,10
5715,5714
5716,51
5716,27
5716,120
5717,965
5717,965
5718,4954
5719,51
5719,27
5719,979
5719,526
5720,1054
5720,39
5720,10
5720,83
5720,979
5720,506
5721,27
5722,1201
5723,10
5723,27
5723,347
5723,1722
5724,5725
5725,54
5725,3853
5726,10
5727,10
5727,1691
5728,54
5728,209
5729,1510
5730,231
5730,2173
5730,796
5730,1209
5730,61
5731,5732
5732,3
5732,1604
5732,1234
5732,1201
5733,4832
5733,263
5733,199
5734,8642
5735,54
5735,6052
5735,10627
5735,11233
5735,13096
5735,13097
5735,1271
5736,494
5736,10
5737,5139
5737,937
5737,1805
5738,10
5739,674
5739,54
5740,5741
5740,3
5741,552
5742,10
5742,193
5743,3
5743,5744
5743,5745
5744,5
5744,5743
5744,3
5744,13014
5745,5743
5746,2671
5747,10
5748,10
5748,27
5748,435
5748,217
5749,112
5749,10
5749,8
5750,10
5751,10
5752,370
5752,209
5752,51
5752,821
5753,10
5753,176
5754,27
5754,5755
5755,1097
5755,3
5755,288
5755,1502
5755,1296
5755,3128
5755,9586
5756,54
5756,602
5757,476
5757,54
5758,1293
5758,10
5759,5760
5759,5761
5759,5762
5760,5759
5760,2
5760,2086
5760,14334
5761,2649
5761,2321
5761,4406
5761,981
5761,3
5761,40
5761,116
5761,1321
5761,5762
5761,5759
5762,2649
5762,5759
5762,5761
5762,437
5763,132
5763,1265
5763,821
5764,2476
5764,1209
5765,896
5766,960
5766,802
5766,2
5766,124
5766,1023
5767,109
5767,2
5767,54
5768,54
5769,54
5770,132
5770,398
5770,4582
5770,821
5770,3712
5771,370
5772,331
5772,937
5772,2282
5772,331
5773,1666
5773,27
5773,1079
5773,5774
5774,1666
5774,54
5774,239
5774,1696
5775,216
5775,54
5776,27
5776,129
5776,1181
5776,201
5777,132
5777,821
5778,8548
5778,6596
5778,170
5778,1044
5778,17
5778,30
5779,5700
5779,257
5779,2856
5780,2224
5780,2086
5780,5824
5781,2623
5781,981
5781,3534
5781,5782
5781,5782
5782,5781
5782,4
5782,54
5782,10
5782,27
5782,129
5783,86
5783,10
5783,1378
5783,1585
5783,1254
5784,209
5784,370
5784,370
5785,2
5785,585
5785,2282
5786,2
5787,54
5788,11
5788,27
5788,979
5789,10
5789,5790
5789,9515
5790,92
5790,170
5792,751
5792,3
5793,1962
5793,54
5793,677
5794,1045
5794,54
5795,698
5796,2684
5796,1033
5796,1421
5796,116
5797,10
5797,27
5797,1448
5798,4
5798,27
5799,418
5799,54
5800,10
5800,390
5801,1763
5802,10
5803,27
5804,1392
5804,4913
5804,596
5804,1243
5804,1285
5805,2856
5805,3063
5805,2
5805,54
5805,5806
5807,1125
5807,649
5807,356
5807,3106
5808,0
5808,34
5808,1296
5809,10
5810,8
5810,9
5810,10
5810,42
5810,92
5810,10
5810,2213
5810,2314
5810,1209
5810,3684
5810,83
5810,869
5811,3809
5811,981
5812,10
5812,179
5813,10
5814,0
5814,30
5815,10
5815,193
5816,10
5816,202
5817,979
5817,27
5817,301
5817,45
5817,1296
5817,1199
5818,10
5819,5820
5819,2
5820,601
5820,54
5821,10
5822,10
5822,2458
5823,10
5824,2224
5824,476
5824,5780
5825,10
5825,0
5826,135
5826,10
5826,135
5826,10
5826,10
5827,760
5827,216
5827,1792
5828,54
5828,1324
5829,10
5829,204
5830,10
5830,389
5830,389
5831,172
5831,10
5831,979
5832,1346
5832,5728
5833,392
5833,27
5833,120
5834,2
5835,10
5835,334
5836,1055
5836,5923
5836,9
5836,2593
5837,3
5837,2
5837,27
5837,1667
5838,827
5838,0
5838,1070
5838,28
5838,1181
5839,0
5839,30
5840,6924
5841,265
5841,6056
5842,10
5843,11
5843,27
5843,979
5844,618
5844,54
5844,3
5845,10
5846,10
5847,1128
5848,2
5849,1387
5849,105
5849,106
5849,0
5850,10
5851,428
5851,2086
5851,15830
5851,13382
5853,54
5853,356
5854,368
5854,54
5855,960
5856,757
5856,370
5857,562
5857,1110
5857,1059
5857,2561
5857,27
5858,170
5858,87
5858,1324
5859,265
5859,264
5860,216
5860,216
5860,54
5860,170
5860,1322
5862,1356
5862,417
5863,5864
5863,2095
5863,17
5863,2641
5864,585
5864,54
5865,11
5865,1319
5865,40
5865,2213
5865,1319
5866,151
5866,0
5867,10
5868,2449
5868,65
5868,84
5869,763
5869,476
5869,1423
5869,774
5869,1246
5870,618
5870,54
5871,54
5871,209
5871,370
5872,10
5873,13
5874,896
5874,54
5875,27
5875,40
5876,110
5876,2
5876,54
5877,54
5877,3
5878,10
5879,618
5879,54
5879,7061
5880,618
5880,54
5880,2575
5881,54
5881,291
5881,945
5881,783
5882,562
5882,1522
5882,1584
5882,34
5883,1457
5883,601
5884,3
5884,5197
5884,960
5884,1313
5884,1315
5884,1313
5884,4137
5884,1240
5884,1262
5884,1317
5884,1241
5885,5886
5885,170
5886,54
5888,292
5888,1678
5889,1047
5889,4398
5889,10388
5889,4398
5889,10388
5890,3799
5890,2778
5890,2
5890,2
5890,618
5891,3456
5892,5853
5892,791
5892,54
5893,2516
5894,5895
5894,3848
5894,54
5894,27
5894,17
5895,2299
5895,689
5895,17
5896,27
5896,821
5897,10
5898,0
5898,206
5898,92
5898,73
5898,28
5898,1296
5898,1448
5899,596
5901,10
5902,10
5903,2
5903,550
5903,54
5904,748
5904,204
5904,10
5904,113
5904,2266
5904,10
5905,10
5905,34
5905,10
5905,1296
5906,10
5906,0
5907,10
5907,176
5908,304
5908,216
5908,54
5909,54
5909,27
5909,1963
5910,1963
5911,10
5911,27
5911,1063
5912,563
5912,10
5912,10
5912,2217
5914,10
5915,3571
5915,10
5915,2365
5916,27
5916,104
5917,821
5918,1085
5919,2787
5919,177
5919,0
5919,30
5919,5920
5920,27
5920,129
5920,0
5920,334
5920,478
5920,8
5920,2602
5920,2258
5920,772
5920,1079
5920,1261
5920,2519
5921,467
5921,1344
5921,1344
5922,1516
5922,896
5922,2282
5924,27
5924,10
5924,1079
5925,3706
5925,2640
5926,10
5926,1567
5926,27
5927,1246
5927,4620
5927,3
5928,0
5928,30
5928,0
5928,30
5929,10
5930,54
5931,10
5931,202
5932,1608
5932,5185
5932,257
5932,79
5933,13
5934,14946
5935,5936
5935,54
5935,27
5935,120
5936,2
5936,2681
5937,11
5937,27
5938,10
5938,27
5939,1837
5939,1838
5939,1839
5940,38
5940,27
5941,10
5941,27
5941,73
5942,2399
5942,54
5942,803
5943,0
5944,75
5944,821
5945,0
5945,10
5945,10
5945,1271
5945,2170
5946,10
5946,10
5947,10
5948,299
5948,205
5948,42
5948,10
5949,120
5950,27
5951,4973
5952,0
5952,10
5952,10
5952,11160
5952,1271
5952,2170
5953,5954
5953,54
5953,195
5954,54
5955,10
5955,1296
5955,1324
5955,1271
5955,172
5956,54
5956,462
5956,27
5956,5957
5956,5595
5956,5958
5957,2671
5957,637
5957,606
5957,927
5957,1994
5957,2132
5957,4343
5958,54
5959,1756
5959,27
5959,1044
5960,10
5960,124
5960,2153
5960,5961
5961,10
5961,27
5961,124
5961,5960
5962,10
5962,28
5963,5964
5963,5965
5963,5964
5963,120
5963,1224
5964,619
5964,95
5964,120
5965,1259
5965,2726
5965,3
5965,7826
5965,120
5965,104
5965,5964
5965,10149
5966,3
5967,10
5967,27
5967,435
5967,15803
5968,774
5968,54
5969,692
5969,472
5969,1238
5970,958
5970,747
5970,836
5970,3429
5970,2564
5970,2323
5971,861
5971,10
5971,28
5971,3994
5971,1181
5972,27
5972,5973
5973,27
5973,5972
5974,1185
5974,4163
5974,2
5974,3
5974,5528
5975,1248
5975,3
5976,1181
5976,10
5976,40
5976,1181
5977,120
5977,73
5977,184
5977,10
5978,3305
5978,1243
5978,1271
5979,10
5979,27
5979,28
5980,1081
5980,10
5980,2252
5980,2170
5981,6851
5982,205
5982,42
5982,10
5982,1271
5982,2170
5983,10
5983,188
5983,188
5984,42
5984,10
5984,10
5984,120
5984,979
5984,1696
5984,10
5985,10
5985,176
5985,176
5986,10
5986,27
5986,979
5987,5799
5987,3844
5987,3986
5987,239
5988,54
5988,27
5989,170
5989,28
5990,10
5991,27
5991,1209
5991,1199
5991,1211
5992,54
5993,257
5993,54
5994,2649
5994,795
5994,489
5994,3
5995,637
5995,54
5996,245
5996,10
5997,10
5998,10
5999,2684
6000,10
6001,10
6002,10
6002,399
6002,8
6003,10
6004,10
6004,479
6004,479
6005,1779
6007,578
6007,54
6007,578
6008,42
6008,92
6008,172
6008,1387
6009,10
6010,674
6010,2
6010,54
6011,576
6011,54
6011,576
6012,2
6012,54
6013,110
6013,54
6014,376
6014,15869
6014,2160
6014,2883
6016,0
6016,1078
6017,1667
6017,1679
6019,10
6019,390
6020,54
6021,6022
6022,846
6022,2
6022,54
6023,10
6023,359
6024,292
6024,54
6025,1666
6025,27
6025,5774
6026,4836
6026,2366
6026,2
6026,3
6026,2907
6026,45
6026,2382
6026,2899
6027,6028
6028,54
6029,3289
6030,54
6030,266
6030,945
6031,54
6032,10
6032,337
6033,10
6033,1044
6034,10
6034,176
6035,1594
6035,255
6035,10427
6035,556
6035,4681
6035,11222
6036,170
6037,3
6037,6038
6039,0
6040,1110
6041,6042
6042,5407
6042,1978
6042,4526
6042,3
6042,1271
6042,3661
6043,10
6044,3955
6044,288
6044,248
6044,3889
6044,7628
6044,7629
6044,7630
6044,992
6044,574
6044,79
6044,2703
6044,1320
6045,149
6045,10
6045,3355
6046,5399
6046,51
6046,27
6046,28
6047,110
6047,2
6047,54
6047,6047
6048,5010
6048,199
6048,6049
6049,5010
6049,54
6049,6048
6049,15091
6050,54
6050,5061
6051,398
6051,821
6052,5734
6052,5735
6052,13
6053,585
6053,54
6054,10
6054,27
6054,28
6055,6056
6055,6056
6056,3
6056,6055
6056,12051
6056,12083
6056,12084
6056,5841
6056,8528
6057,54
6057,1271
6057,1966
6058,834
6058,2
6058,3
6058,12131
6059,2760
6059,54
6059,253
6060,288
6060,54
6061,276
6061,38
6061,2173
6061,595
6061,27
6061,1813
6061,1137
6061,886
6061,1209
6062,392
6062,855
6062,1324
6062,1271
6063,896
6063,54
6064,4500
6064,3741
6065,16
6065,10
6065,27
6065,301
6066,10
6066,877
6067,311
6067,1752
6068,4517
6068,5975
6068,13
6069,10
6069,28
6070,10
6071,10
6071,124
6072,2
6072,783
6072,945
6072,970
6073,0
6074,6075
6074,54
6074,27
6074,120
6074,1768
6074,1105
6074,6076
6075,2
6075,3
6075,434
6075,953
6075,199
6075,6076
6075,7133
6075,15466
6075,15467
6076,6075
6076,2
6077,208
6077,10
6078,5295
6078,1205
6078,7177
6078,1205
6078,55
6078,120
6078,1243
6079,362
6079,27
6080,0
6080,0
6081,13
6082,10
6082,27
6082,6083
6083,27
6083,6082
6084,10
6085,10
6086,10
6087,89
6087,721
6087,1271
6088,6056
6089,11
6089,27
6089,979
6089,6090
6090,11
6090,27
6090,979
6090,6089
6091,0
6091,206
6092,3
6092,1010
6092,288
6092,738
6092,6785
6092,1774
6093,10
6093,27
6093,1044
6094,10
6094,27
6094,1044
6096,220
6096,278
6096,51
6096,133
6096,45
6096,16
6096,89
6096,137
6096,10
6096,167
6097,11
6097,27
6097,4299
6098,252
6098,10
6099,8988
6099,292
6099,300
6099,594
6099,120
6100,0
6100,30
6100,92
6101,2693
6101,0
6101,10
6102,11
6102,27
6102,1044
6103,170
6104,4537
6104,438
6105,56
6106,0
6106,206
6106,0
6106,30
6106,1324
6107,327
6108,54
6108,1860
6108,262
6108,1860
6109,6110
6110,5125
6110,288
6110,54
6110,210
6110,184
6110,44
6111,2449
6111,170
6111,29
6111,28
6112,281
6112,27
6112,1324
6113,0
6113,1597
6114,6113
6114,10
6114,27
6114,28
6114,8348
6115,65
6115,1676
6116,10
6116,27
6116,1773
6117,6118
6118,54
6119,11
6119,27
6119,1044
6120,838
6120,2183
6120,2249
6120,0
6121,0
6122,821
6122,1271
6122,2170
6123,2719
6123,1314
6123,9511
6123,2783
6123,1837
6123,1316
6123,7082
6123,47
6123,2781
6123,1079
6123,1262
6123,1318
6123,506
6123,1118
6123,1241
6124,4354
6124,2086
6124,1436
6125,54
6126,266
6126,1342
6126,3
6126,199
6126,10279
6127,6126
6127,2086
6127,378
6128,10
6128,27
6128,1722
6129,1148
6130,3099
6130,54
6130,916
6131,3707
6131,2640
6132,10
6134,2
6135,2
6136,6135
6136,120
6136,6137
6137,6135
6137,54
6137,27
6137,120
6138,1042
6138,27
6138,3
6139,10
6140,0
6140,151
6141,3242
6142,10
6142,27
6142,1877
6144,6145
6145,744
6145,209
6145,3
6145,3026
6145,54
6145,975
6146,4556
6146,13
6147,2126
6147,2126
6147,288
6147,739
6148,10
6148,27
6148,28
6149,2
6149,4301
6149,2
6150,2
6150,1153
6151,54
6152,11
6152,27
6153,1442
6153,1112
6153,913
6153,720
6153,120
6153,83
6153,7
6153,1620
6154,4210
6154,10
6154,2109
6154,1696
6155,6156
6155,210
6156,2
6156,3
6156,2
6156,422
6157,11
6157,27
6157,979
6158,5787
6158,9064
6158,15868
6159,132
6159,398
6159,8345
6159,9715
6160,10
6160,27
6160,7
6161,4581
6161,65
6162,27
6162,6163
6163,27
6163,6162
6164,51
6164,51
6164,124
6164,28
6164,821
6165,10
6165,27
6165,435
6165,5617
6166,2905
6166,5923
6166,10
6166,10
6166,1218
6166,1324
6166,1271
6167,3
6167,7487
6167,10541
6168,10
6168,27
6168,942
6169,27
6170,960
6170,802
6170,1162
6171,10
6171,218
6171,184
6172,10
6172,27
6172,1224
6173,10
6173,27
6173,1224
6174,11
6174,27
6174,556
6174,942
6175,10
6175,27
6175,124
6176,10
6176,27
6177,10
6177,7
6177,28
6178,10
6178,27
6178,942
6179,747
6179,132
6179,51
6179,1194
6180,359
6180,10
6181,170
6181,34
6182,6183
6183,54
6184,3
6185,2482
6186,65
6186,84
6187,51
6187,10
6188,3
6189,27
6189,124
6189,17
6190,2777
6190,288
6191,937
6191,54
6192,4429
6192,216
6192,216
6193,10
6193,27
6194,11
6194,27
6195,10
6195,236
6195,2755
6196,10
6196,27
6196,1448
6197,54
6197,3
6198,10
6198,27
6198,1876
6199,4811
6199,13
6199,95
6200,13
6201,0
6201,151
6202,2378
6202,10
6203,1045
6203,54
6204,10
6205,1282
6205,10
6206,6
6206,170
6206,1603
6207,10
6207,10
6207,10
6208,185
6208,13
6208,1569
6209,3480
6209,15442
6209,524
6209,281
6209,7065
6209,524
6210,10
6211,0
6211,2827
6211,71
6212,13472
6213,4496
6213,84
6213,13
6214,54
6214,209
6215,10
6216,1600
6216,147
6216,83
6216,723
6217,54
6217,209
6218,10
6219,10
6219,2458
6220,265
6220,264
6220,720
6221,54
6222,105
6222,106
6222,10
6223,10
6224,10
6224,179
6225,54
6225,463
6226,10
6226,40
6226,101
6226,1271
6227,10
6227,361
6228,236
6228,237
6229,148
6229,0
6230,637
6230,54
6231,6232
6231,6233
6232,6231
6232,9825
6232,10678
6232,6233
6233,3
6233,1143
6233,6231
6233,9825
6233,14183
6233,6232
6234,54
6234,6235
6234,6235
6234,1044
6235,54
6235,14955
6236,1671
6236,742
6237,85
6237,1296
6237,1271
6238,6239
6238,6239
6238,195
6238,4343
6239,7754
6239,11989
6239,54
6239,11990
6239,1271
6240,170
6240,998
6241,10
6241,42
6242,0
6243,76
6243,72
6243,1328
6243,1238
6244,13
6245,89
6245,721
6245,721
6246,5498
6246,54
6246,28
6247,1305
6247,2369
6247,491
6248,6249
6248,6248
6249,3
6249,1346
6249,1059
6249,1301
6249,2680
6249,5608
6249,9963
6249,16224
6249,1324
6249,1209
6249,770
6249,16225
6249,16226
6250,1024
6250,27
6250,131
6250,49
6251,10
6251,27
6251,29
6251,1448
6252,216
6252,54
6253,54
6254,54
6255,2512
6255,54
6255,27
6255,28
6255,6256
6256,2512
6256,6255
6257,10
6257,27
6257,513
6257,917
6257,916
6258,6259
6258,6259
6258,6259
6258,429
6258,6260
6258,6261
6259,3
6259,556
6260,6259
6260,429
6260,13519
6260,6258
6261,6259
6261,6259
6261,429
6261,6258
6261,7726
6262,236
6262,7
6262,28
6262,1722
6262,1254
6264,10
6264,0
6265,65
6266,821
6267,0
6267,2183
6267,1448
6268,124
6268,10
6269,10
6269,1271
6270,10
6271,931
6271,931
6271,2152
6271,1622
6272,10
6273,3
6273,54
6274,170
6275,89
6275,27
6275,131
6275,1159
6275,6276
6276,89
6276,27
6276,131
6276,1159
6276,6275
6277,6253
6277,8713
6277,981
6277,5495
6277,3645
6278,10
6278,27
6278,506
6279,10
6279,27
6279,506
6280,27
6280,1044
6280,6281
6280,6282
6281,10
6281,27
6281,513
6281,6280
6282,10
6282,27
6282,513
6282,6280
6283,0
6283,8950
6283,0
6283,906
6283,124
6284,10
6284,399
6285,4090
6286,0
6286,206
6287,10
6287,4111
6287,10
6287,124
6287,1161
6287,10
6288,314
6288,313
6289,27
6290,170
6290,1044
6290,1584
6290,17
6291,30
6291,0
6292,10
6294,87
6294,10180
6295,10180
6296,561
6296,835
6296,3
6296,54
6296,1296
6296,1210
6296,3491
6297,222
6297,586
6297,513
6297,6298
6297,6299
6298,222
6298,586
6298,513
6298,1037
6298,6297
6298,6299
6299,54
6300,10
6301,10
6301,27
6301,28
6302,6303
6302,11
6302,27
6302,435
6303,3
6303,1319
6303,2095
6303,104
6304,51
6304,27
6305,618
6305,54
6306,10
6307,392
6307,27
6308,27
6309,27
6310,0
6310,460
6311,170
6311,27
6312,10
6312,2562
6312,1436
6312,1296
6312,506
6312,1448
6313,54
6313,594
6314,3
6314,27
6315,54
6315,630
6315,1941
6316,4301
6316,6149
6316,307
6316,2
6316,3
6316,54
6316,6317
6317,4301
6319,10
6319,27
6319,6320
6320,10
6320,27
6321,10
6321,193
6322,159
6322,701
6322,120
6323,3242
6323,2
6323,292
6324,418
6324,54
6326,1979
6326,511
6326,1296
6326,8289
6326,2288
6327,2
6328,10
6329,1585
6329,10
6329,1324
6330,2671
6330,637
6330,104
6331,27
6332,6333
6332,6334
6332,6335
6333,3003
6333,12119
6333,292
6333,12433
6333,6334
6333,12434
6333,6335
6334,6333
6334,65
6334,54
6334,6333
6334,65
6334,80
6334,393
6334,3
6334,12434
6334,6335
6334,1959
6335,6333
6335,6333
6335,13
6335,382
6335,6334
6335,12434
6336,2489
6336,376
6336,120
6336,1224
6336,116
6336,1128
6338,2
6338,6339
6339,54
6339,1171
6339,7323
6339,4684
6339,870
6340,95
6340,27
6340,1611
6341,10
6341,232
6342,333
6343,913
6343,3205
6343,1172
6343,674
6343,1044
6343,953
6344,1130
6344,264
6345,227
6345,54
6346,10
6346,27
6346,124
6346,1773
6347,170
6347,124
6347,7
6347,28
6347,2562
6347,1296
6348,896
6348,54
6349,27
6350,311
6350,2491
6351,54
6353,54
6353,6354
6353,1324
6353,1271
6355,10
6356,6357
6357,1259
6357,2336
6357,15343
6357,4576
6357,15570
6357,12266
6357,3
6358,288
6358,54
6359,10
6360,6361
6360,54
6360,28
6360,6362
6360,6363
6361,3716
6361,2235
6361,28
6361,1296
6362,6361
6362,28
6362,6360
6363,6361
6363,28
6363,6360
6364,54
6365,2040
6366,10
6366,27
6366,184
6366,210
6366,920
6367,6
6367,239
6367,170
6367,28
6368,2749
6368,54
6368,1037
6368,6369
6368,2751
6368,6370
6369,2749
6369,54
6369,1037
6369,7674
6369,2751
6369,6368
6370,2749
6370,54
6370,1037
6370,6368
6370,2751
6370,10876
6373,6374
6373,65
6373,6374
6373,305
6374,305
6374,1297
6374,305
6374,6804
6374,6373
6374,6626
6374,6805
6375,27
6376,128
6377,8
6377,2810
6378,65
6379,83
6379,27
6379,355
6380,468
6380,27
6380,979
6381,280
6381,27
6382,6383
6382,10
6382,922
6383,10
6383,1331
6383,1118
6383,922
6383,10
6384,10
6385,10
6386,150
6386,12403
6386,40
6386,116
6386,12404
6387,6151
6387,6151
6388,11
6388,27
6389,6390
6389,27
6390,455
6390,1877
6390,7
6390,6389
6391,7
6391,29
6391,10
6391,1296
6392,236
6392,34
6392,1254
6393,1248
6393,1206
6393,3336
6394,1426
6394,744
6394,209
6394,6393
6394,2321
6395,265
6395,264
6395,265
6395,772
6396,10
6396,1296
6397,42
6397,0
6397,1209
6398,1228
6398,170
6398,10
6399,2
6400,821
6401,10
6402,10
6403,10
6403,10
6404,966
6404,2
6404,601
6404,2282
6404,601
6405,73
6405,10
6405,1118
6405,1296
6405,1448
6406,331
6406,429
6406,2086
6407,0
6407,6408
6407,199
6408,10
6408,0
6409,802
6409,54
6410,1450
6410,54
6411,10
6412,11
6412,27
6412,15819
6413,28
6414,189
6414,27
6414,10
6415,1594
6415,632
6415,2
6415,1324
6415,1271
6416,2
6416,649
6416,305
6416,4992
6416,1243
6416,54
6416,3459
6416,6417
6416,6418
6416,6419
6416,6420
6416,6421
6416,6422
6416,6423
6416,6424
6416,6425
6416,6426
6416,1271
6417,6416
6417,9761
6417,11
6417,13
6418,6416
6418,9761
6418,13
6419,6416
6419,9761
6419,13
6419,6422
6419,6423
6420,6416
6420,13
6421,6416
6421,9761
6421,13
6422,6416
6422,9761
6422,13
6422,6419
6422,6423
6423,6416
6423,9761
6423,13
6423,6422
6423,6419
6424,6416
6424,13
6424,6426
6424,7261
6425,6416
6425,9761
6425,13
6426,6416
6426,7261
6426,6424
6427,10
6428,821
6429,649
6429,6430
6430,649
6430,2712
6430,1044
6430,7
6430,28
6430,1105
6430,40
6431,54
6432,199
6432,2086
6432,210
6432,3666
6433,1496
6433,6434
6433,6435
6434,2286
6434,2838
6435,265
6435,264
6436,11
6436,10
6436,11
6436,40
6436,116
6436,1343
6438,802
6438,54
6439,54
6439,209
6440,1419
6440,601
6440,504
6440,120
6440,124
6440,556
6440,184
6440,28
6440,104
6441,265
6442,10
6442,27
6442,942
6443,1227
6443,124
6443,7
6443,27
6443,280
6443,1563
6443,1254
6444,1344
6445,393
6445,896
6445,6446
6445,2
6445,2421
6445,3
6445,11644
6446,791
6446,292
6446,1888
6447,846
6447,2
6447,54
6448,270
6448,2
6448,844
6448,2
6448,1804
6449,10
6450,8
6450,383
6450,10
6450,124
6450,1161
6450,10
6450,2975
6451,463
6451,270
6451,987
6452,2599
6452,574
6452,289
6452,4924
6453,10
6454,54
6455,10
6455,556
6456,667
6456,0
6457,1355
6458,216
6458,54
6459,279
6459,1181
6459,821
6459,1592
6460,54
6461,6462
6461,407
6461,216
6462,216
6462,54
6462,407
6463,1344
6464,10
6464,27
6464,435
6465,10
6466,6233
6466,65
6466,6233
6467,75
6467,821
6467,1254
6468,2622
6468,315
6468,4434
6469,2074
6469,2167
6470,2491
6470,1103
6470,2493
6470,6471
6471,2491
6471,2493
6471,6470
6472,2086
6472,2005
6473,27
6474,4
6474,10
6475,10
6475,361
6476,10
6476,347
6476,520
6477,2397
6477,5110
6477,282
6477,400
6477,6478
6478,45
6478,54
6478,10
6478,2005
6478,6477
6478,2449
6479,6477
6479,2109
6479,1790
6479,6478
6480,6477
6480,54
6480,3105
6481,2325
6481,54
6482,27
6483,571
6483,54
6483,14168
6484,6075
6484,120
6484,1768
6484,1105
6484,6485
6484,6076
6484,6486
6485,6075
6485,120
6485,1768
6485,1105
6485,8100
6485,6076
6485,6484
6486,6075
6486,120
6486,1768
6486,1105
6486,6484
6486,6076
6486,14984
6487,2542
6487,54
6488,281
6488,54
6489,27
6490,2778
6490,1464
6491,10
6492,6056
6492,6909
6493,2
6494,10
6494,27
6494,28
6494,199
6495,10
6495,27
6495,435
6497,480
6497,10
6498,0
6498,30
6498,124
6498,28
6499,6498
6499,10
6499,27
6499,1811
6499,124
6499,104
6500,6056
6500,1600
6500,83
6500,124
6500,556
6501,223
6501,730
6501,2345
6501,441
6501,3
6501,8935
6502,1626
6502,6503
6503,54
6503,10397
6503,1271
6504,630
6504,472
6504,1079
6504,1238
6504,61
6504,907
6505,2283
6505,216
6505,54
6505,27
6505,3593
6506,1305
6506,209
6506,3
6508,476
6508,54
6509,27
6510,5759
6510,2086
6510,1365
6510,6511
6510,6512
6511,5759
6511,2086
6511,14334
6511,6510
6512,5759
6512,2086
6512,6510
6512,9974
6513,968
6513,4954
6514,6515
6515,54
6516,6515
6517,559
6517,1877
6517,4188
6517,1746
6517,199
6517,467
6517,3
6517,14983
6518,23
6518,2487
6519,10
6519,92
6520,10
6520,1192
6520,2208
6521,10
6521,202
6522,1165
6522,86
6522,10
6522,85
6522,86
6522,10
6522,280
6522,1171
6522,2426
6522,2425
6523,3967
6523,3289
6523,3289
6523,305
6524,1644
6524,54
6524,27
6524,1448
6525,1622
6525,54
6525,916
6526,10
6526,334
6527,2087
6528,627
6528,821
6528,101
6528,1352
6528,1271
6528,2252
6528,2170
6528,821
6529,5860
6529,407
6529,65
6530,54
6531,649
6531,54
6532,51
6532,27
6532,7
6532,28
6532,1365
6533,75
6533,51
6533,51
6533,226
6533,821
6534,3
6534,2923
6534,1436
6535,10
6536,10
6537,3
6537,1010
6537,235
6537,4839
6537,65
6537,1218
6537,6538
6537,6539
6537,6540
6537,6541
6537,6542
6537,6543
6538,110
6538,2
6538,295
6538,2
6538,1205
6538,989
6538,6537
6538,6539
6539,3745
6539,1265
6539,3
6539,1010
6539,6541
6539,6542
6539,459
6539,6537
6539,6538
6539,6543
6539,5301
6540,3
6540,3
6540,6537
6540,6539
6540,6541
6540,6542
6540,6543
6541,3
6543,2421
6543,3
6543,6537
6543,6539
6543,1194
6543,6540
6543,6541
6543,6542
6544,747
6544,821
6544,5278
6545,11
6546,10
6547,45
6547,1161
6547,45
6547,10
6548,815
6548,120
6548,10
6548,40
6548,1209
6549,870
6549,1387
6549,10
6549,3495
6550,441
6550,3
6550,474
6550,3613
6551,368
6551,3206
6552,292
6552,54
6553,1378
6553,10
6554,1679
6555,54
6555,3
6556,4688
6556,10
6557,1136
6557,179
6557,0
6557,460
6558,13
6559,10
6560,10
6561,2312
6561,5884
6561,4137
6561,1240
6561,1262
6561,1241
6562,10
6562,0
6563,2399
6563,54
6563,209
6564,2
6564,331
6564,2
6564,3
6565,10
6566,10
6566,236
6567,10
6568,6569
6568,13
6568,6569
6569,54
6570,4709
6570,1882
6571,166
6571,10
6571,88
6572,10
6573,27
6573,106
6573,389
6573,303
6573,385
6573,426
6573,362
6573,179
6573,479
6573,1079
6574,76
6574,72
6574,10
6574,1328
6574,472
6574,61
6575,176
6575,10
6576,1409
6576,1429
6576,1296
6577,10
6578,981
6578,3
6578,981
6578,3
6578,1218
6578,4546
6578,7703
6579,2087
6580,54
6580,2964
6581,2087
6582,528
6582,382
6582,45
6583,356
6584,54
6585,392
6585,2286
6585,2838
6586,1461
6586,2
6586,774
6586,1461
6586,2
6586,774
6587,10
6588,506
6588,10
6589,85
6589,10
6589,7
6589,104
6590,147
6590,5725
6591,11
6591,51
6591,45
6591,89
6591,223
6591,380
6591,10
6591,1238
6591,2560
6592,170
6593,54
6594,618
6594,54
6595,11
6595,27
6595,979
6596,10
6596,1044
6596,1322
6596,401
6596,40
6596,770
6596,1271
6596,6597
6597,635
6597,17
6597,10
6598,2
6598,54
6599,10
6599,27
6599,28
6600,540
6600,953
6600,236
6600,237
6601,10
6601,27
6601,920
6602,601
6602,54
6603,5971
6603,51
6603,27
6603,28
6604,3018
6604,602
6604,248
6604,1102
6604,2703
6604,216
6605,3
6605,79
6605,79
6605,6008
6605,3136
6605,3684
6605,1992
6605,2781
6605,12422
6605,3353
6605,1847
6605,3047
6605,2335
6605,1241
6606,10
6606,991
6606,1346
6606,1301
6607,807
6607,54
6608,2225
6608,272
6608,2282
6609,1754
6609,54
6609,6610
6609,6611
6610,1754
6610,54
6610,7733
6610,6609
6611,1754
6611,54
6611,6609
6611,10603
6612,14787
6612,13
6612,8685
6613,2313
6613,45
6613,301
6613,170
6614,2
6614,401
6615,1417
6615,1248
6615,2
6615,331
6615,2
6615,601
6615,3147
6615,27
6615,2989
6615,2
6616,1710
6616,6062
6617,370
6618,6619
6618,87
6619,418
6619,430
6619,3
6619,6618
6619,3648
6619,4442
6620,13
6621,1914
6621,54
6622,216
6622,27
6622,73
6623,1963
6623,1952
6624,3236
6624,9492
6625,27
6626,6374
6626,6374
6626,13
6626,745
6626,896
6626,119
6627,1810
6628,2297
6628,54
6628,199
6628,2
6628,356
6628,54
6629,10
6630,10
6630,5474
6631,3717
6631,3717
6631,1044
6631,83
6631,266
6631,2
6631,945
6632,27
6632,28
6633,10
6633,27
6634,8
6634,9
6634,10
6634,42
6634,92
6634,10
6634,2353
6634,10
6635,1043
6635,513
6635,6636
6636,1043
6636,54
6636,27
6636,513
6636,6635
6636,10855
6637,10
6637,172
6638,10
6638,10
6639,10
6640,472
6640,4686
6641,6909
6642,11
6642,51
6642,45
6642,4
6642,89
6642,168
6642,10
6643,1294
6643,54
6643,209
6643,2407
6644,909
6644,821
6645,10
6646,3
6646,3
6647,270
6647,54
6648,1600
6648,170
6649,2
6649,2
6649,6650
6649,282
6650,313
6650,54
6651,4255
6651,1045
6651,6652
6651,774
6652,2
6652,774
6652,54
6653,10
6654,1044
6654,556
6655,10
6656,2237
6656,2318
6656,1265
6656,2237
6657,1217
6657,292
6657,2282
6658,10
6659,821
6660,265
6660,331
6660,1832
6661,937
6662,913
6662,54
6663,2880
6664,3
6664,1010
6664,1740
6665,7461
6665,1045
6665,1628
6666,51
6666,132
6666,184
6666,821
6666,40
6666,116
6667,1903
6667,513
6667,1037
6667,6668
6668,1903
6668,513
6668,1037
6668,15256
6669,10
6669,1831
6669,1831
6670,10
6671,0
6672,10
6672,10
6672,2170
6673,2399
6673,54
6673,209
6673,2408
6674,11
6674,27
6674,6675
6675,11
6675,27
6675,6674
6676,27
6677,3699
6677,981
6678,2
6678,6679
6679,2647
6679,2648
6680,54
6681,180
6681,181
6681,184
6681,821
6681,116
6682,958
6682,51
6682,18
6682,188
6682,42
6682,279
6682,181
6682,10
6682,772
6682,2519
6682,301
6682,354
6683,51
6683,51
6683,821
6684,216
6684,54
6685,51
6685,27
6685,28
6686,170
6686,29
6687,945
6688,54
6688,1535
6689,10
6689,106
6690,92
6690,10
6690,42
6691,3381
6691,281
6691,216
6691,54
6691,3
6692,10
6692,106
6693,206
6693,10
6694,0
6694,4110
6695,0
6695,206
6696,10
6696,4114
6696,0
6697,0
6698,10
6698,0
6699,10
6699,0
6700,0
6701,0
6701,206
6701,10
6701,40
6701,1324
6701,1271
6702,27
6703,8
6703,0
6703,28
6703,1797
6704,27
6705,2569
6705,54
6705,27
6705,1168
6705,2569
6706,6707
6706,6707
6707,3
6707,6706
6707,12365
6707,1619
6707,12366
6708,10
6708,337
6708,337
6709,10
6709,106
6710,166
6710,27
6710,88
6711,10
6711,27
6711,124
6712,10
6712,27
6712,995
6712,12911
6713,2400
6713,818
6713,2566
6714,4322
6714,10
6714,1199
6715,10
6716,10
6717,218
6717,869
6717,487
6717,487
6717,487
6717,2050
6717,6718
6717,1123
6717,487
6718,163
6718,163
6718,1103
6718,1842
6718,1123
6719,3586
6719,1059
6719,6720
6720,54
6721,2322
6721,1389
6721,3
6721,1296
6722,2
6723,649
6723,2612
6723,20
6724,45
6724,474
6724,45
6724,27
6724,301
6725,1059
6725,361
6725,10
6726,10
6727,991
6727,10
6728,5076
6729,54
6730,65
6730,137
6731,170
6731,6732
6732,2399
6732,2289
6732,54
6733,1044
6734,5699
6734,2109
6734,170
6735,27
6735,301
6735,2323
6737,54
6737,1294
6738,281
6739,0
6739,10
6740,170
6740,914
6741,2113
6742,290
6742,5637
6742,104
6743,6744
6743,10
6743,184
6744,0
6745,170
6746,5202
6746,5847
6746,170
6747,54
6747,2449
6747,13
6747,5888
6747,5659
6749,2283
6749,216
6749,54
6749,1102
6750,1344
6751,618
6751,54
6752,10
6752,0
6752,2183
6753,2237
6754,10
6754,27
6754,3445
6754,378
6755,83
6755,2
6755,313
6755,54
6756,1666
6756,2086
6756,5774
6757,5556
6757,54
6757,429
6758,1666
6758,5774
6759,6760
6759,2086
6759,6578
6759,6761
6760,1047
6760,576
6760,6011
6760,3
6760,124
6761,6760
6761,8616
6762,27
6763,155
6763,481
6763,4
6763,177
6763,2336
6763,2796
6764,10
6764,6
6764,239
6765,6766
6766,6765
6766,8666
6767,3532
6767,1529
6767,40
6767,3124
6768,10
6768,1616
6769,696
6769,28
6770,128
6770,239
6770,120
6770,6771
6772,6773
6772,10
6772,6774
6773,356
6773,202
6775,467
6775,281
6775,216
6776,3
6776,7274
6776,965
6776,1352
6776,7842
6777,10
6778,3845
6778,27
6778,979
6779,0
6779,206
6779,1296
6780,1991
6780,6781
6780,6782
6781,54
6781,1991
6782,1991
6782,12692
6782,15291
6783,11
6783,27
6783,979
6784,821
6785,441
6785,3
6785,1388
6785,3955
6785,6786
6786,547
6786,110
6787,172
6787,218
6787,444
6788,3374
6788,513
6788,6789
6788,3373
6789,3374
6789,513
6789,11180
6789,3373
6789,6788
6790,635
6790,0
6791,10
6791,1044
6791,199
6792,2085
6792,10
6793,2378
6794,222
6794,222
6794,2278
6796,10
6797,10
6798,10
6799,658
6799,1216
6799,1362
6799,658
6799,10
6800,10
6801,54
6801,6802
6801,195
6802,1417
6802,54
6803,42
6803,1436
6803,34
6803,27
6804,54
6804,305
6805,170
6805,65
6806,0
6807,10
6808,10
6809,264
6809,54
6809,894
6810,10
6810,198
6811,10
6811,3154
6813,1257
6813,27
6813,301
6813,138
6813,2365
6813,1296
6813,1194
6813,1209
6814,2
6814,107
6814,2
6814,3206
6814,1243
6815,313
6815,54
6816,150
6816,1319
6816,1254
6817,27
6818,2086
6818,2048
6818,7
6819,601
6819,7
6819,3819
6820,2237
6820,618
6821,606
6821,54
6822,6823
6823,535
6823,3
6823,10940
6823,124
6823,184
6823,28
6823,12224
6824,543
6824,1044
6825,967
6826,202
6826,86
6826,682
6827,10
6828,3228
6828,1047
6828,662
6828,54
6829,821
6830,132
6830,398
6831,10
6831,40
6831,1264
6832,281
6833,6057
6833,6057
6833,380
6834,10
6834,2095
6834,104
6835,10
6836,10
6837,51
6837,27
6837,116
6838,10
6838,189
6839,1059
6839,1189
6839,496
6839,0
6839,2396
6839,1027
6839,10
6840,10
6840,10
6841,226
6842,2321
6843,10
6844,1045
6844,1046
6844,5771
6845,180
6845,181
6845,821
6846,54
6847,10
6848,10
6849,11
6849,27
6849,8856
6850,71
6850,6851
6851,2
6851,3
6852,2
6852,288
6853,54
6854,54
6855,54
6856,2604
6856,10
6857,6858
6858,420
6858,3
6858,10382
6859,10
6860,2622
6860,637
6860,2
6861,10
6862,10
6863,288
6863,290
6863,288
6863,290
6864,3
6864,6865
6864,6866
6867,3743
6867,970
6868,368
6868,54
6869,54
6870,247
6870,3
6870,247
6870,3
6870,2818
6870,247
6870,3
6870,3608
6871,6872
6871,6873
6871,128
6872,802
6873,6872
6873,128
6874,3
6874,960
6874,1837
6875,10
6875,1811
6875,124
6875,556
6875,1159
6875,104
6876,2
6877,10
6877,1199
6879,2
6880,1071
6881,2
6882,132
6882,398
6882,27
6882,821
6883,10
6883,42
6884,54
6885,46
6885,51
6885,821
6886,601
6886,1139
6886,120
6886,2086
6887,0
6887,359
6887,30
6887,385
6887,132
6887,398
6888,10
6888,106
6889,10
6890,202
6890,10
6890,1296
6891,308
6891,2
6891,649
6891,170
6891,83
6891,73
6891,1563
6891,40
6892,0
6892,124
6892,34
6892,28
6892,1296
6893,6729
6893,3
6894,10
6895,10
6895,911
6896,6897
6897,3
6897,1264
6897,1296
6898,1897
6898,6899
6899,3
6899,1107
6900,2089
6900,124
6900,2902
6900,1627
6900,8575
6901,1243
6902,16
6902,27
6903,4460
6903,2086
6903,1811
6904,4460
6904,2086
6904,2093
6904,14794
6905,10
6905,5080
6906,821
6907,6091
6907,6091
6907,4496
6907,13
6907,0
6907,105
6907,1569
6907,106
6907,30
6907,10899
6907,10899
6908,54
6908,6909
6909,54
6909,1271
6910,844
6910,255
6910,907
6911,6912
6911,694
6911,6913
6911,3981
6912,674
6912,54
6913,333
6913,6911
6913,3981
6914,10
6915,6333
6915,6334
6916,2955
6916,4093
6917,172
6917,218
6917,1152
6917,10
6918,289
6918,54
6919,3088
6919,124
6920,10
6920,334
6921,2089
6921,120
6921,435
6921,6922
6922,2089
6922,124
6922,6921
6923,264
6923,54
6923,698
6924,264
6924,54
6924,1485
6925,2
6925,1110
6926,1610
6927,383
6927,557
6927,10
6928,3717
6928,65
6928,3717
6928,65
6928,3717
6928,161
6929,27
6930,6931
6930,10
6930,27
6930,28
6931,10
6932,10
6932,28
6932,40
6933,4526
6933,574
6933,258
6934,3984
6934,2
6934,821
6935,2
6936,313
6936,54
6937,2
6937,491
6937,51
6937,132
6938,913
6938,54
6939,361
6939,1448
6939,10
6940,2
6940,255
6940,1044
6940,2049
6940,1296
6940,2344
6941,1091
6941,1324
6941,1209
6942,361
6942,10
6942,34
6942,27
6942,10
6942,1296
6943,6944
6943,300
6944,292
6944,54
6945,821
6946,54
6946,54
6947,10
6948,6949
6948,376
6948,3
6948,6950
6948,120
6948,1243
6949,253
6951,618
6951,4507
6951,3
6951,3602
6952,4507
6953,6305
6953,1482
6954,281
6954,3753
6954,6955
6954,6956
6954,6957
6954,6958
6954,6959
6954,3
6954,3330
6954,3
6954,1667
6956,3
6956,6954
6956,1667
6957,3776
6958,3
6958,3
6958,1216
6960,3597
6960,467
6960,1344
6961,10
6962,708
6962,791
6962,54
6962,6963
6962,54
6963,1045
6963,762
6963,1243
6963,6962
6965,281
6965,1324
6965,1211
6966,4764
6967,54
6968,1319
6969,3
6970,1951
6971,2
6972,27
6972,280
6973,336
6973,3283
6973,991
6973,10
6974,181
6974,821
6975,10
6976,10
6977,216
6977,54
6978,3
6978,1926
6978,6979
6978,6980
6978,6981
6979,2
6979,3
6979,9938
6979,6978
6979,1926
6979,6981
6979,9936
6979,6980
6980,6978
6980,6981
6980,9938
6980,6979
6980,9936
6982,227
6982,54
6983,10
6983,556
6984,2419
6984,3346
6984,2321
6984,1171
6985,54
6986,441
6986,1416
6986,6987
6987,163
6987,153
6987,2
6987,3
6987,2260
6987,6986
6988,1185
6988,2411
6988,1600
6988,124
6988,28
6988,1296
6989,10
6990,10
6991,2
6992,51
6992,821
6993,10
6993,1271
6994,170
6995,10
6996,4715
6996,265
6997,0
6997,460
6997,10
6997,116
6997,6998
6997,3319
6998,303
6998,0
6999,649
6999,54
7000,1666
7000,1882
7000,434
7000,6774
7000,7001
7001,1666
7001,1882
7001,434
7001,7000
7002,7003
7002,1259
7002,54
7002,10
7004,6249
7004,7005
7005,3107
7005,320
7005,774
7005,13104
7006,1871
7006,7007
7006,7008
7007,1871
7007,9494
7007,7006
7008,1871
7008,434
7008,1768
7008,7006
7008,12567
7009,821
7010,10
7010,27
7012,10
7012,3113
7012,179
7013,10
7014,10
7014,10
7015,9069
7015,1394
7016,2
7016,986
7016,3
7016,1172
7016,2
7016,674
7017,1004
7017,3
7017,8021
7017,4486
7017,2023
7018,289
7018,54
7019,2420
7019,3
7019,1040
7019,2023
7019,7017
7019,3
7019,1983
7020,10
7021,10
7021,375
7022,10
7023,10
7023,337
7024,2
7024,79
7024,2237
7024,2
7024,618
7024,1243
7024,1243
7025,382
7025,54
7026,3
7026,79
7026,3
7026,79
7026,7027
7027,276
7027,4554
7027,774
7028,1146
7028,618
7028,2282
7028,1146
7029,376
7030,54
7030,209
7031,10
7032,10
7032,27
7032,6723
7033,7620
7033,7620
7033,84
7033,356
7033,2994
7033,4343
7034,27
7035,10
7036,305
7036,7037
7037,1110
7037,2
7037,1321
7038,1045
7039,10
7040,1265
7040,1243
7041,2
7041,266
7041,2
7042,1327
7042,871
7042,945
7042,120
7042,1224
7042,7
7042,104
7042,1243
7042,40
7043,1952
7043,3
7044,10
7044,399
7044,973
7044,630
7045,1294
7045,54
7045,209
7045,2407
7046,10
7046,27
7046,199
7047,10
7047,27
7047,199
7048,6293
7048,3
7048,3060
7049,495
7049,2
7049,54
7049,495
7049,971
7050,2760
7050,2
7050,54
7050,3
7051,2399
7051,54
7052,1732
7052,1118
7053,1763
7054,216
7054,54
7055,0
7056,0
7057,356
7058,11
7058,27
7059,10
7059,106
7060,27
7060,995
7061,54
7061,2
7061,618
7062,54
7063,54
7063,3556
7064,2340
7064,939
7064,1137
7064,1208
7064,1209
7064,2
7064,3
7065,3480
7065,54
7066,10
7066,27
7067,1710
7068,10
7068,27
7068,1584
7069,10
7069,42
7070,6037
7071,205
7071,10
7072,3947
7072,1296
7072,1271
7072,1448
7073,38
7073,57
7073,27
7073,49
7074,187
7074,188
7074,821
7075,10
7075,27
7075,1722
7076,14
7076,27
7077,10
7078,1165
7078,92
7078,10
7079,10
7079,86
7080,2318
7080,7081
7081,110
7081,2
7081,54
7082,1478
7082,2808
7082,17363
7083,236
7083,237
7084,7085
7084,3857
7084,54
7084,1324
7084,1271
7087,216
7087,54
7088,10
7089,42
7089,92
7089,10
7089,42
7089,92
7089,10
7090,216
7090,54
7091,1388
7091,1201
7091,291
7091,555
7092,54
7092,209
7093,227
7093,54
7094,216
7094,54
7095,85
7095,10
7096,606
7096,54
7097,3
7097,737
7097,7098
7097,7099
7097,7100
7100,7097
7100,149
7100,7097
7101,10
7102,54
7103,288
7103,54
7104,10
7104,179
7105,7106
7105,7106
7105,7106
7106,606
7106,2
7106,54
7107,674
7107,54
7108,3365
7108,7111
7108,552
7108,2101
7108,6954
7108,1667
7108,387
7109,552
7109,9355
7109,1667
7109,694
7111,441
7111,574
7111,3
7111,3776
7111,3776
7112,1045
7112,54
7113,1505
7113,1524
7114,10
7115,0
7115,3671
7116,4313
7116,520
7117,54
7117,2037
7117,2582
7117,170
7118,292
7118,54
7120,418
7120,248
7121,618
7121,54
7122,54
7123,896
7123,54
7125,292
7125,54
7126,5243
7127,1243
7127,555
7127,2613
7128,54
7129,7130
7130,216
7130,54
7131,292
7131,54
7132,6075
7132,54
7132,7133
7134,2
7135,267
7135,10
7135,10
7135,4667
7135,796
7135,1212
7136,2
7137,1201
7137,1035
7137,551
7137,774
7137,7138
7137,1243
7137,1285
7137,3
7138,2
7139,2
7140,2
7141,2
7141,463
7141,913
7142,3149
7142,27
7142,101
7142,1271
7143,86
7143,10
7143,16
7144,651
7144,467
7144,1344
7145,2318
7145,2684
7145,288
7145,674
7146,10
7147,1193
7147,10
7147,10
7147,28
7147,10
7148,1059
7148,1181
7148,172
7148,821
7149,54
7150,54
7151,4322
7151,10
7151,1199
7152,10
7153,4086
7153,2086
7154,2
7154,54
7155,10
7155,73
7155,10
7155,1296
7156,75
7156,821
7157,54
7157,1194
7157,7159
7157,3432
7157,7158
7157,54
7158,3055
7158,1305
7158,2489
7158,7159
7159,656
7159,1214
7159,2086
7159,2489
7159,1194
7159,3432
7159,7158
7160,10
7160,179
7160,1181
7161,1073
7162,1277
7162,292
7163,54
7164,276
7164,3
7164,2806
7165,3
7165,7166
7167,302
7167,10
7167,725
7168,1361
7168,27
7168,301
7168,1199
7168,779
7169,10
7169,359
7170,54
7171,1192
7171,86
7171,2151
7171,0
7172,216
7172,54
7173,54
7173,3
7174,265
7174,467
7174,7518
7174,467
7176,506
7176,821
7177,54
7177,594
7178,2
7179,132
7179,398
7179,821
7180,10
7181,10
7182,250
7182,216
7182,45
7183,13512
7183,1243
7184,601
7184,7185
7184,3749
7184,7186
7185,54
7185,7186
7186,54
7187,10
7188,970
7188,4442
7189,3
7190,2
7190,937
7190,232
7190,1194
7191,427
7191,2
7191,618
7191,2
7191,3
7191,2518
7191,248
7191,796
7192,368
7192,54
7193,2
7193,3727
7193,745
7193,2
7194,54
7194,970
7195,132
7195,398
7195,821
7196,10
7197,288
7197,54
7198,3
7198,1243
7198,555
7199,606
7199,2703
7199,2275
7200,10
7201,2
7202,216
7202,54
7203,0
7203,206
7203,368
7203,648
7203,7204
7203,1296
7204,7203
7204,10
7204,11254
7205,54
7205,594
7206,54
7206,894
7207,305
7207,1090
7208,54
7208,209
7211,10
7212,2278
7212,2278
7213,10
7213,27
7213,979
7214,2
7215,3533
7215,289
7216,0
7216,7782
7217,2285
7217,216
7217,54
7218,10
7219,1800
7219,7220
7220,3
7220,11447
7220,15259
7221,3
7221,54
7221,468
7221,54
7222,618
7222,54
7223,774
7223,54
7224,896
7224,54
7225,2
7226,101
7226,1352
7226,1271
7227,4715
7227,3803
7227,34
7227,1660
7227,7228
7228,3
7228,1045
7228,7227
7229,6249
7229,1253
7230,682
7230,1146
7231,2295
7231,2
7231,2
7232,2422
7232,3
7233,17
7233,403
7233,0
7233,30
7234,2
7235,54
7236,1389
7236,2
7236,54
7236,1324
7237,834
7237,601
7237,7238
7237,7239
7237,34
7237,1296
7238,253
7238,1139
7238,7239
7239,1482
7239,618
7239,7238
7240,2
7240,674
7240,7241
7240,2
7240,674
7240,7241
7240,120
7240,674
7240,7241
7241,674
7241,54
7242,266
7242,4858
7243,54
7244,7245
7244,407
7244,2442
7245,1559
7245,54
7245,701
7245,1376
7246,10
7247,54
7247,54
7248,2866
7248,600
7249,248
7249,3
7249,6024
7249,79
7250,150
7250,73
7250,27
7250,1296
7251,10
7251,1261
7252,54
7252,3
7253,821
7254,27
7254,17
7254,1696
7255,132
7255,398
7255,821
7256,2089
7256,120
7256,1627
7257,0
7257,3382
7257,1727
7258,10
7259,10
7259,106
7260,10
7261,6416
7261,13
7261,6424
7261,6426
7262,11
7262,27
7262,1063
7263,54
7263,27
7263,4024
7263,7264
7264,54
7265,7266
7265,54
7265,27
7266,1184
7266,38
7266,54
7266,7265
7267,0
7268,1114
7268,601
7269,10
7270,1024
7270,27
7271,7272
7271,7273
7271,169
7271,168
7272,342
7272,342
7272,1302
7272,7271
7272,7273
7273,1152
7273,2026
7273,3906
7273,1387
7273,1347
7273,168
7273,54
7273,280
7273,169
7273,168
7273,754
7274,3
7274,2
7274,6776
7274,965
7275,2
7276,2
7276,104
7277,54
7278,331
7278,2
7278,937
7279,132
7279,398
7279,821
7280,0
7280,206
7280,7281
7281,393
7281,54
7281,1569
7281,30
7281,10
7281,7280
7282,10
7283,38
7283,27
7283,73
7283,15
7284,27
7284,2323
7285,2109
7286,1243
7287,337
7287,213
7287,0
7287,30
7288,10
7288,27
7288,199
7289,629
7289,93
7289,27
7290,629
7290,27
7291,7292
7291,54
7291,27
7291,979
7292,1295
7292,1889
7292,3410
7292,1412
7293,487
7293,1679
7294,0
7294,2552
7294,124
7294,556
7295,356
7295,28
7296,2297
7296,83
7296,308
7296,272
7297,13
7298,10
7298,27
7299,65
7299,2449
7300,3243
7300,649
7300,10913
7300,40
7300,1324
7301,51
7301,27
7302,10
7302,172
7303,10
7304,89
7304,560
7304,721
7304,1209
7305,10
7305,1322
7305,1181
7305,1271
7305,2170
7306,682
7306,54
7306,1722
7306,1365
7306,3819
7306,7307
7306,7308
7306,7309
7306,7310
7308,7306
7308,1159
7308,1627
7308,11579
7309,7306
7309,1044
7309,3819
7309,1627
7311,27
7311,979
7311,7312
7311,7313
7312,27
7312,979
7312,7311
7313,27
7313,979
7313,7311
7314,27
7315,1415
7315,629
7315,629
7315,10
7315,7316
7316,7315
7316,27
7317,2745
7317,4406
7318,3
7318,1679
7318,54
7319,5071
7319,27
7320,38
7320,2334
7321,2778
7321,54
7322,356
7322,4996
7323,1803
7324,192
7324,124
7324,1161
7324,821
7325,45
7325,10
7325,6701
7326,0
7326,206
7327,6233
7327,147
7327,6233
7328,7329
7328,3
7329,236
7329,13247
7330,398
7330,51
7330,27
7331,10
7333,308
7333,2
7333,649
7333,6191
7333,2
7333,937
7333,1271
7333,54
7334,2
7334,107
7334,1324
7335,54
7336,0
7336,1274
7337,10
7339,333
7339,12835
7339,3706
7339,2640
7341,10
7342,54
7343,909
7343,54
7343,7344
7345,54
7346,10
7346,27
7346,199
7347,1954
7347,1954
7347,195
7348,1954
7348,54
7348,1954
7348,1954
7348,438
7348,83
7348,346
7349,1954
7349,1954
7349,1954
7349,195
7349,741
7349,759
7349,10056
7349,504
7350,1954
7352,1954
7352,1954
7352,1954
7352,195
7353,257
7353,54
7354,407
7354,216
7354,54
7354,1882
7354,673
7355,2955
7355,4093
7355,54
7356,2870
7356,2
7357,1161
7357,10
7358,2
7358,672
7358,255
7358,51
7359,794
7359,1421
7359,1254
7359,137
7360,10
7360,389
7361,3069
7361,7362
7361,54
7361,116
7361,1254
7363,821
7364,1890
7364,54
7364,199
7365,807
7365,54
7365,495
7366,340
7366,2095
7366,1243
7366,7367
7366,40
7367,54
7367,27
7367,435
7367,9838
7368,742
7369,3289
7370,3
7370,288
7370,739
7370,120
7372,177
7372,1216
7372,196
7372,1837
7373,351
7373,10
7374,10
7375,2403
7375,2403
7375,27
7375,1882
7375,216
7376,10
7378,765
7378,2
7378,3
7378,2
7378,3
7378,3981
7378,5737
7378,2086
7378,2086
7381,2
7381,1090
7381,1243
7382,270
7382,3194
7383,27
7384,821
7385,1732
7386,591
7386,649
7387,2318
7387,22
7388,5005
7388,392
7388,54
7388,1324
7388,54
7389,3
7390,1047
7390,248
7390,1040
7390,1034
7390,7
7391,3426
7391,2640
7392,495
7392,4121
7392,120
7393,10
7394,281
7394,1047
7394,27
7395,467
7395,1344
7396,10
7396,10
7397,10
7397,106
7398,0
7398,1579
7398,6
7398,124
7398,1840
7398,34
7398,1296
7399,539
7399,0
7399,2376
7400,51
7400,821
7401,527
7401,682
7402,0
7402,10
7402,34
7402,1296
7403,27
7404,5490
7404,54
7404,1615
7405,61
7405,184
7405,27
7406,27
7406,10
7407,3305
7407,2256
7407,124
7407,7
7407,17
7407,2275
7408,10
7408,1199
7409,393
7409,2
7409,2616
7410,10
7411,1356
7411,3
7412,1044
7412,821
7412,1296
7413,54
7413,7414
7413,4684
7414,327
7414,54
7414,327
7415,54
7415,8641
7415,8641
7416,10
7416,202
7417,821
7418,2052
7418,54
7418,87
7418,7419
7418,1839
7419,2052
7419,1839
7419,7418
7420,54
7421,54
7422,694
7422,766
7422,674
7422,694
7423,2
7424,10
7424,1199
7425,1245
7425,3
7425,1578
7425,54
7426,92
7426,10
7427,236
7428,896
7428,54
7429,5190
7429,2
7429,594
7429,2282
7430,5562
7430,10
7431,640
7431,184
7431,27
7432,3586
7432,227
7432,4839
7433,10
7433,27
7433,556
7434,10
7434,27
7435,2
7435,720
7435,770
7435,1254
7436,2649
7436,1477
7436,54
7437,393
7438,1200
7438,2086
7439,288
7439,54
7440,54
7441,3532
7441,1172
7441,2
7441,674
7441,2
7441,7442
7441,3
7441,4830
7441,3
7441,4704
7441,2161
7442,3
7443,427
7443,54
7443,7444
7445,7446
7445,7447
7445,7448
7446,618
7446,54
7447,2432
7447,3
7448,3
7448,491
7449,327
7449,1224
7450,54
7451,2379
7451,3
7451,54
7452,150
7452,235
7452,6699
7452,1319
7452,2188
7453,3
7453,2
7453,54
7453,3
7454,107
7454,9925
7455,6122
7455,991
7455,2175
7455,3861
7456,10
7456,236
7457,10
7457,27
7457,7
7457,29
7457,28
7458,177
7458,184
7458,27
7458,10
7459,1045
7459,54
7460,1045
7461,1045
7461,54
7462,476
7462,54
7463,10
7463,205
7463,92
7464,960
7465,54
7465,594
7466,3568
7467,472
7467,4686
7468,180
7468,181
7468,821
7469,3254
7469,3255
7469,3256
7469,265
7469,264
7469,265
7469,264
7470,1509
7470,209
7470,3922
7471,2297
7471,2297
7471,243
7471,84
7471,356
7471,597
7472,7473
7472,2
7472,247
7472,54
7474,1073
7474,2
7475,3289
7475,2304
7476,1569
7476,10
7476,40
7476,1271
7477,236
7478,10
7479,943
7480,10
7480,27
7480,2048
7481,27
7481,4024
7482,10
7482,27
7483,10
7484,65
7484,13
7485,1256
7485,407
7485,184
7485,869
7486,27
7487,3365
7487,2
7487,3
7488,10
7489,27
7489,124
7490,874
7490,54
7490,3
7491,10
7492,1710
7493,291
7493,2
7493,945
7494,262
7494,4203
7495,65
7495,773
7495,262
7495,1860
7496,51
7496,27
7497,54
7498,216
7498,54
7499,28
7499,54
7499,1254
7500,288
7500,290
7500,5575
7501,10
7502,2862
7502,292
7503,960
7503,802
7503,80
7504,54
7505,104
7505,10
7505,1229
7506,10
7507,1234
7507,2856
7508,51
7508,821
7509,10
7510,1327
7510,649
7510,3457
7511,1059
7511,1215
7511,10
7511,40
7511,1296
7512,430
7512,2
7512,418
7513,418
7513,430
7513,124
7513,1296
7514,2313
7514,2086
7515,109
7515,110
7516,10
7516,2353
7516,1216
7516,10
7517,3
7518,265
7518,1479
7518,1205
7518,7174
7519,320
7519,320
7519,73
7520,647
7520,54
7521,774
7521,54
7522,747
7523,467
7523,467
7523,1344
7524,4715
7524,1073
7524,253
7524,2095
7524,34
7524,1296
7525,54
7526,3813
7526,10
7526,40
7527,2568
7528,271
7528,13022
7529,176
7529,10
7529,42
7529,92
7529,10
7529,991
7530,10
7530,0
7531,92
7531,1389
7531,28
7531,104
7531,10
7532,10
7532,1023
7533,10
7534,6075
7534,120
7534,1768
7534,1105
7534,7535
7534,6076
7534,7536
7535,6075
7535,120
7535,1768
7535,1105
7535,6076
7535,7534
7536,6075
7536,120
7536,1768
7536,1105
7536,7534
7536,6076
7536,8635
7537,10
7537,268
7538,92
7538,10
7538,2
7538,3
7538,3598
7538,7549
7538,7539
7539,4825
7539,3
7539,3
7539,2810
7539,2397
7539,2404
7539,1288
7539,1254
7539,3598
7540,181
7540,181
7540,821
7541,10
7541,106
7542,3959
7543,618
7543,368
7543,648
7544,45
7544,545
7544,27
7544,301
7545,180
7545,181
7545,51
7545,821
7545,821
7546,3
7546,3
7546,773
7546,1118
7546,1436
7546,184
7547,193
7547,10
7547,193
7547,10
7548,10
7549,2787
7549,86
7549,7538
7550,34
7550,10
7551,1805
7551,54
7552,821
7552,6666
7553,10
7553,106
7554,913
7554,893
7554,271
7555,10
7555,359
7555,3724
7556,27
7556,1769
7557,2
7558,42
7558,10
7559,1622
7559,54
7559,1169
7560,1328
7561,92
7561,0
7561,206
7561,2353
7562,1763
7562,434
7563,179
7563,0
7563,2183
7564,10
7564,120
7565,7566
7566,54
7566,3
7567,10
7567,389
7568,10
7568,179
7569,1378
7569,42
7569,92
7569,236
7569,786
7570,2
7570,5567
7571,2
7572,337
7572,10
7573,3430
7573,10
7574,1247
7574,54
7574,3328
7574,27
7575,382
7575,54
7576,2
7577,527
7577,474
7578,10
7579,1271
7580,2
7581,227
7581,54
7582,54
7583,305
7583,491
7584,10
7584,27
7584,1761
7584,1812
7584,2931
7585,1033
7585,1033
7585,3302
7585,3303
7585,3304
7585,1271
7586,2640
7586,4504
7587,7588
7587,2128
7588,1055
7588,3
7588,4276
7588,1963
7588,1952
7589,2517
7589,682
7589,995
7591,6416
7591,13
7592,1043
7592,2835
7592,772
7593,7594
7593,124
7593,7595
7593,28
7593,7596
7593,7597
7593,7598
7594,2
7594,3
7594,1600
7594,120
7594,124
7594,7595
7594,28
7594,7596
7594,54
7594,8447
7597,7594
7597,7595
7597,28
7597,7596
7597,7593
7598,7594
7598,124
7598,28
7598,7596
7598,7593
7599,117
7599,65
7599,7600
7600,305
7600,3400
7601,54
7602,1097
7602,3
7602,1829
7602,2332
7602,7
7602,17
7602,28
7602,199
7603,382
7603,54
7604,10
7605,10
7606,54
7606,256
7607,3541
7608,10
7608,0
7609,10
7609,106
7610,2517
7610,2
7610,3
7610,4871
7610,3201
7610,981
7610,3534
7610,15822
7610,11120
7611,2
7612,11
7612,27
7612,123
7612,1044
7613,125
7613,122
7613,95
7613,222
7613,27
7613,123
7613,1044
7613,14549
7614,1681
7614,1110
7615,496
7615,10
7616,2399
7616,54
7616,209
7617,27
7617,390
7617,10
7618,330
7619,235
7619,150
7620,6351
7620,270
7620,7033
7621,10
7621,27
7621,435
7622,1737
7622,51
7622,27
7622,513
7622,2972
7623,11
7623,27
7623,7624
7623,526
7624,11
7624,27
7624,429
7624,526
7624,7623
7625,774
7625,54
7626,1015
7626,1679
7627,288
7627,2
7627,7628
7627,7629
7627,7630
7627,2
7627,992
7627,2703
7627,2314
7627,1320
7627,1209
7628,3310
7628,2
7628,3298
7628,7370
7628,288
7628,2
7628,739
7628,6044
7629,6203
7629,2
7629,1045
7629,3310
7629,2
7629,10963
7630,3310
7630,3298
7630,9029
7630,7628
7630,7629
7630,6044
7630,11107
7631,2689
7631,54
7631,7632
7631,1223
7633,3
7633,54
7633,17
7634,2
7635,159
7635,4773
7635,347
7636,2
7636,738
7636,2
7636,331
7636,54
7637,5900
7637,606
7637,28
7638,2
7638,1324
7639,216
7639,54
7640,216
7640,54
7641,1510
7641,418
7641,2282
7641,418
7642,2
7643,1059
7643,51
7643,132
7643,398
7643,1024
7643,27
7643,301
7643,131
7643,1171
7644,7645
7644,347
7645,54
7645,209
7646,1716
7646,928
7647,10
7648,10
7648,27
7648,506
7649,42
7649,10
7650,2858
7650,574
7650,1128
7651,1189
7651,10
7652,51
7652,132
7652,51
7652,747
7653,821
7654,334
7654,357
7654,334
7654,10
7655,27
7656,187
7656,188
7656,0
7656,206
7657,1630
7658,7659
7658,54
7658,7660
7658,1655
7658,7661
7659,467
7659,392
7659,54
7659,392
7659,2
7659,292
7659,54
7659,13637
7660,7659
7660,54
7660,1655
7661,7659
7661,54
7661,1655
7661,16942
7662,1763
7663,1277
7663,1097
7663,2093
7663,2314
7663,1296
7663,1209
7663,1253
7664,10
7664,347
7664,28
7665,10
7665,28
7666,10
7666,347
7666,28
7667,2654
7667,54
7667,10
7667,1979
7668,92
7668,10
7669,2288
7669,54
7669,2288
7670,27
7670,0
7670,390
7670,143
7670,361
7670,10
7670,458
7670,479
7670,1079
7671,170
7672,2749
7672,54
7672,1037
7672,7673
7672,2751
7672,7674
7673,2749
7673,54
7673,1037
7673,8337
7673,2751
7673,7672
7674,2749
7674,54
7674,1037
7674,7672
7674,2751
7674,6369
7675,64
7675,64
7675,13
7676,6851
7677,170
7678,4517
7678,5975
7678,65
7678,54
7678,65
7678,170
7678,309
7679,2478
7679,236
7679,237
7679,28
7680,54
7680,7681
7680,170
7681,2
7682,5258
7682,170
7683,2453
7683,54
7683,199
7684,10
7684,27
7684,28
7685,92
7685,92
7685,28
7685,10
7686,86
7686,10
7686,1271
7687,4715
7687,606
7687,7096
7687,15498
7687,10414
7687,34
7687,1296
7688,7687
7688,551
7688,1987
7689,10
7690,51
7690,27
7690,429
7691,13
7692,10
7692,953
7693,5955
7693,83
7693,27
7694,27
7694,28
7695,10
7696,1671
7696,170
7696,199
7696,742
7697,27
7697,506
7698,10
7698,10
7698,1181
7699,10
7699,83
7699,199
7700,1782
7700,65
7700,1782
7700,13
7700,1110
7700,3302
7701,27
7701,2147
7702,27
7703,2
7703,4543
7703,4545
7703,4548
7703,2
7703,606
7703,2
7703,4544
7703,6578
7704,392
7704,467
7704,392
7704,1344
7705,170
7706,54
7707,935
7707,2
7707,970
7709,10
7709,193
7710,3541
7710,11
7710,27
7711,27
7711,1976
7711,4954
7712,356
7712,281
7712,281
7713,232
7713,10
7713,1436
7713,506
7713,10
7713,1361
7713,1209
7714,10
7715,674
7715,846
7715,3519
7715,3597
7716,6400
7716,6400
7716,13
7717,170
7718,210
7718,183
7718,1243
7718,73
7719,303
7719,10
7719,34
7719,27
7719,10
7719,1296
7720,10
7720,42
7721,2175
7722,10
7723,10
7723,27
7723,28
7724,170
7724,28
7725,270
7725,344
7725,2
7725,1344
7725,120
7725,124
7725,28
7726,6259
7726,6259
7726,429
7726,6261
7727,54
7727,114
7727,526
7728,2155
7728,931
7729,2089
7729,120
7730,2089
7730,120
7731,27
7731,54
7731,1296
7732,10
7733,1754
7733,54
7733,14665
7733,6610
7734,10
7735,54
7736,2
7737,618
7737,54
7738,54
7739,3
7739,7740
7739,583
7739,7741
7739,2161
7740,79
7740,7741
7740,7739
7740,2161
7741,3
7741,7739
7741,2161
7742,757
7742,7743
7742,1523
7742,441
7743,1523
7743,54
7744,151
7744,10
7744,3802
7745,10
7746,1417
7746,7747
7746,4657
7746,120
7747,476
7747,54
7748,2
7749,2602
7750,481
7750,2796
7750,1251
7750,116
7750,1209
7751,327
7751,124
7751,1159
7752,7753
7752,3
7754,6239
7755,16
7755,27
7755,73
7756,10
7757,7758
7757,27
7758,3544
7758,216
7758,7757
7759,2087
7760,10
7760,337
7761,5454
7761,54
7761,27
7761,1616
7762,1614
7762,10
7762,27
7763,27
7764,5202
7764,170
7765,38
7765,27
7765,979
7765,2581
7766,10
7767,10
7768,42
7768,10
7768,459
7768,1044
7769,10
7770,10
7771,0
7771,1296
7771,1199
7771,770
7772,5965
7772,54
7772,5964
7772,27
7772,120
7772,7773
7772,5965
7772,7774
7773,5965
7773,5964
7773,120
7773,5965
7773,7772
7774,5965
7774,5964
7774,120
7774,7772
7774,5965
7775,2963
7775,54
7776,180
7776,821
7777,5561
7777,5561
7777,170
7778,981
7778,3111
7779,10
7780,10
7781,922
7781,953
7781,10
7781,40
7782,865
7782,467
7782,392
7782,79
7782,557
7782,10
7783,202
7783,660
7783,10
7783,0
7783,7784
7783,10
7783,83
7783,506
7783,10
7784,10
7784,0
7785,2312
7785,3136
7785,6605
7785,1241
7786,27
7786,210
7787,10
7788,23
7788,327
7789,1079
7789,606
7790,10
7790,27
7791,2
7791,759
7791,2292
7791,2640
7793,3374
7793,513
7793,7794
7793,3373
7793,7795
7794,3374
7794,54
7794,513
7794,16475
7794,3373
7794,7793
7795,3374
7795,513
7795,7793
7795,3373
7795,14340
7796,551
7796,38
7797,2649
7797,1059
7797,10
7798,1712
7799,54
7800,3
7800,3
7802,2
7803,3466
7803,14703
7804,13
7805,3450
7805,6
7805,1600
7805,170
7806,4653
7807,10
7807,7146
7808,10
7808,2535
7809,10
7810,1678
7810,2959
7810,1678
7810,5888
7810,13
7810,5457
7811,1810
7812,7380
7812,54
7813,10
7814,73
7814,1696
7814,821
7815,10
7815,28
7816,757
7816,3853
7816,5725
7816,14959
7817,601
7818,10
7818,1080
7818,997
7819,54
7820,10
7820,1364
7820,73
7820,7
7821,6159
7821,27
7821,435
7822,370
7822,73
7822,1876
7823,356
7823,2297
7824,27
7824,92
7825,210
7825,1118
7825,980
7825,10
7827,10
7827,172
7828,370
7828,1045
7828,1118
7828,2294
7830,216
7830,54
7831,10
7831,188
7832,1042
7832,281
7833,92
7833,991
7833,821
7833,1296
7834,10
7834,193
7835,2604
7835,10
7835,120
7835,28
7836,27
7836,1769
7837,393
7838,27
7838,138
7839,7103
7839,288
7840,187
7840,188
7840,10
7840,27
7841,2964
7841,27
7841,2964
7841,2964
7842,320
7842,774
7842,965
7843,1248
7843,3
7843,7844
7845,10
7845,1565
7846,236
7847,1735
7847,1882
7847,513
7848,4878
7848,54
7848,4880
7848,7849
7849,4878
7849,54
7849,7848
7849,4880
7849,9960
7850,243
7850,27
7851,5258
7851,13
7852,10
7852,138
7852,979
7853,7854
7853,7855
7853,1888
7854,54
7855,8136
7855,1888
7855,7853
7856,1328
7856,1199
7857,236
7857,237
7857,10
7857,2353
7857,922
7858,170
7859,10
7859,27
7859,28
7860,10
7860,28
7861,2903
7861,3299
7862,10
7863,11
7863,10
7864,4901
7865,236
7865,236
7866,54
7866,7867
7867,216
7867,54
7868,65
7868,54
7868,4950
7868,4950
7868,199
7869,276
7869,2
7869,27
7869,54
7870,10
7871,132
7871,821
7871,1296
7872,170
7873,270
7873,1534
7874,27
7874,28
7874,7875
7875,27
7875,28
7875,7874
7876,10
7876,27
7876,347
7877,10
7877,27
7877,347
7878,10
7878,27
7878,1063
7878,7879
7879,27
7879,7878
7880,11
7880,27
7880,435
7881,10
7882,1732
7883,10
7883,239
7884,2086
7884,1811
7884,556
7885,10
7886,10
7887,270
7887,54
7888,630
7888,7889
7889,271
7890,10
7890,179
7891,1625
7891,54
7892,164
7893,10
7894,940
7894,1492
7895,467
7895,392
7895,116
7896,6483
7897,0
7897,30
7897,2207
7897,1797
7897,1448
7898,10
7898,27
7899,27
7899,301
7900,6067
7900,54
7900,677
7901,159
7902,545
7902,281
7903,2020
7903,1653
7904,10
7904,27
7904,979
7905,216
7905,54
7906,7907
7906,28
7907,107
7907,54
7907,28
7907,7906
7907,14079
7908,5019
7908,28
7909,10
7909,27
7909,434
7909,920
7910,54
7911,10
7911,42
7912,442
7912,95
7912,3
7912,4779
7912,7913
7914,3202
7914,2318
7914,552
7914,3
7914,281
7914,2524
7914,3503
7915,2
7915,271
7915,10043
7915,2282
7916,292
7916,54
7916,292
7917,1268
7917,2
7918,54
7919,10
7919,27
7919,28
7920,7921
7920,28
7921,1247
7921,3
7921,3994
7922,10
7923,1096
7923,184
7923,10
7923,85
7924,276
7924,54
7925,3267
7925,1324
7926,10
7927,10
7928,1342
7928,1118
7928,73
7928,506
7929,54
7930,0
7930,5090
7930,10
7931,132
7931,398
7931,821
7932,1392
7932,6821
7932,606
7933,10
7933,42
7934,51
7934,821
7934,1296
7934,1448
7935,30
7935,30
7935,2754
7935,10
7935,116
7935,1254
7936,1161
7936,10
7938,1614
7938,10
7938,27
7938,1856
7939,1122
7940,10672
7941,10
7942,13
7943,54
7943,209
7944,54
7944,209
7945,54
7945,209
7946,54
7946,209
7947,54
7947,209
7948,54
7948,209
7949,54
7949,209
7950,54
7950,209
7951,10
7952,89
7952,6
7952,170
7952,124
7952,89
7953,2272
7953,1417
7953,1501
7953,1615
7953,27
7953,1243
7954,10
7955,4622
7955,3
7955,2
7955,1324
7956,54
7956,3
7957,10
7957,361
7959,10
7959,10
7959,1324
7959,1271
7960,2272
7960,2636
7961,1277
7961,7962
7961,54
7961,2122
7961,7963
7964,253
7965,27
7965,301
7966,11
7966,821
7967,281
7968,399
7968,259
7968,142
7968,85
7968,105
7968,187
7968,30
7968,237
7968,92
7968,9
7968,206
7968,955
7968,172
7968,1079
7969,3583
7969,54
7969,65
7970,6333
7970,7971
7970,6334
7971,6333
7971,6334
7972,7973
7972,7973
7972,44
7972,7973
7973,745
7973,22
7973,54
7973,2193
7973,3935
7973,14909
7973,9570
7973,14910
7974,3289
7974,5587
7975,1671
7975,742
7976,10
7977,10
7977,199
7978,10
7979,4556
7979,13
7979,12758
7980,0
7980,460
7980,10
7980,7233
7980,1271
7980,2170
7981,324
7982,0
7983,10
7984,7985
7984,7986
7985,3273
7985,5548
7985,3
7985,3
7986,7985
7986,7984
7987,10
7988,54
7988,1254
7989,696
7990,10
7990,184
7991,1463
7991,807
7991,2
7991,807
7991,28
7993,10
7994,10
7995,280
7995,0
7995,460
7996,601
7996,54
7997,2027
7998,54
7999,6733
7999,54
7999,1655
8000,3374
8000,513
8000,3373
8000,8001
8001,3374
8001,513
8001,8000
8001,3373
8001,16475
8002,10
8003,257
8003,463
8004,1192
8004,86
8004,635
8004,0
8005,6353
8006,6733
8006,54
8006,8007
8006,1655
8006,8008
8007,6733
8007,54
8007,1655
8007,8006
8008,6733
8008,54
8008,8006
8008,1655
8008,11611
8009,2087
8010,601
8011,27
8011,484
8012,10
8012,27
8013,1069
8013,1069
8013,13
8013,264
8014,10
8015,2191
8015,1155
8015,269
8015,1059
8015,1155
8015,269
8016,92
8016,8017
8016,8018
8017,5085
8017,3603
8017,8016
8017,8018
8018,5085
8018,3603
8018,8016
8018,8017
8018,3
8018,4704
8019,27
8019,27
8020,821
8021,54
8022,10
8022,479
8023,10
8023,245
8024,27
8025,75
8025,821
8026,181
8026,821
8027,10
8028,10
8029,1165
8029,2191
8029,245
8029,10
8030,54
8031,10
8032,0
8032,30
8032,28
8033,1916
8033,2086
8033,1811
8034,1523
8034,54
8035,2
8035,618
8035,4507
8035,5468
8035,8036
8036,960
8036,2237
8036,12400
8036,10196
8036,5468
8037,10
8038,2
8038,3
8038,8039
8038,8040
8038,1670
8038,8041
8039,2
8039,3
8039,51
8039,54
8039,9452
8039,8038
8039,8040
8039,1670
8039,8041
8040,51
8041,51
8041,180
8041,181
8042,10
8043,10
8044,1002
8044,10
8044,10
8045,1247
8045,2
8046,2334
8046,969
8046,253
8047,10
8048,377
8048,10
8048,27
8048,73
8049,377
8049,2
8049,28
8050,10
8051,366
8051,95
8051,27
8051,813
8052,3254
8052,370
8052,2318
8052,5182
8053,10
8054,619
8054,2215
8055,265
8055,264
8055,1344
8056,54
8056,12502
8057,783
8057,54
8058,27
8059,821
8059,116
8059,1296
8060,10
8061,54
8062,3
8063,7681
8063,170
8063,3
8064,89
8064,94
8064,380
8064,27
8064,131
8066,3310
8066,3298
8066,236
8066,237
8066,8067
8067,270
8067,1007
8067,8066
8067,2703
8068,10
8069,2676
8069,940
8069,382
8069,54
8070,10
8071,3107
8071,8072
8071,3962
8071,1573
8071,4128
8071,3936
8072,3
8073,10
8074,865
8074,1344
8075,184
8075,10
8075,40
8076,27
8077,5067
8077,54
8077,13
8078,11
8078,27
8078,979
8079,20
8079,10
8080,6733
8080,54
8080,1655
8080,8081
8081,6733
8081,54
8081,8080
8081,1655
8082,7973
8083,10
8083,27
8083,942
8084,27
8085,6733
8085,54
8085,1655
8085,8086
8086,6733
8086,54
8086,8085
8086,1655
8086,16572
8087,54
8087,27
8087,921
8087,8088
8088,54
8088,27
8088,921
8089,6733
8089,54
8089,1655
8090,10
8091,10
8091,399
8091,239
8091,28
8092,2089
8092,124
8092,285
8092,8093
8093,2089
8093,124
8093,285
8093,8092
8094,10
8094,27
8094,942
8094,9773
8095,10
8096,27
8096,1900
8096,8097
8097,27
8097,8096
8098,10
8098,27
8099,6075
8099,120
8099,1768
8099,1105
8099,8100
8099,6076
8099,6485
8100,6075
8100,120
8100,1768
8100,1105
8100,6076
8101,6733
8101,54
8101,1655
8102,10
8102,10606
8103,10
8103,27
8103,378
8104,42
8104,92
8104,0
8104,557
8104,10
8104,1271
8104,1322
8105,10
8105,27
8105,4188
8105,920
8106,10
8106,27
8106,7
8107,10
8107,27
8107,1365
8108,10
8109,2
8109,40
8109,1271
8110,943
8110,54
8110,1655
8111,79
8111,3065
8111,6688
8111,28
8111,1296
8111,1320
8112,51
8112,27
8112,120
8112,435
8113,10
8113,389
8114,3962
8114,3
8114,5696
8114,4066
8115,0
8115,30
8116,10
8116,40
8117,88
8117,170
8118,399
8118,2183
8118,1
8118,2772
8118,6642
8118,472
8119,10
8119,27
8120,2
8121,10
8121,27
8121,995
8122,27
8122,916
8123,236
8123,237
8123,124
8124,8125
8125,266
8125,3
8126,10
8127,239
8127,170
8128,0
8129,27
8129,8130
8130,27
8130,8129
8131,881
8131,0
8132,10
8133,618
8133,1090
8133,2
8134,5066
8134,5067
8134,5069
8135,10
8136,266
8136,2
8136,3427
8136,5151
8136,289
8136,2
8136,54
8136,8137
8138,1245
8138,637
8138,831
8139,10
8140,54
8141,54
8141,2753
8142,54
8142,28
8142,1025
8142,2
8142,8143
8144,39
8144,10
8144,10
8145,2
8145,649
8145,75
8145,8146
8146,34
8146,27
8146,1181
8146,821
8146,8145
8147,86
8147,10
8147,10
8147,1324
8147,1271
8147,2170
8147,5457
8148,10
8149,10
8150,2
8150,184
8151,54
8151,83
8152,10
8153,1265
8153,601
8153,54
8153,444
8154,1414
8154,10
8155,2649
8155,1585
8155,3
8155,1234
8156,10
8157,550
8157,54
8158,504
8159,2869
8159,1248
8159,292
8159,1250
8159,3986
8159,3236
8160,54
8160,8161
8162,8
8162,10
8162,1361
8162,1118
8162,1296
8163,2
8164,2
8165,54
8166,467
8166,1344
8166,1344
8167,989
8168,8169
8168,8170
8169,8168
8169,54
8169,124
8169,104
8170,8168
8170,124
8170,8169
8171,467
8171,468
8171,7
8171,28
8171,1344
8172,1667
8172,65
8173,3
8173,79
8173,342
8173,171
8173,991
8173,8174
8174,1185
8174,1024
8174,27
8174,8173
8175,86
8175,10
8175,2344
8175,1253
8176,1305
8176,330
8176,264
8176,5767
8177,10
8177,27
8177,28
8178,281
8179,10
8180,54
8180,209
8181,54
8182,132
8182,821
8183,3
8183,1296
8184,821
8185,11428
8185,161
8186,327
8186,2
8187,54
8187,209
8188,716
8188,2
8188,637
8189,10
8190,7118
8190,292
8191,7050
8192,3
8192,3079
8192,8698
8192,14482
8192,13581
8192,8569
8192,14483
8193,1490
8193,846
8193,8194
8193,2745
8194,763
8194,2
8194,476
8194,2282
8195,3
8195,736
8195,7371
8195,1746
8195,40
8196,331
8196,937
8196,2282
8196,331
8197,1331
8197,45
8197,545
8197,10
8198,368
8198,54
8199,3316
8199,3316
8199,43
8199,42
8199,92
8199,10
8200,86
8200,280
8200,3557
8200,236
8200,10
8200,40
8200,1253
8201,264
8201,27
8202,3065
8202,1296
8202,1209
8203,0
8203,30
8203,1192
8203,1447
8203,1324
8203,1271
8204,2
8204,255
8204,1271
8204,1254
8205,8206
8206,216
8206,54
8207,181
8207,339
8207,27
8207,301
8208,1233
8208,981
8208,3
8209,4393
8209,991
8210,54
8211,3471
8211,446
8211,1233
8211,1265
8212,1766
8212,10
8213,11
8213,27
8213,979
8213,16487
8214,601
8214,54
8215,10
8215,10
8216,10
8216,13
8217,13
8218,356
8218,198
8218,124
8218,1722
8219,2285
8219,54
8220,3
8220,2864
8220,3
8221,2680
8221,1029
8221,110
8221,2844
8221,1234
8221,54
8221,8222
8221,8223
8223,2
8223,54
8224,3486
8224,1490
8224,5608
8224,8225
8225,8224
8225,54
8225,1941
8225,4899
8226,54
8227,54
8227,209
8228,472
8228,1246
8228,8229
8229,1207
8229,641
8229,472
8229,1320
8229,1199
8230,937
8230,54
8231,995
8231,821
8232,27
8232,8233
8233,635
8233,10
8233,0
8234,6150
8234,54
8234,10
8234,2994
8235,2086
8235,1296
8236,86
8236,86
8236,10
8236,116
8237,1010
8237,1097
8237,1209
8238,54
8238,209
8238,8187
8239,10
8240,54
8240,209
8241,10
8242,406
8242,757
8242,333
8242,8243
8243,2836
8243,2
8243,54
8243,8242
8244,10
8245,216
8245,54
8246,243
8246,13
8247,11
8247,27
8248,11
8248,27
8249,11
8249,27
8250,27
8251,216
8251,54
8251,65
8251,7708
8251,4471
8251,13527
8251,4510
8252,54
8252,209
8253,407
8253,216
8253,54
8253,1218
8253,8254
8253,2252
8255,10
8256,2
8256,840
8256,282
8257,10
8258,0
8258,28
8259,830
8259,1361
8259,2562
8259,1209
8260,10
8261,3
8261,54
8261,1171
8261,8262
8261,1566
8261,8263
8261,8264
8265,618
8265,1476
8265,1151
8265,313
8265,1624
8265,8266
8266,8265
8266,15294
8267,54
8268,54
8268,209
8270,204
8270,10
8271,5576
8271,2648
8271,216
8271,281
8271,216
8271,184
8272,2
8273,3706
8273,2640
8274,3
8274,551
8274,1052
8274,1098
8275,802
8275,54
8276,1442
8276,1034
8276,2844
8276,1234
8276,65
8276,8285
8277,2
8277,3
8277,54
8277,3048
8278,3558
8278,4026
8278,1553
8278,2441
8278,218
8278,184
8278,923
8278,673
8278,1171
8278,923
8279,65
8279,632
8279,289
8279,2
8280,6357
8281,28
8281,2
8282,2
8284,1165
8284,39
8284,10
8284,73
8284,10
8284,1296
8285,54
8286,54
8288,54
8289,2288
8289,54
8289,209
8289,2288
8290,54
8290,209
8291,1584
8291,2378
8292,2
8293,54
8294,3381
8294,662
8294,216
8295,578
8295,216
8295,54
8295,578
8296,2661
8296,1509
8296,209
8296,370
8296,1941
8296,2294
8297,13691
8297,83
8298,65
8298,83
8299,690
8299,5625
8300,3
8300,54
8300,8301
8301,1073
8301,313
8301,54
8301,8300
8302,344
8302,2
8302,124
8302,2
8302,1296
8303,1674
8303,255
8304,54
8304,209
8305,368
8305,54
8306,92
8306,10
8307,10
8309,1716
8309,6820
8310,4
8310,68
8310,115
8310,54
8310,27
8310,301
8310,4358
8311,10
8311,27
8311,4188
8311,920
8312,1763
8312,434
8313,3289
8313,7475
8313,3289
8313,2304
8314,54
8314,8315
8314,8316
8317,3301
8317,7585
8317,54
8319,10
8320,356
8320,12101
8320,272
8320,3738
8320,2640
8320,1324
8321,10
8321,0
8321,1733
8322,27
8323,51
8323,412
8323,27
8323,979
8324,54
8324,1333
8324,1243
8324,54
8324,8325
8324,116
8324,8326
8324,1243
8327,2
8327,8328
8327,8329
8328,2
8328,73
8328,8327
8329,2
8329,8327
8330,7921
8330,54
8330,27
8330,28
8330,8331
8331,7921
8331,28
8331,8330
8332,8333
8332,1037
8333,256
8333,2592
8333,1044
8333,2489
8334,370
8334,1296
8334,1448
8335,2865
8335,10
8335,27
8335,513
8336,2542
8337,2749
8337,54
8337,1037
8337,8385
8337,2751
8337,7673
8338,1737
8338,51
8338,27
8338,513
8339,10
8339,27
8339,513
8339,1037
8339,199
8340,10
8340,27
8340,7
8340,28
8341,1710
8342,178
8342,1009
8342,170
8342,28
8342,1296
8342,1448
8343,11
8343,27
8343,7
8344,6159
8344,54
8344,27
8344,435
8344,8345
8344,8346
8346,6159
8346,54
8346,27
8346,435
8346,8344
8346,8345
8346,11295
8347,10
8347,1296
8347,1271
8348,6113
8348,10
8348,27
8348,28
8348,6114
8349,7563
8349,10
8349,27
8349,28
8350,10
8350,27
8350,513
8350,8389
8350,916
8351,27
8351,8130
8352,10
8352,2170
8353,16
8353,27
8354,280
8354,27
8354,435
8355,302
8355,0
8355,868
8355,10
8356,111
8356,1266
8356,27
8357,10
8357,27
8357,942
8358,10
8358,27
8358,942
8359,10
8360,288
8360,54
8361,635
8361,398
8361,821
8361,8362
8361,821
8362,744
8362,209
8362,821
8362,8361
8363,6760
8363,3
8364,27
8365,10
8366,2087
8367,10
8367,27
8367,28
8368,3961
8368,368
8368,1159
8369,8368
8369,10
8369,435
8369,1773
8370,1831
8370,1584
8370,17
8370,8371
8370,8372
8370,8373
8371,1831
8371,54
8371,27
8371,1584
8371,17
8371,16413
8371,8372
8371,8370
8372,1831
8373,1831
8373,1584
8373,17
8373,8370
8373,8372
8373,16345
8374,10
8374,27
8374,1224
8375,54
8375,8376
8375,28
8375,27
8376,2
8376,255
8376,124
8376,1023
8376,28
8376,54
8377,1831
8377,1584
8377,17
8377,8378
8377,8372
8378,1831
8378,54
8378,27
8378,1584
8378,17
8378,16474
8378,8372
8378,8377
8379,324
8380,2749
8380,54
8380,1037
8380,8381
8380,2751
8380,8382
8381,2749
8381,54
8381,1037
8381,11151
8381,2751
8381,8380
8382,2749
8382,54
8382,1037
8382,8380
8382,2751
8382,10761
8383,10
8383,27
8383,1044
8383,1037
8383,8384
8384,10
8384,27
8384,1044
8384,1037
8384,8383
8385,2749
8385,54
8385,1037
8385,8386
8385,2751
8385,8337
8386,2749
8386,54
8386,1037
8386,17004
8386,2751
8386,8385
8387,8388
8388,3
8388,4480
8388,13183
8389,10
8389,27
8389,513
8389,916
8389,8350
8390,10
8390,27
8390,8391
8391,10
8391,27
8391,8390
8392,1806
8392,54
8392,1044
8392,8393
8392,8394
8393,1806
8393,17
8393,8392
8394,1806
8394,54
8394,1044
8394,8392
8394,2004
8395,1831
8395,54
8395,27
8395,1584
8395,17
8395,8396
8395,8397
8396,1831
8396,54
8396,27
8396,1584
8396,17
8396,16935
8396,8395
8397,1831
8397,54
8397,27
8397,1584
8397,17
8397,8395
8398,3814
8398,1991
8399,45
8399,54
8399,3717
8399,84
8399,195
8399,1584
8399,825
8400,1625
8400,392
8400,27
8400,979
8401,2085
8402,552
8403,7380
8403,54
8403,1037
8403,8404
8404,7380
8404,54
8404,10713
8404,8403
8405,10
8405,27
8405,953
8406,2749
8406,54
8406,1037
8406,2752
8406,2751
8406,14865
8407,10
8407,27
8407,1584
8407,1759
8408,2993
8408,54
8408,17
8409,4878
8409,54
8409,27
8409,1044
8409,8410
8409,4880
8409,8411
8410,4878
8410,54
8410,9476
8410,4880
8410,8409
8411,4878
8411,54
8411,8409
8411,4880
8411,4932
8412,1319
8413,2510
8414,27
8414,1769
8415,4878
8415,54
8415,8416
8415,4880
8415,8417
8416,4878
8416,54
8416,14450
8416,4880
8416,8415
8417,4878
8417,54
8417,8415
8417,4880
8417,14455
8418,8419
8418,28
8419,2230
8419,4516
8419,54
8419,476
8419,124
8419,28
8419,1365
8419,1296
8420,10
8421,27
8421,1079
8422,10
8423,367
8423,368
8423,2282
8424,489
8424,1266
8424,10
8424,8425
8425,953
8425,27
8425,10
8425,8424
8426,10
8426,120
8427,10
8428,10
8429,821
8430,10
8431,10
8432,821
8433,10
8433,4529
8434,10
8434,27
8434,2902
8435,10
8435,27
8435,7
8435,9886
8436,10
8436,27
8436,73
8436,920
8437,27
8437,435
8437,1768
8438,65
8439,2
8440,10
8441,10
8441,27
8441,1063
8442,3708
8442,271
8442,1877
8442,7
8442,28
8442,199
8442,1888
8442,4504
8443,10
8444,2089
8444,124
8445,54
8445,13
8445,27
8445,6624
8445,6624
8446,10
8446,27
8446,435
8447,7594
8447,124
8447,7595
8447,7596
8448,216
8448,54
8448,4320
8449,10
8449,172
8450,10
8451,1766
8451,10
8452,506
8452,27
8452,506
8453,7970
8453,6333
8453,8454
8453,8455
8453,8456
8453,6334
8453,7971
8454,6333
8454,6334
8455,6333
8455,12434
8456,6333
8456,333
8456,6334
8457,606
8457,54
8458,2292
8458,331
8458,327
8459,2191
8459,3138
8459,3138
8460,8368
8460,10
8460,27
8460,124
8460,1773
8461,51
8461,821
8461,821
8462,10
8462,10
8462,10
8463,13
8464,481
8464,2184
8464,3
8464,54
8465,27
8466,10
8466,27
8466,979
8467,1718
8468,2285
8468,216
8468,54
8469,0
8469,30
8469,22
8469,1181
8469,22
8469,5204
8470,2
8470,3699
8470,3
8470,597
8470,2
8470,1473
8470,597
8470,564
8470,401
8471,0
8472,331
8472,1000
8472,1201
8473,8125
8474,180
8474,181
8474,821
8475,34
8475,2086
8476,89
8476,89
8476,721
8476,89
8477,2
8477,54
8478,821
8479,821
8480,10
8481,2967
8481,281
8482,148
8482,10
8483,51
8483,821
8483,4067
8484,6526
8484,10
8485,2693
8485,10
8485,27
8485,138
8485,10
8485,1199
8486,10
8487,3426
8487,2640
8488,3586
8488,441
8488,3
8488,3842
8488,1234
8489,8490
8489,425
8489,73
8489,209
8490,313
8490,54
8491,85
8491,86
8491,1344
8492,8493
8492,407
8492,1044
8492,54
8494,180
8494,181
8494,51
8494,180
8494,181
8494,821
8495,10
8496,51
8496,4
8496,54
8496,51
8497,10
8497,199
8497,27
8497,1296
8498,10
8499,10
8499,239
8499,28
8500,313
8500,54
8501,54
8502,10
8503,54
8504,855
8504,2
8504,73
8504,1296
8505,265
8505,511
8506,4593
8506,3
8506,8507
8507,8506
8508,54
8509,922
8510,2
8511,216
8511,54
8512,2515
8512,632
8512,2
8512,3824
8512,54
8513,10
8514,9501
8514,13
8515,2
8515,3201
8515,3
8515,1243
8515,1285
8516,54
8517,27
8517,301
8517,1844
8517,1844
8518,10
8518,27
8518,995
8518,8519
8519,10
8519,27
8519,995
8519,8518
8520,1554
8520,216
8521,10
8521,27
8522,27
8523,7249
8524,10
8525,265
8525,264
8525,1438
8526,27
8527,720
8527,367
8528,3
8528,9939
8528,6056
8529,0
8529,0
8529,460
8529,1296
8529,1324
8529,1199
8529,2412
8530,1387
8530,10
8531,841
8531,10
8531,40
8531,1209
8532,8533
8532,1888
8533,54
8534,38
8534,692
8534,48
8535,27
8535,886
8536,27
8536,378
8537,27
8537,8538
8537,8539
8538,27
8538,8537
8539,27
8539,8537
8540,676
8540,10
8540,27
8541,4130
8541,2289
8541,54
8541,4130
8541,2289
8541,54
8541,54
8541,1209
8541,8515
8541,8542
8541,8543
8542,1209
8542,8541
8544,10
8544,4529
8544,1271
8545,27
8545,183
8546,170
8546,16221
8546,8546
8547,1732
8547,265
8547,370
8547,1083
8547,1217
8547,407
8547,3
8547,159
8547,1046
8547,892
8547,720
8547,3147
8548,135
8548,0
8548,30
8549,573
8550,27
8550,7707
8551,7306
8552,2512
8552,54
8552,27
8552,28
8553,11
8553,27
8553,979
8554,2005
8554,65
8555,1248
8555,441
8556,51
8556,821
8557,10
8558,1059
8558,1185
8558,2215
8558,619
8558,635
8558,877
8558,2734
8559,1259
8559,1247
8559,3
8559,5877
8559,1296
8561,0
8562,0
8562,821
8563,757
8563,3220
8563,459
8564,2
8564,476
8564,821
8565,54
8567,1526
8567,34
8568,1426
8568,3
8568,3
8568,612
8570,10
8571,2005
8571,65
8571,2
8571,3
8571,54
8572,4418
8572,2248
8572,54
8572,8573
8572,54
8573,4
8573,593
8573,2
8573,3
8573,8572
8574,4267
8574,92
8574,10
8576,95
8576,27
8576,2592
8576,3119
8577,10
8578,821
8579,10
8580,10
8581,0
8581,10
8581,10
8582,10
8583,370
8583,209
8583,1941
8583,1941
8584,85
8584,4049
8584,1336
8585,10
8585,120
8586,10
8586,104
8587,2
8587,896
8587,95
8587,95
8588,1234
8588,1392
8588,574
8588,5395
8588,8472
8588,8589
8588,307
8588,3
8588,54
8588,8590
8590,281
8590,5395
8590,8472
8590,8589
8590,6884
8590,2397
8590,429
8590,10842
8591,2604
8591,105
8591,106
8591,1181
8591,821
8592,356
8593,8594
8593,1584
8593,285
8594,1034
8594,981
8594,3
8594,1243
8594,6765
8594,8593
8594,6766
8594,10469
8594,9004
8595,7985
8595,65
8595,182
8595,65
8595,7985
8596,3099
8596,979
8597,764
8597,774
8597,29
8598,3166
8598,0
8598,11753
8598,47
8598,1329
8598,1257
8598,1192
8599,8600
8599,8600
8599,13
8599,8600
8600,0
8600,206
8600,0
8600,3281
8600,1192
8601,954
8601,949
8601,10510
8601,780
8601,2378
8602,2
8603,3
8603,556
8604,3761
8604,382
8604,3
8604,1417
8604,3048
8604,8605
8605,2832
8605,451
8605,155
8605,54
8606,216
8606,54
8607,2321
8608,259
8608,2796
8609,2796
8610,10
8610,10
8611,2
8611,253
8611,1000
8612,329
8612,170
8612,83
8613,2267
8613,1248
8613,331
8613,937
8613,218
8613,183
8613,27
8613,11510
8613,14259
8613,40
8613,11765
8614,8615
8615,54
8615,15917
8616,2
8616,3
8616,2945
8617,5557
8617,276
8617,473
8617,3
8617,5480
8617,1060
8618,1754
8618,54
8618,378
8619,1871
8619,1870
8619,8620
8620,1871
8620,8648
8621,459
8621,170
8622,1661
8622,10
8622,1044
8623,8806
8623,10
8623,27
8623,995
8624,313
8624,54
8625,2763
8625,1259
8625,2
8625,3
8625,10572
8625,14489
8625,1296
8626,54
8626,280
8626,8627
8626,1784
8626,1362
8626,27
8627,10
8627,40
8627,2562
8627,116
8628,27
8629,45
8629,6060
8629,288
8629,2601
8629,83
8629,924
8629,1324
8630,27
8631,27
8632,288
8632,54
8633,54
8634,6075
8634,120
8634,1768
8634,1105
8634,8635
8634,6076
8634,8636
8635,6075
8635,120
8635,1768
8635,1105
8635,7536
8635,6076
8635,8634
8636,6075
8636,1105
8636,8634
8636,6076
8637,27
8637,28
8638,10
8639,10
8640,156
8640,2835
8640,116
8641,545
8642,10
8642,5734
8643,10
8643,28
8644,414
8644,407
8644,1256
8645,27
8645,34
8646,10
8646,1682
8647,1871
8647,8648
8647,8649
8648,1871
8648,8620
8648,8647
8649,1871
8649,8647
8650,149
8650,2278
8651,10
8651,27
8652,2167
8653,1763
8654,7663
8654,65
8655,1665
8656,27
8656,8657
8657,807
8657,936
8657,1296
8658,10
8658,359
8659,8660
8659,11
8659,27
8659,104
8659,1627
8660,150
8660,235
8660,73
8660,8659
8660,796
8660,1254
8660,61
8660,2973
8660,2319
8661,3
8661,17
8661,1587
8662,5536
8662,10
8662,27
8662,435
8662,5536
8663,3472
8663,120
8663,2188
8664,10
8664,1169
8664,1616
8665,2089
8665,120
8665,1627
8666,11
8666,355
8666,238
8666,1319
8666,821
8666,1319
8666,821
8667,2
8668,721
8669,2318
8670,10
8671,2419
8671,2333
8672,190
8672,13
8673,10
8673,27
8674,54
8675,176
8675,0
8675,2183
8676,596
8676,3
8676,3330
8677,922
8677,10
8677,8678
8677,176
8678,8677
8678,10
8678,27
8678,922
8679,578
8679,216
8679,54
8679,578
8680,1458
8680,601
8681,557
8681,0
8681,30
8682,6654
8682,54
8682,27
8682,347
8682,1627
8683,132
8683,120
8683,73
8683,821
8684,5469
8684,2086
8684,199
8684,12609
8684,1655
8685,13
8685,6612
8686,44
8686,5792
8687,8688
8687,8688
8687,120
8688,255
8688,3
8688,1243
8688,14903
8688,14904
8689,10
8689,27
8689,170
8689,526
8690,10
8690,120
8691,10
8691,120
8692,10
8692,399
8693,2624
8693,0
8693,206
8693,206
8693,1296
8693,1448
8694,8695
8694,1561
8694,184
8694,920
8695,54
8695,210
8695,1152
8695,183
8696,10
8696,27
8696,28
8697,8192
8697,8698
8698,8192
8698,13581
8698,8697
8699,1782
8699,65
8700,2289
8700,5584
8700,34
8701,10
8702,10
8703,10
8704,51
8704,821
8705,4576
8705,388
8705,960
8705,2
8705,27
8706,10
8707,10
8707,106
8708,356
8709,264
8709,54
8709,894
8710,10
8711,1245
8711,7887
8711,649
8711,597
8711,2703
8711,1243
8711,1223
8711,40
8711,2933
8711,210
8711,3353
8712,370
8712,209
8712,54
8712,8713
8712,54
8713,1608
8713,5130
8713,637
8713,862
8713,1110
8713,618
8713,1254
8713,6277
8713,10527
8713,8712
8714,821
8715,216
8715,54
8716,11
8716,150
8716,235
8716,2
8716,356
8716,1832
8716,3684
8716,1313
8716,3760
8716,1303
8716,1241
8717,132
8717,821
8718,2
8718,2
8718,3090
8718,152
8719,2
8719,2248
8719,132
8719,398
8719,821
8719,54
8719,924
8719,2393
8719,2447
8720,54
8721,150
8721,235
8721,150
8721,235
8721,1319
8721,116
8721,1254
8722,376
8722,3
8723,10
8724,7830
8724,216
8724,54
8724,673
8724,8725
8724,673
8726,216
8726,54
8727,701
8727,1045
8727,2760
8727,618
8727,2649
8728,216
8728,54
8728,696
8728,28
8729,54
8730,10
8730,991
8730,10
8731,10
8732,10
8732,1199
8733,468
8733,2286
8733,2838
8734,10
8734,438
8734,170
8735,821
8736,10
8737,106
8737,30
8737,2624
8738,10
8739,10
8739,1696
8740,27
8741,10
8741,27
8741,28
8742,5625
8742,8722
8743,0
8743,206
8744,257
8744,2
8744,2618
8744,2086
8744,2086
8744,8745
8744,393
8745,257
8745,2
8745,2086
8745,2086
8746,5093
8746,1102
8747,27
8748,388
8748,2602
8748,1324
8749,3289
8750,2
8751,0
8751,73
8751,506
8752,10
8753,42
8753,236
8753,832
8754,649
8755,2014
8755,54
8755,1979
8756,1585
8756,6034
8756,0
8756,30
8756,1296
8756,1324
8756,1209
8756,2344
8756,1253
8757,170
8758,1492
8758,574
8758,2
8758,583
8759,8
8759,9
8759,0
8759,30
8760,824
8760,763
8760,54
8761,2602
8762,3
8762,2
8762,2
8763,574
8763,8764
8763,3
8763,3686
8763,54
8763,8765
8763,1291
8763,7377
8763,8766
8763,8767
8764,54
8768,10
8768,0
8769,54
8770,4271
8770,4271
8771,493
8771,1468
8771,313
8772,10
8773,467
8773,3
8774,54
8775,3805
8775,292
8776,10
8776,389
8776,10
8776,34
8776,10
8776,1296
8777,8778
8777,2281
8777,54
8777,79
8777,8779
8777,1291
8777,79
8780,1192
8780,1286
8780,10
8780,10
8780,8781
8781,46
8781,10
8781,10
8781,8780
8782,54
8782,1254
8782,173
8783,3
8783,73
8783,8784
8785,281
8785,674
8785,34
8786,10
8787,821
8787,2562
8788,3231
8788,8789
8788,8790
8788,6507
8789,1174
8789,2
8789,110
8790,54
8791,1029
8791,1477
8791,618
8791,979
8791,511
8791,1296
8791,1477
8792,914
8792,2576
8792,914
8793,10
8794,2
8794,5099
8795,54
8796,85
8796,86
8796,10
8796,85
8796,86
8796,10
8797,591
8797,649
8797,591
8797,1254
8798,3
8798,2
8798,54
8798,3861
8798,54
8799,767
8799,1243
8800,10
8800,435
8801,1256
8801,2644
8801,407
8802,2
8802,110
8803,5454
8803,27
8804,27
8805,10
8805,27
8805,513
8805,403
8806,2680
8806,2
8806,227
8806,682
8806,79
8806,15377
8806,2
8806,605
8806,1535
8806,15141
8806,79
8806,210
8806,124
8806,870
8806,3734
8806,1296
8807,27
8807,1769
8808,54
8808,970
8809,10
8809,3954
8810,10
8811,5114
8811,1790
8811,28
8811,65
8812,10
8812,1199
8813,51
8813,27
8813,979
8813,113
8814,132
8814,821
8815,10
8816,742
8816,2518
8816,1152
8816,116
8816,770
8817,10
8818,132
8818,821
8819,1245
8819,3
8820,10
8821,10
8822,1769
8822,1769
8823,5363
8824,42
8824,92
8824,0
8824,2717
8825,10
8826,10
8826,27
8827,10
8827,337
8828,5594
8828,54
8828,13
8829,616
8829,708
8829,616
8829,2703
8829,2565
8830,27
8831,2232
8831,11203
8831,14513
8831,14514
8831,14515
8831,9310
8832,7973
8833,27
8834,1666
8834,2086
8834,1194
8834,5774
8835,10
8836,10
8836,232
8837,1732
8838,10
8838,1322
8838,1181
8838,1271
8838,2170
8839,2491
8839,392
8839,7
8840,2491
8840,1448
8841,12289
8841,282
8842,65
8842,2491
8843,1024
8843,27
8844,2491
8845,1587
8845,2491
8846,27
8847,3
8847,2493
8848,2491
8849,10
8850,1161
8850,663
8850,10
8851,10
8851,27
8851,1224
8852,10
8852,1161
8853,5036
8853,27
8854,8855
8854,54
8854,199
8854,1620
8856,11
8856,27
8856,120
8856,6849
8857,10
8857,870
8857,28
8858,10
8858,27
8858,995
8858,1773
8858,8859
8859,10
8859,27
8859,995
8859,8858
8859,1773
8859,16122
8860,10
8860,27
8860,435
8860,5553
8861,753
8861,6348
8861,2294
8862,10
8862,27
8862,1037
8862,526
8863,8864
8863,54
8863,1224
8863,8865
8864,2
8865,8864
8865,1224
8865,8863
8866,10
8866,8867
8867,10
8867,347
8867,979
8867,8866
8868,8629
8868,3
8869,10
8869,27
8869,7
8870,10
8870,27
8870,7
8871,2
8871,526
8872,1807
8872,5839
8872,10
8872,27
8872,28
8873,2
8873,124
8873,28
8873,1319
8874,10
8874,27
8874,28
8875,10
8875,27
8875,979
8876,27
8877,10
8877,27
8877,979
8877,8878
8878,10
8878,27
8878,979
8878,8877
8879,11
8879,27
8879,979
8880,10
8880,27
8880,1877
8880,15805
8881,10675
8881,54
8882,8883
8882,13
8883,292
8883,2862
8884,2487
8885,1127
8885,574
8886,10
8887,10
8887,27
8887,435
8888,1671
8888,742
8889,27
8889,8125
8890,398
8890,3676
8890,3677
8890,3678
8891,1737
8891,51
8891,27
8891,513
8891,8892
8892,1737
8892,51
8892,27
8892,513
8892,8891
8893,10
8894,10
8894,120
8896,763
8897,10
8898,133
8898,10
8899,3
8899,2507
8899,3
8899,3748
8900,51
8900,184
8900,10
8901,5612
8901,9889
8901,2739
8903,38
8903,1060
8903,173
8903,1254
8903,1238
8904,10
8904,27
8904,28
8905,1091
8905,3
8905,2282
8906,896
8906,54
8907,1779
8908,8909
8908,54
8908,1839
8909,3532
8909,3
8909,1206
8909,3678
8910,1256
8910,1243
8910,673
8910,116
8910,28
8912,10
8912,10
8912,124
8912,1181
8913,10
8914,3
8914,2
8914,3
8914,9158
8916,2746
8917,280
8917,27
8917,1044
8918,1243
8918,821
8919,6159
8919,54
8919,27
8919,124
8919,979
8919,8345
8919,8920
8920,6159
8920,54
8920,27
8920,2902
8920,8919
8920,8345
8921,10
8921,267
8922,11
8922,27
8923,1971
8923,1811
8924,10
8925,10
8926,27
8927,10
8927,2458
8928,7340
8928,13695
8928,2
8928,8902
8928,54
8928,54
8928,1417
8928,13696
8928,13697
8929,7436
8929,10
8929,27
8929,1436
8930,27
8930,513
8931,3016
8931,83
8931,10
8932,1047
8932,10660
8932,251
8932,1168
8933,441
8933,3
8933,6092
8933,288
8933,290
8933,1774
8933,6785
8934,8935
8934,1866
8935,552
8935,3
8935,7603
8935,382
8935,1866
8935,6006
8935,12388
8935,1324
8935,12389
8935,6501
8935,2020
8935,12390
8936,10
8936,1448
8937,216
8937,6705
8937,216
8937,1168
8938,2196
8938,391
8938,3
8938,1866
8939,1344
8939,1209
8940,10
8941,1059
8941,27
8941,280
8941,1199
8942,3
8942,1174
8943,2
8943,1018
8943,574
8943,6999
8943,2
8943,2049
8943,199
8943,2989
8943,1296
8943,2344
8944,3076
8944,682
8944,8157
8944,5712
8945,4233
8945,10
8946,3565
8947,10
8948,54
8949,54
8950,10
8950,0
8951,132
8951,398
8951,105
8951,106
8951,821
8952,637
8953,10
8953,27
8953,120
8954,10
8955,10
8955,40
8956,2
8956,5127
8956,1205
8956,1296
8956,8957
8956,8958
8956,288
8956,2
8956,7197
8957,3
8957,3565
8957,3
8957,3565
8957,8958
8958,258
8958,2
8958,8957
8959,1233
8959,1010
8959,574
8959,808
8959,1342
8959,511
8960,2
8960,132
8960,398
8960,821
8961,2
8961,3
8961,2
8961,8962
8961,396
8961,8963
8964,10
8964,361
8965,253
8965,3223
8965,618
8965,8966
8965,8967
8966,618
8966,54
8966,2578
8967,3232
8968,132
8968,75
8968,27
8968,3134
8968,821
8969,303
8969,10
8969,361
8969,10
8970,124
8970,28
8970,10
8971,967
8971,282
8971,8726
8971,1361
8972,54
8973,10
8973,27
8973,28
8974,89
8974,89
8974,28
8974,721
8974,1296
8975,560
8975,89
8975,560
8975,721
8975,721
8976,2
8977,10
8977,27
8977,1224
8978,54
8979,65
8980,0
8980,10
8980,1296
8981,10
8981,27
8981,1584
8981,8982
8982,10
8982,1584
8983,45
8983,54
8983,1686
8984,10
8984,170
8985,10
8985,27
8985,995
8986,3325
8987,139
8987,1079
8987,1238
8987,61
8988,292
8988,54
8988,791
8989,8990
8989,1683
8990,54
8990,768
8990,1571
8990,9357
8991,54
8991,324
8991,2732
8992,10
8992,479
8993,27
8994,1256
8994,696
8995,535
8995,11
8995,28
8995,1319
8996,8125
8997,8125
8998,1259
8998,1594
8998,1248
8998,4832
8998,4714
8998,9456
8998,54
8998,15055
8999,10
9000,0
9001,0
9001,2213
9001,1592
9002,10
9003,10
9004,54
9005,42
9005,170
9005,124
9005,7
9006,54
9007,10
9008,10
9009,54
9010,10
9010,4057
9010,8
9011,13
9011,482
9011,0
9011,30
9012,0
9012,206
9013,606
9013,2
9013,54
9014,647
9014,54
9015,10
9016,266
9016,2
9016,1209
9017,2
9018,10
9019,3157
9019,2999
9019,649
9019,3
9019,1010
9019,1044
9019,1584
9019,17
9020,279
9020,132
9020,398
9020,821
9021,5502
9021,227
9021,3330
9022,10
9022,151
9022,1194
9023,10
9024,6056
9024,8528
9025,1732
9025,28
9025,9813
9026,1744
9026,27
9026,73
9027,3
9027,3475
9027,594
9027,11602
9028,2
9029,54
9030,991
9030,27
9030,10
9031,2
9031,649
9031,3806
9031,2
9031,3
9031,1033
9031,9032
9032,2318
9032,1073
9032,2
9032,292
9032,79
9032,2
9032,774
9032,54
9032,9031
9033,10
9034,10
9035,10
9036,10
9036,10
9036,10
9037,10
9038,742
9038,9039
9039,2649
9039,313
9039,742
9039,596
9039,1234
9039,9038
9039,15651
9040,3
9040,79
9041,10
9042,913
9042,54
9042,913
9043,393
9043,3365
9044,3597
9044,698
9044,79
9044,51
9044,132
9044,398
9045,9046
9045,718
9045,3
9045,4470
9045,4431
9045,2635
9045,9047
9047,2
9047,4470
9048,265
9048,544
9048,391
9049,2
9049,701
9049,2
9049,1045
9049,4301
9049,6149
9050,1245
9050,3
9050,1234
9050,5061
9050,9051
9052,880
9052,12279
9052,1285
9053,1426
9053,2292
9053,327
9053,2245
9053,2336
9053,555
9054,305
9055,3
9056,649
9056,284
9057,10
9057,10
9057,1209
9058,10
9058,73
9058,183
9058,1876
9058,10
9059,54
9060,299
9060,2179
9061,5384
9061,199
9061,10118
9061,677
9062,299
9062,2179
9063,237
9064,6158
9064,170
9065,132
9065,132
9065,398
9065,821
9066,10
9067,27
9067,39
9068,3
9068,2
9069,1201
9069,1067
9069,1234
9070,10
9070,3007
9071,3
9071,333
9072,27
9072,54
9073,2
9074,3415
9074,6358
9074,2
9074,1209
9074,9075
9075,288
9075,54
9076,227
9076,5636
9076,73
9076,1406
9076,1296
9076,1324
9077,693
9077,270
9077,5490
9077,1065
9077,3
9078,2
9079,10
9080,227
9080,54
9081,10
9081,18
9082,10
9083,467
9083,1344
9083,1344
9084,1438
9084,544
9084,392
9084,281
9084,216
9084,1344
9084,1285
9085,2
9085,574
9085,1128
9085,1168
9086,10
9086,104
9086,1296
9087,2763
9087,276
9087,702
9087,2
9087,218
9087,27
9087,54
9087,4047
9087,1171
9088,54
9088,209
9089,3701
9090,79
9090,944
9090,9091
9090,79
9091,227
9091,54
9092,1265
9092,4903
9093,2
9093,2432
9093,75
9093,51
9093,821
9094,418
9094,2053
9095,54
9096,1392
9096,231
9096,9097
9096,896
9096,2
9096,555
9096,9098
9097,1392
9097,3
9097,3
9097,1160
9098,9097
9098,79
9098,79
9099,54
9100,79
9100,5144
9100,79
9100,594
9100,1388
9100,1154
9100,1300
9100,5432
9101,42
9101,92
9101,10
9102,1259
9102,4593
9102,691
9102,2
9102,54
9103,383
9103,10
9103,383
9103,10
9104,10
9105,10
9105,202
9105,660
9106,606
9106,2
9106,3
9106,2
9106,6313
9106,1205
9107,333
9108,54
9109,320
9110,10
9111,54
9112,566
9112,10
9113,3192
9113,1248
9113,846
9113,5064
9113,3037
9113,3270
9113,1342
9114,1344
9115,54
9116,54
9116,209
9117,216
9117,578
9117,773
9117,2524
9118,10
9119,106
9119,0
9119,796
9119,1212
9120,10
9120,42
9121,10
9122,9123
9122,11
9122,1288
9123,150
9123,235
9123,3
9124,2086
9125,54
9125,209
9126,2421
9126,292
9126,209
9127,3745
9127,601
9127,884
9127,1547
9127,1110
9128,1201
9128,367
9128,1131
9128,1013
9128,9129
9129,2
9129,574
9129,367
9129,2
9129,1205
9129,9128
9130,1572
9130,2362
9130,1305
9130,1047
9130,3
9130,1305
9130,3
9130,14203
9131,2980
9131,87
9131,3
9132,3
9132,3
9132,5197
9133,1010
9133,981
9133,3629
9133,9132
9134,51
9134,27
9134,184
9135,749
9135,7061
9135,1263
9136,2
9136,1296
9136,1209
9137,10
9137,184
9138,3
9138,3
9138,124
9138,28
9138,532
9139,10
9140,3
9140,2256
9140,434
9141,2179
9142,2
9142,3
9142,34
9142,27
9142,9143
9143,742
9143,3
9144,9145
9144,503
9144,1749
9145,503
9145,594
9145,777
9146,10
9147,2955
9147,4093
9147,54
9147,9148
9148,2955
9148,4093
9148,54
9148,9147
9149,10
9149,27
9150,38
9150,692
9150,48
9150,27
9151,1259
9151,295
9151,1583
9151,4830
9151,27
9152,265
9152,264
9153,2089
9153,124
9153,1627
9154,1527
9154,4842
9154,209
9154,1941
9155,393
9156,10
9156,179
9157,649
9157,2601
9157,2640
9158,54
9159,10
9160,1256
9160,251
9161,467
9161,392
9161,2916
9161,292
9162,3703
9162,13
9163,388
9163,388
9163,2602
9163,1296
9164,3487
9164,54
9164,209
9165,38
9165,723
9166,10
9166,459
9166,237
9166,10
9167,10
9168,10
9168,120
9169,42
9169,92
9169,0
9169,881
9169,1156
9170,10
9171,10
9172,2318
9172,68
9172,780
9172,68
9173,92
9173,10
9173,42
9174,2
9174,3
9174,75
9174,51
9174,821
9175,991
9175,210
9175,10
9176,9177
9177,318
9177,542
9177,10199
9177,3
9177,13975
9178,277
9178,3
9178,451
9178,32
9178,155
9178,2327
9178,2048
9178,429
9178,34
9179,3
9179,2703
9179,4502
9180,774
9180,54
9181,1246
9181,1056
9181,2
9181,1045
9181,2086
9181,2086
9182,34
9182,54
9183,1192
9183,10
9183,9184
9183,10
9184,30
9184,10
9185,10
9185,10
9185,27
9185,1181
9186,467
9186,1344
9187,54
9188,51
9188,27
9188,979
9188,3972
9189,2836
9189,159
9190,367
9190,368
9191,2529
9191,10
9191,881
9192,178
9192,10
9193,3869
9193,8
9193,9
9193,281
9193,1979
9194,10
9195,7249
9196,2155
9196,931
9196,128
9197,9198
9198,54
9199,8602
9199,54
9199,1627
9200,10
9200,27
9200,513
9200,199
9201,10
9201,27
9201,513
9202,3597
9202,3
9202,54
9202,9203
9204,262
9204,0
9204,30
9204,42
9204,92
9204,9
9205,10
9205,179
9206,54
9208,10
9208,10
9208,202
9208,10
9209,180
9209,181
9209,204
9209,821
9209,1361
9209,40
9209,116
9210,203
9210,27
9210,83
9211,2191
9211,205
9211,10
9212,9213
9212,376
9212,2
9212,396
9212,511
9212,1296
9212,3124
9212,7800
9213,2670
9213,3365
9214,54
9214,209
9215,10
9216,6249
9217,10
9218,7998
9218,520
9219,45
9219,545
9219,1856
9219,27
9220,2278
9220,2278
9220,120
9220,586
9220,2278
9220,9221
9221,2278
9221,9220
9221,2278
9222,54
9223,3692
9223,3009
9223,574
9223,54
9223,3007
9224,1010
9224,4500
9224,4801
9224,1222
9224,54
9224,9225
9225,54
9226,1417
9226,802
9226,594
9226,9227
9227,8468
9227,2285
9227,79
9227,10821
9227,11787
9227,2
9227,331
9227,937
9227,79
9227,673
9228,821
9228,1448
9229,10
9230,27
9230,120
9231,1954
9231,1044
9232,1763
9232,434
9233,5391
9233,54
9233,27
9233,28
9234,10
9235,0
9235,206
9236,1484
9236,1205
9236,981
9236,3007
9236,3485
9237,54
9237,209
9238,2618
9239,606
9239,1002
9240,8500
9240,255
9240,281
9240,2
9241,807
9241,314
9242,307
9242,253
9243,3
9243,79
9244,10
9245,3298
9245,3
9245,1040
9246,250
9247,308
9247,1153
9248,1059
9248,1165
9248,10
9249,10
9250,54
9250,209
9251,10
9252,2334
9252,408
9252,54
9252,4910
9252,27
9252,9253
9254,42
9254,92
9254,42
9254,1059
9254,10
9254,116
9254,1264
9254,1254
9255,10
9255,10
9256,266
9256,0
9256,30
9256,0
9258,257
9258,4514
9258,9259
9258,258
9258,2703
9258,1630
9259,258
9259,1630
9260,92
9260,10
9260,280
9261,682
9261,682
9261,1209
9262,467
9262,3
9262,9263
9262,9264
9262,9265
9262,9266
9262,9267
9264,9262
9265,9262
9265,9264
9266,9262
9266,9264
9267,9262
9267,979
9268,2305
9268,506
9268,821
9269,4715
9269,791
9269,292
9270,802
9271,553
9271,307
9271,3360
9271,2275
9272,9273
9272,3
9272,79
9273,468
9274,11
9274,27
9274,73
9275,54
9276,3573
9276,9279
9280,10
9280,34
9280,10
9280,1296
9281,17
9281,54
9282,3365
9282,2
9283,10
9284,9285
9284,1342
9284,41
9284,1209
9285,54
9285,1342
9286,2
9287,3
9288,674
9288,54
9289,356
9289,1256
9289,1720
9290,4483
9290,937
9290,9291
9290,120
9290,34
9291,937
9291,54
9292,265
9292,1151
9293,418
9293,880
9293,292
9293,34
9293,1296
9294,10
9295,393
9296,305
9297,54
9298,551
9299,3
9299,79
9299,441
9299,3
9299,1253
9300,10
9301,10
9302,3575
9302,1497
9302,2086
9302,9303
9303,3
9303,289
9303,3575
9303,1608
9304,1337
9304,2524
9305,1057
9305,519
9306,135
9306,10
9306,10
9306,172
9307,4256
9307,10
9307,10
9308,204
9308,10
9308,184
9308,10
9308,2275
9309,2
9310,2232
9310,10
9310,11203
9310,14513
9310,855
9310,54
9310,8831
9311,10
9312,2
9312,9313
9313,1452
9313,73
9313,506
9314,832
9314,10
9315,15779
9316,821
9317,10
9318,682
9318,3686
9318,1291
9318,9319
9319,2
9319,4468
9319,2191
9319,92
9319,9318
9320,10
9320,8
9321,10
9322,265
9322,894
9322,264
9322,27
9322,1209
9323,5794
9323,1045
9323,9324
9324,4692
9324,1045
9325,132
9325,2
9325,3
9325,821
9326,1257
9326,27
9326,1181
9326,1209
9327,10
9328,42
9328,10
9328,0
9328,30
9328,10
9328,10
9329,807
9329,54
9330,3
9330,3
9330,9331
9331,2251
9331,3
9332,288
9332,2
9332,54
9333,288
9333,54
9334,821
9334,1296
9335,458
9335,635
9335,0
9335,120
9335,1254
9336,1294
9336,54
9336,209
9336,1294
9337,5870
9337,618
9337,54
9337,5537
9337,54
9337,9338
9339,10
9340,54
9341,5192
9342,10
9343,42
9343,92
9343,253
9344,3
9344,1010
9344,3
9344,9345
9344,2562
9345,9344
9345,73
9346,51
9346,1805
9346,821
9346,1296
9347,467
9347,3
9347,54
9347,54
9348,791
9348,9349
9349,791
9349,22
9350,216
9350,54
9351,10
9352,702
9352,2
9352,574
9353,10
9353,27
9353,120
9354,432
9354,10
9354,10
9354,10
9355,672
9355,255
9355,7109
9355,331
9355,54
9355,54
9356,10
9356,27
9356,1063
9358,9180
9358,5415
9358,54
9358,9359
9358,9360
9359,774
9359,54
9361,10
9363,10
9363,1199
9364,3152
9364,821
9365,672
9365,79
9365,3
9365,79
9365,2461
9366,4821
9366,176
9366,10
9366,1181
9366,3734
9367,6032
9367,4068
9367,337
9367,10
9367,73
9367,10
9368,170
9369,54
9370,2
9370,54
9371,3
9371,2095
9371,1044
9371,9372
9372,1224
9372,429
9373,8
9373,10
9373,10
9374,363
9374,10
9374,40
9374,1199
9375,27
9375,1616
9375,526
9376,3389
9377,3
9377,79
9377,54
9377,9378
9377,9379
9379,373
9379,9377
9380,30
9380,15
9380,10
9380,1209
9380,1199
9381,10
9382,2283
9382,216
9382,54
9382,5313
9383,388
9383,2602
9383,2602
9384,54
9385,1896
9385,10
9385,1616
9386,1378
9386,1516
9386,9387
9386,3469
9386,3469
9387,2118
9387,9386
9388,2533
9389,54
9390,495
9390,54
9391,2147
9392,54
9392,1364
9392,27
9392,7356
9393,10
9394,2512
9394,54
9394,27
9394,28
9394,2513
9395,2
9396,9397
9396,54
9396,916
9397,2
9398,151
9398,0
9398,206
9398,148
9399,0
9400,1228
9400,10
9400,854
9400,245
9400,10
9400,854
9400,245
9400,10
9401,884
9401,9843
9402,5454
9402,9403
9403,5454
9403,54
9403,27
9403,120
9403,11167
9403,9402
9404,2941
9404,11
9404,27
9404,28
9405,5693
9405,0
9405,206
9405,124
9405,28
9406,153
9406,453
9406,2
9406,3
9406,54
9406,453
9406,453
9407,163
9407,2487
9407,1209
9407,2275
9408,2
9408,54
9409,54
9410,2283
9410,54
9410,3593
9411,10
9411,10
9411,10
9412,3
9412,2615
9412,1259
9412,2292
9413,202
9413,10
9414,2955
9414,4093
9414,9415
9415,2955
9415,4093
9415,54
9415,9414
9416,10
9416,1437
9416,10
9417,3
9417,1344
9418,991
9418,3
9418,7779
9419,3
9419,79
9419,3
9419,79
9419,120
9419,9420
9419,506
9419,27
9419,4099
9421,3
9422,10
9422,245
9423,10
9424,54
9425,281
9425,281
9425,9426
9426,281
9426,281
9427,54
9428,1246
9428,6531
9428,649
9428,1018
9428,574
9429,5968
9430,1402
9430,2321
9431,10
9431,1207
9432,27
9433,10
9433,179
9434,649
9434,305
9434,865
9434,467
9434,392
9435,2349
9435,2
9435,987
9435,1243
9436,10
9436,245
9438,2
9438,40
9438,116
9438,9439
9439,1379
9439,257
9439,914
9439,116
9439,9438
9440,467
9440,468
9440,821
9440,1344
9441,10
9442,288
9442,738
9442,1022
9442,289
9442,1940
9443,54
9444,1297
9444,79
9444,79
9445,3
9445,367
9445,1205
9445,5913
9446,6395
9446,265
9446,264
9446,2177
9447,2
9447,3
9447,506
9447,2703
9448,10
9449,10
9449,1296
9450,1353
9450,10
9450,104
9451,4537
9453,2
9453,672
9453,135
9454,5337
9454,236
9455,9456
9455,1088
9455,210
9455,120
9455,1296
9456,54
9457,232
9457,111
9457,112
9457,10
9458,991
9458,1185
9458,1265
9459,4806
9459,10
9459,27
9459,28
9460,1732
9460,28
9461,27
9461,429
9462,54
9462,209
9463,4836
9463,1526
9463,209
9463,2
9463,3744
9463,970
9464,5664
9465,5584
9465,209
9465,1528
9465,209
9465,27
9465,1941
9465,209
9466,10
9466,27
9466,34
9466,1365
9467,2
9468,2089
9468,120
9468,1224
9469,51
9469,27
9469,301
9470,5158
9470,1871
9471,1047
9471,960
9472,10
9472,27
9472,942
9473,2
9473,331
9473,7988
9474,2583
9474,999
9474,3
9475,27
9476,4878
9476,54
9476,4880
9476,8410
9477,9478
9478,3586
9478,3
9478,15918
9479,9347
9479,54
9479,27
9479,773
9480,27
9481,1416
9481,3869
9481,3009
9481,960
9482,10
9482,9483
9482,9484
9483,10
9483,27
9483,435
9483,9482
9484,10
9484,27
9484,435
9484,9482
9484,9942
9485,86
9485,10
9485,86
9485,10
9485,1181
9485,1181
9486,56
9487,2272
9487,257
9487,2
9487,7
9487,17
9487,28
9487,104
9487,1888
9488,27
9488,28
9490,54
9491,2
9491,1550
9491,3037
9491,2
9491,3718
9491,184
9491,770
9492,6624
9492,13
9492,1569
9493,8935
9493,27
9493,1389
9494,1871
9494,16570
9494,7007
9495,11
9495,27
9495,434
9495,1224
9495,9496
9495,526
9496,11
9496,27
9496,434
9496,1224
9496,526
9496,9495
9497,10305
9497,3627
9498,150
9498,235
9498,150
9498,1319
9499,774
9499,54
9500,1763
9501,493
9501,807
9501,493
9501,807
9501,401
9501,9502
9501,9503
9501,8514
9501,9504
9501,1271
9502,9501
9502,54
9502,13
9503,9501
9503,13
9504,9501
9504,9501
9504,170
9505,2
9505,3
9505,3585
9505,2
9505,3
9505,3333
9505,27
9505,54
9506,2342
9506,73
9507,10
9507,179
9508,54
9509,4526
9509,3
9509,873
9509,9510
9509,2188
9511,42
9511,92
9511,0
9511,206
9512,10
9512,1199
9513,10
9513,995
9513,7
9513,28
9514,9507
9514,179
9514,93
9514,27
9514,129
9514,10
9515,42
9515,10
9515,1322
9515,2170
9516,10
9517,2
9517,9518
9517,282
9518,54
9518,2753
9519,250
9519,5728
9520,691
9520,271
9520,5141
9520,674
9521,10
9521,11937
9522,545
9522,10
9522,40
9522,2562
9522,116
9523,10
9523,120
9524,3745
9524,3
9524,3
9525,10
9526,991
9526,228
9526,432
9526,10
9526,2444
9526,18
9526,10
9527,202
9527,10
9527,202
9527,660
9527,10
9527,1216
9528,4715
9528,292
9528,34
9529,2175
9530,10
9531,10
9532,10
9533,1181
9533,821
9533,1811
9533,124
9533,556
9533,28
9533,1159
9533,104
9533,1181
9534,10
9534,1271
9535,821
9536,51
9536,821
9537,72
9537,27
9537,73
9538,8221
9539,292
9539,54
9540,618
9540,1478
9540,1044
9540,124
9541,54
9542,637
9542,54
9543,94
9543,922
9543,821
9544,2
9544,2696
9544,181
9544,821
9545,216
9545,54
9546,10
9547,54
9548,1779
9548,10
9548,27
9549,459
9549,459
9549,2769
9550,1490
9550,54
9551,6909
9552,121
9552,10
9552,604
9552,121
9552,10
9553,4701
9553,10
9553,27
9554,2
9555,54
9556,7264
9557,10
9557,27
9558,27
9558,920
9559,10
9559,27
9559,120
9559,526
9560,38
9560,27
9560,1137
9561,54
9561,10
9561,1680
9561,2113
9562,2087
9563,627
9563,27
9563,434
9563,921
9564,2349
9564,134
9564,814
9564,134
9564,54
9564,3
9564,54
9564,3645
9565,27
9566,894
9566,392
9566,263
9567,83
9567,237
9568,5792
9569,601
9569,54
9570,393
9570,3
9570,7131
9570,7973
9570,1897
9571,10
9571,10
9571,10
9571,120
9571,73
9572,10
9572,39
9572,10
9572,1856
9572,2188
9572,770
9572,1254
9573,618
9573,54
9574,327
9574,255
9574,2
9574,5854
9574,368
9574,1243
9575,967
9575,110
9575,5876
9576,1259
9576,3255
9576,2
9576,1443
9577,813
9577,2378
9578,3
9578,75
9578,226
9578,9579
9580,10
9580,120
9580,104
9581,10
9582,10
9583,783
9583,846
9583,1488
9584,3
9584,54
9585,591
9585,649
9586,293
9586,294
9586,10166
9586,54
9586,15300
9586,5755
9587,2281
9588,9
9588,10
9588,94
9588,1118
9588,979
9588,40
9589,75
9589,821
9590,2285
9590,54
9591,11
9591,27
9591,9592
9592,11
9592,27
9592,9591
9593,264
9593,821
9593,1447
9594,2349
9594,506
9594,27
9594,68
9594,298
9594,1209
9594,1448
9595,1192
9595,4123
9595,10
9595,40
9595,5823
9595,1209
9595,1199
9596,0
9596,10
9597,54
9598,10
9598,40
9599,10
9599,0
9599,30
9599,1078
9600,736
9601,281
9602,9603
9602,247
9602,1662
9602,34
9603,1245
9603,618
9603,247
9603,247
9603,3
9603,1662
9603,4769
9603,12346
9603,12347
9603,3
9603,12348
9604,8737
9604,265
9604,264
9604,54
9606,3
9606,202
9606,5263
9606,3061
9606,9607
9607,9606
9608,2278
9608,116
9609,0
9610,51
9610,28
9610,821
9611,54
9611,209
9612,10
9613,492
9613,2
9613,46
9614,2047
9614,1963
9615,1165
9615,42
9615,10
9616,10
9616,27
9617,1914
9617,551
9617,27
9617,403
9618,1766
9618,11884
9618,54
9618,10
9618,4883
9619,606
9620,10
9620,27
9620,124
9621,970
9621,368
9621,3206
9621,2086
9622,1438
9622,265
9622,392
9623,27
9624,649
9624,284
9625,10
9627,618
9627,3818
9627,368
9627,6868
9628,3
9628,2591
9628,704
9629,3
9629,5796
9629,1205
9629,1834
9630,10
9631,7957
9631,104
9631,10
9631,1254
9632,291
9633,9634
9633,54
9633,27
9633,979
9634,9633
9634,11458
9635,392
9635,27
9635,979
9636,585
9636,574
9636,2855
9637,10
9638,27
9638,124
9638,920
9639,27
9639,5595
9639,8890
9640,10
9640,124
9641,10
9641,27
9641,1584
9641,199
9642,10
9642,27
9642,1584
9642,199
9643,821
9643,28
9644,813
9644,11
9644,4
9644,68
9644,252
9644,10
9645,392
9645,392
9645,1344
9645,1271
9645,1344
9646,10
9646,532
9647,2510
9648,54
9649,937
9649,54
9650,10
9650,27
9650,7
9651,27
9651,2147
9652,27
9652,28
9653,1708
9653,10
9653,27
9653,995
9654,2296
9654,54
9654,2297
9654,2297
9654,403
9655,3
9655,355
9655,4657
9656,4277
9656,6239
9657,602
9657,414
9657,216
9657,28
9658,1732
9658,9659
9659,1732
9660,1902
9660,27
9660,28
9661,2086
9662,459
9662,10
9663,227
9663,5636
9663,120
9663,104
9664,10
9664,27
9664,7
9665,10
9665,27
9665,28
9666,10
9666,27
9666,120
9666,920
9667,51
9667,27
9667,979
9667,113
9668,10
9668,27
9668,506
9669,6151
9670,10
9670,27
9670,28
9671,10
9671,27
9671,183
9672,11
9672,27
9672,979
9672,6388
9673,2
9674,2
9675,694
9675,393
9675,54
9676,1256
9676,281
9676,54
9676,40
9677,774
9677,54
9678,180
9678,181
9678,1263
9678,506
9678,869
9678,821
9680,735
9680,896
9680,9681
9680,896
9680,896
9680,7224
9681,896
9681,54
9682,10
9682,27
9683,4972
9683,10
9683,27
9683,1224
9683,217
9683,9684
9684,4972
9684,10
9684,124
9685,4972
9685,10
9685,27
9685,1224
9685,217
9685,9684
9686,181
9686,821
9687,3906
9687,1429
9688,222
9688,586
9688,513
9688,16612
9688,6299
9689,10
9689,27
9690,10
9690,27
9690,1037
9691,1708
9691,10
9691,27
9691,995
9692,54
9692,27
9692,1224
9693,10
9694,1667
9694,2
9695,8125
9696,2749
9696,54
9696,1037
9696,9697
9696,2751
9696,9698
9697,2749
9697,54
9697,1037
9697,14164
9697,2751
9697,9696
9698,2749
9698,54
9698,1037
9698,9696
9698,2751
9698,17456
9699,6056
9699,6056
9699,8528
9700,27
9700,513
9701,392
9701,89
9701,27
9702,128
9703,280
9703,27
9703,73
9704,280
9704,27
9704,73
9704,979
9705,280
9705,27
9705,73
9705,979
9706,280
9706,27
9706,73
9706,979
9707,280
9707,27
9707,73
9707,979
9708,27
9708,28
9709,62
9709,62
9709,62
9709,470
9709,27
9709,62
9709,1171
9709,62
9710,5258
9710,170
9711,10
9711,27
9711,435
9711,10984
9712,27
9713,6159
9713,54
9713,217
9713,9714
9713,9715
9714,6159
9714,54
9714,27
9714,435
9714,217
9714,9715
9714,9713
9716,10
9716,27
9716,124
9716,556
9716,7
9716,3819
9717,3568
9718,10
9718,27
9718,28
9719,137
9719,54
9719,10
9719,9720
9720,54
9720,17729
9720,14586
9720,3357
9721,943
9722,309
9722,13
9722,0
9722,30
9723,329
9723,170
9723,83
9723,13
9724,1767
9724,51
9724,38
9724,27
9725,13
9726,2491
9726,210
9727,9728
9728,3
9728,10739
9728,2703
9728,10377
9728,9727
9729,305
9729,305
9730,1206
9730,874
9731,27
9731,129
9731,9730
9732,467
9732,392
9732,1344
9732,1344
9733,392
9733,54
9733,209
9734,803
9734,209
9734,307
9734,3
9734,3128
9735,2191
9735,3722
9735,2386
9736,10
9736,9737
9736,881
9736,10
9736,1666
9737,359
9737,0
9737,881
9737,1666
9737,9736
9738,1294
9738,54
9738,209
9738,1294
9739,2
9740,54
9740,10
9740,2126
9740,2126
9741,205
9741,42
9741,92
9741,10
9741,205
9741,42
9741,92
9741,10
9741,124
9741,7
9741,184
9741,506
9741,28
9742,10
9742,42
9742,92
9742,423
9742,10
9742,10
9742,2562
9743,10
9743,7897
9744,10
9745,316
9745,1185
9746,10
9746,27
9747,931
9747,1622
9747,2087
9748,2
9748,913
9749,10
9750,51
9750,27
9751,2318
9751,418
9751,1510
9752,9751
9752,288
9752,896
9752,209
9753,10
9754,170
9755,329
9755,170
9755,329
9756,10
9756,1293
9757,27
9758,10
9758,27
9758,995
9759,4878
9759,54
9759,4881
9759,4880
9760,11
9760,27
9760,995
9761,7521
9761,2
9761,2
9761,401
9761,1243
9761,3459
9761,6417
9761,6418
9761,6419
9761,6421
9761,6422
9761,6423
9761,6425
9761,1271
9762,6416
9762,9761
9763,0
9763,460
9763,1605
9763,1752
9763,1840
9764,27
9765,4323
9765,54
9765,27
9765,347
9765,199
9765,677
9766,6153
9766,2
9766,27
9766,1627
9767,5
9767,736
9767,1916
9767,4461
9768,10
9768,27
9769,705
9769,10
9769,1840
9769,34
9770,27
9770,1037
9770,9771
9771,10
9771,27
9771,28
9772,0
9772,9599
9773,10
9773,27
9773,942
9773,8094
9774,9775
9775,1185
9775,3
9775,1092
9776,10
9776,27
9776,513
9776,9777
9776,9778
9776,9779
9777,10
9777,27
9777,513
9777,13125
9777,9776
9777,9778
9778,10
9778,27
9778,513
9778,9777
9778,9776
9779,10
9779,27
9779,513
9779,9824
9780,8831
9780,10
9780,27
9780,1448
9781,1233
9781,1143
9781,725
9781,1068
9781,14611
9782,654
9782,331
9782,54
9782,40
9783,10
9783,232
9784,10
9784,40
9784,1254
9785,370
9785,90
9786,10
9788,0
9788,30
9788,1078
9789,1722
9789,54
9789,9790
9790,9789
9790,1722
9791,746
9791,7892
9791,3
9791,54
9792,16
9792,10
9792,27
9793,48
9793,27
9793,38
9794,10
9794,27
9794,1584
9795,2705
9795,360
9795,163
9795,321
9795,27
9795,129
9796,3
9796,23
9797,544
9797,1344
9797,12209
9797,12210
9798,10
9798,106
9799,10
9800,821
9801,1328
9802,550
9802,54
9803,54
9803,2400
9804,9805
9804,3449
9804,54
9804,9805
9804,3450
9805,54
9806,10
9807,38
9807,27
9808,10
9809,2
9810,10
9811,2085
9811,10
9812,10
9813,1732
9813,28
9813,916
9814,10
9814,170
9814,105
9815,3271
9815,54
9815,9816
9816,10014
9816,54
9816,147
9817,8502
9817,236
9817,816
9818,8425
9818,10
9818,27
9819,9820
9820,370
9820,2661
9820,2421
9820,3
9820,54
9820,14937
9820,1271
9821,10
9822,10
9822,506
9823,27
9823,1769
9824,10
9824,27
9824,513
9824,9779
9825,6232
9825,6233
9825,65
9825,9826
9826,6232
9826,6233
9826,65
9826,9825
9827,27
9827,3997
9828,1763
9828,4011
9829,216
9829,54
9830,1181
9830,10
9831,2
9832,3
9833,2
9833,3
9833,2256
9833,1243
9834,1247
9834,1379
9834,3
9835,54
9836,276
9836,38
9836,1979
9836,1301
9836,1436
9836,506
9836,27
9836,1137
9836,38
9836,2314
9836,1264
9836,1209
9836,1230
9836,1254
9837,10
9838,7366
9838,7367
9839,2089
9840,601
9840,3217
9840,619
9840,556
9840,1620
9841,9842
9841,54
9841,7124
9842,2
9842,174
9842,774
9843,11347
9843,9401
9843,147
9844,10
9845,10
9845,27
9845,1773
9846,2495
9846,10
9846,1296
9847,27
9847,1659
9848,9849
9848,347
9848,435
9848,9850
9849,3
9849,55
9849,1364
9849,113
9850,9849
9851,2163
9851,3
9852,10
9852,27
9852,435
9852,526
9853,1732
9853,79
9853,28
9854,3929
9854,54
9854,27
9854,1863
9855,27
9856,11
9856,150
9856,235
9857,10
9857,27
9858,202
9858,2460
9858,10
9858,202
9858,2460
9858,10
9858,10
9858,1209
9859,10
9859,27
9859,3444
9859,28
9860,27
9860,1063
9861,6277
9861,434
9861,1037
9861,9862
9862,6277
9862,54
9862,434
9862,1037
9862,9864
9862,9861
9863,10
9863,34
9864,6277
9864,434
9864,1037
9864,9862
9865,821
9865,1296
9866,38
9866,27
9867,3192
9867,981
9867,3534
9867,116
9867,437
9868,5490
9868,54
9869,10
9869,1615
9870,1671
9870,742
9871,1769
9872,10
9872,27
9872,120
9873,1807
9873,10
9873,27
9873,28
9874,1414
9874,223
9874,0
9874,30
9874,10
9875,27
9875,129
9876,9877
9876,10
9876,27
9877,5004
9877,170
9877,17
9877,9876
9878,9877
9878,10
9878,27
9878,1037
9878,9876
9879,105
9879,106
9879,10
9879,635
9879,0
9879,10
9880,2152
9880,2152
9880,2732
9881,54
9881,27
9881,435
9882,8425
9882,10
9882,27
9883,647
9883,54
9884,578
9884,54
9884,578
9885,54
9886,10
9886,27
9886,7
9886,8435
9887,54
9887,27
9887,968
9888,574
9888,5128
9888,896
9888,73
9888,218
9889,2
9889,3
9889,2739
9889,8901
9889,5612
9889,894
9891,305
9891,34
9892,10
9893,54
9894,45
9894,545
9894,376
9894,1243
9894,9895
9895,759
9895,9894
9896,10
9897,1732
9897,821
9897,821
9898,1021
9898,1022
9898,1940
9899,10
9899,1296
9900,10
9901,10
9902,2
9902,3246
9902,3
9902,3252
9903,3265
9903,1013
9903,3007
9904,1328
9905,10
9906,1123
9906,1123
9907,10
9907,27
9907,4188
9907,920
9908,10
9908,27
9908,1742
9909,53
9910,1837
9910,1839
9911,27
9912,8
9912,10
9912,1059
9913,10
9913,27
9913,429
9913,1037
9914,54
9914,3556
9914,84
9914,27
9914,2951
9914,3556
9915,10
9915,118
9916,11
9916,27
9917,618
9917,54
9918,10
9919,821
9920,38
9920,27
9920,38
9921,6037
9922,637
9922,2
9923,10
9924,10
9924,27
9924,1365
9924,5617
9925,271
9925,54
9926,22
9926,9927
9927,3
9927,5474
9927,190
9927,29
9928,3741
9928,4576
9928,3
9928,3044
9928,8196
9929,170
9929,92
9929,10
9929,146
9930,27
9931,10
9931,27
9932,3703
9932,65
9933,27
9933,2964
9934,10
9934,27
9934,347
9934,1627
9935,10
9935,27
9935,28
9936,545
9937,601
9937,1926
9938,2649
9938,6978
9938,1926
9938,6981
9938,9936
9938,6980
9939,6056
9939,8528
9940,6416
9940,9761
9940,13
9941,11
9941,27
9941,120
9942,10
9942,27
9942,435
9942,9484
9943,27
9944,649
9945,9946
9945,54
9946,2
9947,3477
9947,281
9947,673
9948,10
9948,42
9949,400
9949,13
9949,2
9950,2147
9951,132
9951,398
9951,132
9951,398
9951,821
9952,2167
9953,694
9953,846
9953,990
9953,6021
9953,6022
9953,846
9954,10
9954,27
9954,28
9955,10
9956,601
9956,54
9957,2285
9957,54
9957,603
9958,1003
9958,54
9958,916
9959,4878
9959,54
9959,9960
9959,4880
9959,4879
9960,4878
9960,54
9960,7849
9960,4880
9960,9959
9961,1744
9961,54
9961,27
9961,73
9962,15492
9962,15492
9962,147
9962,124
9962,16322
9962,15492
9963,6249
9964,10
9964,27
9964,1044
9964,9965
9965,10
9965,27
9965,1044
9966,7659
9966,54
9966,9967
9966,9968
9967,7659
9967,54
9967,9966
9968,7659
9968,54
9968,9966
9969,11
9969,27
9969,9970
9970,11
9970,27
9970,9969
9971,2
9971,807
9971,2
9972,2025
9972,979
9973,1417
9973,1248
9973,6230
9973,120
9973,2086
9974,5759
9974,2086
9974,6512
9975,170
9976,5580
9976,6830
9976,4067
9976,146
9976,4067
9976,51
9976,54
9976,10
9976,146
9976,146
9976,146
9976,221
9976,51
9976,1478
9976,398
9976,54
9976,146
9977,51
9977,27
9977,28
9978,27
9978,1769
9979,2453
9979,54
9979,195
9980,16
9980,16
9980,10
9980,940
9981,2885
9981,1009
9981,10
9982,181
9982,821
9983,10
9984,2286
9984,8733
9984,548
9984,292
9985,839
9985,701
9986,2604
9986,92
9986,10
9986,506
9986,1209
9986,1253
9987,2261
9987,2359
9987,3
9987,4418
9987,9988
9987,3364
9987,2489
9989,54
9990,54
9991,2590
9991,766
9991,4314
9991,7109
9991,9355
9992,5288
9992,3
9992,9993
9992,9994
9992,9995
9994,3
9994,427
9995,288
9995,290
9995,1218
9996,92
9996,2208
9996,10
9997,271
9998,9999
9998,1162
9998,1209
9998,10000
10000,165
10000,9999
10000,3
10000,9998
10001,506
10001,10
10002,54
10003,2
10003,545
10003,1296
10003,1211
10004,247
10004,2093
10004,2086
10005,79
10005,0
10006,4715
10006,2587
10006,2442
10006,2095
10006,34
10007,3
10007,3
10008,5276
10008,970
10008,3221
10008,209
10008,1291
10008,5276
10009,10
10010,908
10010,10
10011,54
10012,1522
10012,209
10012,2294
10013,1665
10014,120
10014,10015
10016,2
10017,1248
10018,1248
10018,1243
10018,555
10019,10
10019,208
10020,2
10021,54
10022,1467
10022,2
10022,1467
10023,693
10023,924
10024,10
10025,54
10025,444
10025,27
10026,54
10027,10028
10027,774
10027,3
10027,10028
10027,774
10028,774
10028,54
10029,10
10030,1043
10030,3
10031,156
10031,1344
10032,39
10032,10
10032,16
10032,10
10033,693
10033,2
10033,703
10033,42
10033,555
10033,10034
10034,105
10034,10
10034,10033
10035,637
10035,2
10036,2261
10036,2359
10036,2
10036,3
10036,79
10036,2518
10036,4506
10036,10037
10038,0
10038,206
10038,10
10038,40
10039,2
10040,2005
10040,65
10040,11294
10041,602
10041,216
10041,1102
10041,216
10041,1920
10042,5233
10042,300
10043,10044
10044,271
10044,2
10044,54
10044,691
10045,54
10045,1752
10046,701
10046,3899
10047,1311
10047,1358
10047,1246
10047,393
10047,1192
10047,1265
10047,2292
10048,10
10049,10
10050,1021
10050,574
10050,109
10050,110
10050,54
10051,54
10052,10
10053,10
10054,10
10054,10
10054,28
10054,40
10054,975
10054,1254
10055,303
10055,0
10055,557
10055,1584
10055,1797
10055,1181
10056,257
10056,54
10057,2
10058,54
10059,969
10059,601
10059,29
10059,1448
10060,327
10060,2
10061,1256
10061,407
10061,216
10061,1209
10062,10
10063,356
10064,618
10064,54
10065,204
10065,10
10065,1257
10065,10
10066,10
10066,2535
10067,181
10067,181
10067,821
10067,1209
10067,1199
10067,3128
10068,1417
10068,331
10068,5109
10068,4901
10069,10
10070,10
10071,821
10072,406
10072,333
10072,1218
10072,2177
10072,2491
10073,3
10073,2855
10073,7
10073,6964
10074,649
10075,2
10076,10
10077,54
10077,209
10078,2888
10078,3814
10078,0
10078,30
10078,0
10078,30
10078,27
10078,138
10078,2213
10078,3105
10079,10080
10079,10081
10079,10080
10079,10081
10080,54
10081,2
10082,27
10083,356
10083,2095
10083,2321
10083,11974
10084,10
10085,0
10085,0
10086,222
10086,222
10086,2278
10087,163
10087,166
10087,360
10087,2825
10088,2487
10089,94
10089,2717
10089,27
10089,4
10089,2570
10090,180
10090,181
10090,821
10091,51
10091,821
10092,170
10092,28
10093,10
10093,27
10094,132
10094,51
10094,398
10094,821
10094,116
10094,821
10095,372
10095,1243
10095,54
10095,10096
10095,1254
10095,1243
10097,10
10098,10
10099,6145
10099,6145
10099,3
10099,491
10099,32
10099,975
10100,747
10100,747
10100,821
10101,0
10101,30
10101,0
10101,30
10101,124
10101,28
10102,10
10103,281
10103,216
10103,216
10104,2955
10104,4093
10105,10
10106,361
10106,361
10106,10
10107,10
10108,10
10109,288
10109,738
10109,3
10109,2
10110,562
10110,2
10110,282
10110,2
10110,418
10110,430
10111,1346
10111,1059
10111,1301
10111,2229
10111,218
10111,1024
10111,27
10112,54
10113,2912
10113,2
10113,3
10113,54
10113,79
10113,79
10114,10
10115,27
10115,438
10115,16330
10116,10
10117,467
10117,468
10117,468
10117,1344
10117,4771
10118,5384
10118,54
10118,1768
10118,199
10118,677
10119,3244
10119,254
10119,3003
10119,6030
10120,10
10120,10
10121,10
10122,54
10123,2649
10123,1388
10123,7498
10124,1040
10124,10125
10124,120
10124,333
10125,227
10125,54
10126,441
10126,3
10127,42
10127,92
10127,0
10127,2311
10127,1044
10127,17
10127,396
10128,204
10128,0
10128,206
10129,281
10129,216
10129,2
10129,1473
10130,846
10130,54
10131,106
10131,10
10131,10
10132,7803
10132,555
10132,292
10133,250
10134,2
10135,54
10136,27
10137,10
10137,27
10137,1584
10137,17
10138,1033
10138,770
10139,10
10140,270
10140,2
10140,273
10140,54
10140,1513
10140,256
10140,209
10140,116
10141,11
10141,27
10142,170
10142,8883
10143,27
10143,429
10144,10
10145,4771
10145,2132
10146,2542
10147,5964
10147,5965
10147,54
10147,5964
10147,27
10147,120
10147,1224
10147,10148
10147,10149
10148,5964
10148,5965
10148,5964
10148,120
10148,1224
10148,10149
10148,10147
10150,693
10150,1863
10150,28
10151,10
10152,4878
10152,1044
10152,11546
10152,4880
10152,11547
10153,818
10153,1243
10153,924
10153,1296
10153,1324
10153,1271
10154,2025
10155,10
10155,2209
10156,2510
10157,1837
10158,10159
10158,54
10159,991
10159,5
10160,6785
10161,3
10161,2109
10162,2
10162,3657
10163,5258
10163,170
10164,3
10164,1216
10164,506
10164,1243
10164,5030
10164,4461
10165,164
10165,265
10165,264
10166,2
10166,601
10167,2147
10168,13
10169,120
10169,2175
10170,26
10170,10
10170,27
10171,27
10171,120
10172,27
10172,28
10173,2720
10173,292
10174,10
10174,27
10174,1044
10175,163
10175,166
10175,360
10175,2825
10176,0
10176,30
10176,7
10176,28
10176,104
10176,1296
10177,10
10178,54
10178,10
10178,1015
10179,723
10180,54
10181,44
10181,3
10182,39
10182,10
10183,27
10183,1769
10184,10
10184,27
10184,1611
10184,1620
10185,3209
10185,65
10186,10
10186,27
10186,184
10186,217
10187,2037
10187,2582
10187,65
10188,10
10188,5790
10189,281
10189,3189
10189,216
10189,368
10189,648
10189,2
10190,27
10190,218
10191,6733
10191,54
10191,10192
10192,6733
10192,54
10192,11375
10192,1655
10192,10191
10193,508
10194,1238
10195,2308
10195,1584
10195,10
10196,8423
10196,210
10196,1212
10196,12400
10196,5468
10196,8036
10197,701
10197,2
10197,1045
10197,701
10197,2
10197,1045
10198,216
10198,54
10198,673
10200,1301
10200,38
10200,210
10200,120
10200,73
10200,27
10200,38
10200,40
10200,1208
10200,1209
10201,742
10202,54
10202,2830
10202,1732
10203,54
10204,415
10204,10
10204,1209
10205,3629
10205,1473
10206,167
10206,75
10206,124
10206,1161
10206,28
10206,821
10207,2318
10207,2760
10208,10404
10208,1928
10209,170
10209,83
10210,10
10211,10
10211,27
10212,1233
10212,115
10212,1421
10212,2320
10212,1243
10212,61
10213,10
10213,245
10214,54
10215,10
10216,995
10216,821
10217,635
10217,10
10218,2283
10218,216
10218,54
10219,1719
10219,83
10219,65
10219,65
10220,821
10221,3
10221,1033
10221,3
10221,1033
10222,1116
10222,3
10223,10
10223,106
10224,51
10224,27
10225,10
10225,27
10225,1584
10226,1671
10226,742
10228,2005
10228,13
10229,27
10230,14946
10230,468
10230,5934
10231,4517
10231,5975
10231,170
10231,83
10231,1987
10231,402
10232,10233
10232,83
10232,266
10232,945
10233,305
10233,649
10233,761
10233,54
10233,1271
10234,27
10234,1769
10235,10
10236,7359
10236,43
10236,292
10237,10
10237,27
10237,4188
10237,920
10238,6159
10238,2902
10238,217
10238,8345
10238,8344
10239,15
10239,1328
10240,3370
10240,1522
10241,3740
10241,1296
10241,1271
10242,54
10242,209
10243,265
10243,264
10243,104
10244,10
10244,179
10245,10
10246,42
10246,92
10246,91
10246,10
10246,1324
10246,1271
10247,10
10247,357
10248,492
10248,495
10248,124
10248,7
10248,2
10248,40
10248,1271
10249,3
10249,401
10249,924
10249,10250
10251,51
10251,821
10252,3192
10252,745
10252,896
10253,937
10253,54
10254,271
10254,2
10254,54
10255,216
10255,54
10256,27
10257,0
10257,1569
10257,10
10257,10
10257,1253
10257,1211
10257,1254
10258,407
10258,1243
10258,673
10258,28
10259,210
10259,28
10259,27
10259,2314
10259,1199
10259,1254
10260,10
10261,7829
10261,54
10261,209
10261,1044
10261,17
10261,1797
10262,10
10262,1209
10262,1271
10263,0
10263,36
10263,124
10263,7
10263,10
10264,3
10264,355
10264,1218
10264,5010
10265,27
10265,1063
10265,1627
10266,10
10267,10
10267,172
10267,27
10267,28
10268,54
10269,10270
10269,27
10269,548
10270,7465
10270,1205
10270,227
10270,1296
10270,1324
10271,4004
10271,4004
10271,13
10272,120
10272,721
10273,2
10274,2
10275,216
10275,54
10276,7365
10276,2
10277,649
10277,54
10278,54
10279,1416
10279,1018
10279,574
10279,2213
10279,6126
10280,9382
10280,5313
10280,251
10280,923
10281,761
10281,649
10282,467
10282,468
10282,392
10282,1344
10282,1344
10283,2
10283,255
10283,2
10283,1523
10284,2
10285,10286
10285,27
10285,73
10285,104
10286,2347
10286,1979
10286,1243
10287,27
10287,821
10288,72
10288,72
10288,27
10288,76
10288,3874
10289,2
10289,54
10289,10290
10290,783
10290,54
10291,0
10291,206
10292,3099
10292,54
10293,54
10293,3154
10293,13152
10294,0
10294,206
10294,0
10295,140
10295,10
10295,116
10295,1209
10296,0
10297,0
10297,10
10297,1209
10297,10
10298,9270
10298,3647
10299,2
10300,2
10301,54
10302,10
10302,506
10302,27
10302,1264
10302,1209
10303,606
10303,10304
10303,476
10303,4163
10303,5121
10303,1248
10304,745
10304,896
10304,3
10304,10303
10305,550
10305,54
10306,821
10307,10
10307,1209
10308,2
10309,682
10309,2760
10310,10
10311,3
10311,1010
10311,2607
10311,2082
10311,13267
10312,2
10313,54
10313,54
10314,27
10314,1181
10314,1254
10315,266
10315,739
10316,105
10316,10
10316,4
10316,452
10317,54
10318,601
10318,3220
10318,10319
10318,227
10318,2745
10318,2
10318,1209
10319,227
10319,54
10320,181
10320,27
10320,821
10321,418
10321,946
10322,574
10322,981
10323,2
10323,783
10324,2191
10324,8
10324,9
10324,1212
10325,281
10325,216
10326,10
10326,10
10326,280
10327,10
10328,10329
10328,10330
10329,10328
10329,10330
10329,3
10330,3
10330,10328
10330,10329
10331,288
10331,248
10331,10332
10331,1243
10332,288
10332,54
10333,5341
10333,331
10334,10
10335,1423
10335,774
10335,2224
10335,476
10336,1047
10336,603
10336,216
10336,216
10336,54
10336,8287
10336,216
10337,602
10337,5756
10337,3
10337,1842
10337,10338
10337,673
10337,10339
10337,2314
10337,116
10337,1296
10337,2344
10337,1253
10338,424
10338,216
10339,10337
10339,1842
10340,1026
10340,972
10340,187
10340,188
10340,10341
10340,10342
10340,10
10341,487
10341,1308
10341,2796
10342,406
10342,8906
10343,2
10344,10
10344,1665
10344,10755
10345,10
10345,10
10346,271
10346,2
10346,54
10347,720
10347,2
10347,1146
10348,2
10349,2
10349,3
10349,660
10349,1727
10350,662
10350,10351
10351,476
10351,54
10353,110
10353,247
10353,545
10353,1324
10353,1209
10354,509
10354,2
10354,2566
10355,54
10356,54
10357,1436
10357,184
10357,821
10357,1324
10357,152
10357,1254
10358,2
10358,54
10358,1535
10359,5485
10359,5533
10359,763
10359,476
10359,34
10359,1797
10359,12249
10360,2410
10360,576
10360,878
10360,216
10361,3396
10361,3
10361,2910
10362,1889
10362,54
10362,3
10363,54
10364,288
10364,8632
10364,248
10364,413
10364,896
10364,79
10364,1243
10365,2616
10365,424
10365,1448
10366,1201
10366,10367
10366,5757
10366,10368
10367,54
10367,209
10367,2288
10369,477
10369,10
10369,1324
10370,10
10372,937
10372,54
10372,807
10372,382
10373,135
10373,10
10374,3289
10375,10
10375,27
10375,920
10376,2
10377,9728
10378,10
10378,10
10379,1002
10379,10
10379,10
10379,1182
10379,511
10379,979
10379,506
10380,2384
10380,756
10380,3
10380,3
10380,10381
10381,172
10381,2
10381,7801
10381,292
10381,10380
10383,4
10383,10
10384,266
10384,2
10384,1342
10384,3305
10384,2
10384,3
10384,10385
10385,649
10385,356
10385,3305
10385,3
10385,6352
10385,3
10385,2855
10385,10384
10386,4556
10386,13
10386,0
10386,30
10387,10
10387,112
10388,216
10388,54
10389,10
10390,5
10391,2
10391,3743
10391,970
10392,54
10393,265
10393,264
10394,10
10395,2787
10395,0
10396,5242
10396,736
10396,1278
10396,736
10398,0
10398,206
10399,0
10399,663
10400,86
10400,10
10400,85
10400,86
10400,10
10400,1194
10401,10
10401,42
10402,2
10403,216
10403,54
10404,2411
10404,2
10404,3
10404,2
10404,3
10404,1324
10405,4132
10405,2680
10405,701
10405,1436
10405,2314
10406,110
10406,5188
10406,210
10407,578
10408,887
10408,10007
10409,838
10409,0
10409,10
10409,73
10409,10
10410,153
10410,453
10410,821
10411,3
10411,9038
10411,9039
10411,2983
10411,115
10412,2517
10412,763
10413,202
10413,444
10413,10
10413,1199
10414,1006
10414,54
10415,54
10416,10
10416,364
10416,10
10416,10
10417,2
10417,1112
10417,2
10417,3
10417,1388
10418,216
10418,54
10419,10
10419,172
10419,10
10419,1209
10420,960
10420,1230
10421,807
10421,0
10422,3364
10422,3400
10422,1073
10422,79
10423,5196
10423,674
10423,3
10424,412
10424,608
10424,412
10424,2336
10424,595
10424,27
10424,301
10424,1361
10424,1211
10424,1254
10425,170
10425,10426
10426,2
10426,418
10426,54
10426,51
10426,180
10426,181
10427,7502
10427,1153
10428,27
10428,28
10429,54
10430,54
10431,54
10432,2487
10433,10
10434,3955
10434,3
10434,300
10435,2
10435,368
10435,648
10435,2
10435,1044
10435,199
10436,2614
10436,1667
10436,4875
10436,6957
10437,393
10438,54
10439,3805
10439,995
10439,7
10439,17
10439,28
10440,2
10441,10
10442,0
10442,206
10442,10443
10443,3
10443,54
10443,184
10443,10442
10444,54
10445,2
10446,2
10446,981
10446,3
10446,2
10446,3
10447,54
10447,10448
10449,2336
10449,256
10449,2248
10450,991
10450,150
10450,235
10450,4208
10451,10
10452,3597
10452,651
10452,821
10452,1344
10452,1344
10453,3
10453,562
10453,10454
10453,54
10453,10455
10454,54
10454,2753
10456,94
10456,2175
10456,27
10456,27
10457,468
10457,170
10457,2130
10458,216
10458,54
10459,2175
10460,166
10460,3088
10461,2
10461,3
10462,255
10462,862
10462,255
10462,556
10463,385
10463,10
10464,531
10464,54
10464,148
10465,821
10466,54
10467,27
10467,1296
10468,301
10468,979
10468,9032
10469,8722
10469,8594
10469,185
10469,147
10470,662
10470,54
10470,27
10470,673
10471,216
10471,54
10472,468
10472,1344
10472,1209
10473,10
10474,299
10474,92
10474,10
10474,813
10474,2036
10475,170
10476,0
10476,206
10476,124
10476,28
10477,7173
10477,574
10477,2703
10478,10
10478,0
10478,10
10478,777
10478,1253
10479,2
10479,5706
10480,606
10480,10481
10480,1502
10480,54
10482,1018
10483,8935
10484,170
10485,10486
10486,3
10486,1324
10486,1271
10486,14925
10486,14926
10487,6899
10487,7585
10487,170
10487,65
10488,10489
10488,73
10488,34
10489,396
10489,54
10489,10488
10489,1296
10489,16245
10490,6056
10490,8528
10491,10
10491,27
10491,17
10492,27
10492,92
10493,10
10493,28
10494,10
10494,27
10495,13
10496,38
10496,57
10496,27
10497,1123
10497,2703
10497,116
10497,1209
10497,1254
10498,54
10498,27
10498,435
10499,54
10499,27
10499,6099
10500,1247
10500,172
10500,10
10500,116
10501,10
10502,155
10502,5644
10502,2703
10503,1133
10503,10504
10503,4244
10503,725
10503,2566
10503,261
10504,3
10505,11
10505,27
10505,28
10506,500
10507,1389
10507,3
10507,170
10507,2489
10507,10508
10507,4708
10509,5459
10509,170
10509,83
10510,10
10511,357
10511,10
10512,3956
10512,2643
10512,777
10512,41
10513,216
10513,54
10514,1033
10515,216
10515,54
10516,72
10516,137
10516,10
10516,40
10517,10
10517,172
10517,1575
10518,10
10518,27
10518,120
10519,10
10519,27
10519,120
10519,10518
10520,1248
10520,3
10520,110
10520,1234
10521,637
10522,11
10522,27
10522,979
10522,10523
10523,11
10523,27
10523,979
10523,10522
10524,10
10524,27
10524,429
10525,54
10526,10
10527,791
10527,292
10527,34
10527,8713
10527,11445
10528,3206
10529,2
10529,1604
10529,17
10530,1012
10530,73
10531,2
10532,808
10532,1342
10532,3872
10532,1043
10532,1315
10532,2781
10532,1262
10532,1241
10533,3
10534,5687
10534,5687
10534,13
10534,5888
10535,27
10535,5333
10536,10
10537,0
10537,124
10537,942
10537,28
10537,124
10537,942
10537,28
10538,10
10538,27
10539,11
10539,51
10539,38
10539,68
10539,329
10539,10
10539,472
10539,1079
10539,1238
10539,61
10539,1261
10540,7663
10540,170
10540,29
10541,6167
10541,434
10541,920
10542,27
10543,10544
10543,27
10544,51
10544,821
10545,10
10546,10
10546,27
10547,2
10547,327
10547,1110
10547,668
10548,5454
10548,54
10548,27
10548,120
10549,42
10549,92
10549,10
10550,2491
10550,1243
10551,27
10552,5978
10552,65
10552,84
10553,170
10554,10
10555,2761
10555,253
10555,2282
10556,10
10556,124
10556,17
10557,10556
10557,27
10558,864
10558,54
10559,10
10559,1181
10559,10
10559,3048
10559,1254
10559,1181
10560,1920
10560,551
10560,1882
10560,506
10561,10
10561,179
10562,10563
10562,13
10563,3534
10563,601
10563,5591
10563,1218
10563,1324
10564,10
10564,27
10564,435
10565,10
10565,27
10566,10567
10567,2
10567,54
10568,10569
10568,2775
10568,4775
10568,627
10568,627
10569,1207
10569,2775
10569,627
10569,27
10569,54
10570,846
10570,3519
10571,2
10571,120
10571,1159
10571,104
10571,11
10572,253
10573,10574
10573,54
10573,28
10574,606
10574,2
10574,995
10574,10573
10574,14607
10574,1296
10575,10
10575,27
10575,73
10575,526
10576,1710
10576,2027
10577,10
10577,27
10577,28
10578,121
10578,236
10578,955
10579,10
10579,27
10579,540
10579,239
10580,1732
10581,10
10581,27
10582,2
10583,2101
10583,10584
10584,2101
10584,10583
10584,14288
10585,54
10586,10
10586,42
10587,54
10587,27
10587,73
10588,10589
10588,54
10588,27
10589,2622
10589,10910
10590,10
10590,27
10590,429
10590,162
10591,10
10591,27
10591,120
10592,10
10592,28
10593,10
10594,10
10594,120
10595,10
10596,10
10596,27
10598,3845
10598,54
10598,27
10598,1224
10598,199
10598,3846
10599,1076
10599,134
10599,1357
10599,2
10599,3
10599,1813
10599,1209
10599,10600
10599,3
10601,54
10601,27
10601,920
10602,1754
10602,54
10602,10603
10603,1754
10603,54
10603,6611
10603,10602
10604,11
10604,27
10604,979
10605,27
10606,10
10606,1169
10606,378
10606,8102
10607,7565
10607,3
10608,10
10608,10
10609,27
10609,10610
10610,27
10610,10609
10611,2732
10612,216
10612,54
10613,10
10613,27
10614,10
10614,27
10614,513
10614,17
10615,968
10615,2542
10615,968
10616,10
10616,27
10617,10
10618,27
10619,27
10620,105
10620,106
10620,0
10620,170
10620,73
10620,1324
10620,1271
10621,5971
10621,10
10621,27
10621,28
10622,1561
10622,1628
10622,1790
10622,995
10622,7
10623,1561
10623,54
10623,1561
10623,1561
10623,10622
10624,10
10624,27
10624,1790
10624,920
10625,280
10625,27
10625,526
10626,2542
10626,54
10626,27
10626,513
10627,5734
10627,5735
10627,3
10628,170
10628,83
10629,1002
10629,21
10629,10
10630,170
10630,7
10632,10
10633,591
10633,649
10633,594
10633,989
10634,1549
10634,282
10634,4964
10635,2086
10636,3289
10636,4680
10636,10637
10637,3289
10638,10
10639,1073
10639,3
10639,14062
10639,54
10639,4180
10639,1567
10640,2595
10640,288
10640,3651
10640,10641
10641,739
10641,288
10642,89
10642,89
10642,28
10642,721
10643,212
10643,27
10644,10
10644,6122
10644,16
10644,10
10645,89
10645,721
10646,38
10646,57
10646,27
10646,907
10646,1052
10647,10
10648,2
10649,495
10649,9390
10649,506
10649,6095
10650,2955
10650,4093
10651,3615
10651,821
10652,132
10652,398
10652,821
10653,10
10654,10
10655,10
10655,3894
10655,10
10656,247
10656,54
10657,821
10658,216
10658,54
10659,10660
10659,116
10659,1209
10659,1253
10660,54
10661,10
10661,5830
10661,389
10662,10
10663,10
10663,10
10664,10
10665,747
10665,132
10665,3
10665,1296
10665,3847
10666,5844
10667,414
10667,1608
10668,1161
10668,54
10669,4167
10669,574
10669,1033
10670,356
10670,347
10670,28
10671,8003
10671,84
10671,367
10671,368
10671,2
10671,3
10671,54
10672,54
10673,54
10673,209
10674,601
10674,1457
10674,2
10676,7616
10676,209
10676,4362
10677,27
10678,6232
10678,6233
10678,65
10679,6729
10680,647
10680,54
10681,65
10681,3967
10681,3289
10682,392
10682,27
10682,429
10683,1344
10684,2
10684,2811
10684,3416
10684,821
10685,3140
10685,10
10685,86
10686,5066
10686,5067
10686,5066
10686,5067
10686,5069
10686,10687
10687,5066
10687,5202
10687,5067
10687,54
10687,170
10688,10
10689,4004
10689,65
10690,10
10690,27
10690,378
10690,920
10691,73
10691,506
10691,721
10692,54
10692,10
10692,4347
10692,10693
10692,4347
10693,4347
10694,10
10694,27
10694,7
10694,1448
10695,270
10695,720
10695,9885
10696,10697
10696,27
10696,3
10697,672
10698,170
10698,27
10699,10
10699,10
10700,425
10700,54
10700,54
10700,13954
10701,2732
10701,3
10702,65
10703,10
10703,27
10704,6353
10704,1769
10705,1734
10705,54
10706,54
10707,2963
10707,54
10708,2
10708,120
10708,526
10709,27
10709,916
10710,27
10711,10
10711,27
10711,28
10712,10
10712,27
10712,435
10713,7380
10713,1044
10713,10714
10713,8404
10714,7380
10714,54
10714,513
10714,10713
10715,10716
10715,147
10715,65
10716,3
10716,1036
10716,2095
10717,51
10717,27
10718,10
10719,10
10719,27
10719,2477
10720,4814
10720,54
10721,10
10721,179
10722,0
10722,206
10722,10723
10723,10722
10723,0
10723,510
10724,432
10724,10
10724,98
10724,10
10724,725
10725,821
10726,132
10726,821
10727,10
10728,3034
10728,54
10728,40
10728,116
10729,10
10730,27
10730,124
10731,10
10731,1169
10731,124
10732,481
10732,451
10732,2796
10733,1346
10733,972
10733,27
10733,10
10734,10
10735,11
10735,27
10735,979
10736,10
10737,75
10737,821
10737,1209
10738,376
10738,3799
10738,2
10738,597
10739,874
10739,54
10741,10
10742,0
10742,881
10742,10
10743,2
10743,291
10743,11
10743,2687
10744,51
10744,54
10744,10
10744,27
10744,2013
10745,10
10746,4954
10747,10748
10747,10
10747,27
10747,124
10747,1161
10748,232
10748,10
10748,1161
10748,10
10749,1732
10749,10750
10750,1732
10750,7
10750,28
10751,10
10751,398
10752,54
10752,209
10753,2409
10753,10754
10753,1941
10753,10754
10754,54
10754,1294
10755,2516
10755,3254
10755,2
10755,649
10755,4990
10756,10
10756,27
10756,7
10756,1159
10756,3819
10757,271
10757,2
10757,54
10757,2443
10758,10
10758,27
10758,920
10759,6249
10760,2749
10760,54
10760,1037
10760,10761
10760,2751
10760,10762
10761,2749
10761,54
10761,1037
10761,8382
10761,2751
10761,10760
10762,2749
10762,54
10762,1037
10762,10760
10762,2751
10762,14164
10763,54
10763,1294
10764,89
10764,27
10764,131
10764,513
10765,10
10765,27
10765,28
10766,151
10766,10
10767,65
10767,1801
10767,195
10767,252
10768,1339
10768,10
10768,133
10769,10
10770,10
10771,2826
10771,500
10771,10506
10771,3
10771,500
10772,7294
10772,10
10772,429
10773,147
10773,1493
10774,10
10775,51
10775,821
10776,2
10777,42
10777,92
10777,10
10777,42
10777,10
10778,28
10778,2
10779,2
10780,54
10781,1644
10781,54
10781,27
10781,1876
10782,338
10782,3
10782,2754
10782,2754
10783,54
10784,846
10785,1882
10785,429
10785,10786
10786,301
10786,1882
10786,1168
10786,429
10786,10785
10787,10788
10787,783
10787,456
10787,382
10787,120
10787,124
10787,7
10787,184
10788,783
10788,54
10789,3108
10789,1583
10789,2
10789,184
10789,4047
10790,1167
10791,17
10791,34
10791,27
10791,1296
10792,54
10792,209
10793,54
10793,209
10794,9046
10794,209
10794,1522
10794,5189
10794,209
10794,1361
10794,116
10794,1229
10794,1209
10795,54
10795,209
10795,1294
10796,54
10796,209
10797,2705
10797,360
10797,321
10797,2825
10797,360
10798,10799
10798,54
10798,209
10800,355
10800,239
10800,1118
10800,995
10800,73
10800,556
10800,7
10800,1436
10800,17
10800,184
10800,34
10800,10801
10801,3
10802,347
10802,28
10802,10
10803,10
10804,3
10804,6563
10804,2049
10804,199
10804,2989
10804,10805
10804,10806
10804,2344
10807,2
10808,601
10808,1139
10808,54
10809,1732
10809,79
10810,1732
10811,1732
10811,28
10812,2045
10813,1732
10813,54
10813,2048
10814,1732
10814,54
10814,677
10815,1732
10815,28
10817,3959
10817,2531
10818,981
10818,701
10818,11133
10819,10
10819,10
10820,1469
10820,2
10820,807
10820,192
10820,821
10820,54
10820,924
10821,3
10821,3265
10821,2649
10821,5609
10821,1243
10821,9227
10822,10
10823,299
10823,0
10823,30
10824,6594
10824,2
10824,618
10824,51
10824,821
10826,1763
10826,7595
10826,10827
10827,1763
10827,10826
10829,39
10829,39
10829,170
10829,1324
10829,1271
10830,276
10830,27
10831,244
10832,54
10833,405
10833,2
10833,649
10833,1243
10833,95
10833,1152
10833,1243
10833,116
10834,10
10835,10
10835,27
10835,1620
10836,10
10836,4071
10836,195
10837,236
10837,104
10838,54
10838,253
10839,10
10840,134
10840,10
10840,10
10840,10
10841,974
10841,10
10842,1047
10842,281
10842,8590
10842,331
10842,1392
10842,1256
10843,38
10843,3
10843,1243
10843,3330
10844,10
10845,10
10845,27
10845,28
10845,10846
10846,10
10846,27
10846,28
10847,51
10847,821
10848,10849
10848,513
10848,1037
10849,216
10849,54
10850,54
10850,27
10850,1037
10851,147
10851,65
10852,1732
10852,10853
10853,1732
10853,1627
10854,10
10854,1302
10854,116
10854,10
10855,1043
10855,1768
10855,6636
10856,10
10856,27
10856,942
10857,152
10857,4
10857,2
10858,11
10858,27
10858,434
10858,1224
10858,526
10859,476
10859,54
10860,481
10860,481
10860,0
10860,30
10860,991
10860,85
10861,814
10861,0
10861,185
10862,618
10862,54
10863,51
10863,54
10864,10865
10864,1436
10864,6249
10865,4322
10865,1199
10865,6249
10866,54
10866,27
10866,10359
10867,10
10867,27
10867,10868
10867,10869
10868,10
10868,27
10868,10867
10869,10
10869,27
10870,170
10871,10
10871,183
10872,10
10873,60
10873,3
10873,54
10873,2514
10873,3529
10874,946
10874,331
10874,120
10874,1243
10875,27
10875,124
10876,2749
10876,54
10876,1037
10876,6370
10876,2751
10876,13087
10877,10
10878,142
10878,193
10878,193
10878,10
10878,40
10878,2562
10879,0
10879,206
10880,54
10880,5561
10880,170
10881,71
10881,0
10881,30
10881,465
10882,75
10882,27
10882,821
10882,1271
10883,271
10883,10884
10883,7086
10884,271
10884,54
10885,1470
10886,249
10886,10
10886,249
10887,42
10887,92
10887,236
10887,237
10887,506
10887,1181
10887,1209
10888,54
10890,3680
10890,1207
10890,1059
10891,802
10891,10892
10891,458
10892,802
10892,54
10893,1248
10893,154
10893,27
10893,514
10893,154
10894,3192
10894,602
10894,732
10894,216
10894,54
10894,15583
10894,3190
10894,15584
10895,10
10896,54
10896,209
10897,54
10897,209
10898,2602
10899,6091
10899,6091
10899,170
10899,6907
10900,13
10901,170
10902,10
10902,27
10902,28
10903,10
10903,27
10903,513
10903,13125
10904,10
10904,120
10905,496
10905,10
10905,184
10905,40
10905,116
10906,10
10906,1169
10906,513
10907,10
10907,198
10907,83
10907,28
10908,1989
10909,846
10909,2397
10910,7451
10910,10589
10911,1671
10911,170
10912,54
10913,2
10914,10
10914,1254
10915,288
10915,6605
10915,6249
10915,1240
10915,1241
10916,10
10917,10
10917,10
10917,73
10917,1152
10917,1322
10917,1448
10917,1152
10917,1296
10917,1271
10917,1448
10920,3576
10920,2369
10920,2622
10920,1490
10920,574
10920,120
10921,34
10921,821
10921,1296
10922,10
10922,27
10922,1224
10922,10923
10923,10
10923,27
10923,1224
10923,10922
10924,54
10925,3
10925,1094
10925,418
10925,4787
10926,54
10927,985
10927,1205
10927,2
10928,54
10928,10929
10929,233
10930,10
10930,27
10931,216
10931,293
10931,294
10931,54
10931,10932
10931,10933
10931,54
10932,3075
10932,54
10932,10933
10933,10931
10933,10932
10934,86
10934,6870
10935,54
10936,10
10937,2018
10938,0
10938,206
10939,10
10939,124
10939,28
10940,2243
10940,54
10941,10942
10941,54
10941,5036
10941,170
10941,83
10942,871
10942,1342
10942,1044
10943,10
10943,27
10943,184
10944,693
10944,270
10944,270
10944,3472
10945,10
10946,2
10946,273
10946,92
10946,922
10946,183
10947,1356
10947,3
10947,434
10947,1254
10948,2
10948,601
10948,54
10949,937
10949,10372
10949,367
10950,4622
10950,1287
10951,10
10951,1240
10951,2335
10951,1241
10952,10
10953,10954
10955,10
10955,27
10956,2126
10956,435
10956,10957
10956,2125
10957,2126
10957,54
10957,10958
10957,435
10957,2125
10957,10956
10957,7590
10957,9605
10958,2
10958,54
10958,2125
10959,10
10960,2
10960,3
10960,2
10960,3
10960,5027
10961,10
10961,499
10961,205
10961,92
10961,10
10961,170
10961,83
10962,913
10962,2
10962,54
10963,647
10963,54
10964,11
10964,27
10964,995
10965,27
10965,5448
10966,10
10966,27
10966,979
10967,27
10967,39
10968,304
10968,51
10968,821
10969,276
10969,338
10969,10
10969,828
10969,1138
10969,10
10970,2487
10970,1079
10971,896
10971,54
10972,51
10972,170
10972,51
10973,73
10973,184
10973,27
10974,10
10975,10
10975,27
10975,942
10976,1671
10976,742
10977,1205
10977,989
10977,11672
10978,1682
10978,1682
10978,13
10979,10
10979,27
10979,184
10980,10
10980,27
10981,54
10981,1782
10982,10
10982,124
10983,7985
10984,10
10984,27
10984,435
10984,7
10984,526
10984,9711
10985,721
10986,89
10986,721
10986,721
10987,2118
10987,5038
10987,1760
10987,1626
10988,2
10988,3555
10988,54
10988,2
10988,1455
10988,774
10988,54
10988,27
10988,54
10989,2348
10989,2
10989,3
10989,54
10989,42
10989,92
10989,10
10989,10990
10990,10989
10990,2903
10991,3470
10991,40
10992,2005
10992,65
10992,65
10993,1831
10993,54
10993,27
10993,1584
10993,17
10993,10994
10994,1831
10994,1584
10994,17
10994,10993
10995,10996
10995,54
10996,2
10997,10
10997,27
10997,1448
10998,6233
10998,65
10999,4452
10999,65
10999,13
11000,5770
11000,637
11000,54
11001,10
11001,116
11001,1296
11001,2170
11002,392
11002,27
11002,979
11003,1763
11003,434
11004,27
11004,34
11004,1696
11005,27
11006,10
11006,27
11006,942
11007,2
11007,116
11007,116
11008,3289
11009,10
11010,10
11011,54
11011,463
11012,11
11012,721
11013,3847
11013,54
11013,65
11014,10
11014,27
11014,184
11015,10
11015,3316
11015,4347
11016,4842
11016,209
11016,1941
11016,156
11016,1941
11016,3683
11016,1209
11017,170
11018,23
11018,2778
11019,972
11019,10
11020,1754
11020,54
11021,170
11022,1059
11022,10
11022,1254
11023,9177
11024,10
11024,219
11024,27
11025,163
11025,2354
11026,281
11026,281
11026,1856
11026,673
11026,40
11027,991
11027,11028
11027,10
11028,10
11029,1247
11029,2
11029,3
11029,1164
11030,376
11030,300
11031,305
11032,1045
11032,5631
11032,5631
11032,1321
11033,736
11034,3
11034,11035
11036,281
11036,10338
11037,216
11037,54
11038,27
11039,2773
11039,757
11039,1514
11039,937
11039,4278
11040,1243
11040,54
11041,11042
11041,3037
11041,1499
11041,120
11042,647
11042,54
11043,10
11044,1116
11044,73
11044,17
11045,10
11046,54
11047,23
11047,132
11047,398
11047,821
11048,236
11048,214
11048,42
11048,92
11048,4083
11049,1152
11049,184
11049,869
11049,27
11049,1243
11049,11050
11050,807
11050,700
11050,11049
11050,2280
11050,2440
11050,54
11050,54
11051,2487
11051,1079
11052,1353
11052,1415
11052,10
11053,27
11053,1028
11054,10
11054,27
11054,7
11055,4653
11056,10954
11056,54
11056,677
11056,10953
11056,11057
11057,10954
11057,54
11057,11056
11057,677
11057,10953
11057,13743
11058,10
11058,27
11058,513
11059,11060
11059,7
11060,54
11060,13855
11061,747
11061,51
11062,27
11062,881
11063,802
11063,54
11064,1671
11064,742
11065,2179
11066,467
11066,392
11066,467
11066,1344
11068,10
11069,0
11070,216
11070,54
11070,11071
11070,11072
11073,267
11073,172
11073,10
11073,1251
11073,1171
11073,1324
11073,1209
11074,2
11075,2
11076,11077
11076,739
11076,54
11077,2
11077,783
11077,54
11078,54
11078,10
11079,10
11079,7
11079,1254
11080,10
11081,110
11081,54
11082,2
11082,3
11083,1045
11083,54
11084,1029
11084,110
11084,12356
11084,3
11084,2
11084,54
11084,1302
11085,1246
11085,627
11085,2
11085,739
11085,54
11087,10
11088,2
11088,618
11089,10
11090,368
11090,736
11091,10
11092,1201
11092,574
11092,2855
11092,110
11092,295
11092,11093
11092,2086
11092,11094
11093,10064
11093,7462
11094,54
11094,11092
11095,54
11096,10
11096,27
11096,28
11097,54
11097,209
11098,10
11099,1172
11099,2
11099,674
11099,2
11099,331
11100,2
11100,3
11100,2
11100,3
11102,596
11102,1205
11103,265
11103,1010
11103,1047
11103,2489
11103,1194
11104,265
11104,1047
11104,2489
11105,54
11106,54
11107,9029
11107,2
11107,6044
11107,7630
11108,54
11109,376
11109,3416
11109,292
11110,1426
11110,10
11110,1234
11110,5732
11111,1819
11111,10
11111,39
11111,10
11112,2
11113,227
11113,682
11113,674
11114,54
11114,209
11115,18
11115,10
11115,42
11115,92
11115,10
11115,1059
11116,3593
11116,10218
11116,11117
11117,2285
11117,54
11117,27
11118,1245
11118,247
11118,1499
11118,992
11118,3
11118,2802
11119,10
11120,552
11120,3
11120,367
11121,1059
11121,10
11121,10
11122,179
11122,10
11122,172
11123,2
11123,305
11123,2
11123,3
11123,1118
11123,73
11123,1436
11123,184
11123,506
11123,4143
11124,10
11125,10
11126,2
11127,821
11128,10
11128,27
11129,545
11129,545
11130,3860
11130,627
11130,628
11130,13126
11130,1726
11131,10
11131,106
11132,3223
11132,3374
11133,476
11133,331
11133,2086
11133,10818
11133,2086
11134,4416
11134,2285
11135,1594
11135,5
11135,2
11135,1151
11135,313
11136,54
11137,2
11138,2
11139,2
11140,10
11140,42
11140,10
11141,2
11142,313
11142,54
11143,292
11143,79
11143,54
11143,1205
11143,54
11144,10
11145,10
11145,27
11145,1811
11146,10
11146,27
11146,1063
11146,11147
11147,10
11147,1063
11147,11146
11148,4346
11148,54
11148,27
11148,942
11149,11150
11149,28
11150,3
11150,5568
11150,28
11150,18089
11151,2749
11151,54
11151,1037
11151,14426
11151,2751
11151,8381
11152,64
11152,170
11152,1035
11153,10
11153,27
11154,10
11154,27
11155,176
11155,10
11156,747
11156,132
11156,132
11156,398
11156,1324
11157,10
11157,336
11158,674
11158,1020
11159,10
11160,5952
11160,5952
11160,28
11160,0
11160,30
11160,132
11160,398
11161,170
11162,1223
11162,1246
11162,3397
11163,2651
11163,5428
11164,2
11164,527
11164,34
11165,4012
11165,774
11165,331
11165,937
11165,120
11166,368
11166,54
11167,5454
11167,54
11167,9403
11168,1763
11168,11169
11168,11170
11169,1763
11169,239
11169,11168
11170,1763
11170,435
11170,11168
11170,4029
11170,15843
11171,281
11172,89
11172,170
11173,13
11173,11173
11174,684
11174,1192
11174,10
11175,227
11175,54
11175,227
11176,7939
11176,65
11176,7939
11176,13
11177,377
11177,10
11177,27
11177,513
11177,199
11178,3374
11178,513
11178,11179
11178,3373
11178,11180
11179,3374
11179,513
11179,14340
11179,3373
11179,11178
11180,3374
11180,513
11180,11178
11180,3373
11180,6789
11181,635
11181,131
11181,10
11182,5469
11182,2086
11182,378
11182,1655
11183,5469
11183,2086
11183,378
11184,10
11184,27
11184,28
11184,11185
11185,10
11185,27
11185,1023
11185,11184
11186,1779
11187,11
11187,27
11187,1655
11188,601
11188,54
11188,1568
11189,7939
11189,7939
11189,13
11190,1047
11190,760
11190,907
11190,1296
11191,6909
11192,8797
11192,54
11193,5397
11193,10
11193,120
11194,1871
11195,11
11195,27
11195,979
11196,721
11196,1296
11197,1185
11197,326
11198,3344
11199,288
11199,1501
11199,120
11200,7112
11200,1045
11201,34
11201,5167
11202,10
11203,2232
11203,151
11204,674
11204,54
11205,10
11206,10
11206,27
11206,1448
11206,11207
11207,10
11207,27
11207,1448
11207,11206
11208,54
11209,27
11209,113
11210,27
11210,1710
11211,276
11211,1197
11211,61
11212,51
11212,27
11212,28
11213,3446
11213,2
11213,3
11213,1302
11213,116
11214,1
11214,10
11214,10
11214,1218
11214,40
11214,1324
11214,1209
11215,6729
11216,11
11216,27
11216,526
11216,11217
11217,11
11217,27
11218,1810
11219,327
11219,255
11220,10
11220,27
11221,27
11221,183
11222,2
11224,281
11224,490
11224,2260
11225,813
11225,2036
11225,68
11225,10
11225,2258
11226,8695
11226,5114
11227,27
11228,560
11228,556
11228,17
11228,34
11228,721
11228,924
11228,101
11229,931
11229,1626
11229,7300
11230,10
11231,10
11231,4047
11231,267
11232,54
11232,7791
11232,13
11233,5734
11233,5735
11233,170
11234,1594
11234,550
11234,1296
11235,5066
11235,10686
11235,5066
11235,5066
11236,1193
11236,10
11237,10
11238,1416
11238,2
11238,3
11239,11240
11239,0
11239,30
11240,9
11240,10
11240,2932
11241,0
11241,30
11241,10
11242,628
11242,627
11242,27
11243,492
11243,495
11243,241
11244,27
11244,17
11244,199
11245,10
11245,27
11245,979
11245,217
11246,5217
11246,3
11247,1791
11247,1791
11247,13
11248,12167
11248,11282
11248,54
11248,15906
11249,27
11249,92
11250,54
11250,1587
11250,11251
11251,2
11252,51
11252,27
11252,11253
11253,51
11253,27
11253,11252
11253,12913
11254,7203
11254,10
11254,7204
11254,526
11255,54
11256,3224
11256,3
11256,4763
11257,10
11257,27
11257,1584
11258,388
11258,2602
11259,3454
11259,1790
11259,5
11259,11260
11260,3454
11260,1790
11260,5
11260,3
11260,11259
11261,10
11261,10663
11262,2
11262,618
11262,2
11262,3
11262,2
11263,7220
11264,2
11265,1464
11266,1073
11266,8
11266,1243
11266,777
11266,777
11267,2
11268,3
11268,1090
11268,2703
11269,2042
11269,54
11269,27
11269,556
11269,2043
11270,54
11271,2042
11271,27
11271,556
11271,2043
11272,1600
11272,170
11273,11274
11273,120
11273,444
11274,54
11275,10014
11275,551
11275,104
11275,10015
11276,27
11276,11277
11277,208
11277,236
11277,10
11278,10
11279,10
11280,134
11280,1813
11280,27
11280,2354
11281,6851
11282,5439
11283,2087
11284,2067
11284,54
11285,51
11285,54
11285,10
11285,4071
11285,540
11285,239
11285,1044
11285,17
11286,54
11287,335
11287,27
11287,3831
11287,556
11287,1722
11288,1671
11288,742
11289,10
11290,3368
11290,1655
11291,1024
11291,27
11292,27
11292,11293
11292,920
11293,27
11293,15793
11293,11292
11294,2005
11294,65
11294,10040
11295,6159
11295,54
11295,435
11295,8346
11295,8345
11295,11296
11296,6159
11296,54
11296,27
11296,435
11296,11295
11296,8345
11297,10
11297,27
11297,17
11297,199
11298,2707
11298,13533
11299,27
11299,953
11299,199
11299,11300
11300,27
11300,953
11300,199
11300,11299
11301,2512
11301,54
11301,28
11302,721
11302,721
11303,54
11303,1324
11303,1271
11304,10
11304,27
11304,922
11305,1659
11305,27
11305,1448
11306,907
11307,10
11308,147
11308,170
11309,10
11309,27
11309,29
11309,1448
11310,10
11311,4823
11311,7459
11312,303
11312,10
11313,2
11313,3333
11313,180
11313,181
11313,821
11314,27
11314,2800
11315,132
11315,17
11315,821
11316,10
11316,27
11317,3107
11317,356
11318,10
11319,13
11320,496
11320,10
11321,54
11322,4581
11322,1985
11322,83
11323,24
11323,445
11323,2487
11324,27
11324,1434
11325,3
11325,352
11325,1792
11326,75
11326,821
11327,10
11327,27
11327,9772
11328,27
11329,324
11330,10
11330,27
11330,28
11331,289
11331,2
11331,54
11332,10
11333,54
11333,209
11334,216
11334,54
11335,42
11335,92
11335,10
11336,406
11336,152
11336,1763
11337,467
11337,467
11337,1344
11338,216
11338,54
11339,602
11339,414
11340,2237
11340,618
11341,2
11341,2
11341,331
11342,10
11342,10
11342,1218
11342,2252
11343,2
11344,2
11344,605
11344,960
11344,2
11345,7493
11345,5881
11345,3409
11345,28
11346,3254
11346,3255
11346,10740
11346,10660
11346,1604
11346,1234
11346,3045
11347,28
11347,551
11347,54
11347,3124
11348,2
11348,981
11348,3
11348,5129
11348,1205
11348,2
11349,2
11350,54
11350,54
11350,1230
11351,38
11351,27
11352,170
11352,13
11353,329
11353,170
11353,2130
11354,10
11354,218
11354,920
11355,5280
11355,54
11355,27
11355,1655
11356,54
11356,209
11357,10
11357,120
11357,29
11357,526
11358,10
11358,334
11359,232
11359,10
11359,334
11359,10
11359,11358
11360,11361
11360,51
11360,27
11360,120
11361,305
11361,192
11361,434
11361,120
11362,23
11362,32
11362,2487
11362,1324
11363,7343
11364,1357
11364,485
11364,3165
11364,10599
11364,1357
11365,3717
11365,65
11365,3717
11366,54
11366,13
11366,4811
11367,10
11367,389
11368,27
11369,11370
11369,124
11370,3
11370,51
11370,4974
11370,821
11370,54
11371,0
11371,30
11371,40
11371,1152
11372,3
11372,54
11372,54
11373,27
11373,2147
11374,27
11375,6733
11375,54
11375,14563
11375,1655
11375,10192
11376,1769
11377,5699
11377,54
11377,400
11378,931
11378,7162
11379,10
11379,27
11379,979
11380,13
11381,10
11381,27
11381,73
11381,199
11381,920
11382,10
11382,27
11382,28
11383,2684
11383,270
11383,5102
11383,960
11384,54
11385,86
11385,1002
11385,268
11385,10
11386,54
11387,406
11387,718
11387,11388
11388,54
11389,27
11389,979
11390,27
11391,27
11392,1930
11392,10
11392,27
11392,73
11393,27
11394,10
11395,10
11395,7
11395,217
11395,11396
11396,10
11396,7
11396,217
11396,11395
11397,124
11397,13
11398,13
11399,11
11399,10
11399,147
11400,10
11400,27
11400,28
11401,170
11401,83
11402,83
11402,13
11403,27
11404,10
11404,1118
11405,10
11406,10
11407,2633
11408,5323
11408,54
11408,1655
11409,27
11410,6374
11410,65
11411,6851
11411,6851
11411,1330
11411,924
11411,975
11412,407
11412,739
11413,3
11413,2
11414,216
11414,54
11414,11415
11416,1047
11416,5604
11416,3341
11416,11417
11416,506
11416,673
11416,1254
11417,3341
11418,3
11418,54
11418,13299
11419,170
11419,407
11420,3597
11420,370
11420,3385
11421,1243
11421,2177
11422,821
11422,2902
11422,821
11423,216
11423,54
11424,3090
11424,3243
11425,2349
11425,3482
11425,437
11426,54
11427,3
11427,2
11428,54
11428,11429
11428,5566
11429,11428
11430,3638
11430,251
11430,216
11430,54
11430,3054
11430,3957
11430,333
11431,216
11431,54
11432,11433
11432,294
11432,3
11432,973
11432,11434
11435,601
11435,1139
11435,2
11436,598
11436,8034
11436,551
11437,170
11437,83
11437,27
11437,1296
11437,1324
11438,54
11439,398
11439,821
11439,1296
11439,1254
11440,450
11440,1395
11440,276
11440,2559
11440,2
11440,3
11440,2173
11440,1138
11440,5275
11440,923
11440,2608
11441,5286
11441,134
11441,3837
11441,61
11442,11
11442,27
11443,3426
11443,2640
11444,682
11445,986
11445,10527
11445,11446
11445,34
11446,606
11446,54
11448,27
11449,170
11449,39
11450,10
11450,27
11450,28
11451,1991
11453,27
11454,299
11454,298
11454,2487
11454,2250
11455,27
11456,10
11457,1671
11457,742
11458,9634
11459,2
11459,392
11459,17586
11460,10
11461,1735
11461,1882
11461,1615
11462,10
11462,27
11462,1159
11463,45
11463,10
11464,629
11464,27
11464,124
11464,28
11465,11466
11465,2487
11465,2487
11465,1324
11465,1209
11465,2275
11466,24
11466,2487
11466,2487
11466,1296
11467,38
11467,4245
11467,1991
11467,580
11467,847
11467,2929
11467,11468
11468,4245
11468,1991
11469,1595
11469,258
11469,258
11469,210
11469,5474
11469,170
11469,83
11470,75
11470,0
11470,30
11471,27
11471,2132
11472,89
11472,131
11472,721
11473,10
11473,1605
11473,7
11474,54
11474,7226
11475,10
11475,27
11475,28
11476,5231
11476,54
11476,199
11477,10
11477,27
11477,28
11478,2641
11478,27
11479,1671
11479,742
11480,10
11480,27
11480,28
11481,1161
11481,10
11482,27
11482,39
11483,27
11484,2082
11484,979
11484,11485
11485,2082
11486,10
11486,1863
11486,28
11487,1209
11487,1344
11488,11
11488,27
11489,10
11489,2046
11489,1775
11490,1265
11490,1247
11490,1478
11491,1831
11491,1584
11491,17
11491,11492
11491,8372
11492,1831
11492,54
11492,27
11492,1584
11492,17
11492,8372
11492,11491
11493,51
11493,54
11493,10
11493,434
11493,120
11493,1874
11493,11494
11494,27
11494,434
11494,120
11494,1874
11495,1800
11495,1769
11496,1732
11496,54
11496,28
11497,216
11497,27
11497,1584
11498,10
11498,347
11499,280
11499,27
11499,301
11500,6277
11500,54
11500,27
11500,11501
11501,6277
11501,54
11501,27
11501,11500
11502,95
11502,27
11503,11504
11504,3
11504,467
11504,1044
11504,2902
11504,7
11504,3819
11504,4564
11504,13513
11504,5284
11505,10
11505,27
11505,1696
11506,2865
11506,11
11506,27
11506,513
11507,10
11507,27
11507,2048
11508,10
11508,347
11509,10
11509,27
11510,8613
11510,61
11511,1100
11511,10
11511,27
11512,10
11513,27
11513,138
11514,1962
11514,54
11515,8935
11516,54
11516,27
11516,28
11517,10
11518,27
11518,2542
11519,3797
11519,54
11519,210
11520,3107
11520,1059
11520,2
11520,356
11521,3568
11521,184
11521,218
11522,223
11522,730
11522,7988
11523,10
11524,11525
11524,3
11524,3823
11524,714
11526,1829
11526,11527
11527,54
11528,10
11528,27
11528,435
11529,10
11530,1084
11530,34
11530,821
11530,1296
11531,10
11532,10
11532,27
11532,1584
11533,10
11534,1185
11534,5208
11534,2205
11534,122
11535,551
11535,27
11535,11536
11536,551
11536,27
11536,11535
11537,2018
11538,5280
11538,54
11538,27
11539,1769
11540,2430
11540,10
11541,11542
11541,2
11541,184
11542,2
11543,6239
11544,54
11544,262
11544,7895
11545,4878
11545,54
11545,4880
11545,11546
11546,4878
11546,54
11546,1037
11546,11545
11546,4880
11546,10152
11547,4878
11547,54
11547,10152
11547,4880
11547,15938
11548,1719
11548,54
11548,27
11548,513
11548,1037
11548,677
11549,10
11549,27
11549,972
11550,7194
11550,970
11550,3270
11551,7615
11551,7615
11551,7615
11551,75
11551,0
11551,30
11552,54
11552,27
11552,4299
11553,176
11553,10
11554,2787
11554,1096
11554,2240
11554,1410
11554,3947
11554,1595
11554,3
11554,979
11554,4923
11554,1448
11554,12085
11554,11555
11554,12086
11555,11554
11555,12086
11556,10
11556,389
11557,10
11557,27
11558,2988
11558,407
11558,124
11558,28
11558,1296
11559,42
11559,0
11559,124
11559,28
11560,89
11560,131
11560,11561
11561,356
11561,54
11561,40
11561,101
11561,1271
11562,10
11563,10
11563,27
11564,1671
11564,742
11565,8955
11565,10
11565,27
11565,1063
11566,487
11566,163
11566,1103
11566,1792
11566,1123
11566,487
11567,451
11567,2796
11568,2336
11568,1103
11568,1123
11568,796
11568,1209
11569,2086
11569,54
11570,359
11570,10
11571,10
11571,1209
11572,1540
11572,3310
11572,2
11572,75
11572,51
11572,2086
11573,2773
11573,2753
11573,8141
11574,10
11575,265
11575,264
11575,219
11576,2661
11576,1518
11576,209
11576,209
11577,10
11577,45
11577,4
11577,30
11577,452
11577,92
11577,545
11577,560
11578,7306
11578,1722
11578,1797
11578,11579
11579,7306
11579,995
11579,7307
11579,7308
11579,1627
11579,11578
11580,68
11580,10
11581,10
11582,1735
11582,1882
11582,1615
11583,10
11584,10
11584,27
11584,28
11585,2
11585,3
11585,2561
11586,629
11586,629
11586,2746
11586,2354
11587,163
11587,121
11587,2487
11587,11588
11587,2487
11588,54
11589,393
11590,54
11591,132
11591,1565
11591,821
11592,327
11593,1047
11593,1256
11594,10
11595,89
11595,89
11595,89
11595,124
11595,7
11595,28
11595,721
11596,54
11597,2
11598,441
11598,3
11598,981
11598,3
11598,3215
11599,1040
11600,10
11601,10
11601,1448
11602,9027
11602,54
11603,27
11603,28
11604,13
11605,10
11605,13
11606,310
11606,10
11607,10
11607,27
11607,28
11608,1710
11609,821
11610,1671
11610,742
11611,6733
11611,54
11611,8008
11611,1655
11611,11612
11612,6733
11612,54
11612,11611
11612,1655
11612,16008
11613,10
11613,184
11614,27
11615,2
11616,3316
11616,2030
11617,2
11618,252
11618,4
11618,252
11618,10
11618,132
11619,54
11620,1973
11620,5992
11620,120
11621,3583
11621,65
11622,54
11622,209
11623,10
11624,1450
11624,1033
11625,2
11626,10
11627,1246
11627,1214
11627,14
11628,54
11629,1555
11629,4430
11629,216
11630,10
11631,10
11632,54
11633,1185
11633,1248
11633,1102
11633,2283
11633,54
11633,3
11633,54
11633,3366
11633,2259
11633,2026
11633,4849
11633,11634
11634,1079
11634,629
11635,2
11635,314
11636,10
11636,135
11637,216
11637,54
11638,10
11639,3586
11639,10740
11639,305
11639,3290
11640,1176
11640,744
11641,216
11641,54
11642,54
11643,10
11643,40
11643,770
11643,1254
11645,10
11646,476
11646,2856
11646,1296
11647,821
11648,10
11648,1563
11648,1209
11649,10
11649,458
11650,10
11650,2170
11651,51
11651,398
11651,821
11651,40
11652,10
11652,10
11652,1181
11652,796
11652,1181
11653,236
11653,1193
11653,17
11653,199
11654,991
11654,10
11654,10
11655,0
11655,36
11655,2095
11655,184
11655,28
11655,1181
11655,821
11655,40
11655,116
11656,2955
11656,4093
11657,2
11657,54
11657,3
11658,11659
11658,6643
11658,54
11658,209
11658,11660
11658,2294
11658,2188
11658,11661
11658,2294
11660,2407
11660,54
11660,209
11662,299
11662,2487
11663,10
11663,27
11663,995
11664,10
11665,1004
11665,3
11665,236
11666,10
11667,4468
11668,10
11669,8
11669,635
11669,0
11669,2693
11670,2
11670,649
11670,1552
11671,11672
11671,54
11671,177
11671,185
11671,1600
11671,81
11671,212
11672,367
11672,1205
11672,2432
11672,120
11672,1243
11673,1509
11673,1296
11673,1324
11674,896
11674,54
11675,11
11675,355
11675,960
11675,54
11675,11676
11677,54
11678,3
11678,6760
11678,4549
11679,334
11679,0
11679,30
11680,10
11680,1169
11680,124
11681,398
11681,434
11681,199
11681,821
11681,1296
11682,54
11683,11
11683,10
11684,834
11684,54
11685,5333
11685,5333
11685,2
11686,601
11686,10838
11686,728
11686,6884
11687,5384
11687,10118
11688,7973
11689,3289
11690,1911
11690,54
11691,1837
11691,1838
11691,1839
11692,1540
11692,647
11692,2272
11692,1209
11693,2
11693,3
11693,556
11693,27
11693,54
11693,1296
11694,150
11694,1319
11694,1319
11695,821
11695,821
11696,5454
11696,54
11696,27
11696,120
11697,0
11698,1201
11698,150
11698,960
11699,9363
11699,260
11699,470
11699,27
11699,301
11699,138
11700,276
11700,27
11701,1378
11701,236
11701,1589
11701,334
11701,1209
11702,10
11702,1856
11702,170
11703,10
11703,2932
11703,116
11703,185
11704,51
11704,459
11704,821
11704,821
11705,2955
11705,4093
11706,3289
11706,3289
11706,2304
11707,1599
11707,216
11707,54
11707,1599
11708,1201
11708,960
11708,1305
11708,1265
11708,2363
11708,2356
11709,6075
11709,1243
11709,1192
11709,6076
11709,6484
11709,7534
11709,8634
11709,8636
11709,7536
11709,8635
11709,7535
11710,292
11710,54
11711,253
11711,772
11712,1155
11712,10
11713,266
11713,544
11714,54
11715,54
11716,54
11716,11717
11718,10
11719,10
11719,40
11720,2178
11720,10
11720,2
11720,2681
11720,54
11720,124
11720,28
11720,1254
11721,578
11721,2474
11721,4295
11722,292
11723,2
11723,3
11723,2
11723,3
11723,3473
11723,1437
11724,2
11724,2
11724,2
11725,37
11725,327
11725,1110
11726,216
11726,54
11727,291
11727,29
11727,4316
11728,5405
11728,596
11728,331
11728,2086
11729,216
11729,54
11730,2616
11731,216
11731,54
11732,320
11732,774
11733,54
11734,2191
11734,42
11734,10
11735,10
11736,871
11737,265
11737,392
11737,38
11738,1438
11738,467
11738,467
11738,1344
11739,618
11739,2906
11740,1599
11740,3589
11740,216
11740,281
11740,216
11741,65
11741,7318
11741,1679
11741,1679
11741,195
11741,1679
11742,11743
11743,5189
11743,6315
11743,209
11743,54
11743,209
11743,2294
11743,16223
11743,2294
11744,10
11745,4659
11745,216
11745,1389
11745,11746
11746,1047
11746,4659
11746,11745
11747,774
11747,1454
11747,2
11748,10
11749,3
11749,4418
11749,3027
11749,1229
11750,1441
11750,2
11750,3
11751,2
11752,42
11752,10
11753,407
11753,960
11753,6249
11753,4440
11753,2781
11753,4585
11753,870
11754,808
11754,1342
11754,199
11755,366
11755,95
11755,2
11755,331
11755,17
11756,247
11756,596
11756,3873
11756,247
11756,1040
11756,9242
11757,601
11758,284
11758,11
11758,318
11758,542
11758,2
11758,2
11758,1253
11759,3
11759,3888
11759,22
11759,332
11759,1404
11759,3605
11759,1324
11760,53
11760,7
11761,53
11761,7
11761,13030
11762,11763
11763,313
11763,54
11764,9590
11764,9590
11765,763
11765,8613
11765,152
11766,112
11766,111
11766,112
11766,10
11766,162
11767,10
11768,2
11768,331
11768,1436
11769,1064
11770,10
11771,10
11772,10
11773,2
11773,1482
11774,1074
11774,618
11774,476
11774,73
11774,218
11775,294
11775,11
11775,1319
11776,1248
11776,368
11776,3206
11776,4428
11776,1159
11776,27
11776,1254
11776,124
11776,7
11776,17
11776,28
11776,104
11777,1608
11777,5291
11778,1047
11778,3638
11778,11779
11778,216
11778,3638
11778,216
11778,2703
11779,216
11779,54
11780,1047
11780,4980
11780,281
11781,292
11781,2
11781,552
11781,3
11782,0
11782,45
11782,11783
11783,392
11783,65
11783,11782
11784,6997
11784,10
11784,40
11784,3319
11785,54
11786,1344
11787,2517
11787,2384
11787,574
11787,5609
11787,3565
11787,9227
11788,10
11789,2405
11789,54
11789,1474
11789,3
11789,27
11789,54
11789,116
11790,236
11790,40
11791,193
11791,354
11791,10
11792,54
11792,11793
11794,2191
11794,86
11794,2307
11795,54
11795,377
11796,9787
11796,54
11796,1243
11796,54
11796,40
11796,1254
11796,11797
11798,3
11798,3360
11798,376
11798,3
11798,11799
11798,11800
11798,998
11798,2474
11798,9207
11801,3955
11801,2243
11801,9550
11801,3206
11801,1205
11801,120
11801,630
11802,3
11802,504
11802,11803
11802,116
11802,1296
11802,2690
11804,10
11804,1199
11805,3005
11805,1344
11805,3030
11806,10
11807,10
11808,635
11808,0
11808,10
11808,635
11808,0
11808,10
11808,10
11808,2314
11808,1324
11808,1209
11808,1199
11809,2191
11809,267
11809,10
11810,281
11810,11811
11810,2
11810,3
11810,2501
11811,2347
11811,981
11811,3
11811,2095
11811,12620
11811,12621
11811,12622
11812,713
11812,1243
11813,302
11813,10
11813,10
11813,27
11813,10
11813,11814
11813,1324
11814,2102
11814,11813
11815,10
11815,187
11815,188
11815,10
11816,2784
11816,0
11816,30
11816,10
11817,1056
11817,1045
11817,548
11817,292
11817,1243
11818,10
11819,353
11819,216
11819,3
11819,11820
11821,0
11822,1266
11822,9105
11822,10
11823,3093
11823,1344
11824,356
11825,10
11825,73
11826,6197
11827,2
11828,10
11829,1243
11829,54
11829,1243
11830,10
11831,65
11831,13
11832,2843
11833,4536
11834,281
11834,281
11835,1266
11835,10
11835,526
11838,10
11838,2932
11839,3492
11839,728
11839,5
11839,105
11839,1520
11839,3
11839,30
11839,340
11839,48
11839,139
11839,545
11839,13225
11839,206
11839,100
11839,410
11840,3756
11840,10
11840,10
11841,10
11842,4362
11842,960
11842,7826
11843,10
11844,10
11844,40
11845,3183
11845,2487
11846,2
11846,1211
11846,2
11847,2318
11847,500
11848,2175
11848,93
11848,2175
11849,34
11849,27
11849,54
11849,1296
11849,2975
11849,11850
11851,24
11851,92
11851,10
11851,445
11851,23
11851,1209
11852,54
11853,6203
11853,1045
11853,3150
11853,209
11853,2294
11854,960
11854,120
11856,166
11856,2825
11857,10
11857,1209
11858,10
11859,757
11859,647
11859,2
11860,54
11860,497
11860,27
11861,250
11861,1047
11861,1256
11862,54
11863,1045
11863,2280
11863,594
11863,989
11863,34
11864,674
11864,1020
11865,3479
11865,865
11865,3005
11865,1344
11865,1254
11866,2
11866,3
11866,248
11867,266
11867,2
11867,135
11867,10
11867,5780
11868,7217
11868,281
11868,11869
11869,248
11869,79
11869,54
11870,821
11871,2
11871,585
11871,1519
11871,92
11871,10
11871,10
11872,821
11872,821
11872,1209
11872,2344
11872,2690
11873,5003
11873,65
11874,1305
11874,1490
11874,2954
11875,271
11875,2388
11875,332
11876,371
11876,248
11876,255
11876,27
11877,10
11878,1419
11878,305
11878,305
11878,9444
11879,4715
11879,288
11879,34
11879,54
11880,1453
11880,54
11881,0
11881,30
11881,2425
11882,10
11883,2856
11883,248
11883,393
11884,1766
11884,434
11885,10
11886,10
11887,1209
11887,1199
11887,4537
11887,5030
11888,10
11888,116
11888,1324
11889,787
11889,10
11890,54
11891,54
11892,2703
11892,601
11892,4634
11893,1410
11893,92
11893,10
11893,1199
11894,10
11895,4603
11895,1604
11895,3109
11896,1172
11896,674
11896,674
11896,7107
11896,11099
11897,1047
11897,4457
11897,2442
11898,2161
11898,11899
11898,376
11899,467
11899,8798
11899,376
11899,2161
11900,3
11900,1010
11900,3
11900,2727
11900,11901
11900,1298
11901,257
11901,740
11901,855
11901,2727
11901,1288
11901,11900
11901,1298
11902,1217
11902,616
11902,58
11903,3
11903,1033
11903,3979
11903,5625
11904,2
11905,6483
11906,54
11907,4690
11907,51
11907,27
11907,1616
11908,2285
11909,3
11909,3066
11910,10
11911,0
11911,30
11912,2442
11912,3095
11912,1554
11913,9499
11913,227
11913,682
11914,4993
11914,216
11914,2441
11914,407
11914,821
11915,467
11915,393
11915,264
11916,54
11917,265
11917,79
11917,4744
11917,54
11918,1047
11918,578
11918,9884
11918,216
11918,281
11918,216
11918,79
11919,821
11920,10
11921,24
11921,54
11921,327
11921,54
11921,7788
11921,152
11922,10
11923,236
11923,10
11924,914
11924,22
11925,236
11925,3530
11926,10
11927,5076
11927,526
11928,13
11929,27
11930,359
11930,10
11931,163
11931,360
11931,166
11931,360
11931,2825
11932,24
11932,2487
11932,24
11932,1211
11933,54
11934,10
11934,1768
11935,268
11935,10
11935,1257
11935,991
11936,27
11937,10
11937,9521
11938,2
11938,441
11938,3
11938,40
11938,1592
11938,11939
11940,1389
11940,2790
11940,11941
11940,1172
11940,54
11940,54
11940,11942
11943,968
11943,6729
11944,329
11944,10
11944,172
11944,1346
11945,359
11945,184
11945,10
11946,10
11946,27
11946,7
11946,15458
11947,356
11948,2
11948,3
11948,132
11948,398
11948,1979
11948,1209
11949,27
11949,10
11950,11951
11950,54
11950,1365
11951,1365
11951,11950
11951,40
11952,10
11952,1209
11953,181
11953,821
11954,2565
11955,180
11955,181
11955,51
11955,180
11955,181
11955,821
11955,821
11956,2835
11957,28
11957,821
11958,181
11958,821
11959,1246
11959,3
11959,3265
11959,11960
11961,216
11961,54
11961,11134
11961,216
11961,4417
11961,216
11962,171
11962,3813
11962,27
11963,170
11963,545
11964,216
11964,54
11965,821
11965,1296
11966,2336
11966,2796
11966,1209
11967,3
11967,762
11967,34
11967,3445
11967,11968
11969,135
11969,10
11970,369
11970,10
11971,3952
11971,54
11971,1291
11971,3330
11972,10
11973,10
11974,3
11974,3936
11974,3954
11974,1254
11974,10083
11975,54
11976,27
11976,75
11977,2191
11978,10
11979,10
11980,10
11981,27
11981,10
11982,10
11983,236
11983,237
11983,17
11983,8433
11984,5903
11984,550
11984,4464
11984,271
11984,1797
11985,10
11985,27
11985,429
11985,162
11985,10590
11986,10
11987,216
11987,54
11988,1530
11988,648
11988,396
11989,54
11989,997
11989,6239
11991,10
11992,205
11992,92
11992,10
11992,10
11992,40
11992,3048
11992,116
11992,185
11993,10
11994,3
11995,132
11995,821
11996,0
11996,1224
11996,104
11997,26
11997,10
11997,27
11997,124
11998,278
11998,1243
11998,59
11999,27
11999,54
11999,3734
11999,1171
12000,10
12000,4239
12001,2
12002,4901
12003,3732
12003,8
12003,10
12004,1047
12004,1256
12004,3255
12004,270
12005,3961
12005,54
12005,12006
12007,54
12008,42
12008,1181
12008,10
12009,2
12010,2187
12010,1047
12010,2332
12011,10
12011,27
12011,120
12012,3756
12012,10
12013,10
12014,0
12015,303
12015,10
12015,1118
12015,506
12015,6139
12015,1209
12015,1211
12016,1266
12016,0
12016,30
12017,143
12017,10
12018,821
12019,11
12019,51
12019,821
12019,821
12020,2
12020,1805
12020,1296
12021,10
12022,888
12022,788
12022,2
12022,3
12023,3
12023,1805
12024,7154
12024,273
12024,978
12024,2566
12025,1417
12025,3295
12025,12026
12025,12027
12025,12028
12025,2599
12025,3715
12026,1265
12026,5565
12026,418
12026,12025
12026,3295
12026,418
12026,12027
12026,12028
12027,691
12027,271
12027,12026
12027,14653
12027,5565
12027,418
12027,27
12027,813
12027,27
12027,506
12027,2275
12027,12028
12028,3076
12028,2
12028,3623
12028,3
12028,12026
12028,14653
12028,12027
12029,1604
12029,434
12029,120
12030,959
12030,170
12031,821
12032,1294
12032,12033
12033,54
12033,209
12033,1294
12034,7223
12034,774
12034,1324
12035,10
12036,54
12038,64
12038,54
12038,64
12038,65
12039,132
12039,51
12039,821
12039,40
12039,116
12039,821
12040,54
12041,54
12042,3
12042,7252
12042,120
12042,1253
12043,10
12044,10
12045,10
12046,10
12046,1352
12046,4239
12047,10
12048,10
12049,10
12050,27
12051,6056
12052,299
12052,45
12052,445
12052,2487
12053,2487
12053,1209
12053,1211
12054,12052
12054,24
12054,24
12054,2487
12054,2487
12055,1763
12055,434
12056,10
12057,27
12058,821
12059,3
12059,54
12059,183
12060,10
12061,11
12061,27
12062,10
12062,10
12063,11
12063,27
12063,979
12063,1627
12064,2604
12064,85
12064,86
12064,34
12064,10
12064,1296
12065,821
12066,65
12066,8965
12066,83
12067,5050
12067,1185
12067,2604
12068,10
12069,10
12070,10
12071,10
12072,991
12072,1059
12072,10
12073,1342
12073,1805
12073,1296
12074,3
12074,2586
12075,356
12075,581
12075,54
12076,54
12077,578
12077,398
12078,896
12078,2237
12078,618
12078,3473
12078,1285
12079,408
12079,585
12079,288
12080,3378
12080,3
12081,1324
12082,45
12082,93
12082,27
12082,301
12082,129
12083,6056
12083,243
12084,6056
12085,11554
12085,12086
12086,11554
12086,1448
12086,11555
12086,526
12086,12085
12087,51
12087,821
12088,1024
12088,27
12089,1024
12089,27
12090,10
12091,10
12092,2516
12092,54
12092,12093
12093,2516
12093,12092
12094,12095
12094,3
12094,606
12094,12096
12094,12097
12094,12098
12096,606
12096,54
12098,791
12098,292
12099,33
12099,2
12099,3
12099,3204
12100,601
12100,2301
12100,34
12101,54
12101,356
12102,11
12103,54
12103,1171
12103,8262
12104,10
12105,10
12105,27
12105,1037
12105,1365
12105,5617
12106,649
12106,1324
12107,2954
12107,10
12107,4540
12107,12108
12108,2954
12108,10
12108,42
12108,92
12108,4540
12108,12107
12109,10
12110,5658
12110,0
12110,1171
12110,1254
12111,10
12111,8
12111,9
12112,1666
12112,2086
12112,5774
12113,54
12114,13
12114,5013
12115,10
12116,10
12117,54
12118,39
12118,10
12119,27
12119,2489
12119,6335
12119,1271
12120,10
12120,27
12120,513
12121,10
12121,938
12121,10
12121,1169
12122,649
12122,1552
12122,1044
12122,184
12122,199
12122,1243
12122,40
12122,796
12123,10
12124,2
12124,1033
12125,1708
12125,10
12125,27
12125,435
12126,2705
12126,2825
12127,166
12127,2825
12128,163
12128,166
12128,2825
12129,649
12129,811
12129,2
12129,54
12129,2
12130,830
12130,649
12130,34
12132,10
12133,1059
12133,2773
12133,3254
12133,3256
12133,12134
12133,3
12135,232
12135,10
12135,120
12135,124
12136,0
12136,206
12136,10
12136,75
12136,51
12137,3640
12137,3445
12138,3
12138,79
12138,960
12138,79
12139,1517
12139,839
12140,3
12141,54
12142,1763
12143,1065
12143,12144
12143,12145
12143,324
12144,12143
12144,54
12145,12143
12145,54
12146,10
12147,54
12148,75
12148,821
12149,27
12150,3
12151,27
12152,1732
12153,54
12154,54
12155,202
12155,3789
12155,10
12155,1181
12156,23
12156,2487
12156,1254
12157,597
12157,54
12157,12158
12159,54
12160,2
12160,3
12161,1073
12161,54
12162,54
12163,10
12164,27
12165,821
12166,393
12168,54
12169,10
12169,269
12170,3949
12170,65
12171,2321
12171,10281
12171,124
12171,1296
12172,10
12173,2
12174,10
12174,1209
12175,10
12176,8104
12176,10
12177,821
12178,1259
12178,4714
12178,744
12179,8
12179,10
12180,1266
12180,1585
12180,10
12181,10
12181,27
12181,7
12181,199
12182,10
12183,216
12183,54
12184,205
12184,10
12185,539
12185,10
12185,1044
12185,10
12186,1576
12186,236
12187,0
12187,460
12187,1227
12187,1181
12187,12188
12187,1181
12188,135
12188,1227
12188,1410
12188,10
12188,10
12189,405
12189,356
12190,106
12190,10
12191,2
12192,177
12192,1732
12192,2026
12192,1241
12193,6515
12193,10
12194,54
12195,6158
12195,210
12195,27
12196,10
12197,2191
12197,12198
12198,10
12198,280
12199,3593
12199,4626
12199,216
12199,194
12199,1118
12199,73
12199,1436
12199,184
12199,506
12199,4143
12199,1320
12200,1091
12200,3
12200,54
12200,12201
12202,2191
12202,245
12202,10
12202,245
12202,10
12203,216
12203,54
12204,54
12205,288
12205,739
12205,40
12205,116
12206,2
12207,2
12207,356
12207,2
12207,1209
12207,1254
12208,54
12208,476
12209,9797
12209,27
12209,468
12210,9797
12210,27
12210,467
12211,1259
12211,1129
12212,281
12212,216
12212,281
12212,216
12212,1666
12213,1037
12213,821
12214,2
12215,606
12215,507
12216,2
12217,292
12217,54
12218,4028
12218,2
12218,3419
12218,3419
12219,913
12219,548
12219,556
12219,7
12219,199
12220,2
12221,389
12221,0
12221,30
12222,682
12223,2
12225,216
12225,54
12226,3034
12226,696
12226,2648
12227,1201
12227,356
12227,356
12227,1391
12227,1201
12227,2802
12228,10
12229,8
12229,9
12229,8
12229,9
12229,12230
12229,8
12229,9
12230,383
12230,2
12230,3
12231,216
12231,8219
12231,281
12231,216
12232,54
12233,1277
12233,1122
12234,216
12234,54
12235,3
12235,54
12235,184
12235,116
12236,2
12237,54
12238,3
12238,3
12238,1218
12239,2
12239,1550
12239,3037
12239,132
12239,398
12239,821
12240,10
12240,1253
12240,1254
12241,11063
12241,596
12241,1064
12241,11769
12242,1358
12242,756
12242,527
12242,4132
12242,527
12242,210
12243,54
12244,392
12244,27
12245,606
12245,425
12245,54
12246,271
12246,54
12247,2
12247,27
12247,429
12247,920
12247,9372
12248,10
12248,10
12249,10359
12250,54
12251,3324
12251,649
12251,862
12252,250
12252,216
12253,2
12254,3
12254,54
12254,12255
12254,2586
12256,5942
12256,209
12256,54
12256,209
12256,370
12256,209
12256,370
12256,5145
12257,54
12257,209
12258,10
12259,3956
12260,3
12262,54
12262,209
12263,1636
12263,1243
12264,2
12265,3274
12267,10
12268,10
12268,204
12269,2
12270,54
12270,209
12271,2
12272,54
12273,1207
12273,3805
12273,54
12273,1526
12273,54
12273,1171
12273,3366
12274,2
12275,2
12275,574
12275,1243
12275,2
12275,253
12275,1018
12275,15997
12276,289
12276,54
12276,2248
12276,54
12276,2260
12277,216
12277,54
12278,2
12279,5295
12279,1205
12279,3
12280,54
12281,2
12282,1583
12283,1174
12283,1584
12284,2
12285,27
12285,1254
12286,10
12286,0
12286,10
12286,1296
12287,54
12288,54
12289,54
12290,1305
12290,1246
12290,808
12290,2
12290,1209
12291,324
12291,324
12292,227
12292,682
12292,3843
12293,413
12293,896
12293,413
12294,2905
12294,3814
12294,5923
12294,54
12294,1388
12294,2349
12294,1243
12295,216
12295,54
12296,1492
12296,2314
12296,2562
12296,1209
12297,2622
12297,3
12297,12298
12298,2622
12298,3
12299,2
12299,913
12299,11
12300,10
12301,4124
12301,2409
12301,10763
12301,573
12301,1294
12301,12302
12301,1941
12301,1941
12301,1294
12301,10795
12302,209
12302,573
12302,1294
12303,7012
12303,10
12304,0
12304,1444
12304,1797
12304,40
12305,2856
12305,3364
12306,3627
12306,5305
12306,248
12306,456
12306,846
12306,1057
12306,79
12306,27
12306,2703
12306,54
12307,3354
12307,3656
12307,3199
12307,54
12308,3475
12308,1205
12308,12309
12309,742
12309,12308
12310,10
12311,132
12311,0
12311,30
12312,356
12312,1126
12312,674
12312,3590
12313,205
12313,92
12313,10
12314,10
12314,120
12314,4344
12316,54
12317,281
12318,407
12318,216
12318,662
12318,216
12318,210
12318,184
12318,201
12319,808
12319,1342
12319,54
12319,368
12319,1131
12319,773
12320,8632
12320,248
12320,1010
12320,574
12320,79
12321,9014
12321,3037
12321,10962
12321,913
12321,3037
12321,10962
12322,2
12323,54
12324,54
12325,10
12326,333
12326,9243
12326,5172
12326,865
12327,10
12328,54
12329,10
12330,7051
12330,209
12330,209
12331,2267
12331,601
12331,11188
12331,601
12331,11188
12332,10
12333,576
12333,662
12333,1218
12333,1254
12334,10
12335,2599
12335,3
12335,3844
12335,418
12335,6288
12336,10
12336,1406
12337,54
12338,10
12339,10
12339,1877
12339,7
12339,7307
12339,28
12339,3819
12340,2
12340,4509
12340,282
12340,104
12341,2
12341,3
12341,3242
12341,2
12342,1687
12342,8136
12342,1888
12343,54
12344,5152
12344,128
12344,4691
12345,425
12348,54
12348,874
12349,3
12349,4843
12349,120
12349,17
12349,28
12350,216
12350,54
12351,216
12351,54
12352,291
12352,2
12353,291
12353,2432
12353,7091
12354,4571
12354,216
12354,281
12354,216
12355,2
12356,2
12356,674
12356,11084
12357,468
12357,27
12358,468
12358,27
12359,10
12360,2
12361,216
12361,1086
12361,216
12361,54
12361,10
12361,216
12361,12362
12363,2347
12363,1540
12363,821
12364,7093
12364,227
12364,7
12365,6707
12365,6707
12367,3
12367,11331
12367,1234
12368,3
12368,1453
12368,252
12368,54
12368,12369
12370,10
12371,12372
12372,54
12373,4398
12373,216
12373,54
12373,216
12373,54
12373,216
12373,1171
12373,1254
12373,4398
12374,2
12374,896
12374,3465
12374,393
12374,2
12374,54
12375,54
12376,54
12377,54
12377,209
12378,236
12378,10
12378,116
12378,1296
12379,65
12379,1775
12380,112
12380,10
12380,16162
12381,3310
12381,2
12381,9883
12381,170
12381,29
12381,199
12381,1296
12381,1448
12382,216
12382,54
12383,2432
12383,7447
12384,3781
12384,282
12384,2703
12385,10
12386,392
12386,10
12387,54
12388,8935
12390,8935
12391,700
12392,54
12392,209
12392,687
12393,54
12393,209
12394,3745
12394,2
12394,682
12394,2
12394,3
12394,4418
12395,2
12396,54
12396,209
12397,2366
12397,247
12397,3
12397,247
12397,3
12397,4418
12397,1209
12397,1211
12398,10
12399,1594
12399,159
12399,124
12399,953
12400,1419
12400,266
12400,10196
12400,8036
12400,266
12400,1199
12400,1230
12400,12401
12400,5468
12401,2
12401,742
12401,54
12401,12400
12401,855
12401,54
12401,2365
12401,10196
12401,5468
12401,8036
12402,2
12402,1205
12402,288
12402,2
12402,333
12402,2086
12402,2
12402,738
12402,2086
12403,3
12403,6386
12403,12404
12404,54
12405,10
12406,54
12406,281
12406,216
12407,12408
12408,1599
12408,54
12408,1599
12409,10
12409,10
12409,1192
12410,747
12410,124
12410,7
12410,821
12411,216
12411,54
12412,731
12412,216
12412,54
12412,731
12412,216
12412,3398
12412,216
12413,10
12414,2496
12414,92
12414,0
12414,14246
12415,1156
12415,10
12415,838
12415,1856
12415,1296
12416,3823
12417,51
12417,51
12417,437
12417,1847
12417,821
12418,1506
12418,392
12418,1344
12418,39
12418,10
12418,27
12418,1844
12418,1437
12418,770
12419,54
12419,209
12420,836
12420,2776
12420,821
12421,216
12421,54
12422,2635
12422,1256
12422,3333
12422,331
12422,2923
12422,1436
12423,54
12423,1171
12424,5125
12424,1439
12425,1246
12425,2
12425,3
12425,12426
12426,2
12426,3
12426,2
12426,3
12426,27
12426,2600
12427,10
12427,10
12427,1171
12428,54
12429,4935
12430,314
12430,3
12430,1088
12431,188
12431,0
12431,30
12431,10
12432,54
12433,6333
12433,13
12434,6333
12434,65
12434,6333
12434,6333
12434,84
12434,3
12434,3265
12434,6334
12434,6335
12435,1047
12435,2230
12435,3
12435,1410
12435,1436
12436,2856
12436,3
12436,28
12437,2
12438,2
12438,550
12438,2
12438,441
12438,12241
12438,9728
12439,3032
12439,821
12440,10
12441,662
12441,216
12441,54
12442,10
12443,10
12444,271
12444,1546
12445,3
12445,54
12445,2
12446,6409
12446,11860
12447,407
12447,281
12447,210
12447,184
12447,506
12447,201
12448,2680
12448,2237
12448,618
12448,7967
12448,2642
12448,1209
12449,107
12449,5494
12449,434
12449,1254
12450,281
12450,216
12450,184
12450,821
12450,1296
12451,10
12451,10
12452,247
12452,2191
12452,2232
12452,8831
12453,305
12453,2712
12454,3812
12454,87
12454,3
12455,10
12455,27
12456,467
12456,227
12456,682
12456,83
12456,28
12456,1888
12456,1271
12456,11175
12456,227
12457,1946
12457,1946
12457,896
12457,745
12457,896
12457,1162
12458,236
12458,73
12458,144
12459,54
12459,6909
12460,6909
12461,700
12461,2095
12461,28
12461,104
12462,2760
12462,54
12462,3
12463,10
12464,842
12464,10
12464,506
12465,12466
12466,110
12466,2
12466,54
12467,2
12468,132
12468,821
12468,116
12468,1296
12469,195
12469,161
12469,87
12469,0
12469,30
12470,236
12470,237
12471,370
12471,1152
12472,10
12473,10
12473,124
12474,10
12475,27
12476,10
12477,467
12477,265
12477,264
12477,1171
12478,54
12479,9456
12479,1278
12479,2
12479,970
12479,29
12480,54
12481,54
12481,185
12481,1406
12481,1324
12481,1271
12481,12482
12482,2
12482,674
12482,54
12482,2
12482,3
12482,54
12482,1406
12482,2
12482,1324
12482,12481
12483,42
12483,92
12483,821
12484,2491
12484,2086
12484,1079
12484,2493
12484,12485
12485,2491
12485,2493
12485,12484
12486,2
12487,54
12488,54
12489,5038
12490,10
12491,991
12491,10
12491,40
12491,3734
12491,1199
12492,370
12492,209
12492,54
12492,12493
12493,159
12494,54
12495,54
12496,54
12497,3648
12497,10
12498,54
12499,896
12499,556
12499,1296
12500,54
12500,209
12501,54
12502,54
12502,8056
12503,1081
12503,124
12503,629
12503,10
12504,10
12505,2705
12505,2705
12505,2703
12505,2825
12506,459
12506,904
12506,459
12506,904
12506,2769
12506,1253
12507,180
12507,181
12507,279
12507,821
12507,40
12507,1199
12508,4301
12508,2
12508,27
12508,210
12508,29
12508,4302
12509,7333
12510,606
12510,927
12510,924
12511,1246
12511,340
12511,27
12511,2354
12512,3
12512,68
12512,54
12512,68
12512,1437
12513,54
12514,10
12515,630
12515,445
12515,54
12515,772
12515,772
12515,2
12515,209
12516,1441
12516,408
12516,585
12516,3
12516,3809
12516,5785
12517,2272
12517,2334
12517,12518
12517,284
12517,356
12518,287
12518,1540
12518,761
12518,3
12518,54
12519,2885
12519,10
12519,40
12520,991
12520,305
12520,1182
12521,1002
12521,268
12521,10
12521,10
12522,11733
12522,11733
12522,11733
12523,2245
12523,235
12523,42
12523,1181
12523,1319
12523,2314
12523,1171
12524,216
12524,54
12525,1963
12526,10
12526,10
12527,27
12528,10
12528,113
12529,5070
12529,367
12530,10
12530,218
12531,10
12532,9048
12532,894
12532,981
12532,265
12532,3425
12532,1288
12533,10
12534,257
12534,2
12534,740
12534,2
12534,3
12534,998
12535,544
12535,1644
12535,4013
12535,511
12535,2727
12535,2583
12535,6249
12535,1241
12536,6031
12536,431
12536,244
12537,11733
12537,11733
12537,11733
12538,10
12539,10
12539,1262
12539,1261
12539,1264
12540,248
12540,574
12540,1034
12540,601
12540,12541
12540,79
12540,1243
12541,601
12541,54
12542,11733
12543,855
12543,54
12543,1209
12544,4473
12544,632
12545,3438
12546,943
12547,10
12547,27
12547,979
12548,54
12549,10
12550,10
12550,359
12550,2904
12550,10
12550,796
12550,1212
12550,359
12550,2904
12550,10
12551,228
12551,10
12551,2032
12552,224
12552,27
12553,10
12553,27
12554,13
12554,407
12555,2693
12555,10
12555,1296
12556,236
12556,237
12556,105
12556,106
12556,1266
12557,10
12557,991
12558,10411
12558,10411
12559,10
12560,1185
12560,1419
12561,9095
12561,500
12562,92
12562,10
12562,979
12563,991
12563,10
12564,10
12565,2025
12566,5323
12566,54
12566,1627
12567,1871
12567,7006
12568,51
12568,27
12569,618
12569,1044
12569,73
12569,199
12569,54
12570,10
12571,10
12571,10
12571,101
12571,1352
12571,1271
12571,117
12572,821
12572,821
12573,700
12574,10
12575,10
12576,3397
12577,3027
12577,3869
12577,3
12577,3
12577,1979
12578,398
12578,27
12579,2
12579,3
12579,2
12579,3
12580,10
12581,3
12581,1044
12582,180
12582,181
12582,821
12583,9648
12584,2
12584,3767
12585,10
12586,10
12587,10
12587,27
12587,429
12588,10
12588,27
12589,1871
12589,916
12589,14897
12590,18
12590,10
12590,0
12590,10
12590,1120
12590,1352
12590,1324
12591,45
12591,10
12591,2365
12591,40
12591,2734
12591,15
12592,10
12593,2
12594,0
12594,6696
12595,0
12595,206
12596,54
12597,2
12597,1805
12598,3
12598,2354
12598,3128
12598,12599
12598,618
12598,1146
12598,2575
12598,12600
12599,12600
12600,618
12600,1146
12600,12599
12600,12598
12601,351
12601,10
12602,10
12603,2396
12603,184
12603,10
12604,38
12604,170
12605,143
12605,859
12605,821
12606,54
12607,10
12608,2
12609,5469
12609,2086
12609,199
12609,5471
12609,1655
12609,8684
12610,2179
12610,1218
12610,1209
12610,2179
12611,1346
12611,10
12612,771
12612,216
12612,673
12612,1587
12613,61
12613,1261
12614,0
12614,30
12614,2834
12615,1510
12615,54
12615,54
12616,54
12617,3255
12617,1039
12617,1442
12617,1209
12618,2
12618,3
12618,2281
12619,10
12619,120
12619,17
12621,11811
12621,120
12621,1627
12622,11811
12622,120
12622,1627
12622,16830
12623,54
12624,121
12624,10
12624,10
12625,54
12625,12626
12625,1976
12625,4812
12625,12627
12627,4812
12627,209
12627,12626
12627,1976
12627,12625
12628,10
12628,5333
12629,2
12629,292
12629,9583
12629,9177
12629,467
12629,392
12630,2912
12630,1010
12630,2156
12630,9583
12630,2744
12630,9177
12631,1608
12631,3
12631,2156
12631,4435
12631,2744
12631,981
12631,3
12631,3534
12631,3469
12632,176
12632,34
12632,10
12632,1296
12633,10
12634,12635
12634,12636
12634,1838
12634,1837
12634,12637
12634,4743
12634,3330
12636,12634
12636,12635
12636,1838
12636,1837
12637,1034
12637,137
12637,1838
12638,3241
12638,2
12638,34
12639,205
12639,42
12639,10
12640,2684
12640,2
12640,3
12641,10
12642,54
12643,2784
12643,27
12643,10
12644,10
12644,40
12644,1300
12645,393
12646,10
12647,821
12648,236
12648,239
12648,34
12648,1296
12649,10
12650,54
12650,12651
12652,10
12652,1271
12652,2170
12653,10
12654,10
12655,6158
12655,54
12655,170
12656,721
12656,721
12656,721
12657,188
12657,10
12658,10
12658,1296
12659,492
12659,54
12660,601
12660,12661
12660,54
12660,2
12661,601
12661,54
12662,721
12662,89
12662,721
12663,27
12663,34
12663,1159
12663,920
12664,10
12664,27
12664,513
12664,17
12665,11
12665,120
12665,170
12666,128
12666,128
12666,1627
12667,2093
12667,10
12668,1683
12669,10
12670,3273
12670,1206
12671,327
12671,1159
12672,153
12672,453
12672,3
12673,23
12673,24
12673,2487
12673,24
12673,2487
12674,2487
12674,3
12674,54
12674,699
12674,4086
12674,2487
12675,89
12675,560
12675,89
12675,89
12675,721
12675,721
12676,51
12676,10
12677,73
12677,1296
12677,1448
12677,723
12678,128
12678,3116
12679,299
12679,23
12679,299
12679,10
12679,9
12679,10
12679,2036
12680,2
12681,1600
12681,170
12682,488
12682,57
12682,27
12683,2173
12683,11440
12684,4954
12685,1238
12686,2
12686,3
12686,1152
12686,1296
12687,721
12687,721
12688,170
12688,1584
12688,12690
12689,170
12689,28
12689,12690
12690,170
12690,12688
12690,12689
12691,1991
12691,12692
12692,1991
12692,11451
12692,5966
12692,2
12692,3
12692,62
12692,54
12693,2705
12693,2705
12693,360
12693,1842
12693,2825
12694,163
12694,360
12694,2703
12694,2825
12695,2825
12695,2825
12696,163
12696,360
12696,166
12696,360
12696,2825
12697,10
12698,1310
12698,3
12699,8423
12699,9042
12699,913
12699,632
12699,289
12699,11780
12700,972
12700,10
12701,696
12701,216
12701,54
12701,73
12701,54
12701,1296
12701,12702
12703,2
12704,132
12704,836
12704,821
12705,10
12705,17
12705,104
12706,3
12706,2172
12707,2
12708,232
12708,10
12708,34
12708,199
12708,10
12708,1296
12709,0
12709,10
12709,27
12709,12710
12710,12709
12710,10
12711,2602
12712,10
12713,10
12714,10
12715,0
12715,206
12715,1181
12716,1387
12716,388
12716,10
12716,112
12717,2179
12718,3744
12718,970
12718,54
12718,12719
12720,180
12720,821
12720,11225
12720,201
12721,42
12721,92
12721,27
12722,0
12722,1181
12723,2705
12723,360
12723,163
12723,360
12723,1842
12723,2825
12724,180
12724,181
12724,821
12725,10
12725,3954
12726,34
12726,821
12726,1296
12727,27
12727,1813
12727,2320
12727,12728
12728,1265
12728,1549
12728,597
12728,344
12728,597
12728,595
12728,27
12728,1813
12728,2586
12729,1265
12729,216
12729,54
12730,0
12730,1224
12731,10
12732,821
12732,1321
12733,10
12734,10
12735,10
12735,27
12735,1063
12736,9
12736,1490
12736,574
12737,1029
12737,446
12737,22
12737,22
12738,310
12738,10
12739,8
12739,10
12739,389
12739,10
12740,10
12741,124
12741,34
12741,1243
12742,2
12742,3000
12742,1152
12742,116
12743,393
12743,2
12743,2577
12744,54
12745,10
12745,10
12745,1324
12746,2411
12746,2533
12747,2237
12748,1096
12748,556
12748,10
12749,1294
12749,12750
12749,3913
12750,54
12750,1294
12751,3
12752,1207
12752,393
12752,2
12752,54
12753,27
12753,12754
12754,12753
12754,10
12754,12753
12754,1616
12755,1192
12755,3
12755,12756
12757,10
12757,1271
12758,4556
12758,13
12758,7979
12759,3111
12760,5840
12760,2
12760,3
12760,2357
12760,4773
12761,527
12762,10
12762,27
12763,991
12763,120
12763,27
12764,10
12765,10
12766,177
12766,10
12767,10
12769,821
12770,10
12771,10
12772,1064
12773,188
12773,184
12773,10
12774,10
12775,10
12775,218
12776,6254
12776,216
12776,54
12776,727
12776,216
12776,1254
12777,467
12777,5040
12777,467
12777,1344
12777,1344
12778,27
12779,4473
12780,1412
12780,1435
12780,10
12780,506
12781,2442
12781,54
12781,393
12781,54
12782,4576
12782,1344
12783,656
12783,1214
12783,3
12783,7158
12784,10
12785,3
12785,606
12786,3255
12786,2197
12786,209
12786,2347
12787,51
12787,821
12788,10
12789,10
12790,3
12790,54
12790,12791
12792,3423
12793,10
12794,527
12794,34
12795,227
12795,682
12796,303
12796,10
12797,54
12798,1782
12798,1782
12798,170
12799,3289
12799,7369
12800,3255
12800,250
12800,216
12800,216
12800,3076
12801,4517
12801,5975
12801,12802
12801,54
12802,1417
12802,383
12802,10
12802,2314
12802,1324
12803,1207
12803,1185
12803,1243
12803,54
12805,148
12805,10
12806,10
12807,2
12808,10
12809,10462
12809,54
12809,27
12809,429
12810,821
12811,135
12811,10
12811,1296
12812,62
12812,62
12812,62
12812,61
12813,9728
12813,302
12813,302
12814,2254
12815,10
12816,1769
12817,2147
12818,54
12818,7072
12819,1782
12819,65
12819,1782
12819,13
12819,393
12819,808
12819,149
12819,755
12819,3614
12819,1064
12819,331
12819,767
12819,1342
12819,945
12819,476
12819,12820
12820,1782
12820,54
12820,65
12820,13
12820,12819
12821,721
12821,472
12822,54
12823,305
12824,10
12825,2
12825,675
12825,807
12825,597
12825,288
12825,2
12825,597
12826,270
12826,273
12827,2321
12827,1083
12828,1445
12828,763
12828,124
12828,199
12829,27
12830,11
12830,27
12830,979
12831,1227
12831,27
12831,1320
12831,1199
12832,2
12833,236
12833,3530
12834,10
12835,3426
12835,11443
12835,2640
12836,54
12837,10
12837,1218
12837,1324
12838,10
12839,10
12839,1181
12839,116
12840,2666
12840,2639
12840,12841
12840,3
12841,11
12841,772
12841,535
12842,789
12842,458
12842,124
12842,1161
12842,10
12843,6091
12843,6091
12843,13
12844,10
12844,188
12845,10
12845,27
12845,435
12846,159
12846,7778
12846,12847
12847,3736
12847,7778
12847,1010
12848,1181
12848,10
12848,1181
12849,4230
12849,10
12849,2314
12849,506
12850,281
12850,110
12850,1498
12851,10
12851,5074
12852,54
12852,209
12853,10
12854,135
12854,0
12855,132
12855,836
12855,821
12856,10
12856,27
12856,556
12857,10
12858,10
12859,10
12860,89
12860,721
12861,3309
12861,2
12861,2351
12862,8
12862,73
12862,10
12863,1353
12863,10
12864,392
12864,27
12865,180
12865,181
12865,821
12866,0
12866,142
12866,869
12867,1265
12867,27
12867,551
12867,1209
12867,1199
12868,10
12869,821
12870,10
12870,10
12870,40
12870,506
12870,1253
12871,27
12872,0
12872,6697
12873,10
12874,336
12874,821
12875,637
12875,54
12876,3
12876,3000
12876,2120
12877,75
12877,821
12878,2954
12878,10
12878,2800
12879,216
12879,54
12880,3597
12880,1344
12881,10
12882,54
12883,10
12884,2167
12885,10
12885,27
12885,28
12886,22
12886,147
12886,170
12886,22
12887,10
12888,560
12888,560
12888,721
12888,721
12889,9820
12890,2453
12890,2453
12890,195
12890,199
12890,367
12890,368
12890,2453
12891,10
12891,27
12891,1448
12892,468
12892,2286
12892,2838
12893,423
12893,0
12893,206
12893,73
12893,184
12893,506
12893,15
12893,1261
12894,10
12894,10
12894,1181
12894,2562
12894,116
12895,92
12895,10
12896,1436
12896,506
12896,1024
12896,27
12896,200
12897,787
12897,10
12897,6227
12897,10
12897,1209
12898,10
12899,27
12899,200
12900,834
12901,10
12902,10
12903,10
12903,27
12903,28
12904,6416
12904,9761
12905,8220
12906,73
12906,1436
12906,10
12906,1199
12907,65
12907,199
12908,83
12908,3
12909,5838
12909,10
12909,27
12909,28
12909,920
12910,2874
12910,585
12911,10
12911,27
12911,995
12911,6712
12912,170
12912,124
12912,16984
12913,51
12913,27
12913,11253
12914,2167
12914,2132
12915,1985
12916,187
12916,188
12916,170
12916,29
12916,10
12916,14318
12916,1322
12916,2170
12917,54
12917,3437
12917,27
12917,11619
12917,3437
12918,54
12918,3437
12918,27
12918,3437
12919,1630
12920,11428
12920,11428
12920,195
12921,5556
12921,54
12921,677
12922,1708
12922,10
12922,27
12922,995
12923,1687
12923,8136
12923,83
12925,1788
12925,54
12925,1627
12926,10
12927,601
12927,884
12927,14226
12928,10
12928,27
12928,28
12929,2441
12929,216
12929,54
12929,2442
12930,2404
12930,281
12930,3198
12931,1192
12931,478
12931,73
12931,27
12932,10
12932,27
12932,1044
12933,2
12933,124
12933,1365
12934,2835
12934,2188
12935,3
12935,9867
12935,4523
12936,310
12936,10
12936,310
12936,42
12936,10
12937,560
12937,721
12938,54
12940,1059
12940,42
12940,10
12940,0
12940,2300
12940,10
12941,4182
12941,1159
12942,1689
12943,4942
12943,124
12943,12944
12943,12945
12944,4942
12944,435
12945,4942
12945,4942
12945,4942
12945,435
12945,12943
12946,122
12946,27
12946,123
12946,1044
12946,15047
12947,10
12947,27
12947,1224
12948,5076
12949,2379
12949,2873
12949,807
12949,113
12949,1118
12949,1296
12949,1209
12949,1321
12950,5722
12951,89
12951,89
12951,89
12951,560
12951,721
12951,721
12952,2369
12952,27
12953,3255
12953,10740
12953,3
12953,7619
12953,1265
12953,54
12954,163
12954,166
12954,360
12954,2825
12955,73
12955,184
12955,27
12956,38
12956,27
12956,526
12957,12958
12958,3
12958,1283
12958,1248
12959,7054
12959,16
12960,51
12960,821
12961,10
12962,34
12962,10
12962,1296
12963,389
12963,10
12963,73
12963,922
12963,183
12963,10
12964,10
12965,10
12966,281
12966,4398
12966,9519
12967,5066
12967,10686
12967,5066
12967,5066
12967,5066
12967,13
12967,5069
12968,28
12968,199
12968,10
12968,1296
12969,2984
12969,2984
12970,5019
12970,1773
12971,54
12972,252
12972,252
12972,10
12972,1877
12972,124
12972,7
12973,38
12973,51
12973,398
12973,27
12973,939
12974,3289
12974,3289
12974,2304
12975,10
12976,54
12977,27
12978,205
12978,183
12978,10
12979,663
12979,2109
12979,10
12980,1605
12980,721
12980,1296
12980,1271
12981,45
12981,27
12981,301
12981,7549
12982,5858
12982,170
12983,170
12984,10
12984,124
12984,34
12984,1696
12985,27
12986,2649
12986,802
12986,8275
12986,3
12986,1388
12986,12987
12987,1811
12987,979
12988,2357
12988,344
12988,3385
12988,7554
12988,5393
12988,12989
12989,896
12989,54
12990,10
12991,913
12991,1044
12991,73
12991,199
12992,10
12992,359
12993,170
12994,7589
12994,3
12995,170
12995,301
12996,27
12996,129
12997,45
12997,27
12997,301
12997,1691
12998,51
12998,45
12998,4
12998,16
12998,54
12998,1717
12999,11
12999,27
12999,995
13000,170
13001,167
13001,236
13001,237
13001,10
13002,24
13002,2487
13003,1426
13003,250
13003,216
13003,54
13003,1209
13003,13004
13004,2773
13004,1074
13004,618
13004,3315
13004,618
13004,1075
13004,13003
13005,39
13005,10
13006,6733
13006,54
13006,13007
13006,1655
13007,6733
13007,54
13007,13006
13008,9123
13008,27
13009,2
13010,3
13010,3585
13010,10346
13010,5306
13010,10018
13010,7198
13010,4153
13010,3546
13010,3189
13010,13011
13011,333
13012,2491
13012,916
13013,257
13013,2
13013,1298
13014,3
13014,205
13014,42
13014,11599
13014,5744
13014,8584
13015,9177
13016,7005
13016,7333
13017,12430
13018,12430
13018,54
13019,721
13020,10323
13020,13021
13020,382
13021,382
13021,54
13022,54
13023,721
13023,1296
13023,1271
13024,6143
13024,5661
13024,54
13024,7175
13024,10017
13025,9177
13026,27
13026,1769
13027,10
13027,27
13028,560
13028,27
13028,259
13028,131
13029,1716
13029,4384
13030,53
13030,7
13030,28
13030,11761
13031,7398
13031,10
13031,27
13031,435
13031,1840
13031,34
13032,3
13032,597
13032,124
13032,54
13033,1265
13033,27
13033,1137
13034,10
13034,27
13034,28
13035,140
13035,0
13035,30
13036,10
13036,27
13036,435
13037,418
13037,880
13037,28
13038,12958
13039,5019
13039,28
13040,2
13041,3541
13042,5469
13042,2086
13042,199
13042,1655
13042,15626
13043,54
13044,2175
13045,54
13045,5333
13046,407
13046,216
13046,821
13047,54
13047,13048
13047,13049
13050,3
13050,10
13050,13051
13050,1692
13051,1059
13051,3532
13051,1185
13051,276
13051,13050
13052,10
13053,10
13054,10
13054,10
13054,10
13054,10
13055,10
13056,10
13056,10
13056,10
13056,1181
13057,10
13058,10
13059,1079
13059,10
13059,40
13060,10
13060,27
13060,170
13060,16799
13061,3
13061,54
13061,1296
13061,1320
13062,389
13062,10
13062,1888
13063,1393
13063,3868
13063,5247
13063,3253
13063,79
13063,3
13064,45
13064,392
13064,54
13064,10
13064,9517
13065,27
13065,7707
13066,27
13066,28
13067,27
13067,124
13068,1779
13069,965
13070,10
13070,27
13070,532
13071,578
13071,54
13072,4771
13073,10
13074,6042
13075,10
13076,34
13076,10
13076,1296
13077,10
13078,10
13078,1296
13079,10
13079,116
13080,10
13080,1296
13081,10
13082,0
13082,890
13083,10
13084,3637
13084,821
13085,28
13085,10
13086,10
13086,2231
13086,10
13086,1152
13086,506
13086,10
13087,2749
13087,54
13087,1037
13087,10876
13087,2751
13087,13088
13088,2749
13088,54
13088,2751
13088,14427
13089,1207
13089,4278
13089,2
13089,981
13089,3
13089,2109
13089,1584
13089,12804
13089,104
13089,1296
13089,13090
13091,649
13091,761
13091,11030
13091,13092
13091,110
13091,295
13091,13093
13092,1248
13092,2
13092,855
13092,1171
13092,1230
13092,11030
13092,13093
13093,2
13093,327
13093,2
13093,937
13093,3203
13093,198
13093,1230
13093,13091
13093,13092
13094,10
13095,2
13095,3
13095,6052
13095,10627
13095,11233
13095,13096
13095,13097
13095,1271
13096,5734
13096,5735
13096,54
13096,13
13097,54
13097,5734
13097,5735
13097,2130
13097,13
13098,2007
13098,248
13099,2229
13099,0
13099,30
13100,54
13100,1605
13100,54
13101,1245
13101,4128
13101,3
13101,79
13101,13102
13101,12797
13101,13103
13104,54
13104,1271
13105,2622
13105,3
13105,1040
13106,54
13107,6080
13107,120
13107,10
13108,13109
13108,68
13108,68
13108,95
13108,54
13108,4316
13108,13110
13110,13108
13111,10
13112,1680
13112,7264
13113,1954
13113,463
13113,2351
13114,276
13114,632
13114,289
13114,2
13115,10
13116,3
13116,1434
13116,2188
13116,3927
13116,13117
13118,360
13118,321
13118,2825
13119,247
13120,10
13120,1199
13121,821
13122,10
13123,10
13124,2240
13124,10
13125,10
13125,27
13125,513
13125,9778
13127,10
13127,112
13127,1805
13127,10
13127,1296
13128,1991
13128,6781
13129,27
13129,2964
13130,10
13130,1152
13130,184
13130,40
13130,116
13131,10
13131,27
13131,73
13132,10
13132,27
13132,979
13133,10
13133,27
13133,28
13134,10
13134,27
13134,979
13134,8466
13135,92
13135,10504
13135,877
13136,54
13137,4817
13137,10
13137,124
13137,10
13137,2188
13138,92
13138,10
13138,725
13139,10
13140,10
13140,120
13140,556
13140,526
13141,10
13141,347
13142,27
13143,92
13143,10
13144,10
13144,27
13144,995
13144,13145
13145,10
13145,27
13145,28
13146,8195
13146,995
13146,13147
13147,8195
13147,995
13147,13146
13147,15205
13148,27
13149,10
13149,27
13149,7
13150,10
13151,13
13152,3154
13153,10
13153,8
13154,292
13154,54
13155,389
13155,1805
13155,10
13156,1185
13156,33
13156,32
13157,3181
13157,34
13157,4893
13158,2
13158,1491
13158,2
13159,10
13160,54
13161,10
13162,54
13163,10
13164,166
13164,2825
13164,116
13164,1254
13165,9073
13165,9073
13165,195
13165,367
13165,368
13165,2
13165,54
13166,10
13167,3289
13168,305
13168,0
13169,2
13170,1765
13170,84
13172,1676
13172,1676
13172,1676
13172,65
13173,1676
13173,1676
13173,1676
13173,3298
13173,356
13174,72
13174,10
13174,1181
13174,10
13175,1189
13175,0
13175,10
13175,27
13176,10
13177,42
13177,268
13177,10
13177,1209
13178,54
13179,774
13179,54
13180,10
13180,1199
13180,424
13181,54
13182,54
13183,8388
13184,288
13184,54
13185,10
13186,10
13187,188
13187,10
13187,3405
13187,1947
13188,3426
13188,3426
13188,2640
13189,298
13189,10
13190,163
13190,388
13190,331
13190,54
13190,129
13190,11025
13190,13191
13191,2705
13191,388
13191,163
13191,388
13191,125
13192,370
13192,209
13192,370
13192,209
13193,236
13194,2
13194,356
13194,2
13194,1209
13195,1971
13196,10
13197,184
13197,821
13198,310
13198,42
13198,236
13199,53
13200,2
13200,618
13200,1243
13201,5678
13201,8513
13201,3690
13201,3
13201,2374
13201,13202
13203,1305
13203,1143
13204,170
13204,117
13204,73
13204,17
13204,183
13204,199
13204,40
13205,54
13206,10
13207,1201
13207,1971
13208,10
13209,881
13209,10
13209,635
13209,10
13209,1324
13209,1209
13209,770
13210,54
13211,10
13211,116
13212,10
13212,120
13212,10825
13213,10
13213,27
13213,28
13214,10
13214,42
13214,10
13215,6909
13216,10
13216,7686
13217,10
13218,778
13218,54
13218,27
13218,28
13219,10
13220,10
13220,27
13220,201
13221,10
13221,27
13222,10
13222,27
13222,29
13223,232
13223,10
13224,4167
13224,2086
13225,16
13226,85
13226,86
13226,10
13227,10
13227,27
13227,513
13228,10
13229,10
13230,361
13230,10
13230,361
13230,10
13230,1845
13231,54
13231,209
13232,1599
13232,946
13232,10338
13233,193
13233,10
13233,142
13233,193
13233,10
13234,9606
13235,27
13236,2
13237,3289
13237,2304
13238,576
13238,3508
13238,281
13238,216
13238,870
13239,10
13239,176
13239,10
13240,4599
13240,10
13240,1024
13240,27
13241,65
13241,54
13241,5454
13241,370
13241,2778
13241,3
13241,209
13241,13242
13242,54
13242,5454
13242,147
13242,13241
13243,10
13243,27
13243,995
13244,61
13245,10
13245,347
13246,10
13247,10
13247,236
13247,705
13247,237
13248,23
13248,24
13248,83
13248,2487
13248,1296
13249,94
13249,821
13249,94
13250,245
13250,27
13251,83
13251,356
13252,51
13252,27
13252,198
13252,183
13253,2037
13253,2037
13253,2582
13253,13
13254,1671
13254,742
13254,10976
13255,270
13255,10358
13255,79
13255,637
13256,4162
13256,4162
13256,3
13257,1671
13257,742
13258,210
13258,4354
13259,10
13260,13261
13260,11
13260,27
13260,1044
13261,9095
13261,13260
13262,392
13262,27
13262,979
13263,943
13263,54
13263,1655
13264,3027
13264,2773
13264,3799
13264,3
13264,54
13264,253
13264,3
13264,2271
13264,10025
13265,10
13265,27
13266,227
13267,896
13267,4657
13267,10311
13267,2607
13267,2082
13268,13269
13269,3201
13269,3
13269,393
13269,15017
13269,15494
13269,13268
13270,1156
13270,42
13270,423
13270,10
13271,8
13271,9
13271,42
13271,92
13271,5613
13271,4182
13272,10
13273,10
13274,10
13275,27
13275,13276
13276,27
13276,13275
13277,10
13278,10
13278,27
13278,979
13279,11
13279,27
13279,979
13280,281
13280,216
13281,54
13281,3289
13282,1024
13282,27
13283,549
13283,4914
13284,10
13284,2023
13285,649
13285,305
13285,54
13286,54
13287,1379
13287,305
13287,13288
13287,1296
13288,54
13288,1169
13288,556
13289,105
13289,1238
13290,2
13291,10
13292,2
13293,10
13294,10
13295,2267
13295,291
13296,2787
13296,1164
13296,10
13296,5087
13297,3289
13297,11689
13298,844
13298,1804
13298,73
13298,1243
13299,1301
13300,8
13300,10
13300,2354
13301,1266
13301,92
13301,92
13301,10
13302,11011
13302,463
13303,10
13304,10
13305,10
13306,10
13307,5
13307,4
13307,10
13307,175
13307,176
13308,468
13308,73
13308,1615
13308,27
13308,1344
13309,10
13310,383
13310,73
13310,10
13311,10
13312,10
13313,393
13314,10
13314,1161
13314,1181
13315,619
13315,95
13315,424
13315,2353
13315,95
13315,54
13315,13316
13315,1563
13315,40
13315,2188
13315,13317
13317,366
13317,95
13317,1185
13317,2215
13317,424
13317,2353
13317,95
13317,54
13317,13316
13317,1563
13317,40
13317,2188
13317,13315
13318,10
13318,1271
13319,216
13319,54
13320,8533
13320,1888
13321,10
13322,10
13323,3426
13323,11443
13323,2640
13324,3426
13324,3426
13324,2640
13325,3426
13325,3426
13325,2640
13326,3426
13326,3426
13326,2640
13327,3426
13327,3426
13327,2640
13328,3426
13328,2640
13329,3426
13329,3426
13329,2640
13330,3426
13330,2640
13331,3426
13331,3426
13331,2640
13332,3426
13332,3426
13332,2640
13333,3426
13333,2640
13334,3426
13334,3707
13334,2640
13335,3426
13335,4802
13335,2640
13336,3426
13336,3706
13336,2640
13337,3426
13337,3706
13337,2640
13338,3706
13338,5509
13338,2640
13339,5509
13339,2640
13340,3707
13340,2640
13341,3707
13341,2640
13342,1563
13342,3706
13342,2640
13343,2038
13343,2640
13344,3426
13344,2640
13345,3426
13345,2640
13346,5509
13346,2640
13347,5509
13347,2640
13348,5509
13348,2640
13349,5509
13349,2640
13350,5509
13350,2640
13351,5509
13351,2640
13352,3706
13352,2640
13353,3706
13353,2640
13354,3706
13354,2640
13355,3706
13355,2640
13356,3706
13356,2640
13357,3707
13357,2640
13358,3707
13358,2640
13359,3706
13359,2640
13360,5792
13361,3289
13361,3289
13361,2304
13362,3289
13362,3289
13362,2304
13363,3289
13363,3289
13363,2304
13364,8313
13364,3289
13364,2304
13365,3289
13365,2304
13366,3289
13366,3289
13366,2304
13367,3289
13367,3289
13367,2304
13368,3289
13368,3289
13368,2304
13369,3289
13369,3289
13369,2304
13370,3289
13370,3289
13370,2304
13371,3289
13371,2304
13372,3289
13372,3289
13372,2304
13373,3289
13373,3289
13373,2304
13374,10014
13374,54
13374,661
13374,10015
13375,1548
13375,1110
13375,2679
13375,618
13375,1090
13375,124
13375,120
13376,13375
13376,54
13376,13375
13376,27
13376,120
13377,13375
13377,13375
13377,13378
13378,13375
13378,54
13378,13375
13378,27
13378,120
13379,13375
13379,13375
13379,13378
13380,6333
13380,6334
13381,6333
13381,6334
13382,428
13382,2086
13383,428
13383,54
13384,428
13384,2086
13385,428
13385,2086
13386,428
13386,2086
13387,428
13387,2086
13388,428
13388,2086
13389,428
13389,2086
13390,428
13390,13391
13390,54
13391,428
13391,7124
13391,1655
13392,428
13392,2086
13393,428
13393,13391
13393,2086
13394,428
13394,2086
13395,428
13395,2086
13396,428
13396,10
13397,428
13398,428
13398,2086
13399,428
13399,2086
13400,428
13400,2086
13401,428
13401,2086
13402,428
13402,2086
13403,428
13403,13397
13403,2086
13404,428
13404,2086
13405,428
13405,2086
13406,428
13406,13397
13406,54
13407,428
13407,2086
13408,428
13408,13397
13408,54
13409,428
13409,2086
13410,428
13410,2086
13411,428
13411,13412
13411,54
13412,428
13412,7124
13413,428
13413,2086
13414,428
13414,2086
13415,428
13415,7639
13416,428
13416,2086
13416,673
13417,428
13417,2086
13418,428
13418,13391
13418,2086
13419,428
13419,2086
13420,428
13420,2086
13421,428
13421,2086
13422,428
13422,10
13423,428
13423,2086
13424,428
13424,13415
13424,2086
13425,428
13425,2086
13426,428
13426,2086
13427,428
13427,2086
13428,6333
13428,6334
13428,6335
13429,6333
13429,6334
13429,6335
13430,6333
13430,6334
13430,6335
13431,8883
13431,13432
13431,13431
13432,11
13432,54
13432,8883
13432,8883
13433,8883
13433,13432
13434,8883
13434,13432
13435,2954
13435,10
13436,1963
13437,10
13437,27
13438,92
13438,10
13438,27
13439,84
13439,27
13440,4579
13440,10
13440,27
13440,1044
13441,5454
13441,239
13441,170
13441,17
13441,34
13442,265
13442,264
13443,6906
13443,27
13443,73
13444,3289
13444,11689
13445,10
13445,27
13446,292
13446,356
13447,10
13447,4344
13448,468
13448,170
13448,865
13448,15347
13449,6939
13449,10
13449,27
13450,1024
13450,27
13451,342
13451,171
13451,1024
13451,27
13451,129
13452,2955
13452,4093
13453,2278
13453,1211
13454,1115
13454,13455
13455,13454
13455,54
13455,27
13455,120
13456,10
13457,10
13458,10
13458,27
13458,28
13459,3255
13459,2
13459,254
13459,2187
13460,34
13460,27
13460,10
13461,1585
13461,10
13461,2213
13462,2347
13462,3
13463,265
13463,264
13464,3787
13464,3
13464,1185
13465,2
13466,54
13467,54
13467,2400
13468,54
13468,209
13469,54
13469,209
13470,54
13471,0
13471,10
13471,10
13471,1152
13471,869
13471,1181
13471,1254
13472,54
13472,209
13472,6212
13473,13474
13474,54
13474,209
13475,27
13475,92
13476,17
13476,1243
13476,1296
13476,1271
13477,54
13477,27
13477,199
13478,2633
13479,216
13479,54
13481,2
13482,42
13482,10
13482,3077
13482,0
13482,10
13482,1181
13482,1254
13482,15
13483,10
13484,629
13484,27
13484,429
13485,7939
13485,13
13486,7985
13487,1493
13487,2366
13487,511
13488,54
13488,6237
13488,6237
13488,1716
13488,6237
13489,4213
13489,65
13489,4213
13490,7985
13491,181
13491,0
13491,1569
13491,30
13491,532
13491,1563
13491,1296
13492,736
13492,1205
13492,736
13492,1205
13492,2095
13493,6075
13493,54
13493,27
13493,120
13493,1768
13493,1105
13493,6076
13493,13494
13494,6075
13494,54
13494,27
13494,1768
13494,1105
13494,13493
13494,6076
13495,1666
13495,2
13495,5774
13496,27
13496,17
13496,199
13496,13497
13497,10
13497,27
13497,17
13497,199
13497,13496
13498,54
13499,2020
13499,5666
13500,8935
13501,8935
13501,54
13502,3374
13502,513
13502,13503
13502,3373
13502,13504
13503,3374
13503,513
13503,14448
13503,3373
13503,13502
13504,3374
13504,513
13504,13502
13504,3373
13505,10
13506,11
13506,27
13506,1811
13506,1063
13507,4556
13507,13
13508,943
13508,54
13508,1655
13509,1245
13509,5142
13509,970
13509,5190
13509,1205
13509,3270
13509,7917
13509,13510
13510,3
13510,506
13510,13509
13511,1710
13512,1426
13512,2
13512,3
13512,45
13512,545
13513,995
13514,10
13514,27
13514,995
13515,11
13515,27
13515,1063
13516,10
13516,27
13516,1224
13516,16617
13517,10
13517,34
13517,10
13517,1296
13518,10
13518,27
13518,979
13519,6259
13519,429
13519,6260
13520,477
13520,10
13521,10
13522,10
13523,821
13524,54
13526,132
13526,398
13526,821
13526,770
13528,10
13528,27
13529,38
13529,27
13529,73
13530,13261
13530,11
13530,27
13530,979
13531,10
13531,27
13531,378
13531,16941
13532,1003
13532,54
13532,916
13533,2707
13533,54
13533,27
13533,11298
13534,10
13534,27
13534,7
13535,9849
13535,347
13535,435
13535,13536
13535,9850
13535,13537
13536,9849
13536,347
13536,28
13536,9850
13536,13535
13537,9849
13537,54
13537,27
13537,347
13537,435
13537,13535
13537,9850
13538,8587
13538,13
13538,6612
13539,10
13540,54
13540,14430
13540,13
13541,10
13541,336
13542,54
13543,3231
13543,976
13543,2294
13544,339
13544,821
13545,10
13546,6539
13547,10
13548,10
13548,10
13548,3734
13548,1152
13548,2314
13548,1296
13549,370
13549,209
13550,10
13550,10
13550,1324
13550,1271
13551,1423
13551,774
13551,13552
13552,937
13552,54
13553,509
13553,3597
13553,1047
13553,14771
13553,14772
13553,9055
13553,14772
13554,45
13554,10
13555,2
13556,54
13557,10
13558,1201
13558,1033
13558,1206
13558,13559
13559,2489
13559,506
13559,13558
13560,292
13561,821
13562,1246
13562,54
13563,2
13563,3
13563,54
13563,4521
13564,27
13564,39
13565,38
13565,57
13565,1665
13566,4537
13567,2
13568,2855
13568,92
13569,5734
13569,5735
13569,65
13569,7842
13570,170
13570,83
13571,12794
13571,54
13571,27
13571,1063
13572,1665
13573,1665
13573,10
13573,27
13573,34
13574,11
13574,27
13574,979
13575,10
13575,821
13575,27
13575,821
13576,1732
13576,979
13577,2046
13577,54
13577,27
13577,1611
13578,247
13578,248
13578,3608
13579,10
13579,27
13579,184
13579,44
13580,4653
13581,8192
13581,8698
13582,8192
13583,2
13583,393
13583,4697
13584,7575
13585,10479
13585,54
13586,1710
13587,8265
13587,170
13587,6092
13588,65
13588,2582
13588,84
13588,17
13589,5490
13589,54
13589,677
13590,10
13590,27
13591,2082
13591,3
13592,2
13593,11
13593,54
13594,32
13594,281
13594,34
13595,376
13595,637
13596,7502
13596,330
13597,864
13597,1296
13597,1209
13598,10
13598,27
13598,1063
13599,10
13599,73
13600,5509
13600,170
13601,5464
13601,10
13601,27
13602,720
13602,981
13602,4655
13602,9636
13603,247
13603,247
13604,1172
13604,674
13604,124
13604,506
13605,2
13605,305
13606,2
13606,90
13606,13607
13607,92
13607,2692
13607,637
13607,2
13607,90
13607,13606
13607,637
13607,2
13608,4715
13608,647
13608,34
13609,2
13610,54
13610,10
13611,5194
13611,13612
13612,807
13612,54
13613,10
13614,2502
13614,937
13614,13615
13614,9093
13614,253
13614,3
13614,13615
13616,2491
13616,3861
13616,2493
13617,27
13618,7937
13618,54
13618,27
13618,243
13619,5751
13619,10
13619,1181
13620,27
13620,301
13620,138
13620,138
13621,1314
13621,1992
13621,2903
13621,6605
13621,7788
13621,1241
13622,10
13623,2
13623,292
13623,1041
13624,54
13625,5831
13625,10
13625,27
13625,1063
13626,10
13627,1599
13627,54
13627,1599
13628,8736
13628,27
13628,138
13628,217
13629,1630
13629,87
13629,27
13630,8935
13630,27
13631,10
13632,2
13632,159
13632,2318
13633,11
13633,821
13634,10
13635,10
13636,821
13638,1327
13638,392
13638,54
13638,13639
13640,303
13640,10
13640,1362
13640,10
13641,0
13641,206
13641,10
13642,10
13642,1324
13642,1271
13642,2170
13642,2177
13643,10
13644,10
13645,27
13645,10
13645,13646
13645,1229
13645,13647
13646,10
13646,13645
13646,13647
13646,13645
13646,13647
13646,27
13647,13646
13647,10
13647,10
13648,132
13648,34
13648,821
13648,1296
13649,10
13649,124
13650,1523
13650,1523
13650,54
13651,1763
13652,181
13652,180
13652,181
13652,821
13653,2787
13653,10
13653,4666
13653,10
13653,1209
13654,1681
13655,1033
13655,1497
13656,10
13656,1181
13657,199
13657,27
13657,10
13657,40
13658,2
13659,2318
13660,276
13660,276
13660,702
13660,27
13661,176
13661,10
13661,10
13661,112
13661,10
13661,1199
13661,112
13661,10
13662,1540
13662,1044
13662,73
13662,199
13663,10
13664,9275
13664,15
13665,10
13665,27
13665,1063
13666,171
13666,1024
13666,27
13666,13667
13667,171
13667,1024
13667,27
13667,13666
13668,10
13668,120
13669,10
13669,27
13669,429
13670,3065
13671,10
13672,54
13673,13674
13674,1246
13674,3
13674,4244
13674,1251
13674,2213
13674,1296
13675,10
13676,7264
13676,3
13677,72
13677,27
13677,76
13678,6249
13679,10
13679,27
13680,10
13681,2050
13681,54
13681,520
13681,2
13681,45
13681,418
13681,54
13682,5017
13682,250
13683,3289
13683,3289
13683,2304
13684,5456
13685,2121
13685,10
13685,27
13685,1037
13686,392
13686,1344
13687,34
13687,10
13687,1296
13687,1199
13688,473
13688,1060
13688,10
13689,1344
13690,13691
13690,83
13690,346
13691,3
13691,2
13691,802
13691,6438
13692,417
13692,2095
13693,13
13694,2
13694,913
13694,597
13694,3005
13694,392
13694,995
13694,54
13696,8928
13697,54
13698,216
13698,54
13699,376
13700,236
13700,237
13700,997
13701,9519
13701,54
13702,276
13702,38
13702,27
13703,10
13703,470
13703,304
13704,0
13705,2
13705,10
13705,27
13705,210
13706,608
13706,412
13706,3
13706,54
13706,2276
13706,877
13707,1174
13707,331
13707,937
13708,65
13708,195
13709,2
13709,1044
13710,1047
13710,407
13710,281
13710,1882
13711,54
13712,846
13712,3519
13712,210
13712,27
13713,27
13713,5017
13714,54
13715,65
13715,3449
13715,3450
13715,3450
13715,14678
13716,1910
13716,199
13717,13470
13717,83
13717,13717
13718,721
13719,392
13719,1181
13719,1344
13719,1296
13719,1199
13720,4954
13721,618
13721,9917
13721,54
13721,1803
13721,54
13721,40
13722,54
13723,2
13724,1059
13724,10
13724,4666
13724,10
13725,605
13725,4264
13725,368
13725,511
13726,216
13726,54
13727,10
13728,10
13728,28
13729,8
13729,9
13729,10
13729,590
13729,10
13730,2308
13730,10
13731,943
13732,27
13732,15
13733,51
13733,132
13733,398
13733,821
13733,2365
13733,40
13734,27
13734,38
13735,6056
13735,6056
13735,243
13735,6056
13736,38
13736,27
13737,1665
13738,4004
13738,13739
13738,13
13739,6795
13739,54
13739,209
13739,13738
13739,15885
13739,5259
13740,601
13740,884
13740,12645
13741,54
13741,10390
13742,90
13742,10
13742,27
13742,73
13743,10954
13743,54
13743,11057
13743,677
13743,10953
13744,2633
13744,3666
13745,13746
13746,3310
13746,4499
13746,3
13746,73
13746,2324
13746,506
13746,1406
13746,1447
13746,1296
13746,1324
13746,1209
13747,1671
13747,1169
13747,742
13748,13749
13748,54
13748,27
13749,495
13749,225
13749,5700
13749,15092
13749,54
13749,16076
13750,54
13750,124
13751,943
13752,10
13753,10
13754,9009
13755,5091
13755,54
13755,1044
13755,54
13756,473
13756,1060
13756,38
13756,10
13757,1732
13758,51
13758,1084
13758,51
13758,0
13758,30
13758,10
13759,170
13759,83
13760,54
13760,209
13760,1941
13761,1963
13762,2318
13762,38
13762,1171
13762,1254
13763,203
13763,4
13763,3648
13763,2781
13763,2796
13763,2796
13764,459
13764,2769
13764,2769
13765,128
13766,10
13767,289
13767,2
13767,54
13768,1735
13768,1882
13768,7847
13769,10
13769,1209
13770,6075
13770,45
13770,7133
13771,1059
13771,42
13771,92
13771,10
13772,931
13773,9177
13774,54
13775,1801
13775,1044
13775,1584
13775,1755
13775,1802
13776,10
13776,27
13776,28
13777,852
13777,8
13777,27
13777,4080
13778,9
13778,2095
13778,10
13779,2
13780,10
13780,73
13781,2248
13781,1523
13781,1845
13782,2487
13782,1211
13782,1254
13783,2624
13783,10
13784,5418
13784,276
13784,124
13785,2
13785,3
13785,2344
13786,10
13786,922
13786,6371
13787,2
13787,8198
13787,10130
13788,10
13789,662
13790,3232
13790,618
13791,698
13791,392
13791,105
13791,106
13791,187
13791,188
13792,2
13792,463
13792,2383
13792,2
13793,2
13793,54
13793,13794
13794,413
13794,13793
13794,2862
13794,12293
13794,2
13795,2
13795,107
13795,821
13796,3
13796,3
13796,210
13796,429
13796,7
13796,13797
13796,1296
13796,13798
13797,13796
13797,54
13799,51
13799,27
13800,54
13801,4715
13801,300
13801,2048
13801,34
13802,3715
13802,574
13802,1073
13802,3
13802,34
13802,54
13803,6505
13803,281
13804,2
13804,3
13804,120
13804,551
13804,1296
13805,54
13805,1254
13805,13806
13805,13807
13807,13806
13807,3
13807,54
13807,1254
13807,54
13807,13805
13807,54
13808,821
13808,1296
13809,578
13809,8295
13809,216
13809,54
13809,2711
13810,10
13810,40
13811,1805
13811,54
13811,1296
13812,2
13812,1490
13812,2
13812,331
13812,937
13812,2095
13812,17
13812,34
13813,693
13813,270
13813,2
13813,637
13813,2
13813,1704
13814,393
13814,1319
13814,318
13814,542
13814,1711
13815,54
13816,2
13816,1082
13816,54
13816,13817
13817,13816
13817,120
13817,1655
13818,54
13818,209
13819,7125
13819,637
13819,9542
13819,1044
13820,10
13821,2215
13821,3
13821,120
13821,1044
13821,184
13821,980
13821,101
13821,116
13821,1296
13822,9095
13822,1325
13822,4505
13822,3181
13822,3
13822,54
13822,40
13823,2856
13823,313
13823,2095
13823,34
13824,89
13824,560
13824,721
13824,1296
13825,27
13825,2294
13825,2294
13826,2
13826,3
13826,248
13826,2
13826,1480
13826,2
13826,11268
13826,13827
13826,2
13826,10371
13826,5477
13828,54
13829,265
13829,54
13830,10
13831,271
13831,5180
13831,692
13831,54
13831,13832
13833,305
13833,1296
13833,1253
13834,51
13834,821
13835,2
13835,356
13835,445
13835,23
13836,2487
13836,1296
13837,8911
13837,54
13837,13838
13837,54
13838,8911
13839,10
13840,299
13840,24
13840,24
13840,2487
13840,12673
13841,23
13841,351
13841,242
13841,10
13842,10
13843,51
13843,821
13844,180
13844,181
13844,821
13845,9751
13845,3
13846,1227
13846,85
13846,86
13846,10
13846,120
13846,10
13847,8
13847,10
13847,10
13848,1763
13848,14466
13848,4010
13849,10
13850,4715
13850,591
13850,649
13850,1490
13850,34
13851,10
13851,27
13851,124
13851,104
13852,166
13852,360
13852,2825
13853,10
13854,132
13854,398
13854,821
13856,10
13857,2175
13857,1254
13858,10
13858,1037
13859,1266
13859,89
13859,560
13859,89
13859,27
13860,27
13860,301
13860,1181
13861,351
13861,242
13861,10
13861,809
13862,10
13863,10
13864,54
13865,216
13865,54
13866,10
13867,1005
13867,54
13867,120
13867,2353
13867,54
13868,821
13869,694
13869,11372
13869,13870
13869,1202
13869,3
13869,2703
13869,2597
13869,7041
13869,11162
13870,2336
13870,11372
13871,10
13872,1256
13872,3341
13872,2701
13872,506
13872,54
13873,86
13873,86
13873,184
13873,10
13873,869
13874,54
13875,10
13876,10
13876,1856
13876,10
13876,1254
13877,188
13877,0
13877,30
13877,1296
13878,10
13878,27
13878,28
13879,304
13879,122
13879,40
13879,1118
13879,116
13879,61
13880,10
13881,2604
13881,170
13881,1296
13882,270
13882,3065
13882,1805
13882,1296
13883,2187
13883,2
13883,597
13883,139
13884,7321
13885,9436
13885,10
13885,10
13886,3
13886,13179
13886,774
13887,54
13888,10
13889,4431
13889,1407
13889,3315
13889,120
13890,3237
13890,124
13890,556
13890,7
13890,28
13890,40
13891,764
13891,774
13891,54
13891,2
13891,199
13892,674
13892,2
13892,116
13893,2763
13893,27
13894,10
13895,54
13895,2066
13896,54
13897,10
13898,236
13898,28
13899,10
13900,1018
13900,3
13900,116
13901,485
13901,4
13901,3
13901,54
13901,770
13902,10
13903,10
13903,1199
13904,10
13905,10
13906,3803
13906,594
13906,1218
13906,116
13906,1324
13907,366
13907,95
13907,3000
13907,54
13907,2314
13908,10
13909,10
13910,10
13910,10
13910,1181
13910,1352
13910,1271
13911,10
13911,40
13912,10
13913,54
13914,27
13915,218
13915,869
13915,10
13915,40
13915,116
13916,23
13916,4567
13916,0
13916,30
13916,10
13916,101
13917,163
13917,360
13917,2825
13918,10
13919,54
13920,27
13920,1769
13921,10
13921,27
13921,28
13922,389
13922,10
13922,10
13922,151
13922,10
13922,116
13923,1732
13923,1627
13924,54
13924,170
13924,27
13924,13925
13925,54
13926,1710
13927,10
13927,1169
13927,1805
13928,12481
13929,10
13929,27
13929,28
13930,6519
13930,205
13930,10
13931,10
13931,210
13932,10
13933,635
13933,27
13933,40
13933,12613
13934,54
13935,1045
13935,54
13936,10
13937,10
13938,979
13938,514
13938,2568
13939,9649
13939,937
13940,10
13940,1436
13940,1199
13941,10
13942,10
13943,10
13943,1257
13943,1181
13944,10
13945,10
13946,78
13946,2
13946,27
13946,7
13947,7333
13948,718
13948,233
13948,333
13948,8489
13949,6166
13949,13
13950,54
13951,288
13951,54
13952,163
13952,388
13952,68
13952,780
13952,9928
13952,1241
13953,10
13953,27
13955,54
13956,2430
13956,11024
13956,10
13956,1209
13957,10
13957,236
13958,3279
13958,152
13959,54
13960,698
13960,264
13960,1496
13961,2
13962,2
13963,1295
13963,3
13963,1223
13964,54
13965,10
13966,13967
13966,596
13966,2163
13967,2
13967,596
13967,54
13968,760
13968,3066
13968,120
13968,34
13969,54
13970,960
13970,3265
13970,54
13971,3074
13972,159
13972,281
13972,281
13973,3
13974,281
13974,1487
13974,54
13975,2
13975,672
13975,10199
13976,2191
13976,1181
13976,1181
13977,3752
13978,265
13978,467
13978,392
13978,1344
13979,716
13979,3
13980,2
13980,313
13981,10
13981,389
13982,2
13982,1342
13982,2783
13983,54
13984,5262
13984,2
13984,418
13985,305
13985,159
13985,1419
13986,247
13986,27
13986,2086
13987,601
13987,54
13987,4063
13988,0
13988,30
13989,10
13990,54
13990,209
13991,960
13991,7464
13992,1472
13992,2421
13993,2334
13993,865
13994,2
13995,6598
13995,2
13996,4984
13996,1523
13996,17
13996,13650
13997,10
13998,132
13998,821
13999,265
14000,10
14001,0
14002,10
14003,92
14003,821
14004,356
14004,54
14005,2
14006,4715
14006,3
14006,34
14006,14007
14006,1296
14007,2
14007,27
14007,34
14008,3
14008,745
14008,79
14009,10
14010,9031
14011,10
14011,120
14011,40
14011,2188
14012,991
14012,2745
14012,1181
14012,1209
14013,54
14014,2189
14014,264
14014,2
14015,596
14015,4913
14015,596
14016,211
14016,649
14016,647
14016,10963
14017,96
14017,3
14017,120
14018,7217
14018,281
14018,11869
14019,269
14019,0
14019,206
14020,5194
14020,970
14020,253
14020,1128
14020,120
14021,991
14021,3161
14021,10
14022,820
14022,336
14022,795
14022,10
14023,10
14024,10
14024,40
14025,2
14025,2191
14026,0
14027,3
14027,5125
14027,288
14027,120
14027,6263
14027,14028
14029,1265
14029,265
14029,392
14030,385
14030,0
14031,3709
14031,54
14031,209
14031,3709
14032,1521
14032,2618
14032,54
14033,10
14033,172
14033,73
14033,1296
14034,1830
14034,54
14034,2077
14035,10
14036,376
14036,2
14037,1207
14037,855
14037,1159
14037,1243
14038,1256
14038,12929
14038,2442
14038,216
14038,3950
14038,216
14038,27
14038,1882
14038,4981
14039,13498
14039,216
14039,545
14040,288
14040,14041
14041,774
14041,54
14042,253
14042,3261
14042,441
14042,65
14042,1296
14043,3027
14043,1246
14043,2
14043,913
14043,4616
14043,2
14043,331
14043,808
14043,1171
14044,821
14045,1538
14045,1805
14045,1296
14046,1094
14046,3800
14046,5667
14046,5575
14047,14041
14047,54
14047,4674
14048,89
14048,721
14048,721
14049,721
14050,89
14050,472
14051,89
14051,89
14051,721
14051,721
14052,4832
14052,10504
14052,2215
14052,506
14052,28
14052,2391
14053,11
14053,27
14053,120
14054,2018
14054,429
14055,1667
14055,2
14055,27
14055,73
14056,10
14056,27
14056,435
14057,27
14058,54
14059,54
14060,821
14061,90
14061,54
14061,10
14061,10597
14062,3
14062,65
14063,2
14064,2225
14064,54
14065,54
14065,73
14065,400
14065,1296
14066,3552
14066,14067
14066,4840
14067,3552
14067,54
14067,435
14067,378
14067,4840
14068,2
14069,226
14069,27
14070,2
14070,305
14070,1224
14070,17
14070,28
14070,27
14070,821
14070,40
14071,132
14071,51
14071,821
14072,73
14072,1243
14072,1296
14073,601
14073,4763
14074,110
14074,2
14074,1268
14075,54
14076,2408
14076,209
14076,270
14076,2
14076,3364
14077,54
14078,51
14078,821
14080,2357
14080,7011
14080,393
14080,54
14080,12939
14080,14081
14082,2743
14082,2
14083,54
14084,3
14084,158
14084,27
14084,27
14084,14085
14086,2955
14086,4093
14087,151
14087,14088
14087,2
14087,3
14088,2
14088,45
14088,545
14088,14087
14089,54
14090,2347
14090,1379
14090,3255
14090,2
14090,927
14091,6923
14091,698
14091,2838
14091,2829
14091,104
14092,4715
14092,1529
14092,34
14092,1296
14093,3
14093,7
14093,28
14093,1365
14093,14094
14095,2
14095,3
14095,1093
14095,3080
14095,2
14095,3
14095,3081
14095,54
14095,14096
14097,54
14097,209
14098,181
14098,339
14098,181
14098,339
14098,821
14099,3
14099,54
14099,54
14099,1171
14099,7323
14099,8262
14099,4684
14100,216
14100,54
14101,2404
14101,13627
14101,7421
14101,116
14101,3330
14102,991
14102,370
14102,209
14102,11974
14103,170
14104,27
14105,8629
14105,3
14106,1079
14106,61
14106,1261
14107,2
14108,3289
14108,7475
14108,2304
14109,3289
14110,821
14111,2769
14111,1209
14112,960
14112,1321
14113,970
14113,551
14113,1436
14114,180
14114,181
14114,821
14115,1057
14115,2778
14115,3
14115,14116
14115,1296
14115,1209
14116,14115
14117,2955
14117,4093
14118,821
14119,3866
14120,10
14120,27
14120,1448
14121,54
14122,22
14122,11
14122,1073
14122,238
14123,181
14123,821
14124,0
14125,4715
14125,305
14125,2048
14125,34
14126,629
14126,629
14126,27
14126,116
14126,1254
14127,54
14127,1700
14127,195
14127,281
14128,12730
14128,8419
14128,1365
14129,1732
14130,2
14130,3
14130,54
14130,1209
14131,13105
14132,4
14132,54
14133,1704
14133,2732
14134,54
14134,10227
14134,27
14135,12938
14135,173
14136,3955
14136,356
14137,276
14137,38
14137,472
14138,342
14138,342
14138,1024
14138,27
14139,68
14139,2378
14140,5687
14140,2640
14141,272
14141,273
14141,1842
14142,27
14142,821
14143,6318
14143,54
14143,1044
14143,54
14144,216
14144,54
14144,27
14144,1168
14145,467
14145,5170
14145,3743
14145,1344
14145,11864
14146,4715
14146,393
14146,1805
14147,4163
14147,227
14147,682
14148,1185
14148,1416
14148,981
14148,943
14149,11
14149,27
14149,979
14149,14396
14150,170
14150,40
14150,1199
14151,27
14151,2048
14152,27
14152,28
14153,54
14153,27
14153,184
14153,333
14154,1732
14155,1630
14155,54
14155,27
14155,506
14156,27
14156,120
14157,10
14157,27
14157,28
14158,326
14158,481
14158,155
14158,2796
14159,27
14160,54
14160,209
14161,656
14161,14
14161,10
14161,11627
14161,2097
14162,6357
14162,429
14162,14163
14163,6357
14163,429
14163,14162
14164,2749
14164,54
14164,1037
14164,10762
14164,2751
14164,9697
14165,10
14165,27
14165,995
14166,10
14166,27
14166,124
14167,11
14167,27
14167,995
14167,1691
14167,28
14169,10
14169,27
14169,506
14170,1015
14170,54
14170,199
14170,3
14170,54
14171,424
14171,869
14171,27
14172,149
14172,149
14172,821
14172,149
14172,40
14173,768
14174,16
14174,27
14175,10960
14175,243
14176,2
14177,54
14178,3199
14178,3614
14178,1342
14179,495
14180,2
14180,7353
14180,1209
14181,821
14182,27
14182,113
14183,6233
14183,6233
14183,147
14183,65
14184,3217
14184,3
14185,552
14186,27
14186,39
14187,6737
14187,4130
14187,2294
14188,2381
14188,11
14188,54
14189,110
14189,54
14190,270
14190,344
14190,293
14192,281
14192,1196
14192,4203
14193,2
14194,2
14194,618
14194,2
14194,1131
14194,1205
14194,1584
14194,995
14194,28
14196,292
14197,821
14198,54
14200,9081
14200,1185
14201,3597
14201,265
14201,264
14201,3425
14202,15261
14202,65
14202,15261
14202,13
14203,4576
14203,54
14203,73
14203,9130
14203,3268
14203,511
14203,14204
14203,14205
14206,1021
14206,2
14206,924
14206,2324
14207,16479
14208,54
14209,2680
14209,288
14210,54
14211,2
14211,331
14212,1594
14212,3823
14212,991
14213,467
14213,1344
14214,216
14214,54
14215,281
14215,4163
14215,54
14216,307
14216,253
14216,574
14216,1143
14217,821
14217,1254
14218,54
14219,2025
14219,1224
14220,54
14221,2487
14221,23
14221,24
14222,181
14222,339
14222,821
14223,14224
14223,981
14223,3
14223,2616
14223,120
14223,14225
14223,2188
14225,14223
14225,65
14226,3
14227,2
14228,54
14228,14229
14230,606
14230,2861
14230,5424
14230,1251
14231,10
14231,27
14231,113
14232,2005
14232,2641
14232,2
14232,807
14232,1045
14232,1456
14232,2280
14233,5454
14233,54
14233,27
14233,120
14233,1224
14234,6126
14234,2086
14234,378
14235,10
14235,27
14235,4188
14235,920
14236,299
14236,14237
14236,1477
14236,54
14237,335
14238,2321
14238,114
14238,116
14238,1254
14239,434
14239,210
14239,120
14239,1044
14239,1224
14239,429
14239,922
14239,923
14239,1103
14239,1842
14239,1792
14239,1866
14239,1123
14239,487
14240,54
14240,209
14241,222
14241,586
14241,6299
14242,1092
14242,124
14242,17
14243,3289
14244,6333
14244,6334
14245,266
14245,7285
14246,10
14246,0
14246,2300
14246,2885
14247,54
14248,3
14248,14249
14250,252
14250,2093
14250,27
14250,301
14250,252
14251,721
14251,506
14251,923
14252,73
14252,190
14252,54
14252,14253
14254,0
14254,1118
14254,1296
14255,392
14255,468
14255,1216
14255,3788
14255,1344
14255,10330
14256,6416
14256,9761
14256,6419
14256,6422
14257,1683
14258,8613
14258,14259
14258,11510
14259,8613
14259,54
14259,14258
14260,1769
14261,54
14261,6767
14262,2333
14262,2
14262,1804
14263,54
14264,279
14264,279
14264,821
14264,1324
14264,1209
14264,821
14265,2693
14265,6878
14265,6787
14265,2235
14265,54
14265,14266
14267,7398
14267,10
14267,27
14267,124
14267,1840
14267,34
14268,574
14268,6410
14269,931
14269,943
14270,943
14270,54
14270,199
14270,1655
14271,2175
14272,2955
14272,4093
14273,896
14273,54
14274,27
14274,1856
14274,170
14275,802
14275,6438
14275,2856
14275,120
14276,134
14276,27
14277,3
14277,2
14277,2248
14277,2086
14277,40
14277,14278
14279,9515
14279,0
14279,30
14279,487
14280,170
14280,1118
14280,1224
14280,487
14281,18
14281,105
14281,106
14281,27
14282,467
14282,184
14282,1344
14282,116
14283,4114
14283,0
14284,821
14284,75
14285,470
14285,57
14285,27
14286,27
14287,1911
14287,54
14288,2101
14288,10584
14289,10
14289,27
14289,1448
14290,90
14290,54
14290,2258
14290,10597
14291,84
14291,13
14292,10
14292,27
14292,922
14293,3454
14293,1790
14293,5
14293,48
14293,11260
14294,24
14294,2378
14294,2487
14295,13
14296,89
14296,821
14296,721
14297,171
14297,1024
14297,170
14297,29
14298,27
14299,2
14300,316
14300,315
14300,27
14300,770
14300,1211
14300,1254
14301,2026
14301,1185
14301,134
14302,723
14302,49
14303,723
14303,49
14304,1185
14304,1266
14305,89
14305,721
14305,89
14305,560
14306,54
14306,12850
14307,2
14307,2
14308,3
14308,331
14308,2353
14309,1837
14310,54
14311,846
14311,990
14311,981
14311,3
14311,9437
14312,1698
14312,13
14313,14314
14313,54
14313,14314
14313,120
14314,120
14314,14313
14315,1837
14315,1838
14315,1839
14316,11224
14316,281
14316,216
14316,437
14317,467
14317,2566
14318,14279
14318,12916
14318,9515
14318,12916
14318,170
14319,7062
14319,3
14319,54
14320,3401
14320,271
14320,5538
14320,104
14320,11710
14321,3565
14322,133
14322,601
14323,227
14323,54
14324,11811
14324,120
14324,1627
14325,6151
14325,7
14325,28
14326,54
14326,170
14326,11265
14327,10
14327,27
14327,942
14328,2618
14328,3986
14328,1752
14329,10
14329,27
14330,2086
14331,170
14331,92
14332,6188
14332,27
14332,3
14333,191
14333,54
14333,7610
14334,5759
14334,2086
14334,5760
14334,6511
14335,1763
14336,1963
14337,281
14337,216
14337,1227
14337,1324
14337,2177
14338,3548
14338,54
14339,27
14339,1063
14340,3374
14340,513
14340,7795
14340,3373
14340,11179
14341,4807
14341,27
14342,560
14342,120
14342,124
14342,721
14343,27
14344,6078
14344,5725
14345,54
14346,27
14346,1044
14346,953
14346,199
14347,580
14347,780
14347,3
14347,813
14348,6188
14348,54
14348,6188
14348,195
14349,2
14350,7335
14351,4213
14351,4213
14351,4213
14351,199
14351,3
14351,137
14352,170
14353,2147
14354,721
14355,10
14355,27
14356,6325
14356,54
14356,27
14356,120
14357,10
14357,27
14357,942
14358,128
14358,14359
14358,1238
14358,3116
14359,128
14359,14358
14360,95
14360,27
14361,1837
14361,1838
14361,1839
14362,1732
14363,1732
14363,979
14364,1667
14364,2086
14365,2118
14365,2510
14366,1911
14366,54
14367,3697
14368,1732
14368,28
14369,54
14369,27
14369,120
14370,170
14371,6249
14371,7004
14371,14372
14372,6249
14373,10
14373,27
14373,7
14374,27
14374,922
14375,4985
14375,10
14376,105
14376,106
14376,0
14376,30
14376,7
14377,12850
14377,54
14377,2091
14378,12246
14378,13767
14378,1979
14378,511
14378,13767
14379,1763
14380,14381
14381,2305
14381,85
14381,3
14381,14380
14382,382
14382,3
14383,4545
14383,2
14384,392
14384,392
14384,1344
14384,1344
14385,1625
14385,392
14385,27
14385,979
14386,3697
14387,1644
14387,54
14387,27
14387,1448
14388,2
14389,1667
14389,2086
14390,1837
14390,1839
14391,54
14391,5836
14392,59
14392,412
14392,70
14392,580
14392,54
14392,1643
14393,38
14393,666
14393,595
14393,27
14393,1137
14393,666
14394,1259
14394,316
14394,2352
14394,54
14394,1436
14394,4585
14394,2312
14394,319
14394,61
14395,800
14395,60
14395,3
14395,54
14395,1209
14396,11
14396,27
14396,979
14396,14149
14397,2018
14398,6249
14399,9019
14399,9019
14399,6501
14400,83
14400,2049
14400,161
14400,5792
14401,1769
14402,222
14402,586
14402,6118
14403,27
14404,6249
14405,1831
14405,1584
14405,17
14405,4350
14405,15770
14406,10
14406,27
14406,1768
14407,12938
14408,14144
14408,2569
14408,216
14408,54
14408,1168
14408,14409
14410,550
14410,376
14410,54
14411,54
14412,5733
14412,5733
14412,3
14413,3
14413,92
14414,1457
14414,1481
14415,1277
14415,3
14415,54
14415,1234
14416,38
14416,27
14417,874
14417,2318
14417,1305
14418,1184
14418,2173
14418,1198
14419,979
14419,506
14419,721
14419,1209
14420,84
14420,2
14420,2681
14420,937
14420,54
14420,65
14421,27
14421,2109
14421,170
14422,10
14422,27
14423,2702
14423,1435
14423,15306
14423,15307
14423,6504
14423,2520
14424,2749
14424,54
14424,1037
14424,15738
14424,2751
14424,2750
14425,8928
14426,2749
14426,54
14426,1037
14426,14427
14426,2751
14426,11151
14427,2749
14427,54
14427,13088
14427,2751
14427,14426
14428,170
14429,10
14429,27
14429,1876
14430,1207
14431,1710
14432,14245
14432,54
14432,170
14432,7285
14433,11
14433,27
14434,10
14434,27
14434,1611
14435,8752
14435,27
14436,54
14436,6879
14436,27
14436,2951
14436,12200
14437,8253
14438,4985
14439,54
14440,1671
14440,742
14441,4954
14442,1671
14442,742
14443,6879
14443,2951
14443,4901
14443,8604
14443,2507
14444,1659
14444,1243
14444,2077
14444,2077
14445,821
14446,2
14447,1911
14447,54
14448,3374
14448,513
14448,3373
14448,13503
14449,11347
14449,7822
14450,4878
14450,54
14450,14451
14450,4880
14450,8416
14451,4878
14451,54
14451,15938
14451,4880
14451,14450
14452,10
14452,27
14452,17297
14453,27
14453,16551
14454,10
14454,27
14454,17297
14455,4878
14455,17
14455,8417
14455,4880
14456,2547
14456,649
14456,54
14456,14457
14458,14459
14459,662
14459,216
14459,216
14459,54
14460,216
14460,216
14460,3887
14460,1168
14461,865
14461,392
14461,1344
14462,132
14462,821
14463,1392
14463,615
14463,649
14463,2
14463,120
14463,506
14463,1254
14464,10
14464,27
14464,942
14465,0
14465,506
14466,1763
14466,13848
14467,27
14467,429
14467,1620
14468,121
14468,68
14468,140
14468,218
14468,27
14468,813
14468,138
14468,141
14469,2085
14470,180
14470,181
14470,51
14470,821
14471,627
14471,13597
14471,2
14471,3
14472,89
14472,89
14472,721
14473,27
14474,2404
14474,250
14474,14475
14474,27
14475,2404
14475,250
14476,10
14476,27
14476,16509
14477,13
14478,1715
14478,65
14479,2
14479,2421
14479,292
14479,2
14479,1045
14480,407
14480,3
14480,54
14481,393
14481,34
14483,2649
14483,340
14483,3236
14483,8192
14484,75
14484,821
14485,4232
14485,4232
14485,243
14485,84
14485,29
14485,0
14485,30
14486,747
14488,615
14488,649
14490,2955
14490,4093
14490,1966
14491,3861
14491,1150
14491,0
14492,3
14492,4322
14492,14493
14494,492
14494,2681
14494,937
14494,1680
14495,299
14495,2
14496,1805
14496,54
14496,1296
14497,1328
14498,1265
14498,54
14499,3289
14499,3289
14499,2304
14500,3
14500,27
14500,54
14500,14501
14500,1324
14501,14500
14502,1059
14502,14503
14502,14504
14503,14502
14503,857
14503,2517
14504,539
14504,10
14504,54
14504,2618
14504,54
14504,10
14505,2438
14505,0
14506,1585
14506,27
14507,54
14507,1209
14508,2378
14509,1344
14510,2
14511,180
14511,181
14511,821
14512,2
14514,8831
14514,10
14514,27
14514,2048
14514,5318
14515,8831
14515,10
14515,27
14515,1615
14516,1667
14516,2086
14517,27
14518,170
14518,285
14519,5464
14519,27
14519,1037
14520,38
14520,27
14520,424
14521,68
14521,2378
14521,2378
14522,545
14522,2336
14522,301
14522,821
14523,1244
14523,209
14523,1271
14525,11559
14525,27
14526,1263
14526,1259
14526,4714
14526,38
14526,27
14526,14527
14527,14526
14527,27
14528,692
14528,27
14528,2818
14529,1184
14529,38
14529,73
14529,27
14529,38
14530,1991
14531,391
14531,392
14531,392
14531,1344
14532,1671
14532,742
14533,2905
14533,691
14533,54
14533,6437
14534,216
14534,54
14535,216
14535,54
14536,54
14537,170
14538,407
14538,216
14538,27
14538,2188
14539,4867
14539,170
14540,4867
14542,3
14542,14541
14542,4867
14543,3099
14544,1344
14544,116
14544,1324
14545,3
14545,392
14546,180
14546,181
14546,821
14547,0
14547,30
14547,10
14548,9198
14548,10
14548,210
14549,278
14549,32
14549,122
14549,252
14549,27
14549,123
14549,1044
14549,7613
14549,14550
14550,122
14550,27
14550,123
14550,1044
14550,14549
14550,16594
14551,8819
14552,10504
14553,51
14553,1584
14553,27
14554,8333
14554,54
14554,27
14554,1037
14554,8332
14555,14556
14555,184
14556,1378
14556,92
14556,14555
14556,7338
14556,54
14556,40
14556,3646
14556,14487
14556,116
14557,618
14557,1088
14557,34
14558,4653
14559,5892
14559,2038
14559,13
14560,377
14560,10
14560,27
14560,378
14561,638
14561,27
14561,301
14562,170
14562,10
14562,1324
14562,1271
14563,6733
14563,54
14563,14564
14563,1655
14563,11375
14564,6733
14564,54
14564,18156
14564,1655
14564,14563
14565,356
14565,1126
14566,54
14566,1311
14566,1230
14567,935
14567,2
14567,40
14568,2283
14568,54
14569,27
14569,556
14570,1732
14570,183
14570,1627
14571,42
14571,92
14571,10
14571,27
14572,54
14573,2
14574,65
14574,462
14574,10960
14575,170
14575,13
14575,3712
14575,10942
14576,1059
14576,27
14577,10124
14577,54
14577,1600
14578,27
14579,216
14579,54
14580,2
14580,28
14580,1243
14580,1254
14581,467
14581,556
14581,1344
14582,1344
14583,54
14584,54
14585,2
14586,418
14586,3357
14586,9720
14587,3
14587,28
14588,1550
14588,3037
14588,2547
14588,649
14589,4163
14589,2347
14589,675
14589,807
14589,597
14589,1171
14589,1199
14590,54
14590,14591
14590,14592
14590,777
14593,2743
14593,73
14593,506
14594,2292
14594,1243
14594,234
14594,144
14595,54
14596,6337
14596,305
14596,3
14597,1201
14597,960
14597,4028
14597,5884
14597,14598
14598,6047
14598,1604
14598,7474
14598,14597
14599,65
14600,65
14601,2684
14601,768
14601,970
14601,10309
14602,120
14602,2058
14602,1247
14602,2086
14602,368
14602,3206
14603,14226
14604,54
14604,14605
14606,821
14607,10574
14607,2
14607,28
14608,54
14609,3
14609,2086
14609,1603
14609,14610
14611,698
14611,1068
14611,9781
14612,3201
14612,574
14612,54
14612,54
14613,345
14613,65
14613,1686
14613,345
14613,1686
14613,170
14613,15834
14613,5423
14614,550
14614,14615
14615,807
14615,54
14615,27
14616,1265
14616,960
14616,199
14617,4503
14618,54
14619,5323
14619,54
14619,1655
14620,3354
14620,1296
14621,329
14621,83
14621,27
14622,741
14622,995
14622,28
14623,476
14623,54
14624,637
14624,2
14624,4468
14624,54
14625,292
14625,896
14626,54
14627,14628
14627,54
14627,3094
14627,7119
14627,54
14627,1361
14627,1162
14629,54
14630,6733
14630,54
14631,10
14631,27
14631,34
14631,1365
14632,2963
14632,54
14633,1830
14633,10
14633,27
14633,979
14634,10
14634,27
14634,1044
14635,1837
14636,10
14636,27
14637,1626
14637,5038
14637,1721
14638,27
14638,9820
14639,10
14639,27
14639,979
14640,7659
14640,54
14641,508
14641,7131
14641,292
14642,4537
14643,4556
14643,13
14644,821
14645,170
14646,170
14647,94
14647,1346
14647,1301
14647,2175
14647,2175
14648,299
14648,1356
14648,1171
14649,3192
14649,2333
14649,3
14649,1452
14649,1159
14649,1748
14649,14650
14651,1979
14651,299
14651,298
14651,9728
14651,9644
14651,2487
14652,2336
14652,368
14652,7192
14652,3128
14653,418
14654,5328
14654,54
14654,724
14655,10
14655,27
14655,28
14656,8528
14656,8528
14656,17
14656,199
14656,150
14657,10
14657,27
14657,1224
14657,15898
14658,10
14658,27
14658,199
14659,467
14659,468
14659,1344
14660,27
14661,7227
14661,7228
14661,54
14661,13
14661,14662
14662,54
14662,7227
14662,7228
14662,13
14662,14661
14663,12837
14663,83
14663,27
14663,557
14664,54
14664,2949
14664,84
14664,27
14664,2949
14664,2949
14665,1754
14665,54
14665,7733
14666,3556
14666,13
14667,2101
14667,1037
14667,14668
14667,5046
14668,2101
14668,1037
14668,14667
14669,2296
14669,54
14669,2297
14669,2297
14669,243
14669,83
14669,161
14669,356
14670,54
14670,27
14670,2449
14671,170
14671,3
14672,27
14672,17
14672,199
14673,10
14673,27
14673,120
14674,10
14674,27
14674,120
14675,926
14675,83
14675,2
14675,54
14675,768
14675,970
14676,1181
14676,821
14677,73
14677,721
14678,6277
14678,51
14678,170
14678,124
14678,27
14679,3
14680,1234
14680,1358
14680,1201
14680,292
14681,170
14681,1344
14681,116
14682,6353
14683,33
14683,2273
14683,2355
14684,187
14684,188
14684,170
14685,601
14685,1139
14685,3
14685,355
14685,34
14685,28
14686,7220
14687,236
14687,237
14687,821
14687,1171
14687,1253
14688,3985
14688,2856
14688,3985
14688,2351
14689,163
14689,14690
14690,14689
14690,54
14690,170
14690,29
14691,54
14692,3
14692,54
14692,1452
14692,368
14692,648
14692,54
14692,54
14693,327
14693,327
14694,216
14694,54
14695,6013
14695,2
14695,3281
14696,1153
14696,54
14696,14697
14698,13
14699,54
14700,54
14701,1047
14701,281
14701,281
14702,216
14702,54
14703,292
14703,54
14703,791
14704,11
14704,27
14704,1655
14705,896
14705,54
14706,10
14706,27
14706,28
14707,4004
14707,13
14707,14708
14707,402
14708,54
14708,14707
14708,9856
14708,11265
14709,7220
14709,7220
14709,7220
14710,7220
14710,170
14710,548
14711,7220
14711,7220
14711,7220
14712,2037
14712,170
14713,10
14713,27
14713,1584
14714,10
14714,27
14715,10
14715,27
14715,28
14716,10
14716,27
14716,1448
14717,10
14717,29
14717,27
14717,1181
14717,1296
14718,580
14718,2258
14718,61
14719,14077
14719,9126
14720,10
14720,27
14720,1448
14721,27
14722,10
14722,27
14722,979
14723,276
14723,38
14723,27
14724,1259
14724,316
14724,315
14724,89
14724,1220
14725,10390
14725,14726
14726,10390
14726,1841
14726,3996
14726,54
14726,1600
14726,5508
14726,2
14726,418
14726,209
14727,10390
14727,14726
14728,2167
14729,616
14729,708
14729,616
14729,2565
14730,13
14731,2
14731,3
14731,54
14732,278
14732,170
14733,163
14733,140
14733,24
14733,120
14733,2487
14733,979
14733,1448
14734,11
14734,27
14734,434
14734,1224
14734,526
14735,12462
14736,2390
14736,2318
14736,1047
14736,3055
14736,3
14736,2370
14736,2370
14737,10
14737,27
14738,11
14738,27
14739,27
14739,28
14740,2769
14741,10
14741,27
14742,10
14742,27
14742,17
14742,199
14743,54
14743,2038
14743,13
14744,10
14744,27
14744,17
14744,199
14745,1631
14745,54
14745,27
14745,1755
14745,14797
14746,38
14746,27
14746,73
14747,10
14747,319
14747,27
14748,10
14748,27
14748,1044
14749,11842
14749,54
14750,54
14750,209
14751,12428
14752,64
14752,64
14752,118
14753,6899
14753,170
14753,65
14754,2378
14755,10
14755,27
14755,922
14756,2
14757,10
14757,27
14757,28
14758,1882
14758,429
14758,14759
14758,14760
14759,1882
14759,429
14760,1882
14760,1168
14760,556
14760,14758
14760,14759
14761,2147
14762,4727
14762,54
14762,14763
14763,4727
14763,54
14763,14762
14764,27
14764,28
14765,2147
14766,1963
14767,54
14767,27
14767,1811
14768,2404
14768,250
14768,250
14769,54
14770,202
14770,10
14770,202
14770,2309
14770,27
14771,13553
14771,170
14771,3
14772,13553
14772,248
14772,29
14773,2704
14774,6545
14774,11
14774,3
14775,1248
14775,618
14775,1475
14775,54
14776,1667
14776,65
14777,1667
14777,1716
14778,180
14778,181
14778,51
14778,821
14779,180
14779,181
14779,821
14780,697
14780,27
14780,1448
14781,1687
14781,8136
14781,1888
14782,629
14782,14126
14782,124
14782,28
14782,1159
14782,27
14783,252
14783,27
14783,29
14783,28
14784,27
14784,28
14785,4598
14786,13
14787,3
14787,3
14787,2827
14787,71
14787,9362
14788,2087
14789,968
14789,2087
14790,1044
14790,3299
14791,10
14791,27
14791,942
14792,2082
14792,54
14792,916
14793,4460
14793,2086
14793,1811
14793,14794
14794,4460
14794,2086
14794,2093
14794,6904
14794,14793
14795,65
14796,38
14796,27
14796,49
14797,1631
14797,1755
14797,14745
14798,27
14798,5017
14799,5017
14799,3
14800,65
14800,4860
14801,9849
14801,9848
14801,9850
14801,14802
14802,9849
14802,9850
14803,10
14803,27
14803,979
14804,12119
14804,6334
14804,12119
14804,12119
14804,6333
14805,94
14805,93
14805,27
14805,1615
14806,3
14806,4750
14806,5595
14807,1991
14808,12781
14809,1671
14809,742
14810,2
14810,305
14810,2
14810,3
14810,959
14810,27
14810,259
14810,131
14811,2
14811,1110
14812,4420
14813,2
14813,8902
14813,54
14813,42
14813,92
14813,10
14813,1218
14813,4796
14814,27
14814,1696
14815,10
14815,27
14816,560
14816,89
14816,721
14816,721
14817,5964
14817,54
14817,5964
14817,27
14817,120
14817,1627
14818,1035
14819,12971
14819,1063
14820,11255
14820,65
14820,54
14821,10
14821,27
14822,9515
14822,170
14823,7220
14823,170
14823,2876
14823,292
14824,10
14824,27
14824,34
14825,13746
14826,10
14826,27
14826,429
14827,3
14827,3022
14827,292
14827,1307
14827,8318
14828,11
14828,27
14828,979
14828,526
14829,54
14829,512
14829,512
14829,239
14829,124
14829,556
14829,1882
14829,1168
14829,619
14829,360
14829,216
14830,5792
14831,2633
14832,2633
14832,13
14833,170
14833,39
14834,27
14835,6333
14835,54
14835,65
14835,6333
14835,84
14835,152
14835,241
14836,10
14836,27
14836,1584
14836,14837
14837,10
14837,27
14837,1584
14837,14836
14838,7973
14838,7973
14838,44
14838,7973
14839,1003
14839,54
14839,916
14840,3100
14840,27
14841,2167
14842,2622
14842,296
14843,54
14843,209
14844,54
14845,54
14845,209
14846,54
14846,209
14847,14848
14847,54
14847,209
14849,4901
14849,1037
14850,3
14850,235
14850,12102
14850,14851
14850,14852
14850,12102
14850,14851
14850,11
14850,804
14851,150
14851,235
14851,14850
14852,11
14852,150
14852,235
14853,4408
14853,10253
14854,8802
14854,2680
14854,989
14855,4924
14855,14856
14856,821
14856,75
14856,226
14856,14855
14857,6075
14857,7133
14857,7133
14858,170
14859,2332
14859,1059
14859,2332
14860,6
14860,239
14860,170
14860,1023
14861,2769
14862,11773
14862,11773
14862,15579
14863,236
14863,689
14863,1296
14863,1448
14865,2749
14865,54
14865,1037
14865,8406
14865,2751
14866,1344
14867,11911
14867,10
14867,27
14867,979
14868,54
14868,27
14868,170
14868,124
14869,10
14869,27
14869,942
14871,1122
14872,4715
14872,601
14872,1805
14873,10
14873,54
14873,14874
14873,54
14875,1246
14875,635
14875,0
14875,124
14875,28
14876,981
14876,355
14876,355
14877,808
14877,1417
14877,54
14878,3257
14878,396
14879,2955
14879,4093
14880,27
14881,570
14881,570
14881,4386
14882,487
14882,170
14882,83
14882,1436
14882,922
14882,29
14882,2703
14883,10
14883,27
14883,979
14884,2787
14884,236
14884,237
14884,10
14884,1059
14885,27
14885,1696
14885,15862
14886,940
14886,27
14887,2542
14887,54
14888,931
14888,5158
14889,2040
14890,2037
14890,2582
14890,65
14890,13
14891,51
14891,27
14891,198
14891,73
14892,10
14892,27
14893,11428
14893,54
14894,13
14895,2616
14895,45
14895,545
14896,1871
14896,953
14896,14897
14896,1872
14897,1871
14897,12589
14897,916
14897,14896
14898,10
14898,27
14898,28
14899,11774
14899,54
14899,916
14900,11
14900,27
14900,979
14901,2094
14901,1344
14902,682
14903,12251
14903,12251
14903,8688
14903,12251
14903,8688
14904,8688
14905,2442
14905,216
14905,54
14905,124
14905,17
14906,180
14906,181
14906,821
14907,2
14908,1744
14908,27
14908,73
14909,10
14909,7973
14909,7973
14909,7973
14910,7973
14910,7973
14910,7973
14911,2
14911,255
14911,2
14911,255
14911,34
14911,54
14911,1296
14912,2292
14912,1247
14912,173
14912,27
14912,54
14913,206
14913,3
14913,54
14913,10
14914,970
14914,674
14915,216
14915,54
14916,701
14916,28
14916,199
14916,54
14917,54
14918,216
14918,54
14919,468
14919,27
14919,979
14920,3
14920,2217
14920,1152
14920,4835
14921,601
14921,1457
14921,54
14921,1442
14921,28
14921,14922
14923,54
14924,1438
14924,392
14924,467
14924,392
14924,1344
14927,166
14927,360
14927,2825
14927,1211
14928,3088
14928,601
14928,3080
14928,3
14928,3081
14929,370
14929,34
14929,1296
14930,54
14931,54
14932,54
14933,27
14933,40
14934,2
14935,265
14935,264
14936,54
14938,2
14938,305
14939,1146
14939,1152
14940,1415
14940,8
14940,0
14940,30
14940,10
14941,54
14942,453
14942,821
14943,54
14944,1415
14944,669
14944,27
14944,27
14945,2252
14945,723
14946,3
14946,1344
14946,5934
14946,116
14946,1296
14946,1324
14947,125
14947,2602
14948,94
14948,1722
14948,2175
14949,54
14950,4473
14951,3
14951,1044
14951,6736
14951,184
14951,403
14951,199
14951,54
14952,3301
14952,7585
14952,170
14952,13
14952,2
14952,3
14952,54
14953,0
14953,30
14953,0
14953,30
14954,356
14954,1301
14954,120
14956,299
14956,45
14956,545
14956,1243
14956,1437
14956,1171
14956,4684
14957,3
14957,54
14958,0
14958,43
14959,32
14959,3853
14959,5725
14959,981
14959,3215
14959,7816
14960,2
14960,54
14961,27
14961,54
14961,14962
14962,14961
14963,216
14963,54
14964,372
14964,27
14964,514
14964,821
14964,40
14965,155
14965,451
14965,155
14965,83
14965,259
14965,2796
14966,24
14966,2487
14967,27
14967,28
14968,54
14968,27
14968,7335
14969,10
14969,27
14969,73
14970,1763
14971,133
14971,993
14971,11781
14971,4278
14971,2616
14972,54
14973,54
14974,468
14974,1344
14975,2288
14975,597
14976,288
14976,8632
14976,248
14976,730
14976,1243
14977,3209
14977,65
14978,288
14978,54
14979,124
14979,1840
14979,34
14979,54
14979,40
14979,14980
14981,54
14982,10960
14983,1877
14983,2048
14983,1746
14983,199
14983,0
14983,30
14983,6517
14984,6075
14984,120
14984,1768
14984,1105
14984,6486
14984,6076
14985,11
14985,27
14985,1616
14986,170
14986,28
14987,222
14987,2278
14988,54
14989,14990
14989,54
14990,2
14991,3784
14991,418
14991,54
14992,54
14993,2432
14993,3
14994,3
14994,4966
14995,10
14995,27
14995,920
14996,180
14996,181
14996,821
14997,2732
14998,9832
14998,65
14999,48
14999,54
15000,3589
15000,216
15000,54
15000,15001
15002,2347
15002,1460
15002,227
15002,3
15002,15003
15004,0
15004,42
15005,166
15005,321
15005,27
15005,129
15005,445
15006,54
15007,16
15007,409
15007,2
15007,3
15007,15008
15008,15007
15009,2
15010,54
15011,132
15011,821
15011,1324
15012,174
15012,446
15013,821
15013,1211
15014,54
15014,796
15014,1229
15014,15015
15016,2760
15016,618
15016,675
15017,647
15017,2282
15018,54
15019,2191
15019,92
15019,42
15019,92
15019,991
15020,54
15020,54
15021,2
15021,314
15021,1209
15022,3380
15023,9095
15023,1584
15023,1755
15024,9456
15024,2
15024,292
15024,1243
15024,54
15024,1296
15025,265
15025,264
15025,54
15025,2314
15025,1209
15025,1230
15026,266
15026,2
15026,10
15026,12802
15027,10889
15027,2
15027,3
15028,10362
15028,3
15028,227
15028,5636
15028,15029
15028,28
15028,1243
15029,1545
15029,313
15030,1139
15030,2
15030,1139
15031,4952
15031,2
15032,3
15033,393
15034,72
15034,27
15034,76
15034,76
15035,367
15035,2
15035,1205
15035,54
15035,15036
15037,1243
15037,2690
15038,2
15038,3
15038,2
15038,3023
15039,893
15039,5430
15040,2
15041,3289
15042,11433
15042,293
15042,1319
15042,1209
15043,1882
15043,429
15044,10
15044,27
15045,356
15046,122
15046,27
15046,123
15046,1044
15046,15047
15047,122
15047,27
15047,123
15047,1044
15047,15046
15047,12946
15048,2
15049,266
15049,65
15049,14245
15050,54
15051,209
15051,54
15051,209
15052,2
15053,1079
15053,170
15053,15054
15054,1079
15054,170
15054,15053
15056,10
15056,27
15057,54
15058,2
15058,3
15058,467
15059,54
15060,54
15060,209
15061,1389
15061,320
15062,495
15062,4121
15062,2237
15062,618
15062,28
15063,606
15063,8457
15063,1247
15063,120
15063,506
15064,54
15065,649
15065,1171
15066,132
15066,51
15066,821
15067,187
15067,188
15067,0
15067,669
15068,54
15069,10
15069,27
15069,1044
15070,54
15070,209
15071,3242
15072,2
15073,54
15074,2
15075,7191
15076,2
15077,1448
15077,1344
15078,54
15078,12041
15079,765
15079,2
15079,3
15079,1324
15080,42
15080,92
15080,51
15080,132
15080,398
15080,120
15080,821
15080,10
15081,2
15081,1265
15082,7610
15082,15822
15083,11554
15084,10
15084,27
15085,1644
15085,10
15085,27
15085,2923
15086,11166
15086,2086
15086,2086
15087,180
15087,181
15087,1286
15087,821
15088,2684
15088,606
15088,5123
15088,3627
15088,4362
15088,54
15088,15089
15090,2175
15091,5010
15091,378
15091,6049
15092,13749
15092,54
15092,27
15093,6233
15093,65
15094,2027
15095,1243
15095,1243
15096,27
15097,913
15097,1243
15098,1716
15098,6820
15099,29
15099,13
15099,7356
15100,370
15100,209
15100,235
15101,128
15101,231
15102,170
15103,124
15103,73
15103,28
15103,721
15104,10
15104,27
15104,513
15104,17
15105,1013
15105,674
15105,1044
15105,17
15106,170
15107,8935
15107,27
15108,468
15108,27
15109,111
15109,112
15109,51
15109,821
15110,15111
15111,54
15111,17660
15112,8220
15113,1920
15113,551
15113,1882
15113,506
15114,1920
15114,551
15114,1882
15114,506
15115,1920
15115,551
15115,1882
15115,506
15116,1920
15116,551
15116,1882
15116,506
15117,1920
15117,551
15117,1882
15117,506
15118,3
15118,9412
15118,219
15119,3254
15119,3255
15119,2880
15120,3552
15120,434
15120,1768
15120,378
15120,3553
15120,15121
15121,3552
15121,54
15121,434
15121,17
15121,1768
15121,15120
15121,3553
15122,1831
15122,54
15122,27
15122,1584
15122,17
15123,24
15123,23
15123,24
15123,2487
15124,27
15125,5002
15125,698
15125,264
15126,1064
15126,2
15127,27
15128,7497
15128,438
15129,4867
15130,4867
15130,14540
15131,2101
15131,979
15132,2008
15133,27
15133,513
15134,15135
15135,2
15135,1004
15135,3
15135,15739
15135,15134
15135,15740
15135,1296
15135,15741
15136,54
15137,2037
15137,2582
15137,65
15137,2037
15137,2582
15137,65
15138,5490
15138,54
15138,677
15139,27
15139,39
15140,54
15140,27
15140,14870
15140,14870
15141,3514
15141,605
15141,1535
15142,931
15142,2132
15143,8625
15143,8625
15144,170
15144,1023
15145,2089
15145,120
15146,2491
15146,586
15146,2048
15146,7
15147,2491
15147,2048
15147,7
15148,27
15148,38
15149,3497
15150,38
15150,27
15151,0
15151,2052
15151,1633
15152,236
15152,10
15152,1044
15152,10
15152,40
15153,3848
15153,2
15153,17
15153,979
15153,1833
15154,2156
15154,4771
15154,4954
15155,400
15155,0
15156,6112
15156,54
15157,27
15157,301
15158,7892
15158,27
15159,1716
15159,2017
15160,10
15160,27
15160,556
15161,1451
15161,913
15161,3067
15161,913
15162,10
15162,27
15162,526
15163,65
15164,5019
15164,16204
15164,1773
15165,1708
15165,10
15165,27
15165,995
15165,15166
15166,1708
15166,10
15166,27
15166,995
15166,15165
15167,11
15167,27
15168,2025
15168,2025
15168,979
15169,15170
15169,54
15170,2
15171,10
15171,27
15171,1584
15172,10
15172,27
15173,1671
15173,742
15174,3541
15174,11
15174,27
15175,1911
15175,54
15176,10
15176,27
15176,28
15177,1659
15177,1243
15178,2086
15179,27
15180,1902
15180,10
15180,27
15180,28
15181,15182
15181,3
15183,1782
15183,65
15184,2967
15184,10960
15184,6496
15184,3
15185,2676
15185,2676
15186,3943
15187,132
15187,398
15187,821
15188,2147
15188,2147
15189,1344
15190,12596
15190,170
15190,65
15191,7659
15191,54
15191,15192
15191,15193
15192,7659
15192,54
15192,16942
15192,1655
15192,15191
15193,7659
15193,54
15193,15191
15194,15195
15195,837
15195,222
15195,54
15195,10
15195,2347
15195,27
15195,301
15195,138
15195,586
15196,6909
15197,10
15197,27
15197,15198
15198,10
15198,27
15198,15197
15199,1763
15200,244
15200,120
15201,7985
15202,1882
15203,392
15203,27
15203,979
15204,8195
15204,995
15204,15205
15205,8195
15205,995
15205,13147
15205,15204
15206,11
15206,27
15206,15207
15207,11
15207,27
15207,16840
15208,3275
15208,54
15209,252
15209,10249
15210,1963
15211,54
15212,288
15212,1502
15212,1803
15212,54
15212,40
15213,125
15213,388
15213,27
15213,125
15214,5681
15214,1632
15214,1971
15214,2864
15214,1201
15215,216
15215,54
15216,199
15216,1243
15217,120
15217,170
15217,1877
15217,435
15217,2048
15217,7
15217,28
15217,378
15217,1296
15217,1271
15217,2170
15218,281
15219,54
15220,1665
15221,2
15222,3
15222,3466
15222,292
15222,28
15223,65
15223,65
15224,2886
15224,170
15224,2886
15225,7173
15225,441
15225,116
15226,54
15227,292
15227,73
15227,7929
15228,54
15229,821
15230,2
15231,54
15231,27
15232,632
15232,674
15232,3
15232,15233
15234,5528
15234,27
15234,54
15235,10
15235,27
15236,33
15236,595
15236,27
15236,1296
15237,54
15238,1410
15238,27
15238,10
15239,27
15239,3
15240,1708
15240,995
15240,15241
15241,1708
15241,54
15241,10
15241,27
15241,995
15241,15240
15241,12922
15242,3
15243,4942
15243,435
15243,15244
15243,15245
15244,4942
15244,124
15244,15243
15245,4942
15245,435
15245,15243
15246,7306
15246,3819
15246,104
15247,27
15247,1696
15248,3295
15248,674
15249,2869
15250,216
15250,54
15251,38
15251,54
15251,27
15251,49
15252,10366
15252,4560
15252,2824
15252,1241
15253,1702
15253,11
15253,27
15253,17067
15254,5994
15255,8831
15255,10
15255,27
15255,2048
15255,1448
15256,1903
15256,513
15256,1037
15256,6668
15257,4601
15257,54
15257,1087
15258,7002
15258,54
15259,7220
15259,998
15260,10
15260,27
15260,7885
15261,846
15261,990
15261,846
15262,1153
15263,10
15263,27
15264,216
15264,54
15265,54
15266,6775
15266,54
15266,6775
15266,195
15267,4715
15267,407
15267,3
15267,556
15267,184
15267,34
15267,1171
15267,1296
15267,1254
15268,3458
15268,2167
15269,1989
15270,250
15271,0
15271,10
15271,10
15272,54
15272,10429
15273,4903
15274,775
15274,10
15274,27
15275,2
15275,327
15275,1022
15275,73
15275,27
15275,54
15275,2933
15276,3
15276,4829
15276,3
15277,170
15278,674
15278,6912
15278,674
15278,1020
15278,674
15278,11864
15278,3981
15278,779
15279,10
15279,27
15279,73
15279,1448
15280,1158
15280,54
15280,27
15280,1159
15281,5030
15282,10
15282,27
15282,1063
15282,920
15283,2449
15283,2449
15283,1716
15283,2900
15284,10
15284,27
15284,124
15284,15285
15284,15286
15285,10
15285,27
15285,124
15285,15284
15286,10
15286,27
15286,124
15286,15284
15287,10
15287,27
15287,34
15288,10
15288,27
15289,10
15289,27
15289,184
15290,1378
15290,326
15290,170
15290,326
15291,1991
15291,2320
15291,6782
15291,16429
15292,5558
15292,54
15292,10
15292,27
15293,1763
15294,8265
15294,13
15294,3
15294,8266
15294,119
15295,1775
15295,54
15295,27
15295,12379
15295,15296
15296,1775
15296,54
15296,27
15296,12379
15296,15610
15297,3803
15297,1205
15297,28
15297,1243
15298,54
15299,1122
15299,3
15301,292
15302,10
15302,27
15302,979
15302,199
15303,10
15303,27
15303,435
15303,1805
15304,10
15304,27
15304,28
15304,438
15305,184
15305,27
15305,54
15308,1754
15308,54
15309,10
15309,27
15309,28
15309,199
15309,15310
15310,10
15310,27
15310,199
15310,15309
15311,5699
15311,2109
15311,170
15311,15312
15312,5699
15312,2109
15312,170
15312,15311
15312,11377
15313,1963
15313,27
15314,3071
15314,3
15314,15315
15314,15
15314,15316
15315,15314
15317,10
15317,27
15317,28
15318,27
15318,1448
15319,10
15319,27
15320,1707
15320,54
15321,165
15321,54
15322,10960
15322,6496
15322,170
15323,170
15324,149
15324,54
15324,1089
15324,6909
15325,8155
15325,13889
15325,120
15326,2
15327,45
15327,241
15327,1963
15328,8573
15329,13
15329,2256
15330,54
15331,4860
15331,6483
15331,22
15331,54
15331,723
15331,124
15331,22
15331,332
15332,676
15332,54
15332,27
15332,506
15333,15334
15333,15334
15334,216
15334,216
15334,54
15334,1243
15334,101
15334,1271
15334,1243
15335,326
15335,481
15335,3
15335,1431
15335,15336
15335,15337
15335,15338
15335,1296
15335,1324
15336,15335
15338,15335
15339,1562
15339,54
15339,27
15339,435
15340,3
15340,104
15340,15341
15340,5048
15342,821
15344,370
15344,1224
15344,28
15345,2955
15345,4093
15346,2147
15347,649
15347,356
15348,463
15348,6225
15349,54
15350,15352
15351,5156
15351,991
15351,42
15351,2
15351,3
15352,216
15352,54
15352,15350
15353,2684
15353,10
15353,2618
15353,2
15353,1243
15354,327
15354,4763
15354,6095
15354,3473
15355,2692
15355,637
15355,2
15356,4528
15356,288
15356,3
15356,940
15357,2680
15357,3399
15358,320
15359,356
15359,1044
15360,54
15360,209
15361,54
15362,54
15363,54
15363,209
15364,54
15364,209
15365,0
15365,1181
15365,116
15366,2
15367,2357
15367,733
15367,28
15367,923
15368,2
15368,1090
15368,1265
15368,1246
15368,1387
15369,821
15370,2
15371,54
15372,54
15373,821
15374,305
15374,2641
15375,54
15376,2
15377,3514
15377,270
15378,2
15378,1248
15379,209
15379,344
15379,2
15379,209
15380,730
15380,367
15380,1205
15380,79
15380,1243
15381,1941
15382,2
15383,159
15384,984
15385,619
15385,95
15385,27
15386,1779
15386,1779
15387,2
15388,3
15388,2272
15388,919
15388,919
15389,2763
15389,54
15389,1152
15389,1243
15389,116
15390,10411
15391,54
15392,135
15392,0
15392,2026
15393,418
15393,430
15394,618
15394,54
15395,54
15396,12242
15396,5428
15396,1250
15396,1082
15397,51
15397,132
15397,398
15397,821
15397,15398
15397,1324
15398,15397
15398,170
15398,17
15398,285
15398,27
15398,92
15399,1389
15399,192
15399,1243
15399,821
15400,27
15401,27
15401,28
15402,2087
15403,89
15403,721
15403,721
15404,89
15404,721
15404,721
15404,1296
15404,2344
15405,725
15405,2188
15405,1296
15405,1209
15405,201
15406,2378
15407,2016
15407,170
15407,27
15408,11561
15409,9478
15409,184
15410,1708
15410,10
15410,27
15410,995
15411,1064
15411,54
15411,1805
15411,1296
15412,922
15412,506
15412,821
15412,506
15413,755
15413,227
15413,597
15413,755
15413,227
15413,597
15414,11836
15414,15415
15414,54
15414,15416
15415,7084
15415,15414
15417,2
15418,3289
15418,3289
15418,2304
15419,328
15419,0
15419,6264
15419,120
15419,104
15419,40
15420,7299
15420,2449
15420,170
15420,1716
15420,2954
15421,1192
15421,0
15421,460
15421,10
15422,11
15422,150
15422,235
15422,1319
15422,1319
15422,1209
15423,2864
15423,7
15424,54
15425,54
15426,2
15427,3
15427,4270
15428,216
15428,54
15429,2
15429,3
15429,2
15429,3
15429,54
15429,40
15429,116
15429,1211
15430,9677
15430,495
15430,7049
15433,1630
15433,54
15433,27
15433,17
15433,4900
15435,54
15435,209
15436,1920
15436,551
15436,1882
15436,506
15437,1920
15437,551
15437,1882
15438,3018
15438,602
15438,248
15438,1102
15438,2703
15438,216
15439,574
15439,876
15439,62
15440,216
15440,54
15441,821
15442,281
15442,79
15442,281
15442,281
15442,6209
15442,7065
15443,9957
15443,6607
15443,11
15444,10
15444,27
15445,9177
15446,1608
15446,281
15446,216
15446,281
15446,216
15447,2121
15447,10
15447,27
15447,1037
15448,2121
15448,54
15448,27
15448,1037
15449,2121
15449,10
15449,27
15449,1037
15450,1506
15450,392
15450,960
15450,54
15450,392
15450,2561
15451,14568
15452,3
15452,8360
15452,1662
15453,2
15454,1319
15455,51
15455,132
15455,821
15456,2684
15456,495
15456,34
15456,1620
15456,2282
15457,10
15457,27
15457,7
15457,15458
15458,10
15458,27
15458,7
15458,11946
15458,15457
15459,10
15459,27
15459,7
15459,15460
15460,10
15460,27
15460,7
15460,15459
15461,270
15461,3194
15461,120
15462,786
15462,689
15462,54
15463,2371
15463,3092
15463,2318
15463,1259
15463,1379
15463,4915
15464,3
15464,1033
15465,601
15465,1457
15465,124
15465,27
15468,2
15468,3
15468,544
15468,392
15468,5883
15469,3347
15469,6010
15469,216
15469,1209
15470,764
15470,1441
15470,1377
15470,764
15471,2
15471,1135
15472,216
15472,54
15473,2
15474,10
15474,27
15474,28
15475,2261
15475,2359
15475,2261
15475,2359
15475,4506
15475,1047
15475,1256
15476,1426
15476,8915
15476,257
15476,3309
15476,12861
15476,7189
15477,27
15478,216
15478,54
15479,2
15480,2
15481,132
15481,398
15481,51
15481,0
15481,2207
15481,821
15482,1035
15482,54
15482,15483
15484,1389
15484,3365
15485,23
15485,124
15485,445
15485,2487
15485,1254
15486,13
15487,2
15488,265
15488,79
15488,2
15488,981
15488,3
15488,1844
15488,15489
15488,5521
15488,5861
15488,15490
15490,392
15490,54
15491,54
15492,3
15492,3
15492,743
15492,15493
15492,1044
15492,1805
15492,28
15495,619
15495,3799
15495,2
15495,441
15495,27
15496,1256
15496,4457
15496,216
15496,216
15497,54
15497,209
15498,54
15499,1243
15499,54
15499,15500
15499,1243
15499,15501
15502,821
15502,821
15503,270
15504,2
15505,10101
15505,0
15505,30
15505,10
15505,185
15506,54
15507,42
15507,92
15507,821
15508,1265
15508,54
15508,22
15508,15509
15509,15508
15509,54
15509,27
15510,65
15511,27
15512,10
15512,27
15512,1615
15513,3943
15513,54
15513,170
15513,83
15513,753
15513,913
15513,209
15513,65
15514,1587
15514,27
15515,7973
15515,7973
15515,7973
15516,2
15517,3626
15517,2
15517,3
15517,15518
15517,51
15517,132
15517,3615
15518,10
15519,5190
15519,1205
15520,54
15520,3510
15521,1985
15521,5566
15522,821
15523,54
15524,2870
15525,2
15526,22
15526,54
15526,54
15526,1361
15527,649
15527,4480
15527,3
15527,4480
15527,1265
15527,54
15528,2
15529,65
15529,1680
15529,1963
15530,54
15530,1808
15530,4864
15531,11
15531,27
15531,429
15531,532
15532,2
15532,3
15532,15533
15532,1437
15532,1324
15534,54
15535,1402
15535,2215
15536,368
15537,54
15538,1243
15539,181
15539,821
15540,1671
15540,742
15541,10
15541,27
15541,120
15541,556
15542,10
15542,27
15543,15544
15544,3
15544,83
15544,28
15544,16000
15545,216
15545,54
15546,4715
15546,693
15546,2048
15546,34
15547,54
15548,2761
15548,574
15548,574
15548,3805
15548,995
15548,1154
15548,28
15549,2
15550,370
15550,777
15551,11
15551,27
15551,1655
15552,2
15553,65
15553,11265
15554,1200
15554,2086
15554,15555
15555,147
15555,170
15555,124
15556,10
15556,27
15557,7939
15557,170
15558,6899
15558,7585
15559,11811
15559,65
15560,2
15561,3741
15562,2618
15562,674
15562,5516
15563,2
15566,2443
15566,1064
15566,79
15566,54
15566,10889
15566,1246
15566,27
15566,2
15567,3
15567,79
15567,3
15567,1034
15567,79
15568,1417
15568,4576
15568,286
15568,1342
15568,5675
15569,2568
15571,222
15571,586
15571,6118
15572,216
15572,1087
15572,1287
15572,216
15573,110
15573,1174
15574,508
15574,2614
15574,54
15575,0
15575,34
15575,1296
15576,15577
15576,54
15576,28
15577,4617
15577,3
15577,54
15577,7
15577,28
15577,54
15578,13
15578,742
15579,54
15580,3913
15580,34
15580,1296
15581,1438
15581,821
15581,1344
15582,250
15582,216
15582,54
15582,556
15582,953
15582,199
15582,673
15584,177
15584,3228
15584,1211
15584,10894
15585,0
15585,0
15585,881
15585,1044
15586,2
15587,2085
15587,10
15588,1871
15589,562
15589,34
15589,54
15590,73
15590,979
15590,1448
15590,1181
15590,1243
15592,960
15592,1419
15593,1782
15593,1782
15593,13
15593,65
15594,2223
15594,1246
15594,7958
15594,14191
15594,4359
15594,3
15594,633
15594,15595
15596,585
15597,54
15598,54
15599,6333
15599,6334
15599,12434
15599,6334
15600,13796
15601,1102
15601,281
15601,1300
15601,2830
15602,367
15602,368
15602,2
15602,1168
15602,673
15603,10
15603,27
15603,429
15605,1280
15605,2
15605,54
15606,94
15606,2175
15607,2155
15607,931
15608,5419
15609,38
15609,2086
15610,1775
15610,54
15610,27
15610,12379
15611,1775
15611,54
15611,27
15611,12379
15612,1775
15612,54
15612,27
15612,12379
15613,1775
15613,54
15613,27
15613,12379
15614,1775
15614,54
15614,27
15614,12379
15614,15613
15615,1775
15615,54
15615,27
15615,12379
15616,1775
15616,54
15616,27
15616,12379
15617,1775
15617,54
15617,27
15617,12379
15618,107
15618,1804
15618,2
15619,1910
15619,4910
15620,377
15620,10
15620,27
15620,199
15620,15621
15621,377
15621,10
15621,27
15621,1037
15621,199
15622,7220
15622,7220
15623,13
15624,10
15624,27
15625,11
15625,27
15626,5469
15626,2086
15626,199
15626,13042
15626,1655
15627,10
15627,27
15627,979
15628,11811
15628,104
15629,1201
15629,3
15629,467
15629,1234
15629,7015
15629,9069
15630,54
15631,1763
15632,170
15632,83
15632,7
15633,75
15633,821
15634,4914
15635,2
15635,3
15635,11
15635,15636
15636,15635
15636,27
15637,960
15637,2
15637,855
15637,821
15638,2
15639,2
15640,2318
15640,1361
15640,2689
15640,54
15640,1572
15641,343
15641,51
15641,821
15642,89
15642,560
15642,89
15642,301
15642,721
15643,171
15643,721
15643,721
15643,6372
15644,5076
15645,391
15645,1344
15646,54
15647,4954
15648,13674
15649,27
15649,1769
15650,3
15650,1356
15650,3
15650,1298
15651,1234
15651,3211
15652,54
15653,6357
15654,6357
15655,10
15655,27
15655,995
15656,721
15657,10
15657,27
15658,2087
15659,7589
15659,2086
15660,2
15660,740
15660,54
15660,1243
15660,15661
15660,1296
15661,15660
15661,120
15662,54
15663,5277
15663,970
15664,880
15664,1805
15664,418
15664,1296
15665,27
15665,2161
15666,1710
15667,1003
15667,54
15668,11
15668,27
15669,10359
15669,54
15669,12249
15670,1246
15670,1153
15670,880
15671,121
15671,821
15672,298
15672,140
15672,2
15672,3
15672,3500
15672,15673
15672,15674
15672,1218
15675,1245
15675,3
15675,1033
15675,8054
15676,86
15676,10
15676,0
15676,10
15677,54
15678,2
15678,3656
15678,124
15678,54
15678,15679
15678,15680
15679,15678
15679,27
15679,16422
15680,15678
15681,38
15681,27
15681,38
15682,1038
15682,3
15682,79
15682,8283
15682,813
15682,4912
15683,181
15683,821
15684,2
15685,3365
15685,5394
15685,1073
15685,292
15686,1045
15686,1248
15686,1171
15686,1324
15686,1209
15687,2
15688,192
15688,0
15688,437
15688,1241
15689,265
15689,79
15689,79
15689,1288
15690,2267
15690,164
15690,3
15690,2855
15690,54
15691,3055
15691,2746
15691,14736
15692,629
15692,2
15692,3
15692,54
15692,9489
15693,1667
15693,2086
15694,2
15695,2
15695,2432
15695,2
15695,2432
15695,11223
15696,1997
15697,224
15697,10
15698,27
15698,28
15699,236
15699,237
15700,54
15701,132
15701,821
15702,27
15703,10
15703,27
15703,28
15704,13
15705,637
15705,831
15705,4301
15706,288
15706,1805
15706,116
15706,1296
15707,15708
15708,54
15708,15707
15709,1389
15709,393
15709,3128
15710,15492
15710,54
15710,15492
15710,15492
15711,10
15711,27
15711,120
15712,266
15712,2
15712,54
15712,51
15712,132
15712,398
15712,5364
15712,398
15713,68
15713,2378
15714,3
15715,601
15715,10948
15715,3
15715,14524
15715,1291
15715,601
15715,9956
15716,3
15717,3
15717,54
15717,619
15717,95
15717,2457
15717,2391
15718,960
15718,2
15718,54
15718,4
15719,54
15720,247
15721,3
15721,3
15722,3
15723,821
15724,2869
15724,392
15724,104
15724,1344
15725,2408
15725,209
15725,2
15725,783
15725,1129
15725,27
15725,14076
15726,51
15726,821
15727,11
15727,27
15727,979
15727,15728
15728,11
15728,27
15728,15727
15729,4715
15729,266
15729,34
15729,54
15730,276
15730,27
15730,129
15731,3955
15731,2
15731,3423
15731,255
15731,14975
15731,209
15732,3254
15732,2
15732,1205
15733,10
15733,27
15733,239
15733,124
15734,5490
15734,54
15734,1615
15735,7439
15735,288
15736,6042
15737,14842
15737,54
15737,4577
15737,3312
15737,1318
15738,2749
15738,1037
15738,2751
15738,14424
15740,15135
15740,979
15742,27
15742,28
15743,170
15744,7973
15744,7973
15745,38
15745,27
15745,73
15746,65
15746,8253
15747,11
15747,27
15747,434
15747,1224
15747,526
15748,198
15748,83
15748,9019
15748,9019
15749,281
15750,2
15750,291
15751,27
15752,0
15752,10
15753,6374
15753,65
15754,3209
15754,65
15755,10
15755,27
15755,1600
15755,28
15755,920
15756,12299
15756,27
15757,4954
15758,54
15759,265
15759,264
15760,27
15760,39
15761,1671
15761,742
15762,27
15762,301
15762,1254
15763,27
15763,113
15764,9820
15765,1714
15765,3
15766,27
15766,438
15767,22
15767,27
15767,73
15767,1063
15768,314
15768,637
15769,5202
15770,1831
15770,54
15770,27
15770,1584
15770,17
15770,14405
15770,15840
15771,1991
15771,54
15771,27
15771,2320
15771,6781
15772,2453
15772,54
15772,170
15772,83
15772,17
15773,10
15773,1716
15774,2017
15774,54
15774,195
15775,4619
15775,635
15775,0
15775,2026
15775,1218
15775,1324
15776,3254
15776,2
15776,981
15776,54
15776,1207
15776,1209
15777,54
15778,3
15779,54
15779,15780
15781,94
15781,2
15781,3
15781,54
15782,54
15782,209
15783,4354
15783,138
15784,9927
15785,278
15785,821
15786,2475
15786,299
15786,3
15786,597
15786,511
15786,23
15786,8308
15786,10352
15786,3666
15786,274
15786,15787
15786,121
15788,10
15788,27
15788,28
15789,10
15789,27
15789,199
15790,27
15791,170
15791,124
15792,9927
15792,22
15792,9927
15792,170
15792,29
15793,27
15793,11293
15794,10
15794,27
15794,1063
15795,1584
15795,17
15795,65
15796,1769
15796,1769
15797,3255
15797,15798
15797,15799
15797,720
15797,468
15797,54
15797,1265
15797,1419
15797,1436
15797,506
15797,468
15797,54
15800,2
15801,1344
15801,1344
15802,392
15802,1344
15803,10
15803,27
15803,435
15803,5967
15804,2491
15805,10
15805,27
15805,1877
15805,15808
15805,8880
15806,2013
15806,65
15807,10
15807,27
15807,435
15807,1773
15808,10
15808,27
15808,1877
15808,15805
15809,1779
15810,960
15811,190
15811,13
15812,27
15812,28
15813,27
15813,922
15814,10
15814,27
15814,513
15815,2173
15815,61
15816,10
15816,27
15816,1044
15817,4368
15817,4368
15818,1506
15818,1506
15818,3000
15818,1344
15818,1436
15819,11
15819,27
15819,979
15819,6412
15819,16371
15820,1266
15820,2240
15820,1410
15820,1024
15820,27
15821,0
15821,460
15821,1226
15822,7610
15822,54
15823,1047
15823,407
15823,1716
15823,1447
15823,216
15823,15824
15824,3
15824,1716
15824,2086
15824,15823
15824,2086
15825,7222
15826,27
15826,104
15827,51
15827,821
15828,216
15828,54
15829,606
15829,425
15829,120
15830,7639
15831,428
15831,54
15831,27
15831,556
15831,5851
15832,13261
15832,11
15832,27
15832,979
15833,345
15833,345
15833,1686
15833,1600
15833,170
15833,14613
15834,345
15834,345
15834,1686
15834,147
15834,393
15834,14613
15834,5423
15835,180
15835,181
15835,51
15835,821
15835,821
15836,294
15836,788
15836,1319
15837,13
15838,1763
15839,3259
15840,1831
15840,1584
15840,17
15840,15770
15840,10993
15841,5158
15842,10353
15842,3
15843,1763
15843,11170
15843,4029
15843,16930
15844,250
15844,2344
15845,170
15845,15846
15846,170
15846,15845
15847,4173
15848,635
15848,0
15849,3426
15849,2640
15850,2
15850,3
15850,4480
15850,17
15850,184
15850,1296
15851,3341
15851,2569
15851,2701
15851,216
15851,54
15852,4268
15853,821
15854,27
15855,27
15856,187
15856,188
15856,27
15857,342
15857,10
15857,0
15857,30
15857,10
15857,1024
15858,1045
15858,73
15858,1296
15859,89
15859,721
15860,10
15860,27
15860,1755
15860,526
15861,6145
15862,27
15862,1696
15862,14885
15863,2147
15864,224
15864,54
15864,10
15864,15697
15864,15697
15864,15697
15864,15697
15865,11
15865,27
15866,2693
15866,0
15866,206
15866,1209
15867,0
15867,30
15867,10
15867,1199
15868,6158
15868,170
15868,305
15870,2
15871,721
15871,116
15871,1296
15872,54
15872,124
15872,8253
15873,2633
15873,1584
15874,27
15874,7
15874,28
15875,13163
15875,10
15875,27
15875,979
15876,1248
15876,393
15877,10268
15878,10278
15879,13906
15879,2968
15879,3
15880,821
15881,10
15881,27
15881,1224
15882,53
15882,7
15883,60
15883,2378
15884,560
15884,560
15884,556
15884,721
15885,13739
15885,170
15886,13
15886,5013
15887,257
15887,5993
15887,647
15887,7520
15887,1296
15887,1271
15888,65
15888,13
15888,65
15889,2955
15889,4093
15890,586
15890,513
15890,1037
15890,16612
15890,6299
15891,10
15891,27
15891,73
15892,1902
15892,10
15892,27
15892,28
15893,2649
15893,2366
15893,441
15893,3629
15893,9299
15894,271
15894,2
15894,307
15894,2763
15895,13563
15895,199
15895,15896
15896,13563
15896,199
15896,15895
15897,551
15898,10
15898,27
15898,1224
15898,14657
15898,15899
15899,10
15899,27
15899,1224
15899,15898
15900,1963
15900,27
15900,3
15901,10
15901,27
15901,184
15902,10404
15903,1079
15903,723
15903,124
15903,2130
15903,1254
15904,1659
15904,5158
15905,5558
15905,27
15907,2
15907,331
15907,2844
15907,1394
15907,54
15907,2800
15908,844
15908,942
15909,170
15909,285
15909,327
15910,216
15910,54
15911,2
15912,1047
15912,356
15912,54
15913,2
15914,54
15914,209
15915,54
15916,54
15919,2419
15919,527
15919,1592
15920,356
15920,1324
15921,331
15921,937
15921,1288
15921,7449
15922,2615
15922,1469
15922,54
15922,54
15923,54
15924,156
15924,2835
15925,3289
15926,380
15926,27
15926,1448
15927,3556
15927,65
15927,118
15927,65
15928,10
15928,27
15928,124
15928,15929
15929,10
15929,27
15929,124
15929,6175
15930,821
15931,1911
15931,54
15932,3381
15932,2
15932,407
15932,216
15932,1171
15932,281
15932,216
15933,2
15933,305
15933,79
15934,2
15935,9177
15936,11
15936,27
15936,995
15937,649
15937,1095
15937,15934
15937,2354
15938,4878
15938,54
15938,11547
15938,4880
15938,14451
15939,2567
15939,846
15939,6447
15940,1378
15940,2318
15940,1245
15940,75
15940,1206
15940,1320
15941,6156
15941,84
15941,327
15942,7606
15942,2187
15942,1361
15942,209
15942,209
15942,1845
15943,54
15943,209
15944,2955
15944,4093
15945,27
15945,28
15946,2955
15946,4093
15946,2955
15946,4093
15946,2955
15946,84
15946,132
15946,398
15947,468
15947,27
15947,979
15948,1687
15948,8136
15948,28
15949,1626
15949,1626
15949,2118
15949,10987
15950,27
15951,1327
15951,1073
15951,597
15952,2510
15953,1963
15954,2510
15954,27
15954,92
15955,54
15956,27
15957,10
15957,27
15957,124
15957,17
15957,5617
15958,4377
15959,11527
15959,54
15959,118
15960,1744
15960,54
15960,27
15960,73
15961,54
15962,1989
15963,10
15963,27
15963,29
15964,170
15965,8615
15966,1810
15967,2491
15967,1615
15968,560
15968,89
15968,721
15969,14430
15969,65
15970,9634
15970,54
15970,27
15970,979
15970,11458
15970,9633
15971,11
15971,27
15971,1063
15972,10
15972,27
15973,170
15973,83
15973,27
15974,1610
15975,27
15975,38
15976,991
15976,299
15976,780
15976,27
15977,5323
15977,54
15977,916
15977,920
15978,65
15978,5384
15979,299
15979,92
15979,423
15979,27
15979,813
15979,2036
15980,6353
15980,6353
15981,27
15982,8881
15982,1159
15983,12092
15983,12093
15984,4556
15984,13
15985,8797
15985,54
15986,6729
15987,13822
15988,10
15988,27
15988,2109
15988,217
15989,9849
15989,347
15989,435
15989,13537
15989,9850
15989,9848
15990,128
15990,1627
15991,10
15991,2510
15992,10
15992,27
15993,551
15994,779
15994,4354
15995,7045
15995,54
15995,209
15995,209
15995,209
15996,566
15996,3
15996,14864
15996,3433
15997,2
15997,3
15997,15998
15997,2
15997,574
15997,630
15997,1243
15997,1254
15997,2
15997,3715
15997,5609
15997,15999
15997,12275
15997,12275
16001,159
16001,1018
16001,120
16002,3783
16002,292
16002,441
16002,3
16003,1327
16003,209
16003,73
16003,1615
16003,27
16003,1243
16004,54
16004,27
16004,1063
16005,10
16005,27
16005,435
16006,1630
16007,27
16008,6733
16008,54
16008,11612
16008,1655
16008,17573
16009,54
16010,1628
16010,170
16010,124
16010,16011
16011,1628
16011,170
16011,124
16011,16010
16012,11
16012,27
16013,1243
16014,10
16014,27
16014,28
16015,2005
16015,65
16016,4954
16017,27
16018,380
16018,821
16019,54
16019,1247
16020,10
16020,1600
16020,170
16021,10
16021,27
16021,28
16022,15492
16022,15492
16022,147
16022,15492
16023,1150
16023,0
16024,27
16025,54
16025,27
16025,1755
16026,10
16026,27
16026,28
16027,10
16027,27
16027,979
16028,10
16028,27
16028,1611
16029,10
16029,27
16029,28
16030,10
16030,27
16031,4771
16032,27
16033,6058
16033,83
16033,124
16034,10
16034,2086
16034,88
16035,2749
16035,54
16035,1037
16035,16036
16035,2751
16036,2749
16036,54
16036,1037
16036,17456
16036,2751
16036,16035
16037,65
16038,1666
16038,2086
16038,5774
16039,10403
16039,585
16040,15464
16040,54
16040,3
16040,1889
16041,170
16041,92
16042,10808
16042,5202
16043,4914
16044,128
16044,1627
16045,0
16045,30
16045,150
16046,986
16047,7618
16047,27
16047,124
16048,10
16048,27
16049,2487
16049,1209
16049,1211
16049,1254
16050,12482
16051,54
16052,27
16053,7663
16053,170
16053,677
16054,10
16054,27
16054,28
16055,7333
16056,4075
16056,28
16056,16057
16057,4075
16057,54
16057,27
16057,28
16057,16056
16057,16058
16058,4075
16058,54
16058,27
16058,28
16058,16057
16059,48
16059,38
16059,27
16060,1716
16061,979
16061,15498
16062,13
16063,4930
16063,27
16063,39
16064,5978
16064,5448
16064,5978
16064,83
16064,2
16064,327
16064,1110
16065,10
16065,27
16065,28
16066,23
16066,2487
16067,3
16067,1107
16068,1763
16069,159
16069,40
16069,1253
16070,54
16070,54
16071,2
16072,1259
16072,51
16072,821
16073,2
16074,356
16075,54
16075,209
16075,2246
16077,2
16077,305
16077,2
16077,3
16077,1344
16077,40
16077,2275
16078,687
16078,2130
16079,51
16079,132
16079,75
16079,51
16079,821
16079,821
16080,54
16081,2
16082,2
16083,2633
16084,42
16084,92
16084,236
16084,786
16084,124
16084,28
16085,54
16086,2760
16086,124
16086,29
16086,4316
16087,2
16088,54
16089,51
16089,124
16089,28
16089,821
16090,54
16091,11
16091,27
16091,979
16092,1486
16092,40
16092,116
16092,2170
16093,54
16093,9802
16093,28
16094,54
16095,132
16095,398
16095,132
16095,821
16096,3
16096,2693
16096,1585
16096,10
16096,16097
16098,2321
16099,672
16099,4528
16100,54
16101,10
16101,27
16102,12190
16102,12190
16102,13
16103,6
16103,170
16103,1023
16103,482
16103,16103
16104,10
16104,27
16104,556
16105,6909
16106,10
16106,27
16106,434
16106,120
16106,1874
16107,1712
16107,2
16107,124
16108,8195
16108,995
16109,27
16109,28
16110,10
16110,27
16110,183
16111,11811
16111,288
16112,1630
16112,3
16113,170
16113,83
16113,39
16114,10
16114,27
16114,942
16115,83
16115,27
16115,2593
16115,92
16115,10
16116,8470
16117,1779
16118,54
16118,118
16118,27
16119,2640
16120,10
16120,27
16121,10
16121,27
16121,995
16121,16122
16121,1773
16122,10
16122,27
16122,995
16122,8859
16122,1773
16123,2633
16124,12106
16124,65
16124,12106
16125,10
16125,27
16125,199
16126,1248
16126,54
16127,3381
16127,281
16127,216
16127,54
16128,1476
16128,2314
16129,216
16129,54
16130,875
16130,1044
16130,17
16131,1671
16131,742
16132,8342
16132,280
16132,27
16132,28
16133,6353
16133,6353
16134,54
16135,1259
16135,2
16135,3
16135,16136
16137,398
16137,821
16138,2334
16138,2
16138,356
16139,224
16139,170
16139,285
16139,29
16139,711
16140,1671
16140,742
16141,629
16141,27
16142,1328
16143,10
16143,27
16143,435
16144,8629
16144,3
16145,8125
16146,10
16146,27
16146,1448
16147,51
16147,27
16147,28
16148,7620
16148,54
16148,7620
16148,182
16148,83
16149,377
16149,10
16149,27
16149,34
16150,943
16150,54
16150,1655
16151,1402
16151,691
16151,1243
16151,1296
16152,1710
16153,10
16153,27
16153,28
16154,3154
16154,10293
16155,2851
16156,38
16156,1238
16157,11
16157,27
16157,979
16158,253
16158,3223
16158,253
16158,13022
16159,54
16159,1171
16159,988
16160,392
16160,1344
16161,281
16161,216
16161,281
16161,216
16161,54
16161,1296
16161,281
16161,12406
16162,3310
16162,1085
16162,12380
16162,2
16162,2
16163,2
16164,821
16165,0
16165,30
16166,0
16166,1569
16166,0
16166,1185
16167,51
16167,27
16167,979
16168,1585
16168,1331
16168,27
16168,1254
16169,2
16170,1461
16170,15413
16170,774
16170,132
16170,398
16171,2318
16171,1209
16172,2
16173,5271
16173,248
16174,54
16175,3289
16175,6523
16176,54
16177,54
16178,11067
16178,1379
16178,3
16178,3
16178,16179
16178,16180
16179,54
16181,2712
16181,855
16181,2086
16181,2086
16182,943
16183,54
16184,0
16184,34
16185,54
16186,839
16186,227
16187,45
16187,51
16187,51
16187,180
16187,181
16187,821
16187,821
16188,821
16189,2
16189,3
16189,210
16189,54
16189,1296
16190,250
16190,7502
16191,1473
16191,289
16192,27
16192,141
16192,2250
16193,1763
16193,434
16194,5176
16194,65
16195,6841
16195,27
16195,979
16196,5971
16196,10
16196,27
16196,28
16197,11428
16197,5566
16198,6249
16199,1923
16199,54
16200,10
16200,27
16200,120
16200,435
16201,7333
16202,10
16202,27
16202,1224
16203,11
16203,27
16203,979
16204,5019
16204,1773
16204,15164
16205,896
16205,73
16205,7240
16206,649
16206,305
16206,597
16207,2383
16207,257
16207,694
16208,1305
16208,552
16208,574
16209,896
16209,6348
16209,2086
16209,2314
16209,1209
16210,2487
16211,181
16211,339
16211,821
16212,9376
16212,3
16213,682
16214,2347
16214,10757
16214,4112
16214,606
16214,4723
16215,1148
16216,216
16216,2
16216,15301
16216,292
16216,2
16217,3009
16217,574
16217,979
16217,506
16218,0
16218,30
16219,2286
16219,467
16219,1344
16220,392
16220,392
16220,1344
16220,1211
16221,170
16221,8546
16222,2384
16222,2487
16222,45
16222,2487
16224,6249
16225,3
16225,6249
16227,1064
16227,1064
16228,276
16228,329
16228,27
16228,1137
16228,1209
16229,3
16229,120
16229,73
16229,104
16229,16230
16231,4952
16231,2086
16232,10
16232,27
16232,124
16232,1773
16233,11975
16233,120
16234,580
16234,301
16234,979
16234,3299
16235,134
16235,134
16235,595
16235,27
16235,1813
16236,1820
16236,54
16236,34
16236,1821
16237,170
16237,5595
16237,5958
16238,6145
16239,2963
16239,54
16240,6785
16240,7227
16240,11255
16240,7228
16240,170
16240,83
16241,1671
16241,742
16242,253
16242,2256
16242,253
16242,992
16242,120
16243,10
16243,27
16243,434
16243,438
16243,429
16244,1991
16244,217
16246,2378
16246,2378
16247,14459
16248,1800
16248,2132
16249,2167
16250,1248
16250,327
16250,73
16251,0
16251,30
16251,7
16251,280
16251,1254
16252,10
16252,27
16252,1584
16253,10
16253,27
16253,995
16254,2980
16254,87
16254,3
16255,54
16256,0
16256,206
16256,1410
16256,104
16257,51
16257,821
16258,855
16258,54
16259,1687
16259,8136
16259,161
16260,10
16260,27
16261,1766
16261,10
16261,27
16261,434
16262,2796
16262,1209
16262,1448
16263,2491
16264,54
16265,560
16265,721
16266,11874
16266,13
16267,7998
16267,11874
16267,16266
16268,10
16268,27
16268,1620
16269,27
16269,1023
16270,54
16271,5190
16271,3128
16272,1150
16272,0
16273,10
16273,27
16273,979
16274,6415
16274,65
16275,3
16275,3
16275,5121
16275,3483
16275,3484
16275,1834
16276,27
16276,17
16276,199
16277,27
16278,14070
16278,27
16279,9138
16280,10
16280,27
16280,1063
16281,2
16282,0
16282,34
16283,7594
16283,124
16283,7595
16283,28
16283,7596
16283,7598
16284,27
16284,28
16284,1159
16285,27
16285,28
16285,1159
16286,27
16286,28
16286,1159
16287,27
16287,28
16287,1159
16288,601
16288,1022
16288,1044
16288,532
16288,27
16289,1628
16289,170
16289,124
16289,1722
16290,3351
16290,3
16290,3389
16290,54
16290,1216
16290,1254
16291,2705
16291,360
16291,360
16291,2825
16291,2734
16292,698
16292,264
16293,5866
16293,0
16293,206
16294,2160
16295,15579
16296,54
16297,312
16298,10
16298,27
16299,54
16299,12825
16300,54
16300,27
16300,4811
16301,1903
16302,13
16303,99
16303,43
16303,6851
16304,931
16304,931
16305,10
16305,27
16305,28
16306,5949
16306,54
16306,5949
16306,27
16306,120
16307,7843
16307,120
16308,13470
16309,8615
16309,8615
16310,10
16310,27
16310,28
16311,1882
16311,429
16312,11
16312,27
16312,435
16313,2448
16313,2448
16313,239
16313,195
16313,17
16313,3
16313,4956
16314,5076
16314,677
16315,13
16316,4954
16317,2404
16317,1047
16317,1256
16317,16
16318,27
16319,17
16319,7343
16320,27
16320,1616
16321,27
16321,1616
16322,15492
16322,15492
16322,147
16322,124
16322,15492
16322,9962
16323,2705
16323,360
16323,164
16323,2825
16324,27
16325,27
16325,301
16326,1801
16326,54
16326,27
16326,1224
16326,16327
16327,1801
16327,27
16327,1224
16327,16326
16327,16417
16328,54
16328,84
16328,27
16328,11265
16329,27
16329,438
16329,16330
16330,27
16330,438
16330,10115
16330,16329
16331,1644
16331,54
16331,10
16331,27
16331,1448
16332,10
16332,1584
16332,27
16333,10
16333,27
16333,1768
16334,965
16335,3697
16336,15182
16336,3
16337,5722
16337,54
16337,12950
16338,1769
16339,27
16340,10
16340,27
16340,1768
16341,4942
16341,435
16342,3352
16343,5030
16344,2894
16344,27
16344,398
16345,1831
16345,54
16345,27
16345,1584
16345,17
16345,12261
16345,8372
16345,16346
16346,1831
16346,1584
16346,17
16346,16345
16346,8372
16347,1732
16347,28
16348,9820
16348,1888
16349,128
16350,3247
16350,2087
16351,170
16351,0
16351,30
16352,27
16353,10
16353,27
16354,8831
16354,10
16354,27
16354,1448
16355,1790
16356,38
16356,27
16356,979
16357,1015
16357,3
16358,1732
16359,27
16360,2964
16360,27
16361,13
16362,15724
16362,27
16362,920
16363,6353
16364,27
16365,1734
16365,54
16365,677
16366,11386
16367,65
16367,8253
16368,3355
16369,2969
16369,526
16370,170
16370,17
16371,11
16371,27
16371,15819
16372,4914
16373,11
16373,27
16373,434
16373,1224
16373,16651
16373,526
16374,2163
16374,87
16374,3
16375,1945
16375,54
16375,27
16375,29
16375,2092
16376,64
16377,10570
16377,54
16378,170
16379,27
16380,1732
16380,73
16381,27
16381,73
16381,526
16382,5454
16382,27
16382,120
16383,10
16383,27
16383,183
16384,1735
16384,1882
16384,979
16385,6899
16386,3812
16386,3
16387,185
16387,170
16387,10484
16387,16388
16388,185
16388,170
16388,16387
16388,16389
16389,185
16389,170
16389,16388
16390,1680
16390,2147
16391,10
16391,27
16391,28
16392,170
16393,27
16393,5886
16394,1043
16394,7409
16394,513
16394,2990
16394,1655
16395,10
16395,27
16395,28
16396,2102
16397,54
16397,186
16398,9849
16399,10
16399,27
16400,1769
16401,15714
16401,526
16402,3299
16403,1963
16404,1644
16404,54
16404,10
16404,27
16404,1448
16405,2101
16405,2086
16405,1037
16406,1831
16406,54
16406,27
16406,1584
16406,17
16406,8372
16406,16407
16407,1831
16407,54
16407,27
16407,1584
16407,17
16407,16406
16407,8372
16407,16474
16408,10
16408,27
16409,5556
16409,54
16409,429
16409,677
16410,1923
16410,54
16411,27
16411,979
16412,8192
16412,526
16413,1831
16413,54
16413,27
16413,1584
16413,17
16413,8372
16413,8371
16414,4537
16415,943
16416,27
16417,1801
16417,27
16417,1224
16417,16327
16417,16515
16418,10570
16418,2167
16419,54
16419,27
16419,184
16420,65
16420,65
16420,12718
16421,10
16421,27
16421,28
16422,15678
16422,1365
16422,15679
16422,15679
16422,17074
16423,4
16423,27
16423,129
16423,1811
16423,979
16424,54
16424,10755
16425,4354
16425,2
16426,7663
16426,170
16427,51
16427,27
16427,429
16428,1991
16428,16429
16428,6781
16428,16430
16429,1991
16429,217
16429,6781
16429,12692
16430,1991
16430,16428
16430,6781
16430,16590
16431,943
16431,54
16431,1655
16432,2025
16432,435
16432,16433
16433,2025
16433,14219
16433,16432
16434,2018
16434,243
16435,1671
16435,742
16436,27
16437,1962
16437,54
16438,13746
16439,10
16439,27
16440,1831
16440,54
16440,1755
16441,27
16442,10
16442,27
16442,29
16443,27
16443,16444
16444,27
16444,124
16444,16443
16445,11
16445,27
16445,1044
16446,27
16447,27
16447,16448
16448,27
16448,16447
16449,507
16449,1636
16449,1653
16450,10
16450,27
16451,1732
16451,677
16452,2025
16452,979
16453,54
16453,27
16453,7579
16454,11713
16454,54
16455,11
16455,27
16455,434
16455,1224
16455,16456
16455,526
16456,11
16456,27
16456,434
16456,1224
16456,526
16456,16455
16457,27
16458,27
16458,1769
16459,10
16459,27
16460,1710
16461,27
16461,9094
16462,2161
16462,418
16462,2053
16463,11428
16463,54
16464,932
16464,54
16465,1710
16465,4653
16465,2087
16466,1952
16466,65
16466,83
16466,65
16467,27
16468,1963
16468,1040
16469,1653
16469,1963
16470,14017
16470,979
16471,6537
16472,27
16472,7454
16473,9177
16474,1831
16474,54
16474,27
16474,1584
16474,17
16474,16407
16474,8372
16474,8378
16475,3374
16475,513
16475,8000
16475,3373
16475,7794
16476,4878
16476,54
16477,216
16477,2
16477,13935
16477,1045
16478,65
16478,2126
16478,83
16479,54
16479,1169
16479,1811
16479,217
16479,526
16479,14207
16480,16481
16481,216
16481,54
16482,27
16482,301
16483,6042
16484,931
16484,2087
16485,1671
16485,742
16486,65
16486,124
16486,393
16487,27
16487,916
16487,8213
16488,6501
16488,8935
16489,10
16489,27
16489,953
16489,1105
16490,1985
16490,83
16491,1910
16491,199
16492,5066
16492,5067
16493,10
16493,27
16493,184
16494,1625
16494,392
16494,27
16494,979
16495,10
16495,27
16496,11428
16496,11428
16496,161
16497,7643
16497,3
16498,3945
16499,15052
16499,2704
16500,1732
16500,28
16500,199
16501,27
16501,1224
16502,8368
16502,27
16502,124
16503,8368
16503,27
16503,124
16504,8368
16504,27
16504,124
16505,1665
16506,7985
16507,27
16508,10
16508,27
16509,10
16509,27
16509,14476
16510,27
16511,10
16511,27
16512,10
16512,27
16513,10
16513,27
16513,16514
16514,10
16514,27
16514,16513
16515,1801
16515,1224
16515,16417
16515,16578
16516,2
16517,6249
16517,27
16517,39
16518,54
16518,27
16518,13299
16519,6239
16520,821
16521,1911
16521,54
16522,6357
16522,27
16523,1923
16523,54
16524,1963
16525,10
16525,27
16526,10353
16526,3
16527,1991
16527,6781
16528,2072
16528,54
16528,28
16529,4537
16530,27
16530,2147
16531,6126
16531,2086
16531,378
16532,1732
16532,7
16532,28
16533,12670
16533,54
16533,1037
16534,27
16534,1044
16534,199
16535,10354
16535,3
16536,1774
16536,2147
16537,53
16538,11
16538,27
16539,10
16539,27
16540,15218
16540,27
16540,239
16541,3
16541,5701
16541,219
16542,7633
16542,513
16543,170
16543,29
16544,2922
16544,526
16544,83
16544,723
16545,1732
16545,124
16546,0
16547,27
16548,1644
16548,54
16548,10
16548,27
16548,1448
16549,27
16549,1685
16550,3099
16550,54
16550,677
16551,10
16551,27
16551,14453
16552,27
16552,1710
16553,27
16554,1732
16555,3939
16555,11
16555,27
16555,124
16556,2089
16556,120
16556,8575
16557,13822
16558,2749
16558,54
16558,1037
16558,2751
16559,1727
16559,27
16560,1732
16560,28
16561,11
16561,27
16562,54
16563,2760
16564,7659
16564,54
16565,0
16565,206
16566,1667
16566,27
16567,6259
16568,10
16568,27
16568,1448
16568,526
16569,1800
16569,2087
16570,1871
16570,9494
16571,9019
16572,6733
16572,54
16572,8086
16572,1655
16573,51
16573,27
16573,435
16574,10
16574,27
16575,128
16575,1627
16576,1561
16576,27
16576,120
16577,1800
16577,2087
16578,1801
16578,1224
16578,16515
16579,54
16579,27
16579,4004
16580,1763
16581,27
16581,28
16582,65
16582,54
16582,10
16582,4221
16583,27
16584,1644
16584,54
16584,27
16584,1448
16585,1448
16585,12397
16586,27
16586,8066
16586,8067
16587,10
16587,27
16587,28
16588,13
16589,15724
16589,392
16589,27
16589,979
16589,920
16590,1991
16590,16430
16591,177
16591,4954
16592,16593
16592,16593
16592,1678
16592,5888
16592,16593
16592,199
16592,3
16592,1268
16593,54
16593,17717
16594,212
16594,122
16594,27
16594,123
16594,1044
16594,14550
16595,128
16596,1831
16596,54
16596,27
16596,1584
16596,429
16596,17
16597,1732
16597,28
16598,27
16599,10
16599,27
16599,28
16600,13
16601,1651
16601,54
16601,27
16602,27
16603,14317
16603,3
16604,1732
16604,435
16605,1659
16605,54
16605,27
16605,28
16605,16606
16605,15177
16606,1659
16606,54
16606,27
16606,28
16606,15177
16606,16605
16607,10
16607,27
16608,6713
16608,16609
16608,83
16608,65
16609,2661
16609,54
16609,209
16609,54
16609,1511
16609,14750
16609,209
16609,1218
16609,2566
16610,721
16610,1296
16610,1448
16611,14572
16612,222
16612,586
16612,513
16612,9688
16612,15890
16612,6299
16613,10
16613,27
16613,28
16614,1668
16614,54
16615,1911
16615,54
16616,10
16616,27
16616,1224
16617,10
16617,27
16617,1224
16617,13516
16618,10
16618,27
16618,1023
16619,12548
16619,120
16620,9019
16621,1732
16622,54
16622,1689
16623,1712
16623,2
16623,124
16624,278
16624,27
16624,979
16624,920
16625,10
16625,27
16625,1224
16625,1773
16626,10
16626,27
16626,1037
16626,1365
16626,5617
16627,10
16627,27
16627,1037
16627,1365
16627,5617
16628,4556
16628,13
16629,16
16629,27
16630,1679
16631,2155
16631,27
16631,931
16631,2087
16632,1963
16632,84
16633,27
16633,1769
16634,5509
16634,6899
16634,170
16635,54
16635,1746
16635,27
16635,7635
16636,27
16637,9350
16637,124
16637,29
16638,9031
16639,2163
16639,3
16640,10479
16640,54
16641,1716
16641,15823
16642,10
16642,27
16642,28
16643,11248
16643,241
16644,2082
16644,3
16645,10
16645,27
16646,1991
16646,61
16646,201
16646,16647
16647,1991
16648,27
16648,6353
16649,6353
16649,370
16650,4583
16650,4583
16650,4583
16650,27
16651,11
16651,27
16651,434
16651,1224
16651,526
16652,7925
16652,3
16653,931
16653,932
16654,9820
16655,170
16655,124
16655,51
16656,10
16656,27
16657,10
16657,27
16657,28
16658,27
16658,953
16658,199
16658,526
16659,27
16659,953
16659,199
16660,8935
16660,5666
16661,16662
16662,467
16662,4402
16662,467
16662,3
16662,2518
16662,3597
16662,17632
16663,6413
16663,54
16663,1877
16663,995
16663,1746
16663,16664
16664,6413
16664,54
16664,27
16664,1877
16664,995
16664,1746
16664,16663
16665,9123
16665,27
16666,10
16666,27
16666,210
16667,27
16667,129
16668,10
16668,27
16668,435
16669,27
16670,1911
16670,54
16671,27
16671,28
16672,16317
16672,2086
16672,979
16673,65
16673,83
16674,10
16674,170
16674,28
16675,10
16675,27
16675,17095
16676,10
16676,27
16676,378
16676,16677
16677,10
16677,27
16677,378
16677,16941
16678,11
16678,27
16679,10
16679,27
16680,10
16680,27
16680,1037
16681,10
16681,27
16681,1063
16681,27
16682,27
16683,8881
16683,1746
16684,1778
16684,2086
16685,10
16685,27
16685,435
16685,16686
16686,10
16686,27
16686,435
16686,16685
16687,1800
16687,4771
16687,2087
16688,6259
16689,11
16689,27
16689,435
16689,2911
16690,171
16690,27
16690,979
16691,932
16691,2732
16692,10
16692,6180
16692,6180
16692,27
16692,6180
16692,6180
16693,12279
16694,12881
16694,10
16694,27
16694,979
16695,11
16695,84
16695,13
16696,2163
16696,3
16697,3006
16697,87
16697,3
16698,14317
16698,999
16698,3
16699,12852
16699,124
16700,329
16700,27
16700,979
16701,27
16702,10
16702,27
16702,28
16703,10
16703,27
16703,532
16704,170
16705,1659
16705,27
16705,3381
16705,2077
16706,10
16706,27
16706,2048
16707,4954
16708,1644
16708,54
16708,27
16708,1448
16709,10
16709,27
16709,556
16709,1620
16710,13559
16710,54
16710,29
16711,11129
16711,301
16711,2
16711,3
16712,7589
16712,54
16712,120
16713,3209
16713,65
16714,10
16714,27
16714,1768
16714,378
16715,54
16715,27
16715,506
16715,725
16716,14692
16717,83
16717,1804
16717,65
16718,1962
16718,54
16719,11
16719,27
16720,8883
16720,54
16720,8883
16720,8883
16720,8883
16721,10
16721,27
16721,210
16721,184
16721,218
16722,27
16723,89
16723,27
16723,131
16723,556
16724,54
16724,27
16725,10
16725,27
16725,1448
16726,27
16726,6353
16727,6353
16727,6353
16728,5886
16728,147
16728,313
16729,54
16729,1765
16730,10
16730,27
16731,1710
16731,1003
16732,4806
16732,10
16732,27
16732,28
16732,1773
16733,6707
16733,6707
16733,6707
16734,65
16734,2082
16734,83
16735,2082
16735,11597
16735,83
16735,305
16735,605
16736,45
16736,27
16737,3299
16738,960
16739,6296
16740,13691
16740,83
16740,65
16741,8155
16741,54
16741,1169
16742,1963
16743,1710
16744,11
16744,27
16744,916
16745,3556
16745,3556
16745,65
16746,12081
16746,532
16746,281
16747,1667
16747,2101
16748,10
16748,27
16748,1044
16748,1448
16749,10
16749,27
16749,28
16750,10
16750,27
16750,942
16751,27
16752,13822
16753,2037
16753,2582
16753,65
16754,1732
16754,923
16755,10
16755,27
16755,429
16755,1063
16755,526
16756,27
16756,28
16757,2089
16757,120
16757,124
16757,2902
16757,9844
16758,7300
16758,2
16759,54
16759,8477
16759,27
16760,5556
16760,54
16760,429
16760,677
16761,10
16761,27
16761,979
16762,1962
16762,54
16763,10
16763,27
16764,5280
16764,54
16764,27
16765,10
16765,27
16765,942
16766,10
16766,27
16766,942
16767,2086
16768,1920
16768,551
16768,1882
16769,2069
16769,54
16770,4822
16770,4822
16771,7264
16771,960
16772,10
16772,27
16772,28
16773,10
16773,27
16773,120
16774,931
16775,1763
16775,4010
16776,5076
16776,677
16777,9820
16778,27
16779,10
16779,27
16779,198
16779,7
16779,199
16780,216
16780,27
16780,8253
16781,2018
16782,27
16782,4653
16783,2
16783,556
16784,11
16784,27
16785,392
16785,27
16785,34
16786,10
16786,27
16786,556
16787,7939
16787,13
16788,6159
16788,54
16788,27
16788,2902
16789,10
16789,27
16789,28
16790,11
16790,27
16790,979
16790,10523
16791,5280
16791,54
16791,27
16792,10
16792,27
16792,435
16792,1773
16793,13822
16793,16794
16794,13822
16795,1911
16795,54
16796,1710
16797,13
16798,11
16798,27
16798,556
16799,10
16799,27
16799,170
16799,34
16799,13060
16800,4806
16800,54
16800,27
16800,28
16800,1773
16801,27
16802,10
16802,27
16803,10
16803,27
16804,10
16804,27
16805,1659
16805,54
16806,10
16806,27
16806,184
16806,210
16806,16807
16806,920
16807,10
16807,27
16807,184
16807,210
16807,920
16807,16806
16808,27
16808,28
16809,7985
16810,1644
16810,10
16810,27
16810,1448
16811,10
16811,27
16811,1698
16811,1698
16812,1911
16812,54
16813,11
16813,27
16814,3
16814,156
16814,3177
16814,3666
16814,17
16814,199
16815,10
16815,27
16815,120
16816,11
16816,27
16816,28
16816,199
16816,1627
16817,10
16817,27
16817,28
16818,1765
16819,7162
16819,54
16820,3
16821,27
16821,9820
16822,54
16822,27
16822,1626
16822,932
16823,27
16824,27
16824,1655
16825,27
16826,5157
16826,54
16826,27
16826,942
16827,170
16828,11
16828,27
16828,979
16828,1627
16829,2963
16829,54
16830,11811
16830,120
16830,12622
16830,1627
16831,11811
16832,11811
16833,2086
16833,2971
16834,6357
16835,468
16835,27
16836,10
16836,27
16836,1584
16837,27
16837,526
16838,10
16838,27
16838,183
16839,1710
16839,2027
16840,11
16840,27
16840,513
16840,15207
16841,2086
16841,28
16842,10
16842,27
16843,2961
16843,54
16843,27
16843,979
16844,54
16844,27
16844,6551
16845,1963
16846,27
16846,301
16846,129
16847,1754
16847,54
16848,170
16849,10
16849,27
16849,28
16850,2085
16850,10
16850,1448
16851,10
16851,27
16852,13
16853,27
16854,27
16855,54
16855,11773
16856,27
16857,10
16857,27
16858,10
16858,27
16859,8195
16859,995
16860,10
16860,27
16860,28
16861,10
16861,27
16861,1616
16862,2732
16863,51
16863,27
16863,979
16864,27
16864,953
16864,199
16864,16659
16865,54
16865,27
16865,1765
16866,95
16866,2087
16867,10
16867,27
16867,28
16868,1754
16868,54
16869,10
16869,27
16869,1037
16870,27
16870,3296
16871,1732
16871,1790
16872,90
16872,2
16872,27
16872,1448
16873,54
16873,5114
16873,16874
16874,5114
16874,2949
16874,5114
16875,4942
16875,435
16876,51
16876,27
16876,120
16877,2025
16877,979
16878,1732
16878,920
16879,1963
16880,2139
16880,1963
16881,2089
16881,120
16881,1627
16882,170
16883,1954
16883,170
16884,9741
16884,10
16884,27
16884,942
16885,1963
16885,999
16886,2167
16887,65
16887,117
16887,2
16887,3
16887,54
16887,1040
16887,11859
16888,5158
16889,54
16889,27
16889,4811
16890,10
16890,27
16890,7
16891,4346
16891,10
16891,27
16891,942
16892,10
16892,27
16892,942
16892,16893
16893,10
16893,27
16893,942
16893,16892
16893,16892
16893,16894
16894,10
16894,27
16894,942
16894,16893
16895,11150
16895,28
16896,10
16896,27
16897,65
16898,1991
16898,6781
16898,1991
16899,1734
16899,54
16899,677
16900,38
16900,27
16900,979
16901,11
16901,27
16901,434
16901,1224
16901,526
16902,10
16902,27
16902,199
16903,8783
16903,195
16903,3005
16903,392
16904,10
16904,27
16904,1448
16905,11
16905,27
16906,38
16906,27
16907,170
16908,27
16908,184
16909,45
16909,27
16909,301
16910,10589
16910,54
16910,27
16910,429
16911,10
16911,27
16911,995
16912,1911
16912,54
16913,1769
16913,1769
16914,11
16914,27
16914,435
16914,7
16914,526
16915,4537
16916,27
16916,28
16916,1696
16916,217
16917,7973
16918,2589
16918,511
16918,27
16918,92
16919,10
16919,27
16919,1037
16920,10
16920,27
16920,979
16921,27
16922,10
16922,27
16922,1768
16922,16923
16923,10
16923,27
16923,1768
16923,16922
16924,8425
16924,10
16924,27
16925,3618
16926,6539
16927,10
16927,27
16927,1023
16928,1732
16929,10
16929,27
16929,979
16930,1763
16930,15843
16930,4029
16930,9828
16931,10
16931,27
16932,10
16932,27
16932,124
16933,6
16933,170
16934,1644
16934,54
16934,27
16934,1448
16935,1831
16935,1584
16935,17
16935,17202
16935,8396
16936,10
16936,27
16937,27
16937,124
16938,6584
16939,51
16939,27
16939,301
16940,1659
16940,27
16941,10
16941,27
16941,378
16941,13531
16942,7659
16942,54
16942,7661
16942,1655
16942,15192
16943,2582
16943,13
16944,54
16944,1897
16944,5509
16945,11527
16945,170
16946,11
16946,27
16946,28
16947,4814
16947,54
16948,2633
16949,1763
16950,2101
16950,54
16950,17
16951,1710
16952,2491
16952,916
16953,2491
16953,942
16954,27
16955,1732
16955,28
16956,27
16956,347
16956,429
16956,1159
16956,16957
16957,10
16957,27
16957,556
16957,16956
16958,0
16958,30
16958,10421
16959,8736
16959,27
16959,28
16960,468
16960,54
16960,7579
16961,2633
16961,195
16962,9849
16962,124
16962,16963
16963,9849
16963,124
16963,16962
16964,1651
16965,428
16965,54
16965,27
16965,429
16965,5852
16965,16966
16966,428
16966,429
16966,16965
16966,5852
16967,130
16967,6056
16968,16
16968,27
16969,1903
16969,1060
16970,10
16970,27
16971,6374
16971,65
16972,7985
16973,27
16973,17
16973,199
16973,920
16974,7167
16974,0
16974,206
16974,7167
16975,1963
16976,9751
16976,54
16976,27
16976,120
16977,10
16977,27
16977,28
16978,12428
16978,54
16978,12428
16978,118
16979,10
16979,27
16979,979
16980,10
16980,27
16980,1877
16981,10
16981,27
16981,1584
16981,17224
16982,54
16982,14921
16983,8195
16983,435
16984,170
16984,124
16984,12912
16985,3437
16985,3437
16985,1521
16985,896
16985,65
16986,5456
16986,1888
16987,120
16987,2175
16988,11150
16988,28
16989,13
16990,16991
16990,2
16991,2
16992,14583
16993,65
16993,15163
16994,1991
16995,1911
16995,54
16996,2098
16996,27
16996,808
16997,1754
16997,54
16998,1769
16999,65
17000,10
17000,27
17000,429
17001,2069
17001,54
17001,27
17001,1866
17002,11
17002,27
17002,1655
17003,54
17003,4377
17003,397
17004,2749
17004,54
17004,1037
17004,2751
17004,8386
17005,27
17006,170
17006,124
17007,54
17007,1693
17007,1587
17007,27
17007,6457
17008,10
17008,27
17008,435
17008,920
17009,10
17009,27
17009,28
17010,4771
17011,5896
17011,27
17012,5076
17013,2147
17014,83
17014,1064
17015,1963
17016,5509
17016,54
17016,5509
17016,170
17017,4545
17017,54
17017,1169
17018,14317
17018,87
17018,3
17019,5701
17019,54
17020,51
17020,2020
17020,1653
17020,4299
17021,10
17021,27
17022,14692
17022,2132
17023,1704
17023,1871
17024,10
17024,27
17025,10
17025,27
17025,1616
17026,1763
17027,54
17027,8265
17027,170
17027,27
17027,7356
17027,8265
17028,2491
17028,916
17029,1810
17030,1769
17031,1710
17031,5363
17032,931
17032,1732
17033,1732
17033,28
17034,13822
17035,7333
17036,13822
17037,10570
17037,54
17037,677
17038,10
17038,27
17038,28
17039,943
17040,12081
17040,532
17040,3
17041,128
17041,231
17041,54
17041,27
17041,434
17042,54
17042,6062
17043,1610
17044,1911
17044,54
17045,222
17045,27
17045,586
17045,513
17045,6299
17046,27
17046,301
17047,4653
17048,7264
17048,701
17049,1991
17050,10
17050,27
17050,526
17051,38
17051,27
17051,435
17052,27
17053,10
17053,27
17053,1044
17053,199
17054,9820
17055,1920
17055,551
17055,1882
17056,9177
17057,4546
17057,54
17058,10
17058,27
17058,28
17059,10
17059,27
17059,17
17060,3099
17060,54
17061,14787
17062,10
17062,27
17062,28
17063,27
17064,4182
17065,4313
17065,170
17066,10
17066,27
17066,435
17067,1702
17067,27
17067,15253
17067,1703
17068,1666
17068,1882
17068,1448
17069,27
17069,301
17069,138
17070,9928
17071,10
17071,27
17072,1911
17072,54
17073,170
17073,27
17074,15678
17074,1365
17074,16422
17075,10
17075,27
17075,28
17076,1664
17076,3
17077,170
17077,301
17078,1997
17079,1754
17079,54
17080,216
17080,27
17080,1584
17080,11497
17081,1610
17082,16013
17082,54
17082,27
17082,556
17083,11975
17084,10
17084,27
17084,28
17085,51
17085,27
17086,65
17087,6126
17087,2086
17087,979
17087,1768
17087,199
17088,9031
17089,7782
17089,7264
17090,4182
17091,216
17091,54
17092,13
17093,1043
17093,513
17093,2990
17094,15577
17094,7
17094,199
17095,10
17095,27
17095,120
17095,16675
17095,17096
17096,10
17096,27
17096,120
17096,17095
17096,17097
17097,10
17097,27
17097,120
17097,17096
17098,27
17098,120
17098,17
17099,2163
17099,3
17100,8125
17100,1044
17101,1911
17101,54
17102,2491
17102,916
17103,2000
17103,54
17104,10
17104,27
17105,3717
17105,51
17105,580
17105,54
17105,17106
17106,6775
17107,7250
17107,27
17108,128
17109,1989
17109,83
17110,11646
17110,54
17111,14213
17111,10
17111,27
17111,124
17112,2136
17112,10
17112,27
17112,29
17112,1615
17113,0
17114,10
17114,27
17114,435
17114,920
17115,2428
17115,1938
17115,2428
17115,83
17115,556
17115,28
17115,1722
17115,3
17115,5841
17116,1732
17116,28
17117,1732
17118,4581
17118,22
17118,54
17118,3444
17118,28
17119,620
17119,54
17119,27
17120,1732
17121,1644
17121,54
17121,27
17121,1448
17122,1710
17123,13261
17123,11
17123,27
17123,1044
17123,13530
17123,15832
17124,3259
17124,1037
17125,27
17125,120
17126,1910
17126,54
17126,27
17126,1044
17127,11432
17127,27
17128,5556
17128,54
17128,429
17128,677
17129,1871
17129,1626
17129,1871
17130,2954
17130,2954
17130,2954
17130,309
17130,13
17130,4540
17130,2954
17131,10
17131,27
17131,1448
17132,1625
17132,392
17132,27
17132,979
17133,7249
17134,984
17134,54
17134,8477
17134,27
17135,1732
17136,2113
17136,65
17137,27
17138,5654
17138,54
17138,10
17138,5654
17139,1911
17139,54
17140,64
17140,65
17141,27
17141,9094
17142,1732
17143,13691
17143,54
17144,3315
17144,7119
17145,10
17145,27
17145,435
17146,1923
17146,54
17146,1037
17147,1962
17147,54
17148,10
17148,27
17149,11
17149,27
17150,3541
17151,27
17152,3982
17152,2167
17153,9994
17153,3982
17154,1732
17155,227
17155,79
17156,1732
17156,73
17157,222
17157,222
17157,2278
17158,10
17158,27
17158,28
17159,1763
17159,435
17160,8883
17160,13
17161,13
17162,128
17162,27
17163,14773
17163,3744
17164,1630
17165,10
17165,27
17165,28
17165,17212
17166,10
17166,27
17166,28
17167,10507
17167,54
17167,27
17167,170
17167,10508
17167,17168
17168,10507
17168,1790
17168,10508
17168,17169
17169,10507
17169,1790
17169,17168
17169,10508
17169,17170
17170,10507
17170,170
17170,17169
17170,10508
17170,17171
17171,10507
17171,170
17171,17170
17171,10508
17172,4878
17172,54
17173,1831
17173,54
17173,27
17173,17
17174,1732
17174,54
17174,28
17175,3743
17176,11
17176,27
17177,1923
17177,54
17178,186
17178,27
17179,2085
17179,10
17180,3099
17180,677
17181,10
17181,27
17181,429
17181,953
17181,1620
17181,526
17182,1763
17183,27
17184,13
17185,10
17185,27
17185,7
17186,8625
17187,1962
17187,54
17188,4276
17188,3
17188,54
17189,1769
17190,2491
17190,979
17191,931
17191,129
17192,10
17192,27
17192,124
17193,2744
17193,931
17193,15550
17194,5158
17195,10
17195,27
17195,28
17196,10
17196,27
17196,17
17197,2025
17197,2025
17198,12744
17199,5625
17200,3
17200,54
17200,12383
17201,1963
17202,1831
17202,54
17202,27
17202,1584
17202,17
17202,17203
17202,16935
17203,1831
17203,1584
17203,17
17203,17202
17204,1644
17204,54
17204,27
17204,1448
17205,65
17205,6483
17206,5036
17206,65
17206,147
17206,3
17207,15170
17207,3
17208,10
17208,27
17208,28
17209,1732
17209,28
17210,8615
17211,2668
17211,556
17212,10
17212,27
17212,435
17212,920
17212,17165
17213,10
17213,27
17213,1448
17214,14649
17215,3277
17215,54
17216,8965
17216,54
17216,83
17217,170
17218,27
17219,5227
17219,27
17219,28
17220,1614
17220,10
17220,27
17220,1856
17221,137
17221,1679
17221,10567
17222,1954
17222,54
17222,2
17222,3
17222,54
17223,10354
17223,3
17224,10
17224,27
17224,1584
17224,16981
17225,10
17225,27
17225,28
17226,2025
17226,1797
17227,10
17227,27
17227,1768
17228,54
17228,6841
17229,2
17230,2013
17230,27
17231,11
17231,7973
17232,10
17232,5294
17232,27
17232,435
17233,222
17233,586
17233,513
17233,1037
17233,526
17233,6299
17234,1630
17234,87
17234,27
17235,1710
17236,10
17236,27
17237,1671
17237,243
17237,27
17237,742
17238,407
17238,13900
17239,2727
17239,54
17239,27
17240,10
17240,27
17240,1448
17241,27
17242,27
17243,1710
17244,2732
17244,2147
17245,10
17245,27
17246,1202
17247,3
17248,1828
17248,27
17248,429
17249,12958
17249,923
17250,6742
17250,54
17250,1169
17250,513
17251,3200
17251,54
17251,27
17252,2
17252,28
17253,27
17253,556
17253,104
17254,10
17254,27
17254,28
17255,1734
17255,54
17256,1963
17256,999
17256,2347
17257,51
17257,27
17257,120
17258,5076
17258,2754
17259,7565
17259,3
17260,1910
17260,239
17261,27
17261,5323
17262,2
17262,3
17263,10
17263,27
17263,124
17264,1902
17264,10
17264,27
17264,28
17265,1614
17265,10
17265,27
17265,1856
17266,7663
17266,170
17266,677
17267,4537
17268,10404
17268,3848
17269,27
17269,3552
17270,27
17270,3848
17271,5895
17271,3848
17271,54
17271,27
17271,17
17271,1691
17271,1833
17272,9928
17273,10567
17274,3099
17274,54
17275,931
17275,931
17276,10
17276,27
17277,10
17277,27
17277,120
17277,920
17278,7242
17278,3
17279,2163
17279,3
17280,10
17280,27
17280,1063
17281,10202
17281,1732
17282,6042
17283,1732
17283,54
17283,28
17284,11
17284,27
17284,942
17285,1801
17285,28
17285,217
17286,11
17286,27
17286,979
17287,10
17287,27
17287,1584
17288,222
17288,586
17288,1044
17288,6299
17289,10450
17289,27
17290,15579
17291,27
17292,10
17292,27
17293,10
17293,27
17293,347
17293,7124
17293,17
17294,6126
17294,2086
17294,378
17294,16531
17295,51
17295,27
17295,120
17296,53
17297,10
17297,27
17297,14454
17297,14452
17298,27
17299,99
17299,0
17299,10
17300,119
17300,1963
17301,10
17301,27
17301,429
17302,1769
17303,27
17303,73
17304,10
17304,27
17305,2113
17305,65
17305,54
17306,10
17306,27
17306,556
17307,10
17307,27
17308,10
17308,27
17308,183
17308,526
17309,1782
17309,65
17310,27
17311,95
17311,27
17311,526
17312,128
17313,2491
17314,170
17314,92
17315,54
17315,620
17315,620
17315,4647
17315,620
17316,12279
17316,9603
17316,47
17317,10
17317,27
17317,1118
17317,995
17317,7
17317,922
17318,10
17318,27
17318,979
17318,953
17318,17227
17318,14406
17319,10
17319,27
17320,2000
17320,54
17321,8881
17322,3540
17322,1627
17323,27
17323,677
17324,65
17324,271
17324,15163
17325,4776
17325,27
17325,7
17325,34
17325,104
17326,10
17326,27
17326,1877
17327,1666
17327,1882
17327,1448
17328,170
17329,1626
17329,943
17330,5323
17330,54
17330,916
17331,7539
17331,17
17331,199
17332,2082
17333,6501
17333,5625
17334,1962
17334,54
17334,916
17335,170
17335,83
17335,87
17336,10
17336,27
17336,1063
17337,1732
17337,28
17338,10
17338,27
17338,435
17339,27
17340,10
17340,27
17341,943
17341,54
17341,1655
17342,5202
17343,11811
17343,1627
17344,392
17344,27
17345,8831
17345,10
17345,27
17345,1615
17346,54
17346,209
17347,10
17347,27
17347,378
17348,9135
17348,27
17349,6239
17350,3
17350,17624
17350,10173
17350,3
17351,10
17351,27
17351,435
17352,45
17352,16
17352,54
17352,27
17352,3505
17353,10
17353,27
17353,28
17354,2963
17354,54
17355,5490
17355,54
17355,677
17356,15182
17356,3
17357,1671
17357,742
17358,3943
17358,28
17359,4846
17359,2592
17359,71
17359,43
17359,3
17360,1962
17360,54
17361,4954
17362,10
17362,27
17362,7
17362,28
17363,7082
17363,10335
17363,3812
17363,6044
17363,16662
17363,7803
17363,5575
17363,3728
17364,2415
17364,54
17364,2415
17364,2415
17365,27
17365,1655
17366,1710
17367,8601
17367,8601
17367,8601
17367,27
17368,4954
17369,14275
17369,54
17369,1169
17369,120
17369,4344
17370,15405
17370,54
17370,27
17371,27
17371,28
17372,1732
17372,28
17373,9198
17373,920
17374,4117
17374,1224
17375,1769
17376,4287
17376,54
17376,27
17376,979
17377,1732
17377,124
17377,28
17377,1448
17378,1732
17378,54
17378,28
17379,9129
17379,27
17379,2048
17380,1614
17380,10
17380,1024
17380,27
17380,1856
17381,1799
17381,54
17382,5707
17382,14533
17382,14533
17383,1732
17383,210
17383,16621
17383,2168
17384,10
17384,27
17384,1448
17385,27
17385,7
17385,28
17386,10
17386,27
17386,184
17387,5974
17388,9371
17389,13796
17389,54
17390,14827
17391,14827
17391,54
17391,83
17392,10
17392,27
17392,28
17393,27
17393,39
17394,1914
17394,54
17395,1991
17395,15291
17396,1910
17397,5019
17397,1773
17398,27
17399,6
17399,239
17399,170
17399,1023
17400,53
17400,7
17401,10
17401,27
17402,11
17402,27
17402,995
17403,1712
17403,10
17403,27
17403,435
17403,7798
17404,1712
17404,10
17404,27
17404,435
17404,17403
17404,7798
17405,1712
17405,54
17405,27
17405,435
17405,7798
17405,17403
17406,1712
17406,10
17406,27
17406,435
17406,17403
17406,7798
17406,17403
17407,8195
17408,7405
17408,4
17408,27
17409,10
17409,27
17410,10
17410,27
17411,4952
17411,4952
17411,120
17411,5683
17412,4952
17412,2
17412,4952
17413,1963
17413,2005
17413,1740
17414,7306
17414,124
17415,10
17415,27
17415,942
17415,1037
17415,28
17416,27
17417,3449
17417,2113
17418,5556
17418,54
17419,10
17419,27
17420,1911
17420,54
17421,3019
17421,2016
17421,65
17421,65
17422,1689
17423,5707
17423,14533
17423,14533
17424,1831
17424,10
17424,27
17424,1584
17424,7
17424,17
17425,54
17425,2967
17425,2967
17425,91
17425,346
17426,10
17426,470
17426,27
17426,1813
17426,4126
17427,65
17427,54
17427,932
17428,14213
17428,392
17428,27
17428,124
17428,73
17428,870
17428,199
17429,8661
17430,1940
17430,54
17430,27
17430,1448
17431,635
17431,10
17431,27
17432,2089
17432,120
17432,17
17433,3697
17434,3541
17434,11
17434,27
17434,979
17435,10359
17435,54
17435,12249
17436,5860
17437,1734
17437,54
17438,12436
17438,124
17438,7
17439,2089
17439,1224
17439,285
17439,9844
17439,8092
17440,10268
17441,11
17441,27
17441,199
17442,27
17442,916
17443,10
17443,27
17443,28
17444,27
17444,619
17445,2582
17445,13
17446,2124
17446,87
17446,3
17447,10
17447,27
17447,1584
17447,1037
17448,65
17448,65
17449,10
17449,27
17450,170
17450,301
17450,545
17451,11
17451,27
17452,27
17452,2115
17453,3996
17453,2118
17453,1626
17454,170
17455,10289
17455,120
17456,2749
17456,54
17456,1037
17456,9698
17456,2751
17456,16036
17457,1985
17457,65
17457,170
17458,1994
17459,54
17460,5699
17460,2109
17460,170
17460,6734
17460,15311
17461,1732
17461,12152
17461,10812
17462,10
17462,27
17462,7595
17463,3368
17464,27
17464,1448
17465,10
17465,27
17465,1023
17466,54
17466,27
17466,7803
17467,54
17467,27
17467,243
17467,1627
17468,8600
17468,13
17469,10
17469,27
17469,28
17470,7565
17470,3
17471,10
17471,27
17471,435
17472,27
17472,2542
17473,1754
17473,54
17474,10
17474,27
17475,15579
17476,90
17476,54
17476,27
17476,120
17477,11303
17478,1763
17479,1962
17479,3
17480,2070
17480,54
17480,27
17480,120
17480,916
17481,4008
17481,10
17481,27
17481,28
17482,10
17482,27
17482,429
17483,2963
17483,54
17484,1763
17485,1782
17485,4
17485,137
17485,1782
17485,327
17485,3
17485,452
17485,534
17485,742
17485,4360
17486,10
17486,27
17486,28
17486,7815
17487,6042
17488,10
17488,1732
17488,1587
17489,51
17489,27
17490,2113
17491,10
17491,27
17491,1584
17492,2491
17492,1882
17493,1837
17493,1838
17493,1839
17494,10
17494,27
17494,1063
17495,1871
17496,1644
17496,54
17496,27
17496,1448
17497,1732
17497,183
17498,5106
17498,54
17499,5323
17499,54
17499,1655
17500,324
17500,12143
17501,2147
17502,10
17502,27
17502,28
17503,10
17503,27
17503,28
17504,1971
17504,1655
17505,27
17506,5270
17507,54
17507,11265
17508,15232
17508,979
17509,1732
17510,26
17510,10
17510,27
17510,7
17511,27
17511,7
17511,28
17512,10
17512,27
17513,5157
17513,209
17513,27
17513,7
17514,4954
17515,3275
17515,65
17516,2510
17516,54
17516,7
17517,13822
17517,65
17517,199
17518,2069
17518,54
17519,1732
17519,1627
17520,27
17521,3449
17521,2113
17522,12850
17522,51
17522,54
17522,65
17523,11248
17524,10
17524,125
17524,51
17524,2
17524,45
17524,16
17524,23
17524,115
17524,10
17524,177
17525,4942
17525,435
17525,12943
17526,14317
17526,3
17527,1763
17527,434
17528,27
17529,6353
17530,2101
17531,7236
17531,14668
17531,2101
17532,8067
17532,54
17532,1169
17533,9219
17533,9219
17533,185
17533,170
17533,17534
17534,3355
17534,9219
17534,17533
17535,4647
17535,9440
17536,1732
17536,124
17537,11
17537,27
17537,1044
17538,10
17538,27
17538,7
17539,960
17540,170
17541,1732
17542,4440
17542,1763
17542,435
17543,27
17544,11
17544,27
17544,995
17545,1732
17545,1627
17546,27
17547,8935
17548,1732
17549,6899
17549,7585
17550,1837
17550,1838
17550,1839
17551,8125
17551,1044
17552,8125
17553,1763
17554,11
17554,27
17555,5076
17555,121
17555,1627
17556,11090
17556,27
17556,916
17557,185
17557,83
17557,723
17557,532
17558,170
17559,1644
17559,54
17559,27
17559,1876
17560,1644
17560,54
17560,27
17560,1876
17561,1943
17561,54
17562,0
17562,30
17563,846
17563,376
17563,3
17563,1305
17563,1644
17564,3450
17564,65
17564,3449
17564,3449
17565,596
17565,2
17566,1008
17566,299
17566,2487
17566,2487
17566,11662
17567,288
17567,4314
17568,54
17568,209
17569,10
17569,27
17569,979
17570,4653
17571,128
17572,54
17572,8527
17573,6733
17573,54
17573,16008
17573,1655
17574,4954
17575,4117
17575,54
17575,27
17575,217
17576,14252
17577,1671
17577,742
17578,54
17578,4272
17578,928
17579,931
17579,1732
17580,10486
17581,4811
17581,118
17581,4811
17582,10
17582,27
17582,28
17582,526
17583,1710
17584,10
17584,27
17585,10
17585,27
17586,2
17586,392
17586,11459
17587,170
17588,7306
17588,1159
17589,5893
17589,3
17590,5886
17591,1671
17591,742
17592,6733
17592,54
17592,1655
17593,1732
17594,2087
17595,6159
17595,51
17595,54
17595,10
17595,27
17595,979
17596,10960
17596,429
17597,2147
17598,216
17598,54
17599,54
17600,54
17601,2
17602,463
17602,913
17602,463
17602,913
17602,2474
17603,2
17604,763
17605,1256
17605,3269
17605,27
17605,1882
17606,3794
17606,270
17607,313
17607,54
17608,54
17608,209
17609,393
17609,1426
17609,393
17610,2
17610,1072
17610,3
17611,54
17611,209
17612,2
17613,578
17613,13071
17613,216
17613,216
17613,54
17613,2648
17613,17614
17615,54
17616,54
17617,392
17617,467
17617,392
17617,1344
17617,506
17618,1234
17618,1358
17618,5504
17618,960
17618,1171
17619,132
17619,398
17619,821
17620,54
17621,2
17621,896
17621,4657
17621,79
17622,2
17622,54
17623,1462
17623,774
17623,594
17625,2
17626,4087
17626,255
17627,467
17627,3262
17627,1074
17628,2
17628,2
17628,3
17628,2810
17628,2566
17629,2
17630,468
17630,1344
17630,1296
17630,1209
17631,2
17633,2312
17633,1837
17633,1241
17634,54
17635,2618
17635,1543
17636,398
17636,821
17637,209
17637,1173
17637,27
17637,1941
17637,2294
17638,2602
17639,54
17640,0
17640,30
17640,2026
17641,54
17642,771
17642,4416
17643,2
17644,1392
17644,2237
17644,618
17644,2237
17644,618
17645,2
17646,3
17646,3
17646,1040
17646,4301
17647,2175
17648,11
17648,27
17648,435
17649,1985
17650,1744
17650,27
17650,73
17651,10
17651,27
17651,1448
17652,1837
17652,1838
17652,1839
17653,10890
17653,2
17653,506
17654,17655
17654,170
17655,12554
17655,17706
17655,54
17655,17707
17656,10
17656,27
17656,28
17657,27
17657,28
17658,10
17658,27
17658,28
17659,2
17659,2
17659,34
17661,1442
17661,1185
17662,54
17663,2
17664,54
17665,54
17666,10
17666,27
17666,28
17667,2152
17667,2147
17668,5558
17668,125
17668,551
17668,327
17668,23
17668,10
17668,967
17668,27
17668,129
17668,445
17669,6239
17670,2000
17670,54
17671,7973
17671,7973
17672,11504
17672,995
17673,11150
17673,28
17674,6296
17675,27
17676,1732
17676,28
17676,17536
17676,916
17676,17509
17677,27
17678,3270
17678,3232
17678,4475
17679,2517
17679,4911
17679,3
17679,1243
17680,0
17680,206
17680,219
17681,965
17681,195
17682,54
17683,27
17684,2005
17684,65
17685,5733
17685,54
17685,104
17685,17686
17686,5733
17686,104
17686,17685
17687,27
17687,28
17688,1775
17688,27
17689,7264
17690,5019
17690,11559
17690,28
17691,10
17691,27
17691,435
17692,2005
17692,65
17693,54
17693,1109
17693,1109
17693,1109
17694,1837
17694,1838
17694,14390
17694,1839
17695,1837
17695,65
17696,27
17697,0
17698,180
17698,181
17698,821
17699,2
17700,376
17701,10949
17701,54
17702,2086
17702,2323
17703,27
17703,217
17704,2
17705,132
17705,120
17705,821
17706,17655
17706,17655
17706,161
17708,17709
17709,54
17709,17708
17710,2
17711,1263
17711,2864
17711,1206
17712,3
17712,11855
17712,116
17712,1436
17712,1296
17712,506
17713,1256
17713,879
17714,124
17714,54
17714,1296
17715,54
17716,216
17716,54
17718,1124
17718,2
17719,54
17719,12496
17719,1587
17719,12496
17719,8003
17720,2087
17721,1344
17722,5066
17722,5067
17723,54
17723,3316
17724,1732
17724,1627
17725,7988
17725,2296
17726,3996
17726,3996
17726,3
17726,3996
17727,6230
17728,54
17730,896
17730,896
17731,2732
17731,305
17732,2
17733,591
17733,649
17734,0
17734,30
17734,3292
17735,1243
17736,54
17736,54
17737,11
17737,27
17737,7
17738,54
17739,11923
17739,170
17739,29
17740,137
17740,27
17740,301
17740,129
17740,138
17740,138
17741,3
17742,1626
17742,4954
17743,5900
17743,2880
17743,2401
17743,120
17744,27
17744,556
17744,104
17744,152
17745,9820
17746,844
17746,2
17746,282
17746,54
17746,844
17746,2
17746,1804
17747,1667
17747,2086
17748,38
17748,27
17748,429
17749,932
17749,170
17750,10
17750,27
17750,124
17751,54
17752,54
17752,10
17752,8065
17753,1666
17753,54
17754,0
17754,206
17754,506
17754,1615
17754,1296
17754,1209
17755,11
17755,27
17755,979
17756,2963
17756,54
17757,676
17757,54
17757,1768
17758,10771
17758,137
17759,54
17760,821
17760,924
17761,54
17761,209
17762,8114
17762,942
17762,1063
17762,4066
17763,8998
17764,10
17764,27
17765,51
17765,27
17765,28
17766,1732
17766,1448
17767,170
17767,124
17767,17768
17768,170
17768,124
17768,17767
17769,13
17770,54
17770,1683
17771,83
17771,159
17772,65
17772,83
17772,618
17772,1480
17773,11248
17773,11248
17774,342
17774,1024
17774,27
17775,10
17775,27
17775,347
17775,28
17776,14245
17776,170
17776,7285
17777,170
17777,28
17778,1963
17778,4182
17779,11
17779,27
17779,979
17780,10
17780,27
17780,1044
17780,13125
17781,65
17782,10
17782,27
17783,2118
17784,54
17784,27
17784,942
17785,5886
17786,11224
17786,281
17786,216
17786,437
17787,199
17787,27
17788,5892
17788,2038
17788,13
17789,2179
17790,10660
17790,3
17790,896
17790,4605
17790,2397
17791,7306
17791,7306
17791,1696
17792,54
17792,4277
17792,6112
17793,4780
17793,601
17793,6602
17793,601
17794,15232
17795,27
17795,184
17795,526
17796,27
17797,6997
17797,10
17797,27
17798,1954
17798,195
17799,10
17799,27
17799,7
17799,17
17799,34
17800,1954
17800,1954
17800,199
17801,51
17801,27
17801,995
17802,1941
17802,2918
17803,8935
17803,29
17804,8615
17804,8615
17805,5158
17806,128
17807,27
17807,1856
17807,556
17808,1799
17808,54
17809,13559
17809,54
17809,28
17810,2491
17810,1615
17811,170
17811,28
17812,27
17812,28
17813,9045
17813,54
17813,27
17813,922
17814,10
17814,27
17814,1448
17815,2
17815,1044
17815,6093
17816,4024
17816,2087
17817,27
17818,10
17818,27
17818,942
17819,13105
17819,15
17819,14131
17820,6056
17820,8528
17821,38
17821,27
17821,979
17822,3437
17822,170
17823,1911
17823,54
17824,10073
17825,54
17826,9569
17826,5739
17827,65
17827,147
17827,91
17828,11798
17829,4715
17829,3
17829,3803
17829,2048
17829,1037
17829,34
17829,17830
17829,1296
17829,9406
17830,34
17831,4352
17831,84
17831,65
17832,3961
17832,329
17832,27
17832,329
17833,223
17833,27
17834,23
17834,9796
17835,170
17835,556
17835,922
17835,1691
17835,2703
17835,1103
17836,27
17836,49
17836,38
17837,12106
17837,65
17838,467
17838,392
17838,1344
17839,54
17839,1361
17839,73
17839,54
17839,1199
17839,1343
17839,17840
17839,17841
17842,64
17843,1805
17843,821
17843,1296
17844,27
17844,17
17844,5318
17844,1105
17844,1696
17845,10771
17846,5701
17846,54
17846,65
17847,329
17847,236
17848,10
17848,27
17848,28
17849,10
17849,27
17849,1863
17850,10
17850,27
17850,1863
17851,10
17851,27
17851,1863
17852,51
17852,10
17852,27
17852,28
17853,28
17853,8293
17853,1712
17853,14580
17854,14827
17855,5556
17855,54
17855,677
17856,1411
17856,38
17856,979
17856,1448
17856,27
17857,27
17858,11150
17858,28
17859,6126
17859,2086
17859,378
17859,14234
17860,418
17860,227
17860,120
17860,1079
17861,54
17862,7643
17862,3
17863,293
17863,294
17863,11
17863,3
17864,2221
17864,896
17864,7428
17865,5095
17865,1110
17867,1328
17868,14692
17868,3
17869,13906
17869,13
17870,2
17871,2
17871,54
17871,17872
17873,5454
17873,27
17873,120
17874,293
17874,735
17874,718
17875,2
17876,6496
17876,6134
17876,6496
17876,6496
17876,7988
17876,520
17877,54
17877,54
17878,991
17878,1185
17879,10
17879,27
17880,3278
17881,191
17881,2179
17882,163
17882,166
17882,360
17882,2825
17883,360
17883,2825
17884,606
17884,507
17884,28
17885,393
17885,2
17885,1243
17886,5295
17886,5295
17886,1600
17886,124
17886,120
17887,2
17887,54
17887,3807
17887,3808
17888,3
17888,1067
17888,3
17888,17889
17890,308
17890,1605
17890,34
17890,1296
17891,54
17893,3812
17893,87
17893,3
17894,318
17894,542
17894,1319
17895,3725
17895,3
17895,3026
17895,6249
17896,1045
17897,27
17897,1264
17897,1209
17898,299
17898,0
17898,206
17898,10
17899,14265
17900,27
17900,1863
17901,166
17901,166
17901,360
17901,2825
17902,10255
17902,887
17903,370
17903,209
17903,1173
17903,209
17903,209
17904,51
17904,51
17904,821
17905,54
17906,276
17906,2
17906,3958
17906,54
17907,3586
17907,662
17907,216
17907,27
17907,1882
17907,54
17907,17908
17909,54
17910,3097
17910,282
17910,3096
17910,1110
17911,27
17911,27
17912,5448
17912,13
17913,4942
17913,435
17914,629
17914,27
17915,27
17916,15340
17917,10
17917,27
17917,556
17918,6042
17919,216
17919,54
17920,54
17921,2
17922,3
17922,1499
17923,54
17924,3
17924,597
17925,392
17925,54
17926,54
17927,2
17927,3
17927,2
17927,3
17928,2
17929,1024
17929,27
17930,171
17930,1024
17930,27
17930,129
17931,1024
17931,27
17931,301
17931,129
17931,813
17931,131
17931,138
17932,10
17932,27
17932,28
17933,4771
17933,4954
17934,1732
17934,10580
17935,10
17935,27
17936,5017
17937,2
17938,180
17938,181
17938,821
17938,924
17939,11430
17939,11430
17940,834
17941,1810
17942,11773
17942,54
17942,118
17943,12113
17943,13
17944,3541
17944,11
17944,27
17944,979
17945,1737
17945,51
17945,27
17945,513
17946,11
17946,27
17947,10
17947,27
17947,28
17948,27
17949,3289
17949,3289
17949,161
17949,305
17949,3289
17950,10
17950,27
17950,120
17951,2147
17952,2583
17952,45
17952,27
17953,0
17953,30
17953,40
17953,2562
17953,1253
17954,2
17955,9928
17956,15660
17957,170
17957,83
17957,27
17958,27
17958,113
17959,10
17959,321
17959,27
17959,131
17959,445
17959,183
17959,920
17960,128
17961,1462
17961,612
17962,54
17962,13
17962,27
17963,1024
17963,27
17964,2
17964,11222
17965,0
17965,148
17966,0
17966,30
17967,54
17967,9751
17967,124
17967,65
17968,2
17968,1710
17968,2027
17968,932
17969,2
17969,3
17969,5243
17969,5245
17969,3
17969,3076
17969,116
17969,1212
17969,1254
17969,5244
17970,3471
17970,4480
17970,51
17970,51
17970,17
17970,183
17970,28
17971,247
17971,3
17971,4887
17971,1324
17971,8895
17972,125
17972,125
17972,388
17972,725
17972,2602
17972,1296
17973,27
17973,28
17974,5013
17974,170
17975,11
17975,27
17976,27
17977,54
17977,27
17977,186
17978,1003
17978,170
17978,3
17979,10
17979,280
17979,27
17979,28
17980,1671
17980,742
17981,0
17981,30
17982,11554
17982,11554
17983,10
17983,27
17984,65
17985,1710
17986,11
17986,27
17986,1044
17987,1800
17987,1710
17988,10
17988,27
17989,65
17989,1677
17989,12481
17990,931
17990,931
17991,9781
17991,54
17991,170
17991,83
17991,38
17991,627
17991,3
17991,54
17992,13562
17992,218
17993,392
17993,27
17993,979
17994,11
17994,170
17995,2130
17995,5258
17995,15111
17996,27
17996,1710
17997,64
17997,64
17997,1994
17998,170
17999,4954
18000,12958
18001,3690
18001,135
18001,1059
18001,1585
18001,27
18001,116
18002,2
18003,1750
18003,2
18004,27
18004,1028
18005,2118
18006,5424
18006,12161
18007,662
18008,5017
18009,1994
18009,5017
18010,1775
18010,54
18010,1775
18011,1608
18011,576
18011,2711
18011,1118
18011,73
18011,979
18011,1448
18011,673
18012,2363
18012,2289
18012,54
18012,54
18012,18013
18014,2
18015,216
18015,54
18016,305
18016,150
18017,1074
18017,3238
18018,441
18018,183
18022,1426
18022,1206
18022,16169
18023,54
18024,216
18024,54
18025,1426
18025,896
18025,14705
18025,2
18025,2
18026,300
18026,1205
18026,300
18026,1205
18026,1209
18027,216
18027,54
18028,1392
18028,110
18028,14189
18029,54
18029,209
18030,180
18030,181
18030,979
18030,506
18030,821
18031,216
18031,54
18032,216
18032,54
18033,2
18033,2
18033,218
18033,27
18033,1171
18033,1229
18034,3381
18034,281
18034,7819
18034,216
18034,3381
18034,281
18035,54
18036,742
18036,29
18036,54
18036,16355
18037,54
18037,209
18038,1107
18038,1482
18038,7
18038,28
18038,1243
18039,216
18039,54
18040,54
18040,209
18041,413
18042,2
18043,1389
18043,606
18043,5297
18043,606
18044,107
18044,9370
18044,313
18044,314
18044,597
18045,8624
18045,1151
18045,1171
18045,1254
18045,255
18046,1256
18046,651
18046,7082
18046,7103
18046,7839
18047,392
18047,51
18047,27
18048,54
18049,356
18049,10
18050,250
18050,239
18050,2095
18050,73
18050,184
18050,923
18051,2
18052,54
18053,2
18054,865
18054,898
18054,79
18054,2
18054,3
18054,1152
18055,2191
18055,92
18055,42
18055,92
18055,15019
18056,170
18056,17
18056,1296
18056,1324
18056,1271
18056,2177
18057,288
18057,739
18057,45
18058,250
18058,250
18058,2561
18059,6324
18060,216
18060,54
18061,269
18061,0
18061,2054
18061,1254
18062,2
18062,54
18063,216
18063,54
18064,216
18064,54
18065,54
18066,2
18067,281
18067,392
18067,281
18068,54
18069,2283
18069,4626
18069,216
18069,281
18069,216
18070,602
18070,216
18070,54
18070,1117
18070,1168
18071,216
18071,54
18072,54
18072,209
18073,54
18074,2
18075,206
18075,27
18076,2
18077,578
18077,4699
18077,216
18077,54
18077,281
18077,3189
18077,216
18077,18078
18079,1599
18079,960
18080,305
18080,305
18081,4689
18081,54
18082,2
18083,13467
18083,2400
18083,1512
18083,506
18084,3107
18084,1246
18084,2470
18084,3799
18084,2
18084,54
18084,1040
18084,1288
18084,1212
18085,879
18085,216
18085,54
18086,2
18088,1111
18088,2
18088,682
18088,1111
18088,2
18088,682
18088,1243
18090,2
18091,821
18092,1192
18092,0
18092,1304
18092,1199
18093,54
18094,54
18094,209
18095,281
18095,216
18095,54
18095,281
18095,556
18095,953
18095,673
18095,40
18095,1324
18096,2
18097,3913
18097,1536
18097,2661
18097,2294
18098,27
18099,2
18100,1059
18100,3199
18100,1248
18100,591
18100,649
18100,689
18101,8
18101,9
18101,10
18101,202
18101,10
18101,184
18101,27
18102,216
18102,54
18103,2
18104,13
18105,3556
18105,54
18105,3556
18105,13
18106,2008
18107,12140
18107,54
18107,27
18107,429
18108,2
18108,649
18108,305
18108,281
18108,216
18108,2
18109,1280
18109,15605
18109,3
18109,1417
18110,10
18110,27
18111,27
18111,1448
18112,2712
18112,7085
18112,3857
18112,27
18112,54
18112,1324
18113,11
18113,27
18113,104
18114,10
18114,27
18114,922
18115,5792
18116,27
18116,184
18117,12483
18117,170
18117,12483
18118,128
18119,27
18119,16329
18120,7706
18121,1769
18122,27
18123,2005
18123,1720
18123,65
18123,83
18124,2296
18124,54
18124,2297
18124,2297
18124,83
18124,161
18125,4954
18126,1671
18126,742
18127,10771
18128,10
18128,27
18128,979
18129,1991
18129,6781
18130,65
18130,65
18130,65
18130,241
18131,10
18131,27
18131,124
18131,28
18132,1024
18132,27
18133,1387
18133,10
18133,112
18133,1024
18133,27
18134,5666
18134,54
18135,1676
18135,1679
18136,11
18136,27
18137,2475
18137,299
18137,299
18137,2487
18137,2487
18138,170
18138,28
18139,54
18140,27
18141,342
18141,1024
18141,27
18141,301
18141,129
18142,54
18142,54
18143,342
18143,1024
18143,27
18143,120
18144,1871
18145,12428
18145,170
18145,5278
18146,1024
18146,27
18147,10450
18147,54
18147,27
18147,556
18148,54
18148,4517
18148,5975
18148,4517
18148,5975
18148,243
18148,13
18149,13
18149,18149
18150,13
18151,27
18151,28
18152,1769
18153,1769
18154,68
18154,2378
18155,89
18155,721
18156,6733
18156,54
18156,1655
18156,14564
18157,10
18157,27
18157,28
18158,17655
18159,723
18160,170
18160,65
18161,170
18162,6851
18163,54
18163,5734
18163,5735
18163,13
18163,266
18163,2
18163,54
18163,945
18164,7333
18165,27
18165,120
18166,61
18167,10697
18167,170
18167,3
18168,54
18168,2038
18168,1626
18169,468
18169,170
18170,27
18171,2040
18172,0
18173,65
18174,3201
18174,1288
18174,1209
18175,54
18176,95
18176,1805
18176,54
18177,89
18177,124
18177,73
18177,721
18177,40
18177,1208
18178,7300
18178,2
18179,5219
18179,3
18180,1024
18180,27
18181,8125
18182,125
18182,388
18182,2378
18182,2378
18183,3642
18183,54
18184,11811
18185,54
18186,24
18186,2487
18186,511
18186,2487
18187,2280
18187,54
18187,8477
18187,10227
18187,27
18188,1693
18188,2
18189,1732
18189,54
18189,28
18190,467
18190,1344
18191,170
