edge_id,label_id
0,8
1,36
2,36
3,308
4,7
5,7
6,8
7,101
8,7
9,7
10,8
11,101
12,101
13,101
14,7
15,7
16,307
17,36
18,7
19,7
20,8
21,7
22,8
23,36
24,36
25,36
26,36
27,308
28,7
29,7
30,7
31,7
32,101
33,101
34,101
35,7
36,7
37,7
38,307
39,540
40,36
41,308
42,503
43,7
44,36
45,308
46,7
47,2
48,7
49,7
50,7
51,7
52,7
53,7
54,307
55,308
56,292
57,7
58,7
59,7
60,7
61,8
62,36
63,7
64,540
65,540
66,540
67,540
68,540
69,540
70,7
71,101
72,101
73,7
74,232
75,232
76,232
77,101
78,7
79,7
80,307
81,7
82,307
83,540
84,36
85,7
86,8
87,7
88,7
89,48
90,8
91,36
92,49
93,21
94,58
95,58
96,2
97,2
98,2
99,2
100,2
101,2
102,376
103,354
104,7
105,7
106,8
107,101
108,101
109,101
110,7
111,7
112,8
113,101
114,307
115,7
116,8
117,7
118,7
119,7
120,10
121,10
122,10
123,8
124,101
125,101
126,36
127,36
128,36
129,36
130,36
131,36
132,308
133,8
134,36
135,36
136,36
137,36
138,36
139,36
140,36
141,36
142,308
143,7
144,440
145,440
146,296
147,307
148,36
149,7
150,7
151,21
152,58
153,8
154,101
155,7
156,355
157,296
158,308
159,292
160,48
161,8
162,36
163,49
164,2
165,2
166,2
167,2
168,376
169,376
170,307
171,540
172,36
173,36
174,36
175,36
176,36
177,36
178,36
179,7
180,8
181,8
182,7
183,292
184,307
185,100
186,100
187,100
188,100
189,7
190,7
191,7
192,540
193,7
194,7
195,7
196,48
197,35
198,38
199,2
200,21
201,21
202,58
203,58
204,72
205,376
206,376
207,376
208,376
209,376
210,69
211,98
212,133
213,78
214,10
215,10
216,292
217,100
218,7
219,307
220,100
221,7
222,7
223,7
224,7
225,7
226,7
227,540
228,292
229,292
230,7
231,7
232,8
233,36
234,49
235,7
236,7
237,7
238,355
239,48
240,8
241,36
242,49
243,108
244,21
245,58
246,58
247,2
248,2
249,307
250,8
251,96
252,292
253,292
254,232
255,232
256,101
257,101
258,101
259,7
260,307
261,8
262,36
263,36
264,36
265,36
266,7
267,7
268,72
269,307
270,36
271,21
272,21
273,93
274,58
275,113
276,113
277,113
278,2
279,376
280,8
281,101
282,101
283,101
284,7
285,354
286,355
287,355
288,355
289,355
290,307
291,307
292,307
293,308
294,292
295,292
296,292
297,292
298,292
299,292
300,292
301,292
302,8
303,36
304,36
305,36
306,36
307,36
308,100
309,7
310,7
311,101
312,101
313,101
314,296
315,296
316,7
317,7
318,7
319,1
320,2
321,3
322,3
323,21
324,21
325,2
326,101
327,7
328,8
329,36
330,308
331,7
332,8
333,7
334,2
335,2
336,3
337,3
338,478
339,8
340,8
341,8
342,10
343,7
344,8
345,232
346,101
347,7
348,8
349,36
350,7
351,7
352,292
353,100
354,307
355,292
356,292
357,7
358,21
359,36
360,36
361,535
362,535
363,292
364,7
365,7
366,354
367,355
368,307
369,540
370,36
371,7
372,58
373,58
374,48
375,21
376,21
377,93
378,93
379,58
380,58
381,286
382,286
383,98
384,33
385,540
386,7
387,7
388,7
389,100
390,7
391,36
392,36
393,36
394,292
395,7
396,7
397,8
398,7
399,232
400,101
401,36
402,100
403,7
404,354
405,7
406,540
407,36
408,355
409,101
410,7
411,7
412,7
413,7
414,307
415,8
416,7
417,7
418,21
419,21
420,58
421,58
422,108
423,205
424,58
425,101
426,101
427,7
428,7
429,7
430,7
431,7
432,8
433,7
434,7
435,7
436,540
437,540
438,7
439,7
440,7
441,7
442,307
443,36
444,7
445,7
446,540
447,8
448,36
449,49
450,354
451,355
452,355
453,355
454,7
455,8
456,101
457,101
458,101
459,7
460,7
461,7
462,7
463,72
464,69
465,69
466,222
467,308
468,292
469,292
470,292
471,292
472,7
473,7
474,307
475,100
476,7
477,307
478,7
479,7
480,307
481,292
482,7
483,36
484,36
485,36
486,36
487,36
488,100
489,7
490,307
491,7
492,7
493,7
494,307
495,7
496,7
497,232
498,7
499,8
500,8
501,8
502,101
503,7
504,8
505,36
506,36
507,308
508,7
509,7
510,36
511,292
512,7
513,7
514,8
515,101
516,7
517,7
518,8
519,36
520,36
521,308
522,7
523,101
524,7
525,8
526,101
527,7
528,8
529,308
530,7
531,8
532,292
533,7
534,232
535,7
536,7
537,307
538,8
539,7
540,7
541,8
542,7
543,540
544,36
545,308
546,7
547,7
548,8
549,7
550,7
551,8
552,101
553,7
554,7
555,7
556,101
557,7
558,7
559,7
560,8
561,232
562,232
563,101
564,101
565,101
566,7
567,8
568,7
569,7
570,101
571,101
572,101
573,101
574,101
575,101
576,7
577,7
578,7
579,7
580,8
581,101
582,7
583,8
584,101
585,7
586,7
587,91
588,91
589,2
590,7
591,292
592,100
593,292
594,7
595,7
596,540
597,36
598,100
599,7
600,7
601,292
602,292
603,7
604,8
605,101
606,101
607,7
608,7
609,101
610,8
611,10
612,7
613,8
614,36
615,7
616,8
617,8
618,479
619,7
620,102
621,36
622,292
623,7
624,7
625,8
626,7
627,7
628,7
629,8
630,307
631,8
632,36
633,308
634,7
635,7
636,101
637,101
638,7
639,7
640,7
641,7
642,7
643,7
644,21
645,58
646,58
647,2
648,69
649,69
650,21
651,21
652,69
653,375
654,8
655,101
656,7
657,8
658,307
659,8
660,36
661,36
662,7
663,292
664,307
665,307
666,307
667,307
668,100
669,100
670,307
671,36
672,36
673,36
674,36
675,292
676,100
677,307
678,307
679,100
680,100
681,100
682,8
683,101
684,101
685,101
686,101
687,7
688,7
689,8
690,10
691,7
692,7
693,7
694,7
695,33
696,7
697,7
698,101
699,7
700,8
701,10
702,355
703,355
704,355
705,7
706,7
707,8
708,316
709,8
710,8
711,316
712,7
713,8
714,101
715,101
716,101
717,101
718,101
719,101
720,7
721,8
722,36
723,308
724,8
725,7
726,7
727,8
728,308
729,7
730,8
731,10
732,7
733,8
734,10
735,8
736,10
737,7
738,7
739,7
740,8
741,7
742,7
743,307
744,36
745,292
746,7
747,7
748,8
749,96
750,307
751,36
752,308
753,7
754,7
755,8
756,101
757,7
758,8
759,8
760,8
761,8
762,8
763,8
764,8
765,7
766,8
767,8
768,7
769,8
770,10
771,8
772,10
773,7
774,8
775,101
776,101
777,101
778,7
779,7
780,8
781,101
782,101
783,7
784,7
785,8
786,10
787,7
788,8
789,7
790,7
791,7
792,7
793,8
794,101
795,101
796,7
797,7
798,8
799,8
800,8
801,8
802,7
803,8
804,8
805,8
806,7
807,7
808,7
809,7
810,7
811,354
812,355
813,7
814,7
815,8
816,7
817,307
818,8
819,36
820,36
821,7
822,7
823,7
824,8
825,101
826,101
827,101
828,7
829,7
830,8
831,480
832,101
833,8
834,7
835,7
836,7
837,8
838,8
839,353
840,8
841,8
842,479
843,8
844,10
845,7
846,7
847,8
848,8
849,96
850,7
851,8
852,7
853,7
854,7
855,7
856,307
857,36
858,308
859,7
860,99
861,99
862,99
863,99
864,99
865,99
866,99
867,99
868,99
869,100
870,100
871,100
872,100
873,100
874,8
875,7
876,7
877,7
878,8
879,101
880,101
881,21
882,21
883,69
884,21
885,21
886,21
887,58
888,69
889,108
890,21
891,21
892,69
893,8
894,7
895,7
896,8
897,96
898,7
899,8
900,36
901,7
902,36
903,36
904,36
905,292
906,7
907,7
908,7
909,8
910,8
911,316
912,316
913,8
914,101
915,101
916,7
917,8
918,7
919,8
920,145
921,145
922,7
923,8
924,7
925,540
926,292
927,7
928,8
929,7
930,307
931,8
932,7
933,7
934,8
935,101
936,101
937,7
938,540
939,292
940,100
941,7
942,8
943,101
944,7
945,7
946,36
947,36
948,36
949,36
950,7
951,478
952,8
953,7
954,50
955,159
956,159
957,8
958,101
959,8
960,101
961,7
962,8
963,36
964,7
965,321
966,353
967,8
968,8
969,479
970,8
971,7
972,8
973,101
974,101
975,101
976,101
977,7
978,7
979,8
980,7
981,8
982,8
983,36
984,7
985,7
986,8
987,7
988,7
989,8
990,36
991,7
992,8
993,101
994,101
995,7
996,8
997,101
998,21
999,21
1000,69
1001,8
1002,7
1003,8
1004,101
1005,101
1006,101
1007,7
1008,7
1009,8
1010,10
1011,7
1012,101
1013,7
1014,8
1015,101
1016,101
1017,7
1018,7
1019,7
1020,478
1021,8
1022,96
1023,540
1024,7
1025,7
1026,7
1027,36
1028,292
1029,7
1030,7
1031,7
1032,8
1033,308
1034,7
1035,7
1036,8
1037,2
1038,2
1039,2
1040,2
1041,2
1042,2
1043,36
1044,292
1045,540
1046,147
1047,286
1048,8
1049,10
1050,7
1051,7
1052,2
1053,2
1054,3
1055,7
1056,307
1057,8
1058,308
1059,7
1060,8
1061,101
1062,8
1063,96
1064,8
1065,7
1066,7
1067,7
1068,8
1069,7
1070,8
1071,36
1072,7
1073,8
1074,101
1075,8
1076,7
1077,8
1078,101
1079,101
1080,108
1081,58
1082,58
1083,2
1084,2
1085,8
1086,7
1087,7
1088,7
1089,100
1090,100
1091,101
1092,7
1093,7
1094,7
1095,354
1096,355
1097,108
1098,21
1099,21
1100,128
1101,21
1102,58
1103,58
1104,69
1105,8
1106,7
1107,8
1108,101
1109,7
1110,7
1111,33
1112,101
1113,101
1114,101
1115,8
1116,7
1117,8
1118,101
1119,7
1120,7
1121,7
1122,7
1123,307
1124,540
1125,308
1126,292
1127,7
1128,7
1129,7
1130,8
1131,101
1132,101
1133,101
1134,7
1135,8
1136,8
1137,7
1138,8
1139,101
1140,8
1141,8
1142,8
1143,8
1144,10
1145,7
1146,33
1147,8
1148,101
1149,101
1150,7
1151,21
1152,21
1153,58
1154,382
1155,72
1156,8
1157,101
1158,7
1159,7
1160,7
1161,478
1162,8
1163,8
1164,7
1165,8
1166,8
1167,21
1168,2
1169,376
1170,376
1171,8
1172,8
1173,7
1174,8
1175,8
1176,232
1177,101
1178,7
1179,7
1180,8
1181,7
1182,7
1183,21
1184,58
1185,72
1186,69
1187,69
1188,21
1189,58
1190,58
1191,357
1192,8
1193,520
1194,8
1195,8
1196,7
1197,8
1198,8
1199,36
1200,49
1201,355
1202,232
1203,7
1204,99
1205,99
1206,99
1207,99
1208,99
1209,99
1210,99
1211,99
1212,99
1213,100
1214,36
1215,36
1216,100
1217,7
1218,7
1219,7
1220,8
1221,7
1222,8
1223,7
1224,7
1225,7
1226,307
1227,7
1228,7
1229,7
1230,8
1231,480
1232,7
1233,101
1234,101
1235,101
1236,101
1237,7
1238,8
1239,7
1240,540
1241,100
1242,100
1243,7
1244,8
1245,101
1246,7
1247,7
1248,8
1249,8
1250,8
1251,101
1252,101
1253,101
1254,7
1255,101
1256,69
1257,21
1258,21
1259,58
1260,58
1261,58
1262,8
1263,101
1264,7
1265,307
1266,292
1267,292
1268,292
1269,100
1270,100
1271,100
1272,108
1273,21
1274,72
1275,97
1276,8
1277,7
1278,8
1279,7
1280,8
1281,7
1282,7
1283,8
1284,10
1285,7
1286,101
1287,7
1288,7
1289,8
1290,36
1291,36
1292,7
1293,8
1294,36
1295,7
1296,8
1297,101
1298,7
1299,102
1300,7
1301,7
1302,354
1303,7
1304,101
1305,101
1306,21
1307,58
1308,286
1309,286
1310,7
1311,36
1312,292
1313,540
1314,36
1315,36
1316,36
1317,36
1318,36
1319,36
1320,292
1321,7
1322,36
1323,292
1324,8
1325,7
1326,7
1327,8
1328,478
1329,8
1330,7
1331,7
1332,7
1333,8
1334,8
1335,96
1336,33
1337,8
1338,10
1339,8
1340,232
1341,21
1342,21
1343,58
1344,98
1345,8
1346,101
1347,101
1348,540
1349,36
1350,7
1351,7
1352,540
1353,8
1354,8
1355,101
1356,8
1357,8
1358,96
1359,101
1360,7
1361,478
1362,8
1363,8
1364,8
1365,307
1366,100
1367,100
1368,8
1369,232
1370,101
1371,101
1372,101
1373,108
1374,21
1375,376
1376,69
1377,69
1378,354
1379,101
1380,21
1381,58
1382,58
1383,100
1384,100
1385,7
1386,8
1387,101
1388,7
1389,21
1390,21
1391,58
1392,344
1393,8
1394,101
1395,307
1396,36
1397,36
1398,100
1399,100
1400,7
1401,7
1402,353
1403,8
1404,479
1405,520
1406,8
1407,96
1408,478
1409,8
1410,8
1411,8
1412,479
1413,101
1414,101
1415,7
1416,7
1417,478
1418,8
1419,8
1420,8
1421,8
1422,7
1423,8
1424,101
1425,37
1426,2
1427,10
1428,10
1429,69
1430,8
1431,8
1432,232
1433,101
1434,7
1435,33
1436,8
1437,479
1438,8
1439,7
1440,8
1441,7
1442,7
1443,8
1444,478
1445,8
1446,8
1447,8
1448,8
1449,8
1450,8
1451,8
1452,10
1453,7
1454,8
1455,7
1456,7
1457,8
1458,8
1459,8
1460,33
1461,8
1462,84
1463,56
1464,56
1465,33
1466,101
1467,101
1468,7
1469,8
1470,33
1471,21
1472,21
1473,113
1474,113
1475,8
1476,7
1477,7
1478,307
1479,8
1480,480
1481,96
1482,7
1483,7
1484,8
1485,101
1486,7
1487,21
1488,21
1489,58
1490,58
1491,2
1492,72
1493,108
1494,21
1495,21
1496,93
1497,58
1498,113
1499,51
1500,377
1501,8
1502,8
1503,100
1504,100
1505,100
1506,540
1507,292
1508,8
1509,7
1510,8
1511,478
1512,8
1513,482
1514,8
1515,101
1516,353
1517,8
1518,479
1519,8
1520,101
1521,8
1522,101
1523,7
1524,36
1525,36
1526,100
1527,7
1528,7
1529,8
1530,7
1531,100
1532,7
1533,8
1534,7
1535,8
1536,8
1537,7
1538,8
1539,10
1540,7
1541,7
1542,354
1543,355
1544,355
1545,8
1546,7
1547,540
1548,540
1549,36
1550,36
1551,7
1552,7
1553,8
1554,101
1555,8
1556,101
1557,7
1558,478
1559,8
1560,8
1561,101
1562,7
1563,7
1564,8
1565,10
1566,7
1567,498
1568,498
1569,498
1570,498
1571,498
1572,498
1573,498
1574,498
1575,498
1576,8
1577,10
1578,8
1579,8
1580,8
1581,96
1582,101
1583,101
1584,7
1585,8
1586,10
1587,7
1588,8
1589,8
1590,7
1591,36
1592,100
1593,7
1594,8
1595,10
1596,7
1597,8
1598,10
1599,7
1600,8
1601,101
1602,8
1603,7
1604,7
1605,8
1606,101
1607,7
1608,8
1609,36
1610,36
1611,100
1612,100
1613,7
1614,101
1615,7
1616,8
1617,232
1618,101
1619,7
1620,8
1621,8
1622,8
1623,7
1624,307
1625,308
1626,7
1627,7
1628,8
1629,101
1630,7
1631,8
1632,10
1633,7
1634,8
1635,7
1636,7
1637,21
1638,2
1639,7
1640,7
1641,7
1642,33
1643,36
1644,36
1645,36
1646,36
1647,36
1648,36
1649,36
1650,36
1651,36
1652,36
1653,36
1654,36
1655,7
1656,7
1657,36
1658,36
1659,36
1660,36
1661,292
1662,7
1663,33
1664,36
1665,36
1666,292
1667,100
1668,100
1669,292
1670,292
1671,7
1672,7
1673,307
1674,7
1675,8
1676,7
1677,540
1678,36
1679,292
1680,354
1681,355
1682,8
1683,8
1684,8
1685,101
1686,101
1687,101
1688,101
1689,7
1690,36
1691,36
1692,36
1693,36
1694,36
1695,36
1696,36
1697,292
1698,7
1699,8
1700,101
1701,101
1702,101
1703,101
1704,7
1705,8
1706,10
1707,7
1708,101
1709,7
1710,292
1711,292
1712,33
1713,100
1714,7
1715,8
1716,101
1717,7
1718,8
1719,101
1720,292
1721,100
1722,91
1723,8
1724,289
1725,8
1726,101
1727,7
1728,8
1729,10
1730,7
1731,33
1732,101
1733,7
1734,8
1735,10
1736,8
1737,101
1738,8
1739,7
1740,101
1741,292
1742,450
1743,8
1744,7
1745,8
1746,101
1747,8
1748,8
1749,101
1750,101
1751,292
1752,292
1753,7
1754,100
1755,101
1756,36
1757,36
1758,36
1759,36
1760,36
1761,36
1762,36
1763,36
1764,7
1765,7
1766,8
1767,101
1768,7
1769,7
1770,33
1771,108
1772,21
1773,21
1774,58
1775,2
1776,382
1777,36
1778,36
1779,36
1780,36
1781,292
1782,292
1783,7
1784,101
1785,7
1786,101
1787,8
1788,101
1789,7
1790,8
1791,101
1792,7
1793,21
1794,101
1795,7
1796,7
1797,36
1798,36
1799,99
1800,99
1801,99
1802,99
1803,99
1804,99
1805,99
1806,99
1807,100
1808,7
1809,7
1810,7
1811,8
1812,10
1813,101
1814,101
1815,101
1816,7
1817,205
1818,21
1819,21
1820,21
1821,58
1822,58
1823,8
1824,101
1825,8
1826,101
1827,8
1828,101
1829,33
1830,8
1831,101
1832,101
1833,7
1834,8
1835,101
1836,8
1837,8
1838,101
1839,478
1840,8
1841,8
1842,8
1843,108
1844,58
1845,8
1846,101
1847,7
1848,21
1849,58
1850,58
1851,2
1852,69
1853,69
1854,101
1855,101
1856,7
1857,8
1858,7
1859,7
1860,8
1861,480
1862,8
1863,101
1864,101
1865,7
1866,292
1867,7
1868,7
1869,353
1870,8
1871,8
1872,479
1873,307
1874,292
1875,100
1876,100
1877,8
1878,101
1879,101
1880,292
1881,292
1882,292
1883,478
1884,8
1885,7
1886,478
1887,8
1888,96
1889,7
1890,8
1891,8
1892,101
1893,7
1894,7
1895,8
1896,101
1897,7
1898,7
1899,21
1900,72
1901,8
1902,8
1903,8
1904,101
1905,101
1906,36
1907,99
1908,99
1909,99
1910,99
1911,99
1912,99
1913,99
1914,99
1915,99
1916,100
1917,100
1918,100
1919,100
1920,21
1921,21
1922,58
1923,8
1924,8
1925,479
1926,101
1927,101
1928,7
1929,72
1930,8
1931,7
1932,21
1933,69
1934,69
1935,69
1936,8
1937,101
1938,7
1939,8
1940,8
1941,7
1942,36
1943,99
1944,99
1945,99
1946,99
1947,99
1948,99
1949,99
1950,99
1951,100
1952,100
1953,353
1954,8
1955,479
1956,7
1957,8
1958,8
1959,8
1960,101
1961,8
1962,232
1963,101
1964,7
1965,8
1966,7
1967,8
1968,8
1969,8
1970,353
1971,8
1972,8
1973,8
1974,8
1975,8
1976,101
1977,101
1978,101
1979,7
1980,101
1981,101
1982,7
1983,478
1984,8
1985,478
1986,8
1987,7
1988,478
1989,8
1990,7
1991,7
1992,8
1993,8
1994,478
1995,8
1996,8
1997,482
1998,8
1999,101
2000,101
2001,101
2002,7
2003,7
2004,101
2005,101
2006,7
2007,307
2008,100
2009,8
2010,232
2011,232
2012,101
2013,7
2014,7
2015,36
2016,7
2017,7
2018,8
2019,8
2020,122
2021,8
2022,8
2023,8
2024,8
2025,479
2026,101
2027,101
2028,58
2029,8
2030,8
2031,7
2032,7
2033,478
2034,8
2035,478
2036,8
2037,7
2038,353
2039,8
2040,8
2041,479
2042,8
2043,8
2044,478
2045,8
2046,96
2047,478
2048,8
2049,8
2050,8
2051,8
2052,478
2053,8
2054,8
2055,478
2056,8
2057,8
2058,96
2059,7
2060,8
2061,101
2062,101
2063,101
2064,101
2065,7
2066,7
2067,8
2068,45
2069,2
2070,353
2071,8
2072,36
2073,7
2074,8
2075,10
2076,7
2077,8
2078,101
2079,8
2080,101
2081,108
2082,21
2083,7
2084,8
2085,101
2086,101
2087,101
2088,8
2089,101
2090,7
2091,8
2092,10
2093,7
2094,540
2095,36
2096,36
2097,36
2098,308
2099,8
2100,101
2101,7
2102,8
2103,101
2104,7
2105,8
2106,101
2107,7
2108,8
2109,101
2110,292
2111,7
2112,7
2113,8
2114,8
2115,7
2116,8
2117,232
2118,7
2119,8
2120,101
2121,8
2122,101
2123,101
2124,101
2125,101
2126,7
2127,7
2128,8
2129,8
2130,8
2131,7
2132,7
2133,7
2134,7
2135,8
2136,101
2137,101
2138,101
2139,8
2140,10
2141,478
2142,8
2143,7
2144,7
2145,113
2146,113
2147,8
2148,7
2149,7
2150,8
2151,10
2152,101
2153,101
2154,101
2155,7
2156,8
2157,101
2158,7
2159,8
2160,101
2161,8
2162,7
2163,21
2164,21
2165,7
2166,355
2167,8
2168,7
2169,8
2170,101
2171,101
2172,8
2173,101
2174,8
2175,8
2176,482
2177,8
2178,101
2179,7
2180,7
2181,8
2182,101
2183,101
2184,7
2185,36
2186,99
2187,99
2188,99
2189,99
2190,99
2191,99
2192,99
2193,99
2194,99
2195,99
2196,8
2197,8
2198,7
2199,7
2200,8
2201,8
2202,8
2203,7
2204,7
2205,7
2206,8
2207,101
2208,101
2209,7
2210,289
2211,8
2212,8
2213,478
2214,8
2215,101
2216,101
2217,8
2218,232
2219,101
2220,7
2221,8
2222,101
2223,101
2224,7
2225,8
2226,8
2227,7
2228,8
2229,96
2230,7
2231,8
2232,101
2233,7
2234,8
2235,101
2236,7
2237,36
2238,36
2239,7
2240,7
2241,7
2242,8
2243,96
2244,8
2245,101
2246,101
2247,7
2248,8
2249,10
2250,8
2251,7
2252,101
2253,101
2254,7
2255,292
2256,292
2257,8
2258,101
2259,101
2260,101
2261,7
2262,8
2263,101
2264,7
2265,8
2266,101
2267,8
2268,101
2269,8
2270,8
2271,96
2272,478
2273,8
2274,7
2275,8
2276,101
2277,101
2278,7
2279,101
2280,101
2281,7
2282,292
2283,7
2284,8
2285,101
2286,101
2287,7
2288,8
2289,480
2290,96
2291,101
2292,7
2293,520
2294,8
2295,7
2296,8
2297,7
2298,7
2299,108
2300,108
2301,21
2302,21
2303,113
2304,232
2305,101
2306,7
2307,101
2308,101
2309,8
2310,96
2311,7
2312,21
2313,21
2314,8
2315,101
2316,101
2317,101
2318,101
2319,101
2320,101
2321,7
2322,478
2323,8
2324,8
2325,8
2326,8
2327,96
2328,7
2329,353
2330,8
2331,479
2332,8
2333,101
2334,101
2335,8
2336,101
2337,8
2338,101
2339,8
2340,101
2341,7
2342,8
2343,36
2344,36
2345,36
2346,36
2347,36
2348,36
2349,36
2350,99
2351,99
2352,99
2353,99
2354,99
2355,99
2356,99
2357,99
2358,100
2359,100
2360,100
2361,100
2362,100
2363,100
2364,7
2365,8
2366,101
2367,8
2368,91
2369,36
2370,8
2371,101
2372,7
2373,101
2374,8
2375,96
2376,7
2377,8
2378,8
2379,101
2380,101
2381,8
2382,101
2383,8
2384,10
2385,8
2386,101
2387,7
2388,8
2389,101
2390,8
2391,101
2392,101
2393,7
2394,7
2395,101
2396,7
2397,36
2398,7
2399,36
2400,36
2401,36
2402,36
2403,36
2404,7
2405,33
2406,8
2407,101
2408,101
2409,8
2410,101
2411,8
2412,7
2413,7
2414,7
2415,21
2416,69
2417,478
2418,8
2419,8
2420,10
2421,7
2422,8
2423,10
2424,161
2425,8
2426,8
2427,36
2428,49
2429,47
2430,30
2431,8
2432,101
2433,79
2434,79
2435,8
2436,14
2437,36
2438,26
2439,72
2440,478
2441,8
2442,8
2443,21
2444,69
2445,108
2446,72
2447,69
2448,69
2449,69
2450,25
2451,26
2452,21
2453,21
2454,58
2455,58
2456,128
2457,128
2458,128
2459,128
2460,108
2461,21
2462,21
2463,2
2464,8
2465,101
2466,8
2467,480
2468,96
2469,8
2470,96
2471,8
2472,8
2473,7
2474,8
2475,10
2476,7
2477,7
2478,8
2479,101
2480,101
2481,7
2482,498
2483,498
2484,355
2485,355
2486,7
2487,8
2488,101
2489,108
2490,21
2491,58
2492,58
2493,286
2494,286
2495,101
2496,101
2497,101
2498,8
2499,10
2500,7
2501,33
2502,8
2503,8
2504,38
2505,45
2506,45
2507,2
2508,29
2509,108
2510,21
2511,69
2512,205
2513,205
2514,205
2515,205
2516,45
2517,45
2518,45
2519,45
2520,2
2521,2
2522,10
2523,10
2524,10
2525,10
2526,17
2527,30
2528,45
2529,45
2530,45
2531,2
2532,2
2533,10
2534,29
2535,30
2536,205
2537,21
2538,21
2539,21
2540,69
2541,38
2542,2
2543,2
2544,34
2545,21
2546,21
2547,58
2548,58
2549,72
2550,69
2551,69
2552,69
2553,354
2554,355
2555,355
2556,354
2557,355
2558,8
2559,101
2560,101
2561,7
2562,7
2563,7
2564,8
2565,8
2566,72
2567,36
2568,49
2569,21
2570,113
2571,69
2572,128
2573,128
2574,21
2575,72
2576,69
2577,69
2578,97
2579,97
2580,128
2581,8
2582,8
2583,8
2584,8
2585,96
2586,7
2587,21
2588,21
2589,8
2590,58
2591,520
2592,8
2593,33
2594,8
2595,10
2596,7
2597,354
2598,355
2599,8
2600,101
2601,478
2602,8
2603,482
2604,8
2605,49
2606,478
2607,8
2608,7
2609,7
2610,8
2611,96
2612,8
2613,101
2614,101
2615,7
2616,8
2617,8
2618,8
2619,8
2620,8
2621,7
2622,8
2623,8
2624,122
2625,8
2626,96
2627,478
2628,8
2629,8
2630,101
2631,101
2632,101
2633,7
2634,7
2635,478
2636,8
2637,289
2638,520
2639,520
2640,8
2641,8
2642,101
2643,101
2644,33
2645,2
2646,8
2647,101
2648,101
2649,128
2650,128
2651,128
2652,128
2653,8
2654,8
2655,8
2656,101
2657,7
2658,21
2659,21
2660,93
2661,58
2662,520
2663,8
2664,8
2665,101
2666,478
2667,8
2668,8
2669,101
2670,101
2671,8
2672,8
2673,101
2674,8
2675,480
2676,96
2677,8
2678,8
2679,8
2680,7
2681,108
2682,21
2683,376
2684,69
2685,69
2686,21
2687,72
2688,69
2689,520
2690,8
2691,8
2692,96
2693,8
2694,36
2695,8
2696,8
2697,8
2698,8
2699,96
2700,478
2701,8
2702,91
2703,8
2704,289
2705,58
2706,58
2707,69
2708,8
2709,8
2710,48
2711,8
2712,8
2713,21
2714,21
2715,58
2716,8
2717,96
2718,7
2719,8
2720,8
2721,8
2722,520
2723,8
2724,96
2725,8
2726,8
2727,101
2728,101
2729,8
2730,8
2731,8
2732,464
2733,108
2734,21
2735,58
2736,36
2737,382
2738,376
2739,376
2740,69
2741,69
2742,21
2743,21
2744,93
2745,58
2746,2
2747,2
2748,382
2749,376
2750,128
2751,286
2752,286
2753,8
2754,10
2755,7
2756,8
2757,8
2758,96
2759,91
2760,8
2761,72
2762,8
2763,232
2764,232
2765,2
2766,72
2767,8
2768,2
2769,8
2770,232
2771,8
2772,101
2773,101
2774,8
2775,8
2776,478
2777,8
2778,8
2779,8
2780,8
2781,289
2782,7
2783,7
2784,48
2785,8
2786,36
2787,49
2788,21
2789,21
2790,478
2791,8
2792,8
2793,96
2794,520
2795,8
2796,96
2797,8
2798,101
2799,101
2800,7
2801,7
2802,19
2803,20
2804,21
2805,21
2806,2
2807,205
2808,2
2809,2
2810,376
2811,376
2812,69
2813,101
2814,101
2815,101
2816,520
2817,8
2818,96
2819,8
2820,8
2821,96
2822,7
2823,8
2824,8
2825,8
2826,21
2827,344
2828,286
2829,8
2830,101
2831,101
2832,97
2833,128
2834,128
2835,128
2836,128
2837,7
2838,8
2839,101
2840,101
2841,101
2842,8
2843,8
2844,478
2845,8
2846,7
2847,101
2848,7
2849,7
2850,8
2851,8
2852,7
2853,8
2854,101
2855,8
2856,520
2857,8
2858,96
2859,8
2860,8
2861,8
2862,8
2863,8
2864,8
2865,8
2866,520
2867,8
2868,101
2869,101
2870,8
2871,100
2872,100
2873,353
2874,8
2875,8
2876,479
2877,7
2878,108
2879,21
2880,21
2881,2
2882,2
2883,2
2884,376
2885,128
2886,38
2887,72
2888,520
2889,8
2890,8
2891,96
2892,7
2893,478
2894,8
2895,8
2896,10
2897,7
2898,7
2899,7
2900,7
2901,8
2902,101
2903,8
2904,8
2905,101
2906,8
2907,8
2908,8
2909,8
2910,353
2911,8
2912,2
2913,17
2914,17
2915,2
2916,10
2917,10
2918,2
2919,8
2920,36
2921,99
2922,99
2923,99
2924,99
2925,99
2926,99
2927,99
2928,99
2929,99
2930,99
2931,17
2932,17
2933,100
2934,7
2935,33
2936,8
2937,8
2938,96
2939,8
2940,8
2941,480
2942,8
2943,520
2944,8
2945,96
2946,8
2947,96
2948,8
2949,8
2950,316
2951,478
2952,8
2953,7
2954,7
2955,8
2956,101
2957,10
2958,10
2959,10
2960,8
2961,8
2962,96
2963,8
2964,8
2965,8
2966,8
2967,101
2968,7
2969,355
2970,355
2971,8
2972,96
2973,58
2974,72
2975,69
2976,287
2977,21
2978,2
2979,58
2980,58
2981,58
2982,2
2983,2
2984,72
2985,8
2986,96
2987,8
2988,101
2989,520
2990,8
2991,8
2992,8
2993,122
2994,8
2995,2
2996,72
2997,8
2998,101
2999,232
3000,101
3001,101
3002,8
3003,8
3004,7
3005,8
3006,8
3007,96
3008,8
3009,101
3010,7
3011,91
3012,289
3013,48
3014,8
3015,36
3016,49
3017,21
3018,2
3019,2
3020,21
3021,93
3022,58
3023,58
3024,344
3025,91
3026,91
3027,8
3028,289
3029,289
3030,8
3031,8
3032,8
3033,7
3034,355
3035,355
3036,108
3037,21
3038,21
3039,58
3040,58
3041,2
3042,69
3043,8
3044,8
3045,8
3046,7
3047,8
3048,8
3049,478
3050,8
3051,8
3052,8
3053,8
3054,8
3055,8
3056,8
3057,478
3058,8
3059,8
3060,8
3061,8
3062,8
3063,8
3064,8
3065,36
3066,99
3067,99
3068,99
3069,99
3070,101
3071,8
3072,8
3073,7
3074,178
3075,401
3076,91
3077,101
3078,101
3079,8
3080,101
3081,100
3082,100
3083,100
3084,100
3085,91
3086,8
3087,289
3088,72
3089,91
3090,8
3091,8
3092,101
3093,21
3094,307
3095,102
3096,7
3097,7
3098,36
3099,36
3100,36
3101,36
3102,36
3103,99
3104,99
3105,99
3106,99
3107,99
3108,99
3109,99
3110,99
3111,100
3112,100
3113,100
3114,100
3115,108
3116,21
3117,93
3118,58
3119,58
3120,113
3121,33
3122,520
3123,520
3124,8
3125,108
3126,21
3127,58
3128,114
3129,97
3130,8
3131,8
3132,7
3133,91
3134,9
3135,100
3136,8
3137,101
3138,307
3139,100
3140,100
3141,8
3142,101
3143,8
3144,8
3145,7
3146,7
3147,101
3148,36
3149,99
3150,99
3151,99
3152,99
3153,99
3154,99
3155,99
3156,100
3157,100
3158,100
3159,100
3160,100
3161,100
3162,72
3163,33
3164,8
3165,91
3166,8
3167,8
3168,289
3169,91
3170,8
3171,289
3172,8
3173,101
3174,108
3175,58
3176,113
3177,358
3178,383
3179,179
3180,10
3181,403
3182,7
3183,100
3184,21
3185,58
3186,100
3187,98
3188,93
3189,93
3190,93
3191,58
3192,98
3193,21
3194,100
3195,7
3196,7
3197,8
3198,289
3199,7
3200,8
3201,99
3202,99
3203,99
3204,99
3205,99
3206,99
3207,99
3208,99
3209,99
3210,99
3211,7
3212,7
3213,7
3214,8
3215,8
3216,179
3217,528
3218,403
3219,91
3220,7
3221,91
3222,289
3223,91
3224,8
3225,308
3226,289
3227,520
3228,8
3229,8
3230,101
3231,8
3232,101
3233,91
3234,8
3235,8
3236,8
3237,289
3238,8
3239,101
3240,91
3241,289
3242,8
3243,101
3244,101
3245,7
3246,7
3247,179
3248,528
3249,403
3250,91
3251,7
3252,7
3253,91
3254,8
3255,8
3256,101
3257,7
3258,7
3259,478
3260,8
3261,33
3262,8
3263,101
3264,7
3265,8
3266,101
3267,101
3268,33
3269,108
3270,21
3271,58
3272,128
3273,179
3274,403
3275,8
3276,8
3277,8
3278,7
3279,7
3280,21
3281,58
3282,8
3283,10
3284,7
3285,8
3286,289
3287,8
3288,101
3289,33
3290,21
3291,7
3292,8
3293,101
3294,7
3295,91
3296,8
3297,8
3298,58
3299,69
3300,286
3301,8
3302,8
3303,8
3304,101
3305,101
3306,101
3307,7
3308,7
3309,7
3310,8
3311,101
3312,401
3313,7
3314,8
3315,480
3316,8
3317,289
3318,7
3319,7
3320,7
3321,33
3322,178
3323,401
3324,91
3325,8
3326,101
3327,21
3328,58
3329,7
3330,33
3331,33
3332,33
3333,33
3334,8
3335,101
3336,21
3337,21
3338,58
3339,58
3340,131
3341,131
3342,131
3343,131
3344,94
3345,94
3346,94
3347,94
3348,96
3349,130
3350,130
3351,130
3352,130
3353,131
3354,131
3355,131
3356,131
3357,131
3358,94
3359,94
3360,94
3361,96
3362,21
3363,58
3364,130
3365,130
3366,130
3367,130
3368,130
3369,130
3370,130
3371,131
3372,131
3373,94
3374,94
3375,94
3376,94
3377,94
3378,96
3379,21
3380,21
3381,58
3382,58
3383,130
3384,130
3385,130
3386,130
3387,131
3388,131
3389,94
3390,94
3391,94
3392,94
3393,94
3394,94
3395,96
3396,21
3397,58
3398,286
3399,36
3400,36
3401,36
3402,36
3403,36
3404,99
3405,99
3406,99
3407,99
3408,99
3409,99
3410,99
3411,8
3412,8
3413,108
3414,2
3415,72
3416,224
3417,91
3418,36
3419,99
3420,99
3421,99
3422,99
3423,99
3424,99
3425,99
3426,99
3427,99
3428,100
3429,8
3430,289
3431,8
3432,101
3433,101
3434,7
3435,7
3436,91
3437,8
3438,289
3439,8
3440,101
3441,7
3442,21
3443,21
3444,2
3445,2
3446,72
3447,69
3448,8
3449,101
3450,21
3451,21
3452,58
3453,98
3454,8
3455,8
3456,101
3457,8
3458,21
3459,21
3460,58
3461,2
3462,8
3463,8
3464,7
3465,7
3466,8
3467,10
3468,7
3469,7
3470,36
3471,36
3472,36
3473,99
3474,99
3475,99
3476,99
3477,99
3478,99
3479,99
3480,99
3481,99
3482,99
3483,99
3484,99
3485,17
3486,17
3487,17
3488,17
3489,17
3490,17
3491,100
3492,7
3493,7
3494,7
3495,7
3496,8
3497,101
3498,21
3499,21
3500,58
3501,344
3502,344
3503,33
3504,108
3505,21
3506,58
3507,113
3508,2
3509,2
3510,2
3511,128
3512,128
3513,286
3514,336
3515,100
3516,100
3517,8
3518,33
3519,8
3520,96
3521,8
3522,101
3523,7
3524,179
3525,403
3526,7
3527,72
3528,21
3529,21
3530,58
3531,69
3532,69
3533,8
3534,8
3535,101
3536,72
3537,21
3538,58
3539,58
3540,2
3541,72
3542,101
3543,7
3544,7
3545,7
3546,7
3547,58
3548,36
3549,72
3550,128
3551,128
3552,128
3553,72
3554,21
3555,21
3556,21
3557,58
3558,72
3559,21
3560,58
3561,58
3562,286
3563,8
3564,10
3565,10
3566,8
3567,316
3568,100
3569,289
3570,91
3571,108
3572,21
3573,21
3574,58
3575,128
3576,128
3577,128
3578,286
3579,108
3580,21
3581,58
3582,344
3583,344
3584,344
3585,8
3586,232
3587,8
3588,289
3589,91
3590,289
3591,91
3592,8
3593,100
3594,36
3595,36
3596,36
3597,99
3598,99
3599,99
3600,99
3601,99
3602,99
3603,17
3604,17
3605,100
3606,100
3607,100
3608,100
3609,100
3610,100
3611,8
3612,316
3613,100
3614,179
3615,403
3616,91
3617,100
3618,8
3619,8
3620,101
3621,8
3622,8
3623,53
3624,108
3625,21
3626,58
3627,58
3628,8
3629,232
3630,101
3631,7
3632,91
3633,8
3634,91
3635,8
3636,289
3637,99
3638,99
3639,99
3640,99
3641,99
3642,99
3643,99
3644,99
3645,99
3646,100
3647,205
3648,21
3649,58
3650,58
3651,91
3652,8
3653,101
3654,100
3655,100
3656,100
3657,100
3658,36
3659,36
3660,8
3661,101
3662,8
3663,289
3664,8
3665,289
3666,179
3667,528
3668,403
3669,7
3670,179
3671,403
3672,108
3673,21
3674,21
3675,58
3676,58
3677,113
3678,113
3679,69
3680,8
3681,316
3682,100
3683,91
3684,316
3685,100
3686,58
3687,58
3688,8
3689,8
3690,36
3691,179
3692,528
3693,403
3694,7
3695,8
3696,72
3697,69
3698,69
3699,99
3700,99
3701,99
3702,99
3703,99
3704,99
3705,99
3706,100
3707,91
3708,289
3709,99
3710,99
3711,99
3712,99
3713,99
3714,99
3715,99
3716,17
3717,100
3718,100
3719,100
3720,7
3721,7
3722,7
3723,7
3724,7
3725,7
3726,7
3727,7
3728,7
3729,36
3730,100
3731,8
3732,101
3733,520
3734,8
3735,8
3736,101
3737,179
3738,528
3739,403
3740,7
3741,91
3742,91
3743,8
3744,8
3745,8
3746,8
3747,101
3748,478
3749,8
3750,96
3751,2
3752,2
3753,2
3754,2
3755,2
3756,8
3757,96
3758,7
3759,478
3760,8
3761,520
3762,8
3763,8
3764,8
3765,8
3766,8
3767,8
3768,8
3769,8
3770,8
3771,101
3772,101
3773,101
3774,101
3775,7
3776,8
3777,8
3778,478
3779,8
3780,8
3781,8
3782,8
3783,8
3784,8
3785,8
3786,8
3787,8
3788,8
3789,8
3790,8
3791,8
3792,96
3793,8
3794,8
3795,96
3796,8
3797,8
3798,96
3799,8
3800,8
3801,96
3802,478
3803,8
3804,96
3805,478
3806,8
3807,520
3808,520
3809,8
3810,8
3811,96
3812,520
3813,8
3814,96
3815,520
3816,8
3817,96
3818,8
3819,8
3820,8
3821,8
3822,8
3823,8
3824,96
3825,520
3826,8
3827,8
3828,8
3829,8
3830,7
3831,8
3832,8
3833,8
3834,8
3835,122
3836,8
3837,8
3838,8
3839,8
3840,8
3841,122
3842,8
3843,8
3844,316
3845,7
3846,8
3847,8
3848,8
3849,101
3850,101
3851,8
3852,8
3853,8
3854,478
3855,8
3856,8
3857,96
3858,7
3859,8
3860,7
3861,8
3862,8
3863,8
3864,8
3865,96
3866,8
3867,8
3868,101
3869,33
3870,8
3871,8
3872,316
3873,8
3874,101
3875,101
3876,101
3877,478
3878,8
3879,478
3880,8
3881,8
3882,8
3883,8
3884,96
3885,478
3886,8
3887,8
3888,8
3889,96
3890,478
3891,8
3892,8
3893,8
3894,316
3895,101
3896,520
3897,8
3898,8
3899,8
3900,8
3901,8
3902,8
3903,8
3904,8
3905,8
3906,8
3907,8
3908,482
3909,8
3910,8
3911,482
3912,8
3913,8
3914,8
3915,8
3916,8
3917,478
3918,8
3919,478
3920,8
3921,8
3922,482
3923,8
3924,8
3925,478
3926,8
3927,8
3928,8
3929,8
3930,8
3931,8
3932,10
3933,7
3934,33
3935,8
3936,316
3937,8
3938,8
3939,482
3940,478
3941,8
3942,8
3943,482
3944,7
3945,478
3946,8
3947,8
3948,482
3949,478
3950,8
3951,8
3952,8
3953,8
3954,480
3955,96
3956,8
3957,478
3958,8
3959,7
3960,478
3961,8
3962,478
3963,8
3964,8
3965,8
3966,101
3967,101
3968,101
3969,8
3970,101
3971,101
3972,478
3973,8
3974,8
3975,482
3976,8
3977,480
3978,8
3979,480
3980,7
3981,8
3982,8
3983,8
3984,8
3985,8
3986,101
3987,101
3988,8
3989,8
3990,478
3991,8
3992,8
3993,8
3994,8
3995,96
3996,8
3997,8
3998,96
3999,8
4000,8
4001,96
4002,8
4003,8
4004,480
4005,8
4006,8
4007,8
4008,480
4009,7
4010,8
4011,7
4012,7
4013,8
4014,101
4015,101
4016,101
4017,8
4018,8
4019,479
4020,353
4021,8
4022,353
4023,8
4024,8
4025,479
4026,8
4027,8
4028,353
4029,8
4030,8
4031,479
4032,353
4033,8
4034,479
4035,21
4036,21
4037,21
4038,58
4039,21
4040,2
4041,2
4042,2
4043,2
4044,2
4045,376
4046,376
4047,7
4048,58
4049,8
4050,36
4051,36
4052,36
4053,36
4054,36
4055,36
4056,36
4057,36
4058,36
4059,36
4060,36
4061,8
4062,101
4063,101
4064,101
4065,101
4066,101
4067,8
4068,101
4069,101
4070,101
4071,8
4072,101
4073,21
4074,8
4075,101
4076,101
4077,7
4078,8
4079,101
4080,7
4081,520
4082,8
4083,8
4084,101
4085,10
4086,10
4087,101
4088,101
4089,182
4090,8
4091,36
4092,47
4093,8
4094,8
4095,7
4096,289
4097,21
4098,21
4099,58
4100,58
4101,2
4102,8
4103,101
4104,7
4105,232
4106,101
4107,7
4108,101
4109,101
4110,7
4111,7
4112,8
4113,101
4114,8
4115,7
4116,7
4117,8
4118,8
4119,101
4120,101
4121,101
4122,101
4123,355
4124,355
4125,101
4126,8
4127,7
4128,7
4129,7
4130,8
4131,101
4132,7
4133,478
4134,8
4135,8
4136,100
4137,8
4138,101
4139,7
4140,91
4141,7
4142,26
4143,21
4144,21
4145,58
4146,58
4147,2
4148,21
4149,58
4150,58
4151,72
4152,69
4153,48
4154,8
4155,36
4156,49
4157,49
4158,49
4159,2
4160,2
4161,2
4162,36
4163,72
4164,108
4165,21
4166,21
4167,58
4168,2
4169,21
4170,128
4171,7
4172,7
4173,21
4174,58
4175,286
4176,21
4177,376
4178,69
4179,69
4180,108
4181,21
4182,2
4183,10
4184,388
4185,58
4186,58
4187,72
4188,376
4189,376
4190,21
4191,93
4192,93
4193,58
4194,128
4195,98
4196,21
4197,21
4198,93
4199,58
4200,58
4201,376
4202,48
4203,2
4204,73
4205,108
4206,21
4207,21
4208,93
4209,58
4210,58
4211,382
4212,376
4213,376
4214,376
4215,376
4216,286
4217,76
4218,98
4219,7
4220,21
4221,69
4222,21
4223,58
4224,100
4225,7
4226,7
4227,108
4228,108
4229,21
4230,21
4231,58
4232,58
4233,12
4234,36
4235,21
4236,21
4237,58
4238,128
4239,48
4240,8
4241,30
4242,21
4243,58
4244,58
4245,48
4246,8
4247,29
4248,58
4249,2
4250,2
4251,72
4252,8
4253,36
4254,49
4255,21
4256,21
4257,58
4258,58
4259,36
4260,72
4261,21
4262,58
4263,12
4264,23
4265,36
4266,26
4267,21
4268,93
4269,98
4270,98
4271,21
4272,93
4273,58
4274,58
4275,98
4276,8
4277,36
4278,49
4279,21
4280,21
4281,2
4282,48
4283,36
4284,29
4285,205
4286,205
4287,21
4288,58
4289,48
4290,36
4291,21
4292,21
4293,58
4294,98
4295,8
4296,36
4297,49
4298,49
4299,8
4300,8
4301,49
4302,21
4303,58
4304,72
4305,69
4306,69
4307,98
4308,287
4309,8
4310,36
4311,49
4312,21
4313,58
4314,58
4315,113
4316,2
4317,21
4318,21
4319,93
4320,21
4321,21
4322,58
4323,58
4324,113
4325,2
4326,2
4327,2
4328,354
4329,355
4330,355
4331,355
4332,355
4333,355
4334,7
4335,8
4336,49
4337,21
4338,58
4339,108
4340,108
4341,108
4342,58
4343,108
4344,21
4345,376
4346,376
4347,128
4348,128
4349,21
4350,93
4351,93
4352,93
4353,93
4354,93
4355,93
4356,93
4357,58
4358,375
4359,286
4360,286
4361,98
4362,21
4363,382
4364,8
4365,21
4366,21
4367,93
4368,93
4369,93
4370,93
4371,58
4372,58
4373,48
4374,2
4375,74
4376,48
4377,2
4378,74
4379,74
4380,8
4381,48
4382,8
4383,2
4384,2
4385,21
4386,21
4387,21
4388,21
4389,97
4390,97
4391,108
4392,21
4393,98
4394,21
4395,128
4396,7
4397,72
4398,72
4399,69
4400,69
4401,72
4402,8
4403,36
4404,21
4405,21
4406,58
4407,58
4408,2
4409,2
4410,21
4411,72
4412,376
4413,376
4414,376
4415,69
4416,69
4417,69
4418,21
4419,26
4420,21
4421,58
4422,2
4423,2
4424,2
4425,69
4426,48
4427,49
4428,49
4429,7
4430,108
4431,108
4432,21
4433,21
4434,72
4435,69
4436,98
4437,287
4438,108
4439,21
4440,93
4441,58
4442,2
4443,2
4444,2
4445,69
4446,33
4447,49
4448,49
4449,68
4450,8
4451,36
4452,49
4453,72
4454,36
4455,49
4456,47
4457,108
4458,21
4459,21
4460,2
4461,48
4462,36
4463,29
4464,205
4465,21
4466,58
4467,58
4468,376
4469,376
4470,48
4471,36
4472,29
4473,21
4474,21
4475,58
4476,286
4477,286
4478,98
4479,21
4480,2
4481,2
4482,48
4483,8
4484,108
4485,205
4486,21
4487,69
4488,36
4489,25
4490,108
4491,108
4492,21
4493,21
4494,21
4495,58
4496,58
4497,58
4498,2
4499,2
4500,72
4501,69
4502,21
4503,113
4504,2
4505,2
4506,48
4507,74
4508,21
4509,2
4510,21
4511,21
4512,21
4513,108
4514,21
4515,376
4516,376
4517,21
4518,21
4519,58
4520,58
4521,21
4522,21
4523,2
4524,2
4525,21
4526,58
4527,58
4528,98
4529,108
4530,21
4531,2
4532,2
4533,2
4534,48
4535,8
4536,36
4537,49
4538,8
4539,36
4540,72
4541,21
4542,21
4543,21
4544,58
4545,58
4546,58
4547,72
4548,69
4549,128
4550,128
4551,98
4552,21
4553,21
4554,58
4555,58
4556,382
4557,382
4558,98
4559,21
4560,58
4561,113
4562,21
4563,58
4564,58
4565,72
4566,21
4567,388
4568,388
4569,58
4570,2
4571,36
4572,48
4573,108
4574,21
4575,21
4576,93
4577,93
4578,58
4579,58
4580,376
4581,376
4582,376
4583,376
4584,376
4585,376
4586,376
4587,376
4588,376
4589,376
4590,376
4591,376
4592,376
4593,101
4594,2
4595,108
4596,21
4597,21
4598,382
4599,376
4600,376
4601,376
4602,48
4603,36
4604,49
4605,108
4606,205
4607,21
4608,58
4609,2
4610,48
4611,8
4612,36
4613,49
4614,48
4615,8
4616,36
4617,49
4618,21
4619,93
4620,58
4621,2
4622,2
4623,10
4624,10
4625,8
4626,36
4627,49
4628,49
4629,29
4630,21
4631,58
4632,108
4633,58
4634,2
4635,2
4636,2
4637,2
4638,376
4639,69
4640,69
4641,48
4642,49
4643,8
4644,49
4645,21
4646,21
4647,2
4648,2
4649,21
4650,93
4651,58
4652,58
4653,98
4654,108
4655,21
4656,58
4657,2
4658,36
4659,48
4660,8
4661,21
4662,58
4663,2
4664,2
4665,382
4666,69
4667,69
4668,21
4669,21
4670,2
4671,2
4672,8
4673,72
4674,8
4675,36
4676,49
4677,29
4678,21
4679,21
4680,2
4681,2
4682,21
4683,58
4684,58
4685,48
4686,21
4687,21
4688,58
4689,58
4690,2
4691,2
4692,2
4693,2
4694,2
4695,2
4696,376
4697,376
4698,376
4699,286
4700,286
4701,357
4702,11
4703,26
4704,21
4705,114
4706,72
4707,69
4708,286
4709,2
4710,2
4711,2
4712,21
4713,2
4714,72
4715,376
4716,72
4717,8
4718,21
4719,21
4720,58
4721,69
4722,21
4723,58
4724,58
4725,2
4726,2
4727,2
4728,2
4729,72
4730,69
4731,8
4732,2
4733,2
4734,21
4735,93
4736,93
4737,58
4738,128
4739,98
4740,108
4741,205
4742,21
4743,93
4744,93
4745,58
4746,113
4747,113
4748,376
4749,69
4750,69
4751,69
4752,98
4753,8
4754,36
4755,47
4756,36
4757,49
4758,21
4759,21
4760,58
4761,376
4762,376
4763,98
4764,108
4765,21
4766,21
4767,48
4768,35
4769,22
4770,2
4771,15
4772,18
4773,21
4774,21
4775,376
4776,376
4777,376
4778,376
4779,376
4780,376
4781,376
4782,376
4783,69
4784,357
4785,21
4786,58
4787,58
4788,203
4789,8
4790,36
4791,49
4792,21
4793,58
4794,72
4795,21
4796,21
4797,21
4798,69
4799,21
4800,21
4801,58
4802,376
4803,21
4804,21
4805,21
4806,58
4807,58
4808,113
4809,98
4810,72
4811,48
4812,8
4813,21
4814,72
4815,130
4816,130
4817,130
4818,130
4819,130
4820,131
4821,96
4822,21
4823,21
4824,21
4825,113
4826,21
4827,21
4828,93
4829,93
4830,58
4831,21
4832,58
4833,48
4834,49
4835,49
4836,49
4837,29
4838,8
4839,10
4840,7
4841,108
4842,21
4843,21
4844,113
4845,2
4846,69
4847,21
4848,21
4849,2
4850,376
4851,58
4852,113
4853,26
4854,21
4855,21
4856,58
4857,58
4858,58
4859,72
4860,69
4861,69
4862,21
4863,93
4864,58
4865,98
4866,355
4867,355
4868,355
4869,7
4870,8
4871,26
4872,25
4873,18
4874,26
4875,8
4876,36
4877,49
4878,36
4879,26
4880,21
4881,58
4882,58
4883,128
4884,8
4885,101
4886,108
4887,108
4888,21
4889,21
4890,388
4891,376
4892,376
4893,69
4894,69
4895,69
4896,48
4897,8
4898,49
4899,30
4900,21
4901,21
4902,21
4903,58
4904,58
4905,72
4906,69
4907,357
4908,48
4909,49
4910,30
4911,21
4912,388
4913,72
4914,69
4915,48
4916,8
4917,36
4918,49
4919,29
4920,58
4921,69
4922,48
4923,36
4924,49
4925,21
4926,113
4927,36
4928,91
4929,289
4930,108
4931,108
4932,21
4933,2
4934,2
4935,382
4936,376
4937,69
4938,108
4939,21
4940,58
4941,128
4942,286
4943,286
4944,8
4945,93
4946,58
4947,58
4948,113
4949,21
4950,21
4951,93
4952,93
4953,58
4954,48
4955,129
4956,47
4957,108
4958,21
4959,58
4960,376
4961,376
4962,376
4963,376
4964,128
4965,128
4966,128
4967,128
4968,128
4969,98
4970,7
4971,108
4972,21
4973,93
4974,93
4975,58
4976,97
4977,128
4978,128
4979,128
4980,7
4981,207
4982,207
4983,21
4984,58
4985,7
4986,355
4987,35
4988,8
4989,8
4990,49
4991,108
4992,21
4993,58
4994,98
4995,108
4996,21
4997,21
4998,58
4999,58
5000,69
5001,286
5002,8
5003,36
5004,49
5005,48
5006,8
5007,21
5008,113
5009,113
5010,113
5011,21
5012,21
5013,58
5014,58
5015,2
5016,2
5017,72
5018,8
5019,21
5020,388
5021,58
5022,58
5023,93
5024,93
5025,93
5026,93
5027,69
5028,286
5029,8
5030,10
5031,10
5032,10
5033,10
5034,34
5035,108
5036,376
5037,21
5038,21
5039,58
5040,8
5041,36
5042,49
5043,91
5044,91
5045,8
5046,8
5047,49
5048,48
5049,8
5050,36
5051,49
5052,77
5053,21
5054,2
5055,38
5056,48
5057,29
5058,21
5059,58
5060,2
5061,2
5062,72
5063,69
5064,98
5065,48
5066,29
5067,47
5068,30
5069,21
5070,21
5071,58
5072,113
5073,113
5074,69
5075,21
5076,72
5077,8
5078,36
5079,48
5080,36
5081,21
5082,21
5083,58
5084,58
5085,58
5086,36
5087,49
5088,354
5089,355
5090,355
5091,355
5092,355
5093,355
5094,355
5095,355
5096,355
5097,355
5098,355
5099,8
5100,36
5101,49
5102,48
5103,47
5104,8
5105,36
5106,49
5107,49
5108,21
5109,382
5110,21
5111,72
5112,35
5113,2
5114,2
5115,17
5116,8
5117,101
5118,101
5119,7
5120,21
5121,21
5122,21
5123,376
5124,69
5125,8
5126,49
5127,8
5128,36
5129,49
5130,8
5131,36
5132,108
5133,21
5134,21
5135,108
5136,58
5137,98
5138,21
5139,21
5140,21
5141,98
5142,8
5143,49
5144,21
5145,8
5146,36
5147,48
5148,8
5149,36
5150,49
5151,21
5152,21
5153,21
5154,58
5155,58
5156,2
5157,2
5158,2
5159,2
5160,2
5161,72
5162,69
5163,69
5164,72
5165,48
5166,49
5167,49
5168,48
5169,49
5170,49
5171,30
5172,8
5173,36
5174,21
5175,21
5176,21
5177,58
5178,58
5179,131
5180,131
5181,131
5182,131
5183,131
5184,131
5185,108
5186,21
5187,2
5188,2
5189,128
5190,8
5191,49
5192,21
5193,58
5194,21
5195,58
5196,58
5197,2
5198,2
5199,2
5200,2
5201,2
5202,2
5203,2
5204,2
5205,2
5206,2
5207,382
5208,382
5209,72
5210,69
5211,69
5212,69
5213,69
5214,69
5215,69
5216,48
5217,8
5218,21
5219,58
5220,2
5221,2
5222,2
5223,2
5224,382
5225,108
5226,21
5227,286
5228,108
5229,108
5230,21
5231,21
5232,58
5233,21
5234,58
5235,58
5236,69
5237,69
5238,69
5239,48
5240,8
5241,49
5242,108
5243,21
5244,93
5245,58
5246,58
5247,113
5248,21
5249,21
5250,21
5251,58
5252,58
5253,36
5254,382
5255,72
5256,286
5257,98
5258,58
5259,48
5260,8
5261,29
5262,30
5263,21
5264,58
5265,2
5266,2
5267,2
5268,2
5269,2
5270,48
5271,8
5272,30
5273,48
5274,8
5275,29
5276,21
5277,21
5278,375
5279,375
5280,128
5281,128
5282,128
5283,128
5284,128
5285,128
5286,21
5287,21
5288,21
5289,58
5290,58
5291,286
5292,98
5293,21
5294,21
5295,58
5296,58
5297,113
5298,113
5299,113
5300,21
5301,21
5302,21
5303,58
5304,58
5305,58
5306,8
5307,36
5308,49
5309,8
5310,58
5311,357
5312,8
5313,58
5314,58
5315,21
5316,58
5317,21
5318,58
5319,2
5320,2
5321,2
5322,69
5323,48
5324,69
5325,48
5326,8
5327,36
5328,49
5329,108
5330,21
5331,21
5332,58
5333,58
5334,382
5335,382
5336,69
5337,286
5338,286
5339,98
5340,98
5341,355
5342,355
5343,355
5344,21
5345,21
5346,58
5347,58
5348,2
5349,21
5350,58
5351,2
5352,2
5353,48
5354,108
5355,21
5356,21
5357,58
5358,58
5359,376
5360,205
5361,21
5362,21
5363,21
5364,58
5365,58
5366,58
5367,69
5368,108
5369,108
5370,21
5371,58
5372,58
5373,131
5374,359
5375,359
5376,359
5377,359
5378,21
5379,2
5380,8
5381,8
5382,26
5383,48
5384,74
5385,91
5386,8
5387,108
5388,21
5389,21
5390,113
5391,38
5392,21
5393,21
5394,376
5395,376
5396,376
5397,376
5398,376
5399,376
5400,376
5401,376
5402,8
5403,36
5404,49
5405,48
5406,48
5407,8
5408,8
5409,36
5410,49
5411,49
5412,48
5413,8
5414,47
5415,108
5416,108
5417,21
5418,69
5419,69
5420,205
5421,205
5422,21
5423,21
5424,21
5425,58
5426,58
5427,58
5428,69
5429,69
5430,69
5431,98
5432,98
5433,11
5434,8
5435,36
5436,49
5437,21
5438,58
5439,72
5440,8
5441,26
5442,21
5443,128
5444,21
5445,21
5446,2
5447,2
5448,2
5449,2
5450,2
5451,69
5452,69
5453,69
5454,48
5455,21
5456,93
5457,58
5458,2
5459,375
5460,128
5461,128
5462,98
5463,98
5464,108
5465,21
5466,21
5467,21
5468,388
5469,72
5470,69
5471,108
5472,2
5473,376
5474,128
5475,128
5476,8
5477,36
5478,49
5479,21
5480,21
5481,93
5482,128
5483,128
5484,128
5485,26
5486,8
5487,33
5488,108
5489,58
5490,48
5491,8
5492,36
5493,49
5494,72
5495,108
5496,93
5497,93
5498,58
5499,286
5500,286
5501,98
5502,48
5503,48
5504,8
5505,2
5506,18
5507,21
5508,21
5509,21
5510,58
5511,58
5512,72
5513,113
5514,21
5515,98
5516,48
5517,38
5518,22
5519,21
5520,21
5521,36
5522,72
5523,72
5524,48
5525,205
5526,21
5527,21
5528,93
5529,93
5530,93
5531,58
5532,58
5533,58
5534,357
5535,11
5536,108
5537,21
5538,21
5539,58
5540,58
5541,58
5542,69
5543,48
5544,49
5545,21
5546,93
5547,113
5548,48
5549,8
5550,36
5551,49
5552,48
5553,8
5554,47
5555,108
5556,21
5557,21
5558,21
5559,58
5560,58
5561,2
5562,2
5563,36
5564,72
5565,69
5566,69
5567,69
5568,128
5569,128
5570,98
5571,108
5572,58
5573,48
5574,8
5575,29
5576,30
5577,21
5578,48
5579,8
5580,47
5581,30
5582,48
5583,8
5584,29
5585,48
5586,49
5587,29
5588,48
5589,8
5590,49
5591,29
5592,376
5593,376
5594,48
5595,108
5596,21
5597,58
5598,376
5599,376
5600,376
5601,69
5602,21
5603,21
5604,58
5605,58
5606,72
5607,128
5608,287
5609,8
5610,36
5611,49
5612,72
5613,21
5614,21
5615,69
5616,69
5617,21
5618,2
5619,205
5620,21
5621,21
5622,2
5623,2
5624,382
5625,382
5626,382
5627,382
5628,376
5629,72
5630,21
5631,58
5632,69
5633,21
5634,21
5635,2
5636,69
5637,69
5638,21
5639,93
5640,58
5641,375
5642,355
5643,355
5644,355
5645,21
5646,58
5647,98
5648,98
5649,36
5650,48
5651,129
5652,160
5653,47
5654,128
5655,128
5656,98
5657,7
5658,48
5659,49
5660,108
5661,108
5662,21
5663,21
5664,58
5665,2
5666,376
5667,69
5668,69
5669,21
5670,21
5671,21
5672,21
5673,58
5674,58
5675,58
5676,72
5677,69
5678,69
5679,26
5680,18
5681,21
5682,21
5683,21
5684,58
5685,58
5686,58
5687,58
5688,376
5689,48
5690,8
5691,36
5692,49
5693,21
5694,72
5695,98
5696,21
5697,21
5698,21
5699,58
5700,2
5701,21
5702,48
5703,8
5704,49
5705,354
5706,21
5707,21
5708,21
5709,21
5710,58
5711,58
5712,376
5713,376
5714,376
5715,48
5716,29
5717,21
5718,58
5719,113
5720,113
5721,48
5722,8
5723,30
5724,21
5725,58
5726,38
5727,361
5728,8
5729,36
5730,49
5731,48
5732,21
5733,58
5734,58
5735,69
5736,357
5737,108
5738,21
5739,113
5740,113
5741,36
5742,72
5743,376
5744,69
5745,69
5746,69
5747,7
5748,2
5749,382
5750,69
5751,21
5752,58
5753,108
5754,108
5755,21
5756,21
5757,388
5758,58
5759,376
5760,376
5761,8
5762,101
5763,8
5764,101
5765,21
5766,8
5767,36
5768,21
5769,21
5770,21
5771,21
5772,21
5773,58
5774,58
5775,113
5776,2
5777,21
5778,2
5779,2
5780,72
5781,72
5782,48
5783,8
5784,47
5785,48
5786,73
5787,8
5788,36
5789,49
5790,26
5791,108
5792,21
5793,21
5794,58
5795,108
5796,108
5797,108
5798,98
5799,108
5800,69
5801,48
5802,8
5803,21
5804,21
5805,113
5806,98
5807,8
5808,205
5809,21
5810,2
5811,2
5812,48
5813,8
5814,49
5815,21
5816,58
5817,286
5818,98
5819,72
5820,48
5821,36
5822,49
5823,38
5824,128
5825,26
5826,26
5827,108
5828,108
5829,21
5830,2
5831,69
5832,69
5833,48
5834,8
5835,8
5836,45
5837,45
5838,36
5839,36
5840,26
5841,26
5842,21
5843,21
5844,58
5845,58
5846,58
5847,98
5848,21
5849,21
5850,58
5851,98
5852,48
5853,8
5854,47
5855,21
5856,58
5857,69
5858,69
5859,286
5860,36
5861,99
5862,99
5863,99
5864,99
5865,99
5866,99
5867,99
5868,99
5869,99
5870,17
5871,17
5872,100
5873,100
5874,100
5875,100
5876,72
5877,48
5878,49
5879,21
5880,58
5881,2
5882,2
5883,2
5884,2
5885,2
5886,382
5887,376
5888,357
5889,48
5890,18
5891,48
5892,48
5893,35
5894,8
5895,38
5896,12
5897,2
5898,2
5899,29
5900,25
5901,48
5902,8
5903,36
5904,49
5905,49
5906,21
5907,58
5908,2
5909,2
5910,18
5911,26
5912,21
5913,21
5914,58
5915,58
5916,72
5917,97
5918,287
5919,21
5920,21
5921,21
5922,58
5923,8
5924,36
5925,48
5926,8
5927,49
5928,49
5929,21
5930,21
5931,58
5932,21
5933,21
5934,98
5935,8
5936,36
5937,49
5938,21
5939,388
5940,2
5941,69
5942,69
5943,21
5944,21
5945,48
5946,8
5947,30
5948,48
5949,8
5950,29
5951,47
5952,26
5953,7
5954,48
5955,8
5956,36
5957,49
5958,29
5959,30
5960,48
5961,8
5962,36
5963,49
5964,77
5965,48
5966,49
5967,29
5968,108
5969,108
5970,21
5971,21
5972,21
5973,58
5974,58
5975,36
5976,49
5977,49
5978,21
5979,58
5980,8
5981,1
5982,3
5983,3
5984,7
5985,21
5986,21
5987,93
5988,97
5989,97
5990,128
5991,108
5992,21
5993,93
5994,108
5995,21
5996,2
5997,2
5998,376
5999,376
6000,376
6001,376
6002,69
6003,21
6004,8
6005,58
6006,48
6007,74
6008,8
6009,7
6010,21
6011,2
6012,2
6013,2
6014,7
6015,7
6016,21
6017,58
6018,58
6019,113
6020,21
6021,21
6022,69
6023,69
6024,8
6025,36
6026,48
6027,21
6028,21
6029,93
6030,58
6031,58
6032,128
6033,128
6034,277
6035,8
6036,36
6037,49
6038,2
6039,74
6040,21
6041,21
6042,58
6043,58
6044,58
6045,2
6046,2
6047,37
6048,8
6049,8
6050,72
6051,21
6052,98
6053,36
6054,26
6055,48
6056,8
6057,36
6058,49
6059,36
6060,8
6061,36
6062,49
6063,29
6064,8
6065,36
6066,49
6067,26
6068,72
6069,48
6070,74
6071,21
6072,376
6073,8
6074,36
6075,8
6076,101
6077,7
6078,33
6079,33
6080,21
6081,21
6082,58
6083,69
6084,344
6085,8
6086,49
6087,30
6088,8
6089,36
6090,49
6091,21
6092,21
6093,58
6094,131
6095,131
6096,94
6097,94
6098,96
6099,7
6100,21
6101,58
6102,58
6103,72
6104,21
6105,58
6106,58
6107,36
6108,36
6109,36
6110,36
6111,72
6112,69
6113,48
6114,10
6115,10
6116,108
6117,21
6118,21
6119,93
6120,58
6121,58
6122,2
6123,376
6124,98
6125,108
6126,108
6127,21
6128,93
6129,58
6130,128
6131,128
6132,98
6133,48
6134,74
6135,21
6136,21
6137,58
6138,58
6139,69
6140,8
6141,36
6142,49
6143,8
6144,36
6145,49
6146,26
6147,26
6148,26
6149,26
6150,21
6151,21
6152,58
6153,58
6154,72
6155,69
6156,69
6157,69
6158,48
6159,58
6160,36
6161,99
6162,99
6163,99
6164,99
6165,99
6166,99
6167,99
6168,99
6169,99
6170,7
6171,7
6172,8
6173,2
6174,2
6175,36
6176,36
6177,99
6178,99
6179,99
6180,100
6181,36
6182,36
6183,36
6184,36
6185,36
6186,36
6187,36
6188,36
6189,8
6190,99
6191,99
6192,99
6193,99
6194,99
6195,99
6196,99
6197,99
6198,99
6199,100
6200,100
6201,101
6202,7
6203,33
6204,33
6205,8
6206,101
6207,8
6208,101
6209,289
6210,8
6211,8
6212,316
6213,8
6214,289
6215,307
6216,307
6217,21
6218,286
6219,101
6220,101
6221,8
6222,7
6223,7
6224,7
6225,8
6226,8
6227,8
6228,72
6229,91
6230,289
6231,8
6232,289
6233,72
6234,8
6235,308
6236,289
6237,101
6238,101
6239,101
6240,289
6241,72
6242,69
6243,8
6244,101
6245,91
6246,8
6247,289
6248,8
6249,84
6250,36
6251,8
6252,289
6253,33
6254,8
6255,289
6256,101
6257,101
6258,101
6259,91
6260,8
6261,7
6262,8
6263,21
6264,58
6265,58
6266,36
6267,10
6268,101
6269,101
6270,101
6271,7
6272,8
6273,101
6274,7
6275,8
6276,101
6277,478
6278,8
6279,8
6280,7
6281,8
6282,101
6283,101
6284,7
6285,21
6286,72
6287,8
6288,101
6289,101
6290,91
6291,289
6292,101
6293,8
6294,101
6295,7
6296,289
6297,101
6298,7
6299,478
6300,8
6301,8
6302,8
6303,8
6304,101
6305,7
6306,21
6307,8
6308,101
6309,8
6310,101
6311,7
6312,8
6313,101
6314,101
6315,232
6316,101
6317,101
6318,101
6319,101
6320,7
6321,91
6322,8
6323,101
6324,478
6325,8
6326,8
6327,33
6328,36
6329,99
6330,99
6331,99
6332,99
6333,99
6334,99
6335,99
6336,99
6337,7
6338,45
6339,2
6340,36
6341,99
6342,99
6343,99
6344,99
6345,99
6346,99
6347,99
6348,99
6349,99
6350,100
6351,100
6352,84
6353,84
6354,101
6355,99
6356,99
6357,99
6358,99
6359,99
6360,100
6361,7
6362,7
6363,8
6364,7
6365,7
6366,8
6367,101
6368,8
6369,48
6370,8
6371,36
6372,49
6373,30
6374,48
6375,8
6376,36
6377,49
6378,29
6379,99
6380,99
6381,99
6382,99
6383,99
6384,100
6385,100
6386,100
6387,7
6388,7
6389,7
6390,7
6391,7
6392,7
6393,7
6394,179
6395,403
6396,8
6397,101
6398,8
6399,101
6400,101
6401,205
6402,84
6403,84
6404,36
6405,99
6406,99
6407,99
6408,99
6409,99
6410,99
6411,99
6412,100
6413,100
6414,21
6415,58
6416,36
6417,36
6418,36
6419,36
6420,36
6421,69
6422,69
6423,7
6424,36
6425,99
6426,99
6427,99
6428,99
6429,99
6430,316
6431,8
6432,8
6433,96
6434,8
6435,7
6436,101
6437,21
6438,58
6439,58
6440,8
6441,101
6442,101
6443,8
6444,101
6445,7
6446,33
6447,8
6448,101
6449,8
6450,101
6451,101
6452,101
6453,101
6454,101
6455,101
6456,101
6457,101
6458,101
6459,44
6460,7
6461,8
6462,101
6463,91
6464,289
6465,91
6466,8
6467,101
6468,7
6469,36
6470,36
6471,99
6472,99
6473,99
6474,99
6475,99
6476,99
6477,99
6478,99
6479,17
6480,17
6481,17
6482,17
6483,100
6484,7
6485,7
6486,8
6487,101
6488,101
6489,9
6490,50
6491,21
6492,21
6493,376
6494,376
6495,8
6496,289
6497,101
6498,7
6499,101
6500,101
6501,8
6502,8
6503,289
6504,99
6505,100
6506,100
6507,100
6508,100
6509,35
6510,38
6511,45
6512,72
6513,232
6514,232
6515,101
6516,7
6517,7
6518,289
6519,8
6520,101
6521,8
6522,101
6523,7
6524,8
6525,101
6526,101
6527,58
6528,2
6529,2
6530,2
6531,69
6532,69
6533,69
6534,36
6535,36
6536,36
6537,36
6538,99
6539,99
6540,99
6541,99
6542,99
6543,99
6544,99
6545,99
6546,99
6547,91
6548,8
6549,99
6550,99
6551,99
6552,99
6553,99
6554,99
6555,99
6556,99
6557,99
6558,99
6559,100
6560,7
6561,178
6562,178
6563,178
6564,91
6565,8
6566,7
6567,91
6568,8
6569,91
6570,8
6571,36
6572,36
6573,99
6574,99
6575,99
6576,99
6577,99
6578,99
6579,99
6580,99
6581,8
6582,7
6583,108
6584,388
6585,128
6586,357
6587,388
6588,388
6589,128
6590,21
6591,113
6592,113
6593,72
6594,91
6595,91
6596,8
6597,289
6598,91
6599,91
6600,8
6601,91
6602,91
6603,8
6604,7
6605,8
6606,8
6607,108
6608,21
6609,21
6610,21
6611,72
6612,72
6613,128
6614,287
6615,287
6616,21
6617,21
6618,21
6619,93
6620,58
6621,72
6622,72
6623,286
6624,287
6625,287
6626,99
6627,100
6628,100
6629,100
6630,8
6631,8
6632,8
6633,96
6634,8
6635,2
6636,2
6637,292
6638,7
6639,8
6640,91
6641,91
6642,289
6643,8
6644,10
6645,7
6646,8
6647,36
6648,99
6649,99
6650,99
6651,99
6652,99
6653,99
6654,99
6655,99
6656,99
6657,100
6658,100
6659,100
6660,307
6661,292
6662,100
6663,100
6664,292
6665,100
6666,100
6667,100
6668,91
6669,289
6670,91
6671,8
6672,91
6673,289
6674,21
6675,2
6676,8
6677,96
6678,99
6679,99
6680,99
6681,99
6682,99
6683,99
6684,99
6685,99
6686,17
6687,100
6688,100
6689,72
6690,91
6691,8
6692,8
6693,289
6694,178
6695,8
6696,224
6697,224
6698,8
6699,289
6700,388
6701,36
6702,36
6703,72
6704,99
6705,99
6706,99
6707,99
6708,99
6709,99
6710,99
6711,99
6712,99
6713,99
6714,100
6715,100
6716,7
6717,8
6718,101
6719,101
6720,101
6721,101
6722,8
6723,289
6724,99
6725,99
6726,99
6727,99
6728,99
6729,99
6730,99
6731,99
6732,100
6733,100
6734,7
6735,7
6736,178
6737,72
6738,72
6739,69
6740,8
6741,8
6742,480
6743,8
6744,7
6745,7
6746,101
6747,33
6748,33
6749,33
6750,8
6751,8
6752,8
6753,8
6754,8
6755,101
6756,7
6757,91
6758,8
6759,8
6760,101
6761,101
6762,72
6763,8
6764,101
6765,101
6766,7
6767,179
6768,403
6769,36
6770,100
6771,8
6772,101
6773,33
6774,353
6775,8
6776,479
6777,401
6778,7
6779,8
6780,478
6781,8
6782,8
6783,482
6784,101
6785,101
6786,8
6787,101
6788,101
6789,7
6790,33
6791,353
6792,8
6793,8
6794,479
6795,178
6796,178
6797,91
6798,8
6799,8
6800,36
6801,21
6802,376
6803,376
6804,376
6805,8
6806,26
6807,26
6808,48
6809,38
6810,45
6811,18
6812,18
6813,26
6814,178
6815,401
6816,91
6817,497
6818,8
6819,96
6820,8
6821,101
6822,7
6823,21
6824,21
6825,58
6826,58
6827,286
6828,232
6829,232
6830,101
6831,7
6832,7
6833,21
6834,58
6835,113
6836,113
6837,97
6838,21
6839,93
6840,58
6841,113
6842,113
6843,232
6844,101
6845,101
6846,21
6847,21
6848,69
6849,8
6850,289
6851,36
6852,99
6853,99
6854,99
6855,99
6856,99
6857,99
6858,99
6859,100
6860,8
6861,72
6862,21
6863,388
6864,8
6865,101
6866,101
6867,7
6868,7
6869,7
6870,7
6871,8
6872,8
6873,101
6874,101
6875,7
6876,8
6877,101
6878,316
6879,100
6880,8
6881,101
6882,101
6883,8
6884,101
6885,33
6886,8
6887,101
6888,8
6889,101
6890,8
6891,289
6892,8
6893,33
6894,21
6895,98
6896,108
6897,108
6898,21
6899,69
6900,69
6901,69
6902,69
6903,2
6904,8
6905,36
6906,21
6907,21
6908,97
6909,128
6910,128
6911,128
6912,128
6913,21
6914,101
6915,101
6916,7
6917,8
6918,36
6919,49
6920,29
6921,8
6922,36
6923,49
6924,29
6925,30
6926,8
6927,477
6928,7
6929,7
6930,7
6931,8
6932,101
6933,232
6934,101
6935,21
6936,58
6937,58
6938,58
6939,8
6940,72
6941,8
6942,101
6943,7
6944,8
6945,101
6946,8
6947,101
6948,7
6949,8
6950,99
6951,99
6952,99
6953,99
6954,99
6955,99
6956,100
6957,8
6958,101
6959,8
6960,8
6961,96
6962,289
6963,232
6964,232
6965,101
6966,8
6967,101
6968,8
6969,289
6970,26
6971,21
6972,8
6973,58
6974,8
6975,289
6976,33
6977,48
6978,74
6979,74
6980,91
6981,289
6982,7
6983,21
6984,58
6985,58
6986,2
6987,382
6988,36
6989,99
6990,99
6991,99
6992,99
6993,99
6994,99
6995,99
6996,99
6997,99
6998,99
6999,17
7000,17
7001,17
7002,17
7003,100
7004,7
7005,7
7006,8
7007,101
7008,8
7009,101
7010,7
7011,108
7012,21
7013,58
7014,58
7015,2
7016,2
7017,376
7018,98
7019,38
7020,72
7021,69
7022,69
7023,69
7024,69
7025,100
7026,77
7027,48
7028,49
7029,49
7030,8
7031,36
7032,101
7033,101
7034,7
7035,8
7036,101
7037,101
7038,182
7039,21
7040,21
7041,58
7042,58
7043,58
7044,130
7045,130
7046,130
7047,130
7048,130
7049,359
7050,7
7051,7
7052,8
7053,101
7054,8
7055,101
7056,91
7057,8
7058,7
7059,8
7060,8
7061,8
7062,101
7063,21
7064,21
7065,21
7066,97
7067,8
7068,101
7069,48
7070,8
7071,47
7072,21
7073,21
7074,93
7075,58
7076,108
7077,21
7078,21
7079,58
7080,58
7081,8
7082,101
7083,101
7084,21
7085,58
7086,128
7087,286
7088,286
7089,98
7090,48
7091,49
7092,30
7093,21
7094,2
7095,48
7096,8
7097,36
7098,49
7099,29
7100,30
7101,36
7102,99
7103,99
7104,99
7105,99
7106,99
7107,100
7108,91
7109,179
7110,10
7111,528
7112,403
7113,7
7114,91
7115,8
7116,388
7117,36
7118,36
7119,159
7120,159
7121,44
7122,91
7123,46
7124,2
7125,36
7126,21
7127,21
7128,113
7129,113
7130,113
7131,69
7132,69
7133,69
7134,36
7135,49
7136,72
7137,69
7138,8
7139,101
7140,108
7141,72
7142,8
7143,8
7144,122
7145,8
7146,10
7147,10
7148,91
7149,8
7150,8
7151,101
7152,101
7153,8
7154,289
7155,8
7156,101
7157,7
7158,99
7159,99
7160,99
7161,99
7162,99
7163,99
7164,99
7165,100
7166,7
7167,7
7168,7
7169,7
7170,8
7171,289
7172,36
7173,26
7174,21
7175,21
7176,21
7177,58
7178,58
7179,58
7180,72
7181,69
7182,69
7183,101
7184,33
7185,48
7186,8
7187,101
7188,7
7189,7
7190,7
7191,7
7192,7
7193,7
7194,7
7195,7
7196,7
7197,7
7198,7
7199,7
7200,7
7201,7
7202,8
7203,8
7204,72
7205,48
7206,10
7207,21
7208,21
7209,72
7210,69
7211,101
7212,8
7213,101
7214,101
7215,38
7216,2
7217,2
7218,2
7219,2
7220,69
7221,69
7222,8
7223,101
7224,101
7225,48
7226,36
7227,49
7228,49
7229,49
7230,108
7231,21
7232,2
7233,2
7234,376
7235,108
7236,205
7237,21
7238,21
7239,2
7240,8
7241,7
7242,101
7243,99
7244,99
7245,99
7246,99
7247,99
7248,99
7249,99
7250,99
7251,99
7252,17
7253,100
7254,7
7255,36
7256,99
7257,99
7258,99
7259,99
7260,99
7261,99
7262,99
7263,99
7264,99
7265,99
7266,99
7267,179
7268,232
7269,528
7270,403
7271,36
7272,36
7273,36
7274,36
7275,36
7276,36
7277,36
7278,36
7279,36
7280,36
7281,36
7282,36
7283,36
7284,36
7285,36
7286,99
7287,99
7288,99
7289,99
7290,99
7291,99
7292,99
7293,99
7294,99
7295,99
7296,100
7297,100
7298,100
7299,100
7300,100
7301,100
7302,100
7303,100
7304,100
7305,100
7306,100
7307,100
7308,8
7309,553
7310,10
7311,8
7312,289
7313,101
7314,101
7315,7
7316,8
7317,289
7318,8
7319,101
7320,101
7321,101
7322,478
7323,8
7324,8
7325,101
7326,7
7327,7
7328,7
7329,8
7330,36
7331,29
7332,8
7333,36
7334,49
7335,29
7336,30
7337,21
7338,21
7339,113
7340,108
7341,21
7342,58
7343,21
7344,21
7345,113
7346,2
7347,2
7348,21
7349,21
7350,353
7351,8
7352,479
7353,21
7354,21
7355,58
7356,58
7357,58
7358,72
7359,69
7360,69
7361,8
7362,8
7363,7
7364,7
7365,36
7366,36
7367,36
7368,36
7369,7
7370,84
7371,84
7372,159
7373,36
7374,478
7375,8
7376,8
7377,101
7378,101
7379,108
7380,21
7381,21
7382,21
7383,58
7384,58
7385,58
7386,72
7387,286
7388,286
7389,286
7390,10
7391,8
7392,7
7393,36
7394,99
7395,99
7396,99
7397,99
7398,99
7399,99
7400,99
7401,99
7402,99
7403,99
7404,100
7405,8
7406,101
7407,101
7408,21
7409,58
7410,72
7411,21
7412,21
7413,72
7414,58
7415,98
7416,8
7417,101
7418,8
7419,21
7420,8
7421,7
7422,72
7423,287
7424,8
7425,8
7426,8
7427,91
7428,8
7429,8
7430,478
7431,8
7432,21
7433,58
7434,113
7435,91
7436,316
7437,21
7438,2
7439,36
7440,179
7441,403
7442,179
7443,528
7444,403
7445,7
7446,91
7447,289
7448,58
7449,72
7450,8
7451,101
7452,8
7453,101
7454,8
7455,101
7456,7
7457,7
7458,72
7459,69
7460,108
7461,58
7462,38
7463,21
7464,8
7465,477
7466,289
7467,179
7468,403
7469,8
7470,479
7471,38
7472,45
7473,2
7474,2
7475,10
7476,10
7477,8
7478,8
7479,8
7480,8
7481,8
7482,8
7483,289
7484,8
7485,38
7486,10
7487,17
7488,21
7489,58
7490,58
7491,69
7492,69
7493,69
7494,69
7495,375
7496,286
7497,286
7498,91
7499,8
7500,8
7501,479
7502,8
7503,8
7504,21
7505,8
7506,101
7507,7
7508,353
7509,8
7510,8
7511,36
7512,36
7513,479
7514,101
7515,101
7516,7
7517,179
7518,10
7519,403
7520,91
7521,8
7522,316
7523,478
7524,8
7525,96
7526,38
7527,55
7528,55
7529,55
7530,55
7531,55
7532,72
7533,101
7534,101
7535,8
7536,8
7537,21
7538,8
7539,8
7540,101
7541,8
7542,289
7543,8
7544,101
7545,7
7546,8
7547,592
7548,592
7549,8
7550,101
7551,8
7552,101
7553,8
7554,8
7555,96
7556,108
7557,21
7558,21
7559,36
7560,72
7561,69
7562,69
7563,8
7564,101
7565,7
7566,8
7567,8
7568,478
7569,8
7570,72
7571,108
7572,388
7573,113
7574,36
7575,8
7576,101
7577,21
7578,69
7579,69
7580,11
7581,21
7582,179
7583,528
7584,403
7585,8
7586,8
7587,21
7588,8
7589,101
7590,179
7591,528
7592,403
7593,8
7594,289
7595,8
7596,101
7597,101
7598,7
7599,307
7600,36
7601,8
7602,8
7603,232
7604,232
7605,101
7606,478
7607,8
7608,100
7609,100
7610,108
7611,21
7612,359
7613,8
7614,8
7615,96
7616,8
7617,101
7618,7
7619,108
7620,21
7621,91
7622,8
7623,8
7624,101
7625,7
7626,8
7627,8
7628,36
7629,36
7630,479
7631,7
7632,8
7633,8
7634,8
7635,307
7636,100
7637,91
7638,8
7639,36
7640,8
7641,101
7642,108
7643,128
7644,21
7645,21
7646,93
7647,58
7648,97
7649,353
7650,8
7651,479
7652,401
7653,91
7654,21
7655,21
7656,69
7657,108
7658,108
7659,388
7660,72
7661,101
7662,101
7663,8
7664,8
7665,101
7666,8
7667,8
7668,8
7669,21
7670,21
7671,58
7672,130
7673,130
7674,94
7675,94
7676,96
7677,8
7678,33
7679,8
7680,101
7681,33
7682,289
7683,21
7684,72
7685,69
7686,69
7687,69
7688,69
7689,91
7690,289
7691,7
7692,72
7693,108
7694,21
7695,21
7696,382
7697,69
7698,69
7699,69
7700,130
7701,131
7702,94
7703,96
7704,91
7705,289
7706,8
7707,108
7708,21
7709,58
7710,72
7711,287
7712,8
7713,8
7714,8
7715,49
7716,8
7717,289
7718,8
7719,101
7720,8
7721,101
7722,8
7723,289
7724,108
7725,21
7726,93
7727,93
7728,58
7729,51
7730,98
7731,8
7732,289
7733,8
7734,289
7735,108
7736,91
7737,97
7738,344
7739,7
7740,91
7741,8
7742,36
7743,36
7744,36
7745,36
7746,99
7747,99
7748,99
7749,99
7750,99
7751,99
7752,100
7753,100
7754,8
7755,8
7756,48
7757,8
7758,49
7759,29
7760,77
7761,30
7762,21
7763,21
7764,58
7765,58
7766,113
7767,113
7768,48
7769,8
7770,49
7771,29
7772,77
7773,30
7774,38
7775,72
7776,48
7777,8
7778,49
7779,29
7780,77
7781,30
7782,101
7783,101
7784,101
7785,7
7786,8
7787,477
7788,308
7789,289
7790,7
7791,101
7792,8
7793,101
7794,8
7795,8
7796,207
7797,2
7798,8
7799,96
7800,7
7801,8
7802,520
7803,8
7804,179
7805,528
7806,403
7807,108
7808,21
7809,91
7810,8
7811,8
7812,8
7813,101
7814,36
7815,99
7816,99
7817,99
7818,99
7819,99
7820,99
7821,99
7822,99
7823,99
7824,100
7825,36
7826,36
7827,99
7828,99
7829,99
7830,99
7831,99
7832,99
7833,99
7834,99
7835,99
7836,99
7837,100
7838,7
7839,108
7840,108
7841,21
7842,21
7843,93
7844,58
7845,8
7846,101
7847,101
7848,101
7849,101
7850,101
7851,101
7852,101
7853,101
7854,101
7855,101
7856,101
7857,101
7858,101
7859,101
7860,7
7861,179
7862,528
7863,403
7864,8
7865,101
7866,232
7867,232
7868,101
7869,21
7870,21
7871,58
7872,58
7873,8
7874,478
7875,8
7876,101
7877,101
7878,21
7879,58
7880,131
7881,94
7882,94
7883,94
7884,94
7885,96
7886,8
7887,101
7888,7
7889,21
7890,21
7891,130
7892,130
7893,130
7894,130
7895,130
7896,131
7897,131
7898,131
7899,131
7900,131
7901,91
7902,8
7903,289
7904,21
7905,113
7906,36
7907,72
7908,178
7909,178
7910,10
7911,91
7912,8
7913,36
7914,49
7915,21
7916,8
7917,72
7918,69
7919,8
7920,101
7921,72
7922,8
7923,289
7924,168
7925,91
7926,58
7927,58
7928,36
7929,99
7930,99
7931,99
7932,99
7933,99
7934,99
7935,99
7936,7
7937,7
7938,8
7939,477
7940,308
7941,8
7942,7
7943,7
7944,7
7945,91
7946,8
7947,7
7948,7
7949,289
7950,108
7951,21
7952,36
7953,72
7954,182
7955,108
7956,108
7957,108
7958,91
7959,8
7960,8
7961,8
7962,101
7963,7
7964,10
7965,10
7966,8
7967,8
7968,7
7969,93
7970,58
7971,128
7972,128
7973,128
7974,128
7975,21
7976,97
7977,128
7978,128
7979,128
7980,128
7981,21
7982,21
7983,128
7984,128
7985,128
7986,128
7987,128
7988,21
7989,128
7990,128
7991,128
7992,128
7993,128
7994,355
7995,355
7996,355
7997,355
7998,355
7999,205
8000,205
8001,130
8002,130
8003,99
8004,99
8005,99
8006,99
8007,99
8008,99
8009,99
8010,99
8011,99
8012,17
8013,100
8014,21
8015,388
8016,388
8017,58
8018,58
8019,36
8020,21
8021,58
8022,58
8023,94
8024,96
8025,36
8026,99
8027,99
8028,99
8029,99
8030,99
8031,99
8032,99
8033,99
8034,99
8035,99
8036,17
8037,17
8038,100
8039,100
8040,100
8041,7
8042,296
8043,8
8044,101
8045,101
8046,10
8047,10
8048,36
8049,99
8050,99
8051,99
8052,99
8053,99
8054,99
8055,99
8056,99
8057,99
8058,99
8059,100
8060,100
8061,8
8062,8
8063,122
8064,8
8065,101
8066,8
8067,8
8068,101
8069,101
8070,101
8071,101
8072,101
8073,101
8074,101
8075,101
8076,101
8077,101
8078,8
8079,101
8080,8
8081,8
8082,316
8083,8
8084,96
8085,91
8086,316
8087,100
8088,205
8089,21
8090,21
8091,21
8092,21
8093,21
8094,72
8095,99
8096,17
8097,17
8098,17
8099,17
8100,21
8101,114
8102,114
8103,72
8104,69
8105,69
8106,69
8107,113
8108,72
8109,108
8110,108
8111,58
8112,520
8113,8
8114,8
8115,101
8116,101
8117,101
8118,7
8119,7
8120,21
8121,21
8122,58
8123,520
8124,8
8125,21
8126,113
8127,113
8128,376
8129,25
8130,26
8131,478
8132,8
8133,8
8134,101
8135,101
8136,7
8137,33
8138,478
8139,8
8140,91
8141,8
8142,100
8143,21
8144,21
8145,113
8146,113
8147,2
8148,8
8149,8
8150,316
8151,478
8152,8
8153,8
8154,316
8155,100
8156,91
8157,91
8158,8
8159,8
8160,101
8161,101
8162,2
8163,2
8164,91
8165,8
8166,8
8167,108
8168,21
8169,21
8170,113
8171,113
8172,113
8173,128
8174,128
8175,8
8176,8
8177,91
8178,8
8179,316
8180,58
8181,58
8182,108
8183,21
8184,21
8185,113
8186,113
8187,478
8188,8
8189,8
8190,108
8191,21
8192,21
8193,2
8194,2
8195,69
8196,357
8197,8
8198,8
8199,21
8200,21
8201,385
8202,130
8203,131
8204,96
8205,72
8206,101
8207,101
8208,72
8209,99
8210,99
8211,99
8212,99
8213,99
8214,99
8215,99
8216,99
8217,99
8218,99
8219,100
8220,100
8221,91
8222,8
8223,289
8224,99
8225,99
8226,99
8227,99
8228,99
8229,99
8230,99
8231,99
8232,8
8233,101
8234,8
8235,8
8236,2
8237,72
8238,21
8239,72
8240,69
8241,98
8242,8
8243,101
8244,8
8245,2
8246,101
8247,101
8248,21
8249,21
8250,8
8251,58
8252,58
8253,21
8254,21
8255,8
8256,8
8257,130
8258,131
8259,131
8260,94
8261,94
8262,94
8263,94
8264,96
8265,8
8266,289
8267,8
8268,8
8269,8
8270,7
8271,21
8272,58
8273,8
8274,36
8275,49
8276,30
8277,36
8278,36
8279,36
8280,36
8281,36
8282,21
8283,58
8284,72
8285,8
8286,101
8287,101
8288,58
8289,97
8290,97
8291,520
8292,8
8293,96
8294,7
8295,21
8296,93
8297,98
8298,21
8299,21
8300,93
8301,58
8302,286
8303,286
8304,98
8305,99
8306,99
8307,99
8308,99
8309,99
8310,99
8311,17
8312,100
8313,7
8314,7
8315,8
8316,48
8317,8
8318,49
8319,72
8320,8
8321,232
8322,101
8323,101
8324,8
8325,101
8326,7
8327,2
8328,3
8329,3
8330,8
8331,33
8332,36
8333,99
8334,99
8335,99
8336,99
8337,99
8338,99
8339,100
8340,100
8341,8
8342,8
8343,536
8344,21
8345,21
8346,58
8347,58
8348,113
8349,69
8350,7
8351,8
8352,101
8353,101
8354,99
8355,99
8356,99
8357,99
8358,99
8359,99
8360,99
8361,100
8362,100
8363,7
8364,101
8365,101
8366,7
8367,100
8368,100
8369,498
8370,498
8371,355
8372,355
8373,355
8374,21
8375,2
8376,2
8377,2
8378,2
8379,58
8380,58
8381,69
8382,8
8383,36
8384,29
8385,8
8386,36
8387,30
8388,21
8389,93
8390,48
8391,49
8392,49
8393,8
8394,36
8395,49
8396,8
8397,21
8398,2
8399,8
8400,38
8401,14
8402,36
8403,25
8404,26
8405,19
8406,20
8407,3
8408,8
8409,49
8410,8
8411,49
8412,21
8413,2
8414,2
8415,21
8416,21
8417,93
8418,72
8419,287
8420,21
8421,382
8422,72
8423,69
8424,36
8425,8
8426,21
8427,21
8428,93
8429,128
8430,8
8431,49
8432,21
8433,21
8434,98
8435,48
8436,8
8437,58
8438,58
8439,69
8440,48
8441,8
8442,36
8443,49
8444,49
8445,21
8446,21
8447,58
8448,2
8449,2
8450,36
8451,69
8452,69
8453,108
8454,21
8455,113
8456,376
8457,108
8458,108
8459,205
8460,205
8461,205
8462,205
8463,21
8464,48
8465,8
8466,108
8467,21
8468,21
8469,2
8470,69
8471,48
8472,8
8473,36
8474,49
8475,108
8476,21
8477,72
8478,357
8479,21
8480,58
8481,58
8482,2
8483,72
8484,8
8485,29
8486,8
8487,49
8488,8
8489,36
8490,49
8491,108
8492,58
8493,58
8494,289
8495,8
8496,289
8497,8
8498,455
8499,7
8500,99
8501,99
8502,99
8503,99
8504,99
8505,99
8506,99
8507,99
8508,99
8509,100
8510,21
8511,36
8512,72
8513,2
8514,15
8515,18
8516,21
8517,21
8518,21
8519,58
8520,58
8521,97
8522,128
8523,8
8524,8
8525,8
8526,7
8527,48
8528,8
8529,36
8530,49
8531,29
8532,47
8533,30
8534,21
8535,21
8536,21
8537,58
8538,58
8539,58
8540,344
8541,344
8542,8
8543,8
8544,21
8545,58
8546,2
8547,2
8548,2
8549,21
8550,21
8551,93
8552,8
8553,477
8554,308
8555,289
8556,8
8557,7
8558,7
8559,7
8560,7
8561,8
8562,36
8563,108
8564,108
8565,21
8566,72
8567,72
8568,72
8569,520
8570,8
8571,96
8572,205
8573,36
8574,36
8575,357
8576,8
8577,7
8578,108
8579,21
8580,21
8581,58
8582,8
8583,101
8584,520
8585,8
8586,96
8587,8
8588,21
8589,21
8590,478
8591,8
8592,21
8593,93
8594,58
8595,98
8596,93
8597,58
8598,286
8599,98
8600,21
8601,21
8602,93
8603,58
8604,58
8605,128
8606,128
8607,98
8608,58
8609,69
8610,8
8611,8
8612,58
8613,286
8614,72
8615,8
8616,8
8617,7
8618,8
8619,58
8620,58
8621,72
8622,520
8623,8
8624,96
8625,7
8626,8
8627,101
8628,8
8629,8
8630,482
8631,58
8632,72
8633,98
8634,91
8635,91
8636,91
8637,91
8638,8
8639,7
8640,21
8641,72
8642,178
8643,91
8644,8
8645,101
8646,8
8647,72
8648,58
8649,72
8650,72
8651,8
8652,8
8653,48
8654,2
8655,74
8656,21
8657,58
8658,286
8659,8
8660,96
8661,8
8662,7
8663,21
8664,21
8665,21
8666,58
8667,58
8668,131
8669,94
8670,94
8671,7
8672,7
8673,7
8674,21
8675,58
8676,91
8677,91
8678,8
8679,289
8680,7
8681,72
8682,100
8683,72
8684,178
8685,8
8686,21
8687,58
8688,58
8689,2
8690,2
8691,2
8692,72
8693,69
8694,8
8695,36
8696,99
8697,99
8698,99
8699,99
8700,99
8701,99
8702,99
8703,21
8704,21
8705,36
8706,36
8707,99
8708,99
8709,21
8710,58
8711,69
8712,69
8713,69
8714,21
8715,58
8716,113
8717,478
8718,8
8719,7
8720,58
8721,72
8722,8
8723,480
8724,8
8725,8
8726,479
8727,478
8728,8
8729,108
8730,21
8731,21
8732,98
8733,21
8734,21
8735,58
8736,69
8737,69
8738,98
8739,8
8740,33
8741,93
8742,10
8743,8
8744,8
8745,8
8746,8
8747,7
8748,33
8749,101
8750,8
8751,101
8752,8
8753,7
8754,10
8755,8
8756,96
8757,8
8758,2
8759,10
8760,10
8761,10
8762,10
8763,21
8764,21
8765,2
8766,69
8767,8
8768,58
8769,72
8770,91
8771,8
8772,8
8773,8
8774,96
8775,336
8776,8
8777,8
8778,8
8779,8
8780,101
8781,91
8782,91
8783,91
8784,8
8785,8
8786,7
8787,8
8788,8
8789,479
8790,8
8791,480
8792,8
8793,8
8794,48
8795,21
8796,58
8797,58
8798,21
8799,21
8800,72
8801,2
8802,2
8803,2
8804,108
8805,108
8806,36
8807,36
8808,21
8809,21
8810,72
8811,8
8812,480
8813,179
8814,528
8815,403
8816,7
8817,8
8818,478
8819,8
8820,8
8821,8
8822,232
8823,8
8824,96
8825,36
8826,36
8827,100
8828,100
8829,100
8830,100
8831,8
8832,289
8833,2
8834,2
8835,2
8836,10
8837,38
8838,77
8839,48
8840,138
8841,47
8842,30
8843,8
8844,36
8845,49
8846,29
8847,8
8848,101
8849,8
8850,330
8851,36
8852,26
8853,8
8854,101
8855,2
8856,36
8857,72
8858,100
8859,8
8860,232
8861,101
8862,101
8863,101
8864,21
8865,72
8866,8
8867,101
8868,36
8869,99
8870,99
8871,99
8872,99
8873,99
8874,99
8875,17
8876,36
8877,8
8878,36
8879,49
8880,355
8881,355
8882,355
8883,355
8884,7
8885,21
8886,21
8887,58
8888,130
8889,130
8890,130
8891,130
8892,131
8893,131
8894,131
8895,131
8896,131
8897,94
8898,94
8899,94
8900,94
8901,96
8902,8
8903,101
8904,101
8905,8
8906,232
8907,101
8908,8
8909,8
8910,101
8911,7
8912,8
8913,101
8914,8
8915,101
8916,8
8917,2
8918,2
8919,101
8920,8
8921,101
8922,91
8923,289
8924,8
8925,8
8926,108
8927,21
8928,58
8929,101
8930,101
8931,478
8932,8
8933,8
8934,482
8935,8
8936,289
8937,8
8938,232
8939,232
8940,8
8941,101
8942,7
8943,21
8944,2
8945,69
8946,69
8947,33
8948,21
8949,8
8950,8
8951,480
8952,289
8953,8
8954,8
8955,101
8956,8
8957,8
8958,101
8959,8
8960,101
8961,8
8962,101
8963,21
8964,21
8965,203
8966,72
8967,21
8968,72
8969,8
8970,101
8971,8
8972,101
8973,8
8974,101
8975,36
8976,99
8977,99
8978,99
8979,99
8980,48
8981,49
8982,21
8983,21
8984,58
8985,58
8986,8
8987,21
8988,21
8989,8
8990,72
8991,69
8992,21
8993,2
8994,2
8995,2
8996,72
8997,72
8998,72
8999,69
9000,21
9001,21
9002,72
9003,91
9004,8
9005,289
9006,8
9007,96
9008,108
9009,108
9010,108
9011,72
9012,72
9013,99
9014,99
9015,99
9016,99
9017,99
9018,99
9019,17
9020,8
9021,101
9022,108
9023,21
9024,21
9025,36
9026,10
9027,10
9028,10
9029,10
9030,10
9031,10
9032,108
9033,21
9034,388
9035,58
9036,72
9037,69
9038,8
9039,101
9040,91
9041,101
9042,101
9043,179
9044,528
9045,403
9046,8
9047,101
9048,478
9049,8
9050,8
9051,21
9052,98
9053,388
9054,388
9055,72
9056,69
9057,98
9058,8
9059,101
9060,101
9061,7
9062,108
9063,69
9064,69
9065,179
9066,403
9067,7
9068,21
9069,58
9070,520
9071,8
9072,7
9073,8
9074,8
9075,72
9076,478
9077,8
9078,8
9079,8
9080,8
9081,101
9082,101
9083,33
9084,21
9085,93
9086,58
9087,21
9088,8
9089,8
9090,309
9091,69
9092,84
9093,8
9094,289
9095,8
9096,289
9097,101
9098,101
9099,7
9100,8
9101,8
9102,520
9103,8
9104,96
9105,72
9106,8
9107,8
9108,478
9109,8
9110,8
9111,482
9112,520
9113,8
9114,7
9115,520
9116,8
9117,8
9118,36
9119,108
9120,21
9121,21
9122,93
9123,91
9124,8
9125,91
9126,91
9127,289
9128,8
9129,478
9130,8
9131,8
9132,482
9133,520
9134,8
9135,96
9136,21
9137,21
9138,2
9139,21
9140,21
9141,21
9142,2
9143,72
9144,33
9145,8
9146,8
9147,8
9148,8
9149,10
9150,10
9151,10
9152,8
9153,8
9154,7
9155,7
9156,8
9157,8
9158,8
9159,480
9160,8
9161,96
9162,108
9163,21
9164,8
9165,108
9166,21
9167,93
9168,93
9169,93
9170,113
9171,113
9172,286
9173,286
9174,286
9175,108
9176,8
9177,286
9178,286
9179,91
9180,316
9181,8
9182,7
9183,8
9184,8
9185,8
9186,8
9187,21
9188,58
9189,72
9190,69
9191,69
9192,520
9193,8
9194,8
9195,96
9196,8
9197,101
9198,289
9199,8
9200,8
9201,36
9202,478
9203,8
9204,8
9205,479
9206,100
9207,8
9208,8
9209,33
9210,8
9211,479
9212,58
9213,21
9214,72
9215,69
9216,21
9217,93
9218,58
9219,286
9220,108
9221,21
9222,128
9223,357
9224,8
9225,8
9226,91
9227,101
9228,101
9229,101
9230,8
9231,8
9232,101
9233,36
9234,8
9235,8
9236,2
9237,17
9238,35
9239,22
9240,2
9241,2
9242,38
9243,108
9244,21
9245,2
9246,36
9247,72
9248,72
9249,376
9250,376
9251,376
9252,69
9253,69
9254,316
9255,100
9256,91
9257,289
9258,91
9259,289
9260,8
9261,101
9262,8
9263,289
9264,8
9265,8
9266,21
9267,353
9268,8
9269,8
9270,479
9271,8
9272,8
9273,7
9274,72
9275,8
9276,101
9277,101
9278,7
9279,7
9280,21
9281,376
9282,376
9283,376
9284,8
9285,14
9286,36
9287,26
9288,38
9289,22
9290,15
9291,520
9292,8
9293,108
9294,21
9295,21
9296,58
9297,58
9298,113
9299,97
9300,128
9301,128
9302,21
9303,93
9304,93
9305,58
9306,113
9307,286
9308,21
9309,93
9310,58
9311,97
9312,128
9313,8
9314,480
9315,21
9316,36
9317,72
9318,7
9319,21
9320,21
9321,21
9322,58
9323,58
9324,58
9325,69
9326,21
9327,21
9328,21
9329,21
9330,58
9331,58
9332,130
9333,130
9334,130
9335,130
9336,130
9337,130
9338,131
9339,131
9340,131
9341,131
9342,131
9343,94
9344,94
9345,94
9346,96
9347,520
9348,8
9349,96
9350,21
9351,113
9352,382
9353,7
9354,21
9355,21
9356,21
9357,58
9358,357
9359,21
9360,21
9361,130
9362,130
9363,94
9364,96
9365,21
9366,58
9367,130
9368,131
9369,94
9370,96
9371,108
9372,58
9373,69
9374,21
9375,58
9376,130
9377,130
9378,131
9379,96
9380,8
9381,8
9382,520
9383,8
9384,21
9385,21
9386,58
9387,58
9388,8
9389,96
9390,91
9391,8
9392,101
9393,101
9394,72
9395,72
9396,520
9397,8
9398,72
9399,72
9400,84
9401,21
9402,36
9403,128
9404,353
9405,8
9406,36
9407,36
9408,479
9409,108
9410,21
9411,36
9412,128
9413,8
9414,8
9415,479
9416,353
9417,8
9418,36
9419,479
9420,7
9421,7
9422,8
9423,101
9424,8
9425,101
9426,91
9427,8
9428,44
9429,91
9430,289
9431,178
9432,91
9433,8
9434,44
9435,21
9436,21
9437,21
9438,8
9439,8
9440,58
9441,58
9442,72
9443,98
9444,287
9445,353
9446,8
9447,8
9448,479
9449,205
9450,21
9451,58
9452,2
9453,2
9454,69
9455,98
9456,108
9457,108
9458,21
9459,8
9460,8
9461,7
9462,72
9463,8
9464,101
9465,21
9466,128
9467,128
9468,8
9469,96
9470,8
9471,289
9472,8
9473,101
9474,8
9475,46
9476,36
9477,21
9478,2
9479,69
9480,7
9481,7
9482,520
9483,8
9484,48
9485,108
9486,21
9487,21
9488,58
9489,58
9490,2
9491,382
9492,376
9493,376
9494,101
9495,8
9496,8
9497,289
9498,21
9499,58
9500,72
9501,38
9502,72
9503,21
9504,58
9505,58
9506,2
9507,2
9508,8
9509,101
9510,8
9511,8
9512,8
9513,21
9514,58
9515,8
9516,96
9517,8
9518,101
9519,101
9520,101
9521,101
9522,21
9523,58
9524,58
9525,91
9526,316
9527,100
9528,101
9529,101
9530,21
9531,205
9532,21
9533,21
9534,69
9535,69
9536,8
9537,8
9538,96
9539,7
9540,8
9541,8
9542,8
9543,101
9544,101
9545,72
9546,8
9547,101
9548,8
9549,520
9550,8
9551,8
9552,8
9553,8
9554,8
9555,520
9556,8
9557,8
9558,8
9559,36
9560,69
9561,8
9562,289
9563,8
9564,101
9565,36
9566,21
9567,8
9568,101
9569,8
9570,101
9571,101
9572,8
9573,96
9574,8
9575,96
9576,8
9577,289
9578,58
9579,72
9580,8
9581,8
9582,8
9583,289
9584,8
9585,8
9586,8
9587,8
9588,21
9589,58
9590,286
9591,8
9592,101
9593,8
9594,8
9595,478
9596,8
9597,72
9598,69
9599,21
9600,21
9601,8
9602,21
9603,58
9604,58
9605,55
9606,55
9607,91
9608,8
9609,316
9610,21
9611,21
9612,58
9613,8
9614,96
9615,8
9616,101
9617,36
9618,99
9619,99
9620,99
9621,99
9622,99
9623,99
9624,99
9625,99
9626,99
9627,99
9628,99
9629,99
9630,99
9631,99
9632,99
9633,17
9634,17
9635,100
9636,8
9637,289
9638,7
9639,8
9640,21
9641,58
9642,113
9643,72
9644,8
9645,36
9646,36
9647,482
9648,8
9649,101
9650,14
9651,26
9652,21
9653,21
9654,93
9655,93
9656,58
9657,98
9658,21
9659,58
9660,128
9661,128
9662,97
9663,97
9664,128
9665,128
9666,93
9667,93
9668,36
9669,130
9670,131
9671,131
9672,131
9673,131
9674,131
9675,96
9676,33
9677,99
9678,99
9679,99
9680,99
9681,99
9682,99
9683,99
9684,99
9685,100
9686,100
9687,100
9688,35
9689,8
9690,45
9691,2
9692,9
9693,50
9694,21
9695,21
9696,21
9697,58
9698,58
9699,72
9700,48
9701,8
9702,2
9703,72
9704,376
9705,69
9706,21
9707,48
9708,8
9709,47
9710,91
9711,91
9712,8
9713,316
9714,21
9715,58
9716,113
9717,69
9718,69
9719,69
9720,98
9721,2
9722,91
9723,289
9724,72
9725,69
9726,69
9727,69
9728,8
9729,101
9730,72
9731,8
9732,8
9733,8
9734,8
9735,8
9736,8
9737,8
9738,101
9739,72
9740,8
9741,8
9742,8
9743,8
9744,8
9745,480
9746,72
9747,8
9748,8
9749,21
9750,58
9751,8
9752,8
9753,101
9754,101
9755,8
9756,101
9757,353
9758,8
9759,72
9760,8
9761,8
9762,21
9763,58
9764,58
9765,113
9766,97
9767,286
9768,21
9769,93
9770,93
9771,58
9772,58
9773,10
9774,520
9775,8
9776,478
9777,8
9778,482
9779,72
9780,36
9781,99
9782,99
9783,99
9784,99
9785,99
9786,99
9787,99
9788,99
9789,99
9790,99
9791,99
9792,99
9793,99
9794,99
9795,99
9796,99
9797,99
9798,99
9799,99
9800,99
9801,99
9802,99
9803,99
9804,99
9805,99
9806,99
9807,205
9808,21
9809,382
9810,72
9811,69
9812,99
9813,99
9814,99
9815,99
9816,99
9817,99
9818,99
9819,99
9820,99
9821,99
9822,99
9823,99
9824,99
9825,99
9826,100
9827,388
9828,58
9829,58
9830,58
9831,2
9832,2
9833,36
9834,36
9835,36
9836,36
9837,382
9838,72
9839,69
9840,69
9841,69
9842,69
9843,69
9844,357
9845,357
9846,72
9847,100
9848,98
9849,36
9850,99
9851,99
9852,99
9853,99
9854,99
9855,99
9856,99
9857,99
9858,99
9859,99
9860,72
9861,100
9862,98
9863,84
9864,84
9865,8
9866,289
9867,108
9868,58
9869,58
9870,2
9871,382
9872,357
9873,21
9874,8
9875,2
9876,8
9877,36
9878,49
9879,353
9880,8
9881,479
9882,100
9883,100
9884,35
9885,2
9886,108
9887,108
9888,21
9889,21
9890,21
9891,21
9892,388
9893,58
9894,58
9895,58
9896,353
9897,8
9898,8
9899,479
9900,8
9901,480
9902,48
9903,48
9904,8
9905,36
9906,49
9907,49
9908,49
9909,72
9910,353
9911,8
9912,479
9913,36
9914,26
9915,478
9916,8
9917,8
9918,72
9919,289
9920,21
9921,58
9922,113
9923,2
9924,2
9925,382
9926,128
9927,98
9928,21
9929,388
9930,58
9931,58
9932,389
9933,131
9934,98
9935,91
9936,8
9937,8
9938,7
9939,72
9940,21
9941,21
9942,21
9943,8
9944,8
9945,36
9946,49
9947,8
9948,101
9949,101
9950,7
9951,179
9952,528
9953,403
9954,7
9955,478
9956,8
9957,91
9958,108
9959,21
9960,21
9961,21
9962,357
9963,91
9964,289
9965,72
9966,8
9967,8
9968,91
9969,289
9970,72
9971,21
9972,376
9973,376
9974,48
9975,8
9976,36
9977,48
9978,8
9979,36
9980,8
9981,8
9982,8
9983,101
9984,353
9985,8
9986,8
9987,479
9988,7
9989,2
9990,8
9991,8
9992,8
9993,8
9994,45
9995,2
9996,2
9997,10
9998,10
9999,10
10000,108
10001,376
10002,376
10003,2
10004,8
10005,101
10006,8
10007,101
10008,101
10009,108
10010,21
10011,388
10012,388
10013,8
10014,101
10015,108
10016,205
10017,21
10018,101
10019,101
10020,101
10021,8
10022,96
10023,101
10024,72
10025,108
10026,21
10027,113
10028,69
10029,357
10030,91
10031,8
10032,316
10033,8
10034,98
10035,21
10036,93
10037,58
10038,98
10039,98
10040,8
10041,289
10042,478
10043,8
10044,91
10045,21
10046,388
10047,108
10048,21
10049,93
10050,58
10051,51
10052,182
10053,182
10054,21
10055,21
10056,58
10057,58
10058,131
10059,131
10060,131
10061,359
10062,359
10063,359
10064,72
10065,21
10066,21
10067,58
10068,72
10069,21
10070,58
10071,96
10072,8
10073,145
10074,21
10075,388
10076,58
10077,58
10078,58
10079,113
10080,69
10081,69
10082,316
10083,179
10084,10
10085,528
10086,403
10087,7
10088,8
10089,8
10090,289
10091,353
10092,8
10093,479
10094,8
10095,8
10096,108
10097,108
10098,21
10099,21
10100,72
10101,69
10102,353
10103,8
10104,479
10105,8
10106,8
10107,479
10108,21
10109,8
10110,8
10111,58
10112,72
10113,69
10114,287
10115,93
10116,93
10117,58
10118,58
10119,69
10120,58
10121,2
10122,101
10123,101
10124,21
10125,21
10126,10
10127,8
10128,289
10129,8
10130,289
10131,58
10132,72
10133,72
10134,287
10135,99
10136,99
10137,99
10138,100
10139,8
10140,289
10141,21
10142,58
10143,98
10144,21
10145,21
10146,58
10147,58
10148,58
10149,2
10150,8
10151,8
10152,8
10153,7
10154,21
10155,21
10156,2
10157,72
10158,69
10159,21
10160,21
10161,2
10162,2
10163,72
10164,69
10165,72
10166,8
10167,101
10168,21
10169,58
10170,21
10171,58
10172,8
10173,101
10174,21
10175,58
10176,113
10177,344
10178,286
10179,286
10180,8
10181,101
10182,91
10183,316
10184,100
10185,289
10186,91
10187,8
10188,21
10189,97
10190,128
10191,128
10192,128
10193,108
10194,108
10195,21
10196,93
10197,113
10198,72
10199,376
10200,128
10201,128
10202,21
10203,93
10204,8
10205,101
10206,8
10207,8
10208,21
10209,21
10210,58
10211,72
10212,69
10213,69
10214,8
10215,10
10216,8
10217,58
10218,72
10219,8
10220,21
10221,21
10222,8
10223,96
10224,21
10225,21
10226,21
10227,58
10228,58
10229,58
10230,72
10231,69
10232,108
10233,108
10234,58
10235,72
10236,8
10237,8
10238,72
10239,8
10240,10
10241,10
10242,10
10243,8
10244,101
10245,8
10246,8
10247,8
10248,8
10249,21
10250,58
10251,2
10252,108
10253,21
10254,58
10255,58
10256,72
10257,8
10258,8
10259,8
10260,30
10261,8
10262,289
10263,33
10264,478
10265,8
10266,8
10267,21
10268,21
10269,58
10270,58
10271,108
10272,72
10273,8
10274,101
10275,21
10276,58
10277,58
10278,113
10279,114
10280,72
10281,8
10282,36
10283,36
10284,21
10285,21
10286,21
10287,21
10288,8
10289,101
10290,7
10291,7
10292,33
10293,114
10294,72
10295,287
10296,72
10297,8
10298,101
10299,21
10300,388
10301,72
10302,108
10303,21
10304,21
10305,128
10306,128
10307,98
10308,97
10309,128
10310,128
10311,72
10312,72
10313,128
10314,128
10315,98
10316,113
10317,98
10318,8
10319,21
10320,72
10321,72
10322,8
10323,101
10324,130
10325,130
10326,130
10327,94
10328,94
10329,94
10330,96
10331,58
10332,2
10333,2
10334,2
10335,2
10336,2
10337,2
10338,2
10339,2
10340,2
10341,2
10342,382
10343,382
10344,99
10345,99
10346,99
10347,99
10348,99
10349,99
10350,99
10351,99
10352,99
10353,91
10354,91
10355,8
10356,8
10357,101
10358,108
10359,108
10360,69
10361,69
10362,69
10363,8
10364,26
10365,72
10366,69
10367,69
10368,26
10369,8
10370,96
10371,8
10372,8
10373,8
10374,8
10375,38
10376,72
10377,77
10378,21
10379,58
10380,376
10381,35
10382,38
10383,38
10384,25
10385,25
10386,398
10387,8
10388,8
10389,8
10390,8
10391,8
10392,8
10393,478
10394,8
10395,72
10396,21
10397,21
10398,21
10399,58
10400,2
10401,69
10402,69
10403,69
10404,48
10405,2
10406,2
10407,101
10408,8
10409,8
10410,21
10411,72
10412,8
10413,101
10414,101
10415,2
10416,2
10417,10
10418,10
10419,10
10420,10
10421,10
10422,10
10423,18
10424,8
10425,101
10426,7
10427,8
10428,101
10429,8
10430,101
10431,147
10432,8
10433,8
10434,289
10435,108
10436,21
10437,286
10438,8
10439,8
10440,21
10441,58
10442,58
10443,36
10444,99
10445,99
10446,99
10447,99
10448,99
10449,99
10450,99
10451,99
10452,99
10453,99
10454,99
10455,99
10456,99
10457,99
10458,99
10459,99
10460,99
10461,99
10462,99
10463,100
10464,48
10465,2
10466,74
10467,8
10468,8
10469,101
10470,8
10471,72
10472,69
10473,69
10474,8
10475,8
10476,480
10477,8
10478,8
10479,96
10480,7
10481,8
10482,96
10483,8
10484,33
10485,8
10486,478
10487,8
10488,482
10489,7
10490,91
10491,8
10492,8
10493,101
10494,8
10495,8
10496,7
10497,8
10498,8
10499,96
10500,7
10501,33
10502,8
10503,101
10504,101
10505,21
10506,93
10507,58
10508,58
10509,113
10510,128
10511,108
10512,21
10513,93
10514,369
10515,72
10516,97
10517,98
10518,8
10519,7
10520,33
10521,21
10522,21
10523,58
10524,130
10525,130
10526,114
10527,72
10528,182
10529,21
10530,21
10531,21
10532,58
10533,58
10534,130
10535,130
10536,130
10537,114
10538,360
10539,7
10540,8
10541,8
10542,8
10543,21
10544,58
10545,359
10546,55
10547,8
10548,477
10549,308
10550,289
10551,8
10552,8
10553,101
10554,101
10555,8
10556,308
10557,289
10558,58
10559,72
10560,21
10561,21
10562,58
10563,58
10564,130
10565,94
10566,94
10567,94
10568,94
10569,96
10570,478
10571,8
10572,8
10573,7
10574,21
10575,58
10576,21
10577,21
10578,58
10579,58
10580,72
10581,8
10582,101
10583,7
10584,8
10585,8
10586,8
10587,8
10588,8
10589,34
10590,21
10591,21
10592,21
10593,2
10594,2
10595,286
10596,286
10597,286
10598,8
10599,8
10600,21
10601,21
10602,93
10603,93
10604,21
10605,58
10606,2
10607,128
10608,98
10609,21
10610,58
10611,58
10612,128
10613,8
10614,36
10615,49
10616,21
10617,58
10618,114
10619,97
10620,97
10621,128
10622,128
10623,128
10624,286
10625,93
10626,93
10627,93
10628,93
10629,72
10630,98
10631,287
10632,21
10633,93
10634,93
10635,93
10636,93
10637,58
10638,58
10639,114
10640,72
10641,98
10642,287
10643,21
10644,58
10645,114
10646,69
10647,97
10648,97
10649,128
10650,128
10651,128
10652,286
10653,21
10654,58
10655,114
10656,97
10657,97
10658,128
10659,128
10660,128
10661,286
10662,8
10663,8
10664,8
10665,8
10666,8
10667,8
10668,108
10669,108
10670,58
10671,69
10672,286
10673,98
10674,72
10675,8
10676,8
10677,8
10678,101
10679,21
10680,21
10681,21
10682,58
10683,58
10684,58
10685,72
10686,21
10687,21
10688,58
10689,130
10690,130
10691,130
10692,131
10693,131
10694,94
10695,94
10696,96
10697,108
10698,21
10699,58
10700,69
10701,286
10702,8
10703,8
10704,21
10705,58
10706,478
10707,8
10708,8
10709,482
10710,21
10711,21
10712,58
10713,58
10714,130
10715,131
10716,131
10717,8
10718,96
10719,33
10720,21
10721,21
10722,21
10723,72
10724,21
10725,388
10726,58
10727,58
10728,58
10729,8
10730,8
10731,21
10732,21
10733,58
10734,520
10735,8
10736,96
10737,8
10738,480
10739,21
10740,21
10741,93
10742,58
10743,58
10744,21
10745,128
10746,8
10747,48
10748,74
10749,21
10750,21
10751,58
10752,58
10753,58
10754,8
10755,101
10756,36
10757,36
10758,36
10759,36
10760,72
10761,69
10762,99
10763,99
10764,99
10765,99
10766,99
10767,99
10768,99
10769,99
10770,99
10771,99
10772,17
10773,17
10774,17
10775,21
10776,21
10777,58
10778,58
10779,2
10780,2
10781,376
10782,520
10783,8
10784,96
10785,48
10786,8
10787,36
10788,49
10789,49
10790,49
10791,8
10792,8
10793,96
10794,93
10795,113
10796,8
10797,8
10798,8
10799,108
10800,58
10801,58
10802,2
10803,108
10804,21
10805,58
10806,97
10807,100
10808,131
10809,131
10810,131
10811,96
10812,21
10813,58
10814,130
10815,130
10816,130
10817,130
10818,131
10819,131
10820,131
10821,94
10822,94
10823,94
10824,520
10825,8
10826,8
10827,8
10828,289
10829,355
10830,101
10831,33
10832,8
10833,101
10834,8
10835,289
10836,36
10837,36
10838,99
10839,99
10840,99
10841,99
10842,99
10843,99
10844,99
10845,17
10846,100
10847,36
10848,36
10849,99
10850,99
10851,99
10852,99
10853,99
10854,99
10855,99
10856,100
10857,100
10858,388
10859,58
10860,58
10861,72
10862,287
10863,108
10864,21
10865,382
10866,100
10867,100
10868,100
10869,72
10870,100
10871,307
10872,316
10873,100
10874,8
10875,8
10876,33
10877,33
10878,33
10879,21
10880,376
10881,69
10882,21
10883,113
10884,2
10885,2
10886,375
10887,58
10888,26
10889,48
10890,48
10891,8
10892,8
10893,36
10894,49
10895,49
10896,128
10897,21
10898,8
10899,8
10900,101
10901,8
10902,101
10903,72
10904,8
10905,101
10906,101
10907,91
10908,8
10909,289
10910,21
10911,58
10912,2
10913,2
10914,98
10915,58
10916,21
10917,21
10918,58
10919,58
10920,478
10921,8
10922,72
10923,8
10924,108
10925,21
10926,388
10927,58
10928,58
10929,108
10930,21
10931,21
10932,21
10933,478
10934,8
10935,21
10936,58
10937,36
10938,36
10939,36
10940,72
10941,58
10942,58
10943,72
10944,21
10945,21
10946,93
10947,58
10948,114
10949,72
10950,286
10951,286
10952,287
10953,128
10954,108
10955,21
10956,69
10957,8
10958,101
10959,21
10960,58
10961,72
10962,21
10963,21
10964,58
10965,58
10966,382
10967,8
10968,101
10969,72
10970,178
10971,96
10972,21
10973,21
10974,58
10975,58
10976,58
10977,8
10978,8
10979,8
10980,101
10981,8
10982,101
10983,21
10984,58
10985,58
10986,36
10987,99
10988,99
10989,99
10990,17
10991,100
10992,100
10993,100
10994,100
10995,8
10996,101
10997,72
10998,8
10999,38
11000,2
11001,58
11002,36
11003,69
11004,91
11005,8
11006,289
11007,478
11008,8
11009,72
11010,21
11011,21
11012,69
11013,21
11014,58
11015,8
11016,8
11017,8
11018,8
11019,48
11020,49
11021,47
11022,21
11023,21
11024,58
11025,58
11026,72
11027,108
11028,108
11029,108
11030,21
11031,21
11032,58
11033,8
11034,8
11035,101
11036,8
11037,289
11038,478
11039,8
11040,8
11041,482
11042,22
11043,26
11044,36
11045,99
11046,100
11047,58
11048,36
11049,36
11050,36
11051,99
11052,99
11053,99
11054,99
11055,100
11056,100
11057,7
11058,7
11059,7
11060,7
11061,7
11062,21
11063,36
11064,72
11065,286
11066,8
11067,8
11068,8
11069,122
11070,72
11071,58
11072,58
11073,2
11074,179
11075,10
11076,528
11077,403
11078,7
11079,8
11080,10
11081,7
11082,58
11083,21
11084,21
11085,58
11086,72
11087,8
11088,21
11089,72
11090,21
11091,21
11092,10
11093,10
11094,8
11095,8
11096,49
11097,160
11098,8
11099,8
11100,49
11101,2
11102,72
11103,69
11104,69
11105,98
11106,21
11107,21
11108,69
11109,69
11110,21
11111,2
11112,2
11113,2
11114,2
11115,72
11116,69
11117,72
11118,91
11119,8
11120,289
11121,8
11122,232
11123,232
11124,72
11125,93
11126,58
11127,58
11128,21
11129,21
11130,69
11131,69
11132,11
11133,108
11134,21
11135,93
11136,55
11137,21
11138,21
11139,72
11140,108
11141,205
11142,21
11143,21
11144,58
11145,2
11146,69
11147,69
11148,69
11149,8
11150,72
11151,72
11152,179
11153,403
11154,7
11155,353
11156,8
11157,479
11158,91
11159,8
11160,8
11161,8
11162,8
11163,36
11164,49
11165,8
11166,477
11167,308
11168,289
11169,21
11170,21
11171,58
11172,58
11173,72
11174,21
11175,58
11176,58
11177,72
11178,2
11179,9
11180,88
11181,88
11182,88
11183,88
11184,73
11185,2
11186,2
11187,18
11188,18
11189,26
11190,8
11191,36
11192,49
11193,30
11194,2
11195,2
11196,8
11197,2
11198,72
11199,69
11200,69
11201,113
11202,113
11203,69
11204,8
11205,36
11206,49
11207,21
11208,21
11209,93
11210,58
11211,58
11212,98
11213,36
11214,49
11215,21
11216,21
11217,58
11218,58
11219,286
11220,286
11221,21
11222,21
11223,58
11224,58
11225,286
11226,478
11227,8
11228,478
11229,8
11230,8
11231,101
11232,101
11233,101
11234,8
11235,101
11236,101
11237,36
11238,49
11239,2
11240,2
11241,72
11242,8
11243,10
11244,10
11245,48
11246,73
11247,8
11248,36
11249,49
11250,108
11251,21
11252,21
11253,58
11254,72
11255,36
11256,49
11257,8
11258,36
11259,49
11260,21
11261,21
11262,69
11263,69
11264,58
11265,58
11266,69
11267,48
11268,8
11269,36
11270,47
11271,36
11272,49
11273,49
11274,8
11275,36
11276,30
11277,8
11278,29
11279,21
11280,113
11281,69
11282,69
11283,69
11284,8
11285,36
11286,18
11287,21
11288,8
11289,101
11290,7
11291,48
11292,36
11293,49
11294,2
11295,72
11296,48
11297,49
11298,29
11299,30
11300,48
11301,29
11302,48
11303,8
11304,8
11305,2
11306,2
11307,21
11308,72
11309,2
11310,72
11311,69
11312,58
11313,21
11314,2
11315,2
11316,376
11317,376
11318,49
11319,49
11320,21
11321,21
11322,72
11323,69
11324,21
11325,21
11326,58
11327,58
11328,385
11329,8
11330,101
11331,101
11332,21
11333,72
11334,69
11335,69
11336,69
11337,98
11338,72
11339,21
11340,113
11341,69
11342,8
11343,8
11344,479
11345,7
11346,46
11347,84
11348,520
11349,8
11350,38
11351,77
11352,48
11353,49
11354,29
11355,77
11356,48
11357,49
11358,30
11359,21
11360,21
11361,21
11362,72
11363,353
11364,8
11365,8
11366,479
11367,101
11368,101
11369,8
11370,8
11371,33
11372,33
11373,33
11374,21
11375,21
11376,21
11377,58
11378,58
11379,8
11380,8
11381,36
11382,49
11383,8
11384,101
11385,21
11386,128
11387,128
11388,128
11389,128
11390,11
11391,21
11392,93
11393,97
11394,128
11395,128
11396,128
11397,8
11398,289
11399,21
11400,21
11401,58
11402,376
11403,48
11404,8
11405,2
11406,36
11407,72
11408,69
11409,69
11410,69
11411,8
11412,101
11413,91
11414,8
11415,7
11416,8
11417,232
11418,101
11419,21
11420,58
11421,72
11422,8
11423,477
11424,308
11425,289
11426,7
11427,7
11428,33
11429,33
11430,8
11431,101
11432,8
11433,289
11434,8
11435,36
11436,8
11437,289
11438,8
11439,289
11440,101
11441,36
11442,8
11443,101
11444,21
11445,21
11446,98
11447,8
11448,289
11449,8
11450,8
11451,122
11452,8
11453,101
11454,101
11455,7
11456,21
11457,72
11458,21
11459,113
11460,113
11461,72
11462,69
11463,101
11464,101
11465,2
11466,8
11467,7
11468,8
11469,101
11470,101
11471,7
11472,8
11473,101
11474,8
11475,101
11476,21
11477,21
11478,58
11479,98
11480,8
11481,101
11482,8
11483,232
11484,101
11485,8
11486,289
11487,8
11488,101
11489,21
11490,58
11491,72
11492,69
11493,69
11494,69
11495,286
11496,8
11497,8
11498,38
11499,2
11500,2
11501,48
11502,72
11503,382
11504,72
11505,69
11506,8
11507,101
11508,21
11509,21
11510,8
11511,8
11512,69
11513,69
11514,97
11515,48
11516,2
11517,74
11518,8
11519,289
11520,8
11521,101
11522,36
11523,91
11524,101
11525,101
11526,21
11527,21
11528,58
11529,2
11530,2
11531,2
11532,2
11533,8
11534,49
11535,21
11536,69
11537,69
11538,8
11539,21
11540,8
11541,72
11542,128
11543,21
11544,388
11545,388
11546,128
11547,48
11548,2
11549,74
11550,455
11551,7
11552,8
11553,289
11554,101
11555,8
11556,101
11557,10
11558,10
11559,10
11560,10
11561,10
11562,10
11563,8
11564,289
11565,232
11566,101
11567,21
11568,48
11569,49
11570,49
11571,21
11572,2
11573,2
11574,2
11575,8
11576,289
11577,72
11578,478
11579,8
11580,8
11581,289
11582,8
11583,101
11584,224
11585,91
11586,8
11587,478
11588,8
11589,8
11590,8
11591,8
11592,8
11593,8
11594,91
11595,316
11596,100
11597,7
11598,48
11599,8
11600,8
11601,36
11602,49
11603,478
11604,8
11605,8
11606,482
11607,84
11608,159
11609,8
11610,316
11611,100
11612,7
11613,101
11614,101
11615,8
11616,8
11617,21
11618,58
11619,58
11620,36
11621,286
11622,72
11623,58
11624,130
11625,130
11626,130
11627,131
11628,94
11629,94
11630,94
11631,96
11632,179
11633,528
11634,403
11635,7
11636,8
11637,101
11638,8
11639,8
11640,122
11641,12
11642,36
11643,26
11644,108
11645,21
11646,2
11647,2
11648,72
11649,108
11650,21
11651,21
11652,58
11653,58
11654,21
11655,58
11656,108
11657,108
11658,108
11659,21
11660,58
11661,58
11662,128
11663,128
11664,76
11665,108
11666,21
11667,58
11668,113
11669,69
11670,91
11671,289
11672,21
11673,21
11674,33
11675,8
11676,101
11677,72
11678,108
11679,21
11680,58
11681,69
11682,128
11683,128
11684,286
11685,72
11686,8
11687,8
11688,101
11689,21
11690,21
11691,8
11692,69
11693,97
11694,97
11695,108
11696,21
11697,93
11698,58
11699,58
11700,69
11701,98
11702,91
11703,289
11704,108
11705,21
11706,179
11707,528
11708,403
11709,8
11710,289
11711,72
11712,108
11713,108
11714,108
11715,21
11716,388
11717,388
11718,128
11719,179
11720,10
11721,528
11722,403
11723,108
11724,21
11725,2
11726,8
11727,101
11728,21
11729,21
11730,58
11731,58
11732,8
11733,8
11734,316
11735,21
11736,21
11737,98
11738,7
11739,179
11740,528
11741,403
11742,7
11743,8
11744,8
11745,8
11746,36
11747,72
11748,21
11749,2
11750,72
11751,69
11752,36
11753,99
11754,99
11755,99
11756,99
11757,100
11758,108
11759,108
11760,108
11761,21
11762,131
11763,21
11764,21
11765,21
11766,98
11767,48
11768,49
11769,49
11770,21
11771,58
11772,72
11773,69
11774,98
11775,98
11776,8
11777,101
11778,8
11779,36
11780,49
11781,29
11782,47
11783,8
11784,36
11785,49
11786,36
11787,35
11788,72
11789,8
11790,36
11791,49
11792,91
11793,8
11794,207
11795,72
11796,8
11797,8
11798,8
11799,289
11800,8
11801,101
11802,21
11803,113
11804,21
11805,21
11806,58
11807,58
11808,21
11809,58
11810,58
11811,58
11812,72
11813,8
11814,101
11815,520
11816,520
11817,8
11818,96
11819,35
11820,2
11821,25
11822,58
11823,58
11824,69
11825,69
11826,98
11827,72
11828,8
11829,101
11830,99
11831,99
11832,99
11833,99
11834,99
11835,99
11836,99
11837,99
11838,100
11839,100
11840,100
11841,100
11842,8
11843,101
11844,36
11845,36
11846,99
11847,99
11848,100
11849,100
11850,72
11851,2
11852,2
11853,72
11854,69
11855,48
11856,8
11857,36
11858,49
11859,118
11860,45
11861,10
11862,10
11863,10
11864,10
11865,2
11866,2
11867,21
11868,21
11869,69
11870,21
11871,69
11872,69
11873,69
11874,8
11875,8
11876,30
11877,8
11878,29
11879,84
11880,10
11881,21
11882,21
11883,72
11884,72
11885,97
11886,97
11887,21
11888,69
11889,48
11890,8
11891,36
11892,49
11893,8
11894,45
11895,45
11896,2
11897,2
11898,2
11899,10
11900,10
11901,10
11902,10
11903,10
11904,10
11905,108
11906,21
11907,21
11908,69
11909,69
11910,10
11911,108
11912,113
11913,2
11914,36
11915,72
11916,69
11917,2
11918,2
11919,2
11920,2
11921,36
11922,21
11923,21
11924,69
11925,69
11926,69
11927,69
11928,8
11929,101
11930,101
11931,101
11932,101
11933,101
11934,101
11935,101
11936,101
11937,101
11938,101
11939,101
11940,108
11941,21
11942,21
11943,8
11944,101
11945,8
11946,2
11947,36
11948,21
11949,8
11950,101
11951,101
11952,36
11953,36
11954,99
11955,99
11956,99
11957,21
11958,58
11959,58
11960,8
11961,289
11962,21
11963,36
11964,72
11965,69
11966,69
11967,69
11968,69
11969,21
11970,72
11971,21
11972,21
11973,21
11974,21
11975,58
11976,58
11977,58
11978,108
11979,21
11980,21
11981,21
11982,8
11983,100
11984,100
11985,100
11986,100
11987,100
11988,100
11989,8
11990,8
11991,36
11992,36
11993,49
11994,36
11995,8
11996,8
11997,8
11998,101
11999,72
12000,8
12001,36
12002,36
12003,49
12004,38
12005,2
12006,8
12007,36
12008,49
12009,49
12010,113
12011,2
12012,36
12013,36
12014,69
12015,69
12016,8
12017,101
12018,8
12019,8
12020,8
12021,289
12022,8
12023,289
12024,8
12025,101
12026,8
12027,8
12028,2
12029,8
12030,8
12031,21
12032,36
12033,36
12034,99
12035,99
12036,99
12037,99
12038,100
12039,100
12040,100
12041,8
12042,8
12043,101
12044,108
12045,21
12046,21
12047,21
12048,113
12049,69
12050,69
12051,21
12052,21
12053,91
12054,316
12055,8
12056,58
12057,8
12058,289
12059,21
12060,21
12061,21
12062,58
12063,58
12064,58
12065,113
12066,113
12067,286
12068,21
12069,72
12070,21
12071,58
12072,58
12073,8
12074,7
12075,72
12076,72
12077,8
12078,289
12079,21
12080,21
12081,58
12082,58
12083,72
12084,21
12085,8
12086,8
12087,101
12088,101
12089,7
12090,7
12091,108
12092,108
12093,21
12094,93
12095,58
12096,8
12097,36
12098,49
12099,8
12100,36
12101,8
12102,36
12103,49
12104,205
12105,21
12106,21
12107,72
12108,69
12109,69
12110,58
12111,21
12112,21
12113,21
12114,58
12115,113
12116,128
12117,128
12118,48
12119,8
12120,30
12121,36
12122,21
12123,58
12124,357
12125,48
12126,49
12127,21
12128,21
12129,58
12130,2
12131,48
12132,8
12133,36
12134,93
12135,388
12136,72
12137,72
12138,21
12139,58
12140,58
12141,113
12142,382
12143,7
12144,48
12145,2
12146,72
12147,58
12148,113
12149,113
12150,69
12151,51
12152,48
12153,8
12154,47
12155,38
12156,15
12157,36
12158,58
12159,131
12160,359
12161,114
12162,98
12163,355
12164,355
12165,355
12166,36
12167,36
12168,7
12169,108
12170,21
12171,21
12172,113
12173,2
12174,376
12175,69
12176,128
12177,357
12178,357
12179,72
12180,72
12181,362
12182,91
12183,91
12184,8
12185,36
12186,99
12187,99
12188,99
12189,99
12190,99
12191,99
12192,99
12193,99
12194,99
12195,100
12196,100
12197,100
12198,91
12199,289
12200,36
12201,36
12202,36
12203,99
12204,99
12205,99
12206,99
12207,99
12208,99
12209,99
12210,100
12211,100
12212,100
12213,100
12214,100
12215,100
12216,8
12217,2
12218,2
12219,388
12220,113
12221,357
12222,21
12223,21
12224,8
12225,36
12226,49
12227,49
12228,58
12229,72
12230,21
12231,388
12232,2
12233,2
12234,382
12235,21
12236,8
12237,58
12238,21
12239,21
12240,58
12241,58
12242,21
12243,21
12244,58
12245,58
12246,36
12247,49
12248,36
12249,22
12250,2
12251,17
12252,18
12253,2
12254,17
12255,18
12256,21
12257,21
12258,113
12259,97
12260,128
12261,128
12262,353
12263,8
12264,8
12265,21
12266,2
12267,2
12268,2
12269,72
12270,21
12271,58
12272,286
12273,98
12274,21
12275,58
12276,2
12277,72
12278,48
12279,49
12280,49
12281,30
12282,48
12283,8
12284,36
12285,49
12286,49
12287,30
12288,48
12289,49
12290,49
12291,29
12292,21
12293,21
12294,69
12295,69
12296,7
12297,7
12298,21
12299,21
12300,58
12301,58
12302,113
12303,2
12304,382
12305,376
12306,376
12307,376
12308,376
12309,69
12310,98
12311,8
12312,48
12313,8
12314,36
12315,21
12316,72
12317,376
12318,376
12319,376
12320,108
12321,376
12322,8
12323,8
12324,101
12325,8
12326,308
12327,289
12328,8
12329,289
12330,8
12331,289
12332,8
12333,289
12334,7
12335,8
12336,36
12337,36
12338,36
12339,36
12340,36
12341,36
12342,36
12343,36
12344,99
12345,99
12346,99
12347,99
12348,99
12349,99
12350,99
12351,100
12352,100
12353,100
12354,100
12355,100
12356,100
12357,100
12358,91
12359,289
12360,21
12361,21
12362,72
12363,113
12364,72
12365,72
12366,69
12367,69
12368,21
12369,21
12370,58
12371,58
12372,8
12373,36
12374,8
12375,101
12376,205
12377,205
12378,205
12379,21
12380,376
12381,11
12382,48
12383,21
12384,21
12385,21
12386,69
12387,69
12388,91
12389,289
12390,99
12391,99
12392,99
12393,99
12394,99
12395,99
12396,99
12397,100
12398,7
12399,108
12400,108
12401,21
12402,21
12403,72
12404,100
12405,98
12406,21
12407,72
12408,98
12409,11
12410,36
12411,375
12412,72
12413,8
12414,101
12415,108
12416,108
12417,21
12418,99
12419,99
12420,99
12421,99
12422,99
12423,99
12424,99
12425,99
12426,100
12427,100
12428,100
12429,100
12430,7
12431,7
12432,21
12433,8
12434,36
12435,8
12436,101
12437,8
12438,36
12439,36
12440,36
12441,99
12442,99
12443,99
12444,99
12445,17
12446,17
12447,100
12448,100
12449,7
12450,72
12451,8
12452,72
12453,478
12454,8
12455,8
12456,101
12457,8
12458,8
12459,8
12460,101
12461,101
12462,8
12463,8
12464,21
12465,353
12466,8
12467,91
12468,8
12469,289
12470,48
12471,35
12472,48
12473,22
12474,45
12475,10
12476,10
12477,10
12478,18
12479,8
12480,8
12481,8
12482,101
12483,353
12484,8
12485,93
12486,93
12487,520
12488,8
12489,7
12490,21
12491,21
12492,58
12493,21
12494,72
12495,69
12496,11
12497,478
12498,8
12499,108
12500,21
12501,113
12502,21
12503,8
12504,128
12505,21
12506,21
12507,72
12508,69
12509,69
12510,8
12511,289
12512,72
12513,316
12514,100
12515,353
12516,8
12517,479
12518,353
12519,8
12520,8
12521,316
12522,100
12523,8
12524,8
12525,289
12526,91
12527,108
12528,21
12529,58
12530,359
12531,359
12532,7
12533,21
12534,21
12535,2
12536,2
12537,2
12538,72
12539,69
12540,53
12541,21
12542,58
12543,113
12544,113
12545,113
12546,69
12547,69
12548,8
12549,7
12550,108
12551,108
12552,21
12553,58
12554,58
12555,98
12556,7
12557,21
12558,58
12559,178
12560,91
12561,8
12562,8
12563,72
12564,12
12565,18
12566,26
12567,8
12568,2
12569,10
12570,10
12571,72
12572,72
12573,21
12574,58
12575,72
12576,21
12577,113
12578,72
12579,21
12580,21
12581,2
12582,72
12583,376
12584,69
12585,357
12586,48
12587,2
12588,478
12589,8
12590,72
12591,72
12592,8
12593,479
12594,7
12595,7
12596,8
12597,101
12598,72
12599,108
12600,108
12601,108
12602,205
12603,21
12604,113
12605,2
12606,21
12607,93
12608,58
12609,98
12610,8
12611,8
12612,21
12613,8
12614,8
12615,33
12616,8
12617,8
12618,36
12619,101
12620,478
12621,8
12622,8
12623,8
12624,101
12625,8
12626,8
12627,8
12628,101
12629,8
12630,8
12631,101
12632,353
12633,8
12634,8
12635,479
12636,8
12637,2
12638,10
12639,8
12640,478
12641,8
12642,8
12643,8
12644,289
12645,8
12646,8
12647,72
12648,289
12649,48
12650,47
12651,307
12652,100
12653,100
12654,72
12655,21
12656,2
12657,72
12658,108
12659,108
12660,21
12661,36
12662,69
12663,69
12664,21
12665,21
12666,72
12667,108
12668,21
12669,388
12670,58
12671,21
12672,72
12673,38
12674,45
12675,2
12676,2
12677,21
12678,72
12679,36
12680,8
12681,8
12682,91
12683,8
12684,21
12685,21
12686,72
12687,21
12688,21
12689,8
12690,480
12691,8
12692,2
12693,2
12694,2
12695,17
12696,8
12697,8
12698,479
12699,91
12700,8
12701,316
12702,7
12703,8
12704,8
12705,21
12706,8
12707,7
12708,375
12709,8
12710,8
12711,8
12712,101
12713,478
12714,8
12715,8
12716,1
12717,3
12718,101
12719,21
12720,388
12721,108
12722,21
12723,344
12724,55
12725,21
12726,8
12727,72
12728,21
12729,58
12730,8
12731,101
12732,21
12733,21
12734,2
12735,520
12736,8
12737,96
12738,8
12739,36
12740,36
12741,49
12742,8
12743,8
12744,45
12745,45
12746,2
12747,2
12748,2
12749,2
12750,10
12751,10
12752,10
12753,8
12754,36
12755,49
12756,8
12757,36
12758,48
12759,8
12760,36
12761,21
12762,8
12763,128
12764,128
12765,98
12766,21
12767,21
12768,388
12769,58
12770,58
12771,72
12772,91
12773,91
12774,8
12775,108
12776,21
12777,58
12778,21
12779,21
12780,58
12781,58
12782,72
12783,69
12784,357
12785,72
12786,69
12787,77
12788,45
12789,2
12790,2
12791,17
12792,8
12793,289
12794,84
12795,159
12796,21
12797,58
12798,128
12799,128
12800,128
12801,128
12802,128
12803,128
12804,128
12805,128
12806,128
12807,128
12808,58
12809,21
12810,93
12811,93
12812,93
12813,58
12814,97
12815,97
12816,128
12817,128
12818,128
12819,128
12820,128
12821,128
12822,58
12823,98
12824,21
12825,21
12826,93
12827,36
12828,36
12829,99
12830,99
12831,99
12832,99
12833,99
12834,99
12835,99
12836,100
12837,100
12838,100
12839,7
12840,72
12841,8
12842,8
12843,35
12844,2
12845,85
12846,8
12847,8
12848,21
12849,113
12850,36
12851,8
12852,8
12853,108
12854,21
12855,21
12856,58
12857,58
12858,2
12859,2
12860,2
12861,382
12862,357
12863,286
12864,286
12865,36
12866,99
12867,99
12868,99
12869,100
12870,36
12871,36
12872,99
12873,99
12874,17
12875,17
12876,17
12877,17
12878,100
12879,100
12880,354
12881,355
12882,355
12883,355
12884,355
12885,355
12886,355
12887,108
12888,205
12889,205
12890,21
12891,58
12892,113
12893,8
12894,477
12895,308
12896,289
12897,21
12898,21
12899,21
12900,21
12901,21
12902,58
12903,58
12904,8
12905,8
12906,108
12907,113
12908,2
12909,72
12910,353
12911,8
12912,479
12913,128
12914,21
12915,93
12916,58
12917,58
12918,2
12919,21
12920,21
12921,21
12922,58
12923,2
12924,72
12925,21
12926,21
12927,113
12928,36
12929,69
12930,21
12931,21
12932,21
12933,36
12934,286
12935,286
12936,35
12937,37
12938,34
12939,108
12940,21
12941,21
12942,108
12943,21
12944,21
12945,97
12946,97
12947,21
12948,21
12949,72
12950,72
12951,69
12952,8
12953,36
12954,36
12955,36
12956,36
12957,36
12958,36
12959,99
12960,99
12961,99
12962,99
12963,99
12964,99
12965,99
12966,99
12967,99
12968,99
12969,99
12970,99
12971,99
12972,99
12973,99
12974,99
12975,99
12976,99
12977,100
12978,100
12979,100
12980,100
12981,100
12982,100
12983,36
12984,36
12985,36
12986,36
12987,99
12988,99
12989,8
12990,2
12991,376
12992,48
12993,49
12994,160
12995,478
12996,8
12997,21
12998,58
12999,113
13000,113
13001,91
13002,8
13003,36
13004,36
13005,36
13006,36
13007,8
13008,36
13009,49
13010,21
13011,58
13012,2
13013,286
13014,8
13015,8
13016,101
13017,7
13018,8
13019,21
13020,2
13021,21
13022,8
13023,58
13024,58
13025,69
13026,8
13027,8
13028,72
13029,69
13030,69
13031,69
13032,8
13033,8
13034,8
13035,101
13036,21
13037,21
13038,113
13039,377
13040,8
13041,8
13042,21
13043,21
13044,58
13045,58
13046,69
13047,128
13048,128
13049,21
13050,97
13051,128
13052,8
13053,8
13054,8
13055,8
13056,72
13057,8
13058,101
13059,72
13060,478
13061,8
13062,21
13063,72
13064,289
13065,8
13066,36
13067,10
13068,91
13069,289
13070,2
13071,2
13072,15
13073,18
13074,359
13075,21
13076,69
13077,69
13078,353
13079,8
13080,8
13081,479
13082,72
13083,8
13084,101
13085,8
13086,8
13087,8
13088,69
13089,72
13090,21
13091,58
13092,8
13093,8
13094,48
13095,2
13096,72
13097,357
13098,21
13099,21
13100,375
13101,72
13102,21
13103,21
13104,58
13105,58
13106,128
13107,21
13108,21
13109,58
13110,58
13111,128
13112,8
13113,101
13114,21
13115,58
13116,128
13117,128
13118,21
13119,58
13120,69
13121,21
13122,21
13123,72
13124,21
13125,93
13126,8
13127,108
13128,21
13129,128
13130,21
13131,72
13132,178
13133,8
13134,289
13135,8
13136,289
13137,21
13138,58
13139,72
13140,25
13141,25
13142,26
13143,72
13144,18
13145,58
13146,357
13147,357
13148,357
13149,72
13150,8
13151,8
13152,8
13153,8
13154,8
13155,101
13156,100
13157,100
13158,100
13159,21
13160,21
13161,8
13162,58
13163,72
13164,287
13165,8
13166,8
13167,8
13168,8
13169,21
13170,58
13171,72
13172,8
13173,101
13174,8
13175,101
13176,108
13177,2
13178,2
13179,36
13180,69
13181,69
13182,36
13183,36
13184,36
13185,99
13186,99
13187,99
13188,17
13189,17
13190,100
13191,100
13192,8
13193,8
13194,122
13195,21
13196,58
13197,58
13198,72
13199,72
13200,21
13201,21
13202,58
13203,58
13204,2
13205,69
13206,286
13207,8
13208,8
13209,8
13210,8
13211,8
13212,73
13213,74
13214,21
13215,38
13216,48
13217,8
13218,38
13219,45
13220,2
13221,21
13222,8
13223,72
13224,113
13225,72
13226,8
13227,7
13228,101
13229,101
13230,7
13231,8
13232,58
13233,58
13234,72
13235,478
13236,8
13237,8
13238,8
13239,21
13240,113
13241,205
13242,21
13243,8
13244,84
13245,21
13246,21
13247,36
13248,98
13249,21
13250,21
13251,21
13252,58
13253,58
13254,58
13255,58
13256,21
13257,58
13258,72
13259,353
13260,8
13261,479
13262,72
13263,21
13264,21
13265,72
13266,72
13267,8
13268,8
13269,8
13270,8
13271,8
13272,58
13273,72
13274,72
13275,8
13276,8
13277,8
13278,8
13279,72
13280,108
13281,108
13282,205
13283,21
13284,2
13285,2
13286,72
13287,357
13288,8
13289,8
13290,8
13291,48
13292,8
13293,49
13294,478
13295,8
13296,21
13297,72
13298,108
13299,21
13300,58
13301,58
13302,113
13303,21
13304,21
13305,21
13306,2
13307,72
13308,8
13309,101
13310,478
13311,8
13312,21
13313,21
13314,113
13315,21
13316,58
13317,58
13318,58
13319,36
13320,72
13321,69
13322,128
13323,21
13324,21
13325,58
13326,2
13327,2
13328,69
13329,21
13330,58
13331,58
13332,72
13333,8
13334,480
13335,128
13336,21
13337,97
13338,128
13339,286
13340,21
13341,21
13342,21
13343,58
13344,58
13345,72
13346,69
13347,108
13348,21
13349,36
13350,69
13351,21
13352,21
13353,36
13354,72
13355,69
13356,21
13357,2
13358,21
13359,113
13360,72
13361,21
13362,58
13363,72
13364,58
13365,98
13366,8
13367,8
13368,178
13369,21
13370,58
13371,8
13372,8
13373,21
13374,72
13375,21
13376,36
13377,72
13378,21
13379,98
13380,21
13381,8
13382,8
13383,113
13384,69
13385,98
13386,8
13387,232
13388,58
13389,21
13390,69
13391,69
13392,286
13393,10
13394,10
13395,58
13396,8
13397,101
13398,21
13399,21
13400,58
13401,58
13402,8
13403,21
13404,21
13405,72
13406,21
13407,69
13408,72
13409,8
13410,8
13411,96
13412,8
13413,8
13414,122
13415,21
13416,58
13417,10
13418,21
13419,21
13420,21
13421,58
13422,58
13423,382
13424,69
13425,8
13426,8
13427,58
13428,58
13429,58
13430,72
13431,287
13432,72
13433,2
13434,72
13435,72
13436,69
13437,21
13438,21
13439,113
13440,113
13441,113
13442,2
13443,357
13444,357
13445,316
13446,21
13447,8
13448,2
13449,8
13450,58
13451,58
13452,286
13453,21
13454,21
13455,58
13456,72
13457,91
13458,8
13459,8
13460,8
13461,21
13462,58
13463,72
13464,8
13465,101
13466,21
13467,8
13468,36
13469,72
13470,8
13471,8
13472,21
13473,21
13474,2
13475,2
13476,2
13477,2
13478,98
13479,21
13480,21
13481,58
13482,58
13483,2
13484,2
13485,98
13486,21
13487,58
13488,58
13489,69
13490,72
13491,108
13492,72
13493,21
13494,21
13495,72
13496,21
13497,58
13498,128
13499,357
13500,101
13501,205
13502,21
13503,58
13504,21
13505,58
13506,2
13507,2
13508,8
13509,21
13510,58
13511,72
13512,357
13513,224
13514,38
13515,398
13516,8
13517,289
13518,72
13519,8
13520,36
13521,49
13522,49
13523,21
13524,2
13525,21
13526,21
13527,69
13528,69
13529,8
13530,289
13531,33
13532,36
13533,8
13534,36
13535,26
13536,72
13537,97
13538,128
13539,128
13540,128
13541,48
13542,47
13543,72
13544,48
13545,8
13546,108
13547,8
13548,101
13549,7
13550,91
13551,316
13552,72
13553,97
13554,97
13555,21
13556,93
13557,58
13558,98
13559,8
13560,289
13561,21
13562,8
13563,58
13564,8
13565,8
13566,8
13567,21
13568,21
13569,58
13570,58
13571,21
13572,8
13573,91
13574,316
13575,100
13576,108
13577,205
13578,21
13579,21
13580,72
13581,91
13582,316
13583,58
13584,58
13585,72
13586,98
13587,21
13588,21
13589,407
13590,21
13591,21
13592,58
13593,72
13594,8
13595,316
13596,100
13597,8
13598,8
13599,2
13600,72
13601,72
13602,108
13603,108
13604,21
13605,72
13606,108
13607,21
13608,21
13609,21
13610,8
13611,58
13612,58
13613,58
13614,357
13615,21
13616,72
13617,113
13618,113
13619,108
13620,2
13621,2
13622,2
13623,36
13624,69
13625,21
13626,21
13627,108
13628,21
13629,58
13630,113
13631,2
13632,91
13633,316
13634,100
13635,7
13636,316
13637,100
13638,8
13639,101
13640,108
13641,21
13642,58
13643,69
13644,69
13645,69
13646,21
13647,21
13648,2
13649,2
13650,72
13651,33
13652,21
13653,21
13654,58
13655,344
13656,21
13657,376
13658,376
13659,128
13660,128
13661,344
13662,8
13663,72
13664,91
13665,8
13666,21
13667,344
13668,344
13669,21
13670,21
13671,58
13672,58
13673,128
13674,128
13675,8
13676,8
13677,21
13678,128
13679,108
13680,108
13681,21
13682,21
13683,58
13684,69
13685,48
13686,8
13687,29
13688,77
13689,30
13690,21
13691,58
13692,58
13693,2
13694,376
13695,48
13696,8
13697,29
13698,77
13699,30
13700,38
13701,361
13702,48
13703,8
13704,29
13705,77
13706,30
13707,8
13708,289
13709,38
13710,98
13711,8
13712,289
13713,33
13714,91
13715,8
13716,289
13717,8
13718,21
13719,72
13720,21
13721,21
13722,21
13723,388
13724,388
13725,72
13726,69
13727,69
13728,130
13729,131
13730,131
13731,131
13732,131
13733,131
13734,96
13735,72
13736,72
13737,58
13738,58
13739,69
13740,8
13741,101
13742,7
13743,21
13744,21
13745,21
13746,2
13747,69
13748,21
13749,21
13750,58
13751,58
13752,58
13753,69
13754,8
13755,8
13756,36
13757,49
13758,108
13759,21
13760,93
13761,93
13762,2
13763,98
13764,98
13765,7
13766,7
13767,108
13768,21
13769,8
13770,113
13771,69
13772,97
13773,97
13774,72
13775,33
13776,108
13777,21
13778,21
13779,93
13780,93
13781,58
13782,58
13783,69
13784,72
13785,36
13786,100
13787,100
13788,100
13789,36
13790,8
13791,8
13792,8
13793,8
13794,108
13795,21
13796,21
13797,113
13798,113
13799,128
13800,357
13801,108
13802,108
13803,21
13804,21
13805,58
13806,58
13807,58
13808,58
13809,2
13810,69
13811,357
13812,357
13813,357
13814,108
13815,205
13816,205
13817,21
13818,21
13819,21
13820,388
13821,113
13822,113
13823,113
13824,72
13825,8
13826,388
13827,388
13828,2
13829,72
13830,69
13831,69
13832,357
13833,21
13834,113
13835,21
13836,58
13837,69
13838,478
13839,8
13840,21
13841,21
13842,2
13843,48
13844,36
13845,49
13846,36
13847,49
13848,33
13849,33
13850,357
13851,21
13852,58
13853,58
13854,48
13855,8
13856,29
13857,77
13858,48
13859,8
13860,29
13861,77
13862,30
13863,21
13864,58
13865,58
13866,69
13867,21
13868,21
13869,288
13870,48
13871,8
13872,29
13873,30
13874,48
13875,30
13876,48
13877,29
13878,21
13879,21
13880,382
13881,72
13882,72
13883,21
13884,21
13885,21
13886,2
13887,48
13888,49
13889,49
13890,29
13891,21
13892,21
13893,2
13894,2
13895,48
13896,49
13897,21
13898,21
13899,2
13900,2
13901,2
13902,48
13903,10
13904,21
13905,8
13906,8
13907,58
13908,101
13909,101
13910,101
13911,101
13912,101
13913,101
13914,101
13915,101
13916,36
13917,49
13918,49
13919,68
13920,160
13921,160
13922,8
13923,101
13924,21
13925,21
13926,21
13927,382
13928,58
13929,58
13930,376
13931,26
13932,72
13933,18
13934,26
13935,21
13936,21
13937,8
13938,8
13939,96
13940,8
13941,36
13942,47
13943,36
13944,36
13945,36
13946,2
13947,72
13948,8
13949,8
13950,478
13951,8
13952,8
13953,72
13954,99
13955,99
13956,99
13957,99
13958,99
13959,99
13960,99
13961,100
13962,307
13963,292
13964,100
13965,8
13966,36
13967,8
13968,114
13969,108
13970,2
13971,2
13972,72
13973,84
13974,101
13975,101
13976,48
13977,49
13978,108
13979,108
13980,21
13981,93
13982,93
13983,58
13984,58
13985,382
13986,72
13987,128
13988,8
13989,8
13990,58
13991,113
13992,113
13993,353
13994,8
13995,8
13996,479
13997,21
13998,21
13999,21
14000,58
14001,58
14002,376
14003,21
14004,58
14005,58
14006,69
14007,69
14008,69
14009,36
14010,72
14011,8
14012,8
14013,21
14014,21
14015,58
14016,353
14017,8
14018,8
14019,479
14020,58
14021,113
14022,69
14023,72
14024,8
14025,8
14026,8
14027,8
14028,8
14029,8
14030,8
14031,101
14032,8
14033,101
14034,8
14035,289
14036,48
14037,8
14038,8
14039,8
14040,316
14041,21
14042,58
14043,98
14044,8
14045,8
14046,101
14047,101
14048,101
14049,48
14050,35
14051,38
14052,2
14053,17
14054,17
14055,17
14056,17
14057,18
14058,30
14059,30
14060,38
14061,17
14062,17
14063,17
14064,26
14065,48
14066,35
14067,38
14068,17
14069,21
14070,58
14071,113
14072,48
14073,108
14074,21
14075,2
14076,69
14077,98
14078,11
14079,21
14080,21
14081,2
14082,2
14083,21
14084,21
14085,98
14086,8
14087,36
14088,26
14089,21
14090,21
14091,21
14092,58
14093,58
14094,72
14095,69
14096,48
14097,47
14098,21
14099,21
14100,58
14101,58
14102,58
14103,2
14104,58
14105,58
14106,36
14107,38
14108,2
14109,21
14110,58
14111,69
14112,21
14113,21
14114,2
14115,2
14116,2
14117,2
14118,2
14119,2
14120,2
14121,2
14122,69
14123,69
14124,69
14125,69
14126,69
14127,69
14128,108
14129,205
14130,21
14131,58
14132,21
14133,36
14134,69
14135,286
14136,21
14137,69
14138,8
14139,101
14140,48
14141,8
14142,49
14143,108
14144,108
14145,58
14146,382
14147,376
14148,286
14149,98
14150,21
14151,58
14152,58
14153,205
14154,21
14155,113
14156,113
14157,113
14158,10
14159,10
14160,10
14161,8
14162,160
14163,48
14164,8
14165,36
14166,49
14167,21
14168,21
14169,58
14170,58
14171,286
14172,36
14173,36
14174,36
14175,21
14176,97
14177,97
14178,128
14179,8
14180,101
14181,21
14182,58
14183,72
14184,21
14185,21
14186,72
14187,21
14188,21
14189,58
14190,58
14191,2
14192,72
14193,21
14194,58
14195,72
14196,48
14197,29
14198,47
14199,48
14200,29
14201,47
14202,30
14203,48
14204,49
14205,8
14206,207
14207,2
14208,36
14209,139
14210,8
14211,49
14212,8
14213,289
14214,21
14215,21
14216,58
14217,58
14218,8
14219,101
14220,21
14221,21
14222,2
14223,72
14224,48
14225,8
14226,49
14227,2
14228,72
14229,8
14230,101
14231,101
14232,91
14233,8
14234,36
14235,8
14236,8
14237,8
14238,8
14239,8
14240,36
14241,36
14242,36
14243,36
14244,36
14245,72
14246,114
14247,72
14248,128
14249,287
14250,21
14251,93
14252,58
14253,69
14254,128
14255,98
14256,58
14257,72
14258,8
14259,289
14260,58
14261,113
14262,38
14263,38
14264,128
14265,77
14266,108
14267,21
14268,21
14269,21
14270,69
14271,48
14272,49
14273,77
14274,35
14275,38
14276,38
14277,12
14278,2
14279,2
14280,8
14281,8
14282,21
14283,58
14284,8
14285,101
14286,21
14287,58
14288,72
14289,287
14290,48
14291,29
14292,205
14293,205
14294,21
14295,21
14296,58
14297,58
14298,376
14299,376
14300,98
14301,357
14302,36
14303,49
14304,47
14305,8
14306,477
14307,308
14308,289
14309,33
14310,8
14311,101
14312,101
14313,21
14314,21
14315,58
14316,58
14317,58
14318,2
14319,8
14320,36
14321,37
14322,8
14323,8
14324,101
14325,101
14326,21
14327,2
14328,72
14329,8
14330,355
14331,355
14332,355
14333,355
14334,8
14335,36
14336,49
14337,101
14338,101
14339,8
14340,8
14341,8
14342,8
14343,58
14344,8
14345,8
14346,21
14347,21
14348,21
14349,58
14350,72
14351,287
14352,108
14353,21
14354,58
14355,72
14356,98
14357,287
14358,478
14359,8
14360,72
14361,388
14362,2
14363,72
14364,69
14365,478
14366,8
14367,8
14368,8
14369,2
14370,108
14371,72
14372,93
14373,128
14374,8
14375,8
14376,21
14377,21
14378,2
14379,72
14380,69
14381,108
14382,93
14383,93
14384,72
14385,8
14386,72
14387,72
14388,98
14389,58
14390,113
14391,21
14392,58
14393,286
14394,78
14395,90
14396,86
14397,21
14398,58
14399,58
14400,8
14401,101
14402,108
14403,21
14404,93
14405,58
14406,58
14407,69
14408,98
14409,21
14410,93
14411,93
14412,388
14413,58
14414,113
14415,375
14416,91
14417,316
14418,100
14419,7
14420,21
14421,21
14422,58
14423,128
14424,478
14425,8
14426,7
14427,21
14428,58
14429,58
14430,128
14431,8
14432,8
14433,33
14434,33
14435,33
14436,478
14437,8
14438,8
14439,8
14440,520
14441,8
14442,96
14443,33
14444,8
14445,8
14446,478
14447,8
14448,101
14449,38
14450,72
14451,69
14452,100
14453,478
14454,8
14455,91
14456,316
14457,100
14458,7
14459,21
14460,21
14461,21
14462,72
14463,38
14464,77
14465,8
14466,8
14467,108
14468,21
14469,8
14470,8
14471,8
14472,8
14473,8
14474,8
14475,8
14476,48
14477,47
14478,21
14479,21
14480,21
14481,58
14482,58
14483,58
14484,72
14485,69
14486,69
14487,69
14488,98
14489,21
14490,58
14491,58
14492,69
14493,98
14494,8
14495,8
14496,96
14497,8
14498,8
14499,21
14500,114
14501,58
14502,114
14503,91
14504,8
14505,289
14506,21
14507,58
14508,58
14509,2
14510,2
14511,2
14512,108
14513,21
14514,21
14515,58
14516,58
14517,58
14518,72
14519,69
14520,21
14521,58
14522,69
14523,69
14524,21
14525,58
14526,72
14527,128
14528,21
14529,21
14530,58
14531,58
14532,91
14533,289
14534,21
14535,72
14536,69
14537,69
14538,8
14539,289
14540,8
14541,289
14542,21
14543,2
14544,72
14545,98
14546,108
14547,93
14548,58
14549,108
14550,21
14551,21
14552,21
14553,72
14554,100
14555,8
14556,289
14557,21
14558,21
14559,21
14560,58
14561,58
14562,344
14563,344
14564,8
14565,36
14566,49
14567,47
14568,21
14569,21
14570,72
14571,69
14572,287
14573,8
14574,101
14575,21
14576,58
14577,286
14578,96
14579,289
14580,8
14581,8
14582,21
14583,58
14584,8
14585,8
14586,21
14587,58
14588,130
14589,131
14590,94
14591,94
14592,96
14593,178
14594,91
14595,8
14596,44
14597,8
14598,8
14599,101
14600,8
14601,8
14602,108
14603,21
14604,21
14605,58
14606,359
14607,360
14608,21
14609,21
14610,58
14611,58
14612,478
14613,8
14614,7
14615,8
14616,8
14617,21
14618,21
14619,478
14620,8
14621,353
14622,8
14623,479
14624,8
14625,8
14626,8
14627,8
14628,8
14629,8
14630,520
14631,520
14632,8
14633,96
14634,101
14635,101
14636,72
14637,72
14638,48
14639,8
14640,2
14641,2
14642,10
14643,10
14644,10
14645,72
14646,388
14647,58
14648,2
14649,2
14650,36
14651,108
14652,108
14653,21
14654,21
14655,91
14656,8
14657,2
14658,139
14659,72
14660,91
14661,289
14662,2
14663,72
14664,48
14665,8
14666,29
14667,21
14668,2
14669,2
14670,69
14671,48
14672,8
14673,49
14674,49
14675,29
14676,30
14677,48
14678,8
14679,36
14680,49
14681,49
14682,68
14683,30
14684,48
14685,8
14686,36
14687,49
14688,49
14689,68
14690,29
14691,30
14692,72
14693,388
14694,69
14695,357
14696,357
14697,357
14698,357
14699,108
14700,21
14701,21
14702,113
14703,113
14704,2
14705,2
14706,2
14707,69
14708,12
14709,26
14710,2
14711,2
14712,3
14713,3
14714,21
14715,21
14716,21
14717,58
14718,58
14719,58
14720,2
14721,36
14722,69
14723,58
14724,72
14725,69
14726,69
14727,484
14728,36
14729,36
14730,100
14731,8
14732,8
14733,101
14734,8
14735,72
14736,287
14737,8
14738,289
14739,36
14740,35
14741,37
14742,8
14743,72
14744,8
14745,8
14746,182
14747,108
14748,21
14749,388
14750,72
14751,8
14752,2
14753,10
14754,10
14755,69
14756,72
14757,91
14758,7
14759,8
14760,10
14761,18
14762,8
14763,101
14764,8
14765,480
14766,96
14767,21
14768,58
14769,113
14770,36
14771,72
14772,69
14773,128
14774,128
14775,98
14776,21
14777,58
14778,36
14779,72
14780,286
14781,21
14782,21
14783,21
14784,58
14785,58
14786,58
14787,113
14788,114
14789,51
14790,286
14791,58
14792,58
14793,58
14794,98
14795,8
14796,478
14797,8
14798,8
14799,96
14800,8
14801,36
14802,49
14803,8
14804,36
14805,49
14806,29
14807,8
14808,36
14809,49
14810,49
14811,7
14812,48
14813,72
14814,355
14815,36
14816,49
14817,48
14818,48
14819,2
14820,34
14821,21
14822,113
14823,72
14824,72
14825,69
14826,287
14827,232
14828,101
14829,8
14830,36
14831,49
14832,8
14833,8
14834,8
14835,101
14836,8
14837,18
14838,72
14839,72
14840,69
14841,21
14842,2
14843,2
14844,69
14845,69
14846,69
14847,8
14848,26
14849,21
14850,21
14851,58
14852,58
14853,114
14854,72
14855,69
14856,69
14857,10
14858,10
14859,156
14860,58
14861,72
14862,8
14863,101
14864,354
14865,355
14866,8
14867,8
14868,8
14869,8
14870,58
14871,69
14872,128
14873,48
14874,8
14875,36
14876,21
14877,113
14878,2
14879,72
14880,108
14881,58
14882,58
14883,108
14884,21
14885,21
14886,48
14887,49
14888,21
14889,21
14890,100
14891,100
14892,21
14893,36
14894,72
14895,108
14896,108
14897,8
14898,289
14899,108
14900,108
14901,108
14902,21
14903,72
14904,353
14905,8
14906,8
14907,479
14908,21
14909,58
14910,72
14911,69
14912,69
14913,287
14914,8
14915,289
14916,21
14917,21
14918,21
14919,72
14920,8
14921,8
14922,101
14923,478
14924,8
14925,8
14926,8
14927,2
14928,2
14929,2
14930,72
14931,98
14932,205
14933,21
14934,58
14935,58
14936,2
14937,36
14938,36
14939,36
14940,382
14941,69
14942,69
14943,36
14944,26
14945,8
14946,47
14947,21
14948,131
14949,96
14950,21
14951,21
14952,58
14953,58
14954,130
14955,130
14956,130
14957,130
14958,131
14959,131
14960,131
14961,96
14962,108
14963,21
14964,21
14965,58
14966,58
14967,128
14968,128
14969,128
14970,8
14971,8
14972,8
14973,8
14974,108
14975,21
14976,113
14977,8
14978,101
14979,101
14980,8
14981,21
14982,21
14983,58
14984,58
14985,72
14986,91
14987,289
14988,48
14989,36
14990,49
14991,49
14992,108
14993,8
14994,2
14995,21
14996,58
14997,478
14998,8
14999,8
15000,178
15001,10
15002,289
15003,21
15004,21
15005,58
15006,72
15007,8
15008,205
15009,21
15010,21
15011,2
15012,69
15013,205
15014,8
15015,58
15016,69
15017,21
15018,21
15019,8
15020,101
15021,72
15022,69
15023,72
15024,8
15025,69
15026,72
15027,108
15028,21
15029,21
15030,58
15031,58
15032,8
15033,101
15034,101
15035,101
15036,478
15037,8
15038,8
15039,101
15040,21
15041,21
15042,113
15043,113
15044,478
15045,8
15046,58
15047,58
15048,286
15049,286
15050,8
15051,8
15052,10
15053,10
15054,478
15055,8
15056,520
15057,8
15058,2
15059,72
15060,21
15061,21
15062,58
15063,58
15064,131
15065,21
15066,21
15067,93
15068,72
15069,98
15070,108
15071,21
15072,93
15073,388
15074,58
15075,72
15076,98
15077,8
15078,101
15079,72
15080,48
15081,48
15082,8
15083,21
15084,8
15085,58
15086,48
15087,36
15088,21
15089,36
15090,72
15091,69
15092,69
15093,69
15094,8
15095,49
15096,49
15097,8
15098,8
15099,101
15100,8
15101,8
15102,8
15103,101
15104,21
15105,21
15106,58
15107,58
15108,2
15109,2
15110,2
15111,2
15112,2
15113,2
15114,46
15115,36
15116,8
15117,46
15118,36
15119,21
15120,21
15121,21
15122,108
15123,21
15124,72
15125,69
15126,36
15127,49
15128,48
15129,8
15130,36
15131,49
15132,2
15133,2
15134,36
15135,21
15136,21
15137,21
15138,2
15139,72
15140,72
15141,287
15142,48
15143,36
15144,36
15145,49
15146,8
15147,8
15148,8
15149,8
15150,101
15151,101
15152,8
15153,308
15154,289
15155,21
15156,8
15157,69
15158,69
15159,69
15160,21
15161,21
15162,2
15163,2
15164,376
15165,376
15166,72
15167,48
15168,47
15169,30
15170,21
15171,21
15172,36
15173,26
15174,72
15175,72
15176,21
15177,21
15178,2
15179,2
15180,2
15181,69
15182,8
15183,72
15184,21
15185,21
15186,58
15187,58
15188,113
15189,21
15190,58
15191,108
15192,372
15193,359
15194,48
15195,74
15196,21
15197,21
15198,2
15199,2
15200,2
15201,21
15202,21
15203,2
15204,69
15205,48
15206,8
15207,36
15208,49
15209,8
15210,8
15211,316
15212,36
15213,49
15214,8
15215,108
15216,2
15217,8
15218,8
15219,8
15220,96
15221,2
15222,2
15223,72
15224,69
15225,48
15226,49
15227,49
15228,72
15229,72
15230,8
15231,72
15232,48
15233,47
15234,21
15235,58
15236,128
15237,8
15238,8
15239,8
15240,8
15241,478
15242,8
15243,482
15244,8
15245,85
15246,86
15247,44
15248,8
15249,36
15250,85
15251,86
15252,48
15253,35
15254,8
15255,2
15256,2
15257,2
15258,2
15259,10
15260,10
15261,10
15262,8
15263,46
15264,21
15265,69
15266,48
15267,48
15268,48
15269,35
15270,35
15271,38
15272,12
15273,22
15274,22
15275,2
15276,2
15277,2
15278,10
15279,17
15280,17
15281,355
15282,355
15283,91
15284,8
15285,46
15286,2
15287,36
15288,108
15289,8
15290,309
15291,72
15292,8
15293,96
15294,36
15295,36
15296,69
15297,91
15298,8
15299,316
15300,2
15301,21
15302,58
15303,304
15304,297
15305,21
15306,21
15307,388
15308,2
15309,72
15310,8
15311,36
15312,49
15313,49
15314,21
15315,58
15316,100
15317,36
15318,49
15319,2
15320,10
15321,48
15322,108
15323,108
15324,21
15325,8
15326,113
15327,114
15328,114
15329,69
15330,48
15331,49
15332,2
15333,108
15334,21
15335,21
15336,113
15337,48
15338,8
15339,36
15340,49
15341,48
15342,49
15343,49
15344,30
15345,48
15346,49
15347,49
15348,29
15349,48
15350,2
15351,2
15352,10
15353,10
15354,10
15355,21
15356,72
15357,69
15358,69
15359,8
15360,316
15361,48
15362,49
15363,108
15364,205
15365,21
15366,58
15367,113
15368,72
15369,376
15370,69
15371,48
15372,35
15373,2
15374,2
15375,2
15376,2
15377,21
15378,376
15379,376
15380,376
15381,376
15382,26
15383,72
15384,21
15385,98
15386,8
15387,21
15388,2
15389,2
15390,49
15391,108
15392,21
15393,21
15394,36
15395,21
15396,357
15397,8
15398,48
15399,15
15400,38
15401,77
15402,21
15403,21
15404,93
15405,58
15406,97
15407,128
15408,128
15409,128
15410,21
15411,21
15412,2
15413,48
15414,36
15415,49
15416,47
15417,48
15418,36
15419,49
15420,47
15421,30
15422,36
15423,99
15424,99
15425,99
15426,100
15427,100
15428,21
15429,21
15430,2
15431,72
15432,69
15433,8
15434,2
15435,2
15436,10
15437,8
15438,289
15439,8
15440,8
15441,122
15442,26
15443,8
15444,48
15445,35
15446,38
15447,99
15448,99
15449,99
15450,99
15451,100
15452,8
15453,289
15454,8
15455,101
15456,101
15457,7
15458,8
15459,21
15460,2
15461,8
15462,48
15463,8
15464,21
15465,21
15466,58
15467,58
15468,128
15469,72
15470,353
15471,8
15472,36
15473,36
15474,21
15475,58
15476,2
15477,72
15478,8
15479,8
15480,21
15481,21
15482,21
15483,58
15484,58
15485,58
15486,35
15487,22
15488,48
15489,8
15490,49
15491,108
15492,205
15493,205
15494,21
15495,2
15496,2
15497,36
15498,376
15499,8
15500,101
15501,101
15502,8
15503,36
15504,49
15505,30
15506,8
15507,36
15508,49
15509,29
15510,8
15511,8
15512,53
15513,520
15514,8
15515,96
15516,8
15517,101
15518,21
15519,58
15520,108
15521,21
15522,58
15523,58
15524,69
15525,205
15526,21
15527,113
15528,98
15529,26
15530,26
15531,21
15532,2
15533,69
15534,8
15535,36
15536,99
15537,100
15538,100
15539,8
15540,128
15541,128
15542,58
15543,21
15544,72
15545,69
15546,128
15547,128
15548,98
15549,21
15550,21
15551,69
15552,72
15553,69
15554,98
15555,21
15556,58
15557,21
15558,21
15559,21
15560,58
15561,2
15562,8
15563,8
15564,478
15565,8
15566,21
15567,2
15568,72
15569,72
15570,58
15571,98
15572,58
15573,72
15574,72
15575,8
15576,520
15577,8
15578,8
15579,205
15580,21
15581,21
15582,21
15583,58
15584,2
15585,21
15586,21
15587,2
15588,2
15589,2
15590,2
15591,2
15592,69
15593,69
15594,91
15595,316
15596,21
15597,21
15598,58
15599,113
15600,72
15601,72
15602,21
15603,21
15604,2
15605,2
15606,2
15607,69
15608,8
15609,8
15610,2
15611,72
15612,11
15613,21
15614,21
15615,2
15616,8
15617,8
15618,108
15619,72
15620,287
15621,21
15622,21
15623,58
15624,58
15625,69
15626,205
15627,21
15628,21
15629,58
15630,48
15631,8
15632,36
15633,49
15634,8
15635,36
15636,49
15637,29
15638,21
15639,21
15640,36
15641,72
15642,48
15643,8
15644,49
15645,58
15646,2
15647,2
15648,69
15649,8
15650,101
15651,205
15652,205
15653,205
15654,2
15655,72
15656,113
15657,36
15658,21
15659,388
15660,58
15661,72
15662,8
15663,8
15664,8
15665,8
15666,8
15667,21
15668,58
15669,58
15670,58
15671,69
15672,128
15673,8
15674,316
15675,8
15676,101
15677,8
15678,91
15679,8
15680,8
15681,2
15682,2
15683,2
15684,8
15685,289
15686,8
15687,21
15688,21
15689,21
15690,58
15691,58
15692,131
15693,131
15694,94
15695,96
15696,353
15697,8
15698,8
15699,479
15700,72
15701,72
15702,21
15703,21
15704,58
15705,58
15706,58
15707,2
15708,72
15709,21
15710,21
15711,69
15712,69
15713,21
15714,58
15715,58
15716,72
15717,8
15718,36
15719,478
15720,8
15721,8
15722,482
15723,2
15724,72
15725,38
15726,97
15727,38
15728,72
15729,69
15730,21
15731,21
15732,8
15733,36
15734,49
15735,8
15736,21
15737,8
15738,8
15739,21
15740,21
15741,58
15742,58
15743,376
15744,376
15745,376
15746,286
15747,286
15748,38
15749,2
15750,17
15751,14
15752,18
15753,26
15754,26
15755,26
15756,2
15757,520
15758,520
15759,8
15760,8
15761,21
15762,21
15763,58
15764,72
15765,8
15766,289
15767,7
15768,72
15769,69
15770,8
15771,8
15772,36
15773,36
15774,479
15775,48
15776,108
15777,21
15778,58
15779,382
15780,286
15781,478
15782,8
15783,8
15784,480
15785,8
15786,21
15787,21
15788,8
15789,58
15790,58
15791,72
15792,478
15793,8
15794,69
15795,69
15796,72
15797,36
15798,49
15799,108
15800,108
15801,72
15802,8
15803,8
15804,36
15805,49
15806,49
15807,7
15808,8
15809,36
15810,49
15811,8
15812,36
15813,21
15814,21
15815,58
15816,286
15817,58
15818,8
15819,101
15820,344
15821,344
15822,108
15823,21
15824,21
15825,93
15826,58
15827,58
15828,58
15829,128
15830,286
15831,286
15832,98
15833,8
15834,477
15835,308
15836,289
15837,8
15838,101
15839,8
15840,147
15841,286
15842,72
15843,357
15844,8
15845,8
15846,96
15847,8
15848,289
15849,21
15850,58
15851,72
15852,100
15853,100
15854,100
15855,8
15856,289
15857,8
15858,8
15859,8
15860,8
15861,122
15862,8
15863,289
15864,8
15865,8
15866,316
15867,8
15868,289
15869,8
15870,8
15871,122
15872,36
15873,36
15874,8
15875,8
15876,8
15877,96
15878,2
15879,36
15880,8
15881,8
15882,21
15883,388
15884,72
15885,69
15886,69
15887,48
15888,8
15889,73
15890,74
15891,8
15892,36
15893,49
15894,10
15895,10
15896,7
15897,21
15898,72
15899,48
15900,49
15901,29
15902,48
15903,30
15904,8
15905,101
15906,25
15907,26
15908,91
15909,207
15910,8
15911,8
15912,8
15913,36
15914,36
15915,24
15916,48
15917,72
15918,21
15919,21
15920,21
15921,21
15922,58
15923,2
15924,2
15925,2
15926,69
15927,98
15928,58
15929,58
15930,58
15931,382
15932,8
15933,36
15934,49
15935,48
15936,21
15937,21
15938,58
15939,58
15940,113
15941,357
15942,357
15943,21
15944,21
15945,21
15946,58
15947,58
15948,21
15949,58
15950,108
15951,58
15952,114
15953,97
15954,128
15955,128
15956,114
15957,128
15958,128
15959,108
15960,21
15961,58
15962,114
15963,128
15964,128
15965,8
15966,36
15967,49
15968,21
15969,58
15970,69
15971,21
15972,21
15973,128
15974,128
15975,8
15976,8
15977,48
15978,8
15979,138
15980,49
15981,30
15982,72
15983,21
15984,21
15985,58
15986,382
15987,8
15988,289
15989,21
15990,21
15991,69
15992,69
15993,72
15994,48
15995,2
15996,36
15997,49
15998,388
15999,72
16000,8
16001,101
16002,8
16003,477
16004,308
16005,289
16006,72
16007,69
16008,69
16009,72
16010,8
16011,2
16012,2
16013,72
16014,21
16015,21
16016,2
16017,91
16018,91
16019,91
16020,91
16021,8
16022,8
16023,289
16024,289
16025,21
16026,93
16027,93
16028,376
16029,36
16030,21
16031,113
16032,98
16033,72
16034,8
16035,101
16036,91
16037,8
16038,316
16039,7
16040,205
16041,21
16042,72
16043,11
16044,48
16045,73
16046,74
16047,74
16048,48
16049,2
16050,8
16051,8
16052,91
16053,316
16054,7
16055,8
16056,101
16057,72
16058,72
16059,128
16060,8
16061,36
16062,49
16063,12
16064,26
16065,26
16066,8
16067,36
16068,49
16069,47
16070,58
16071,58
16072,58
16073,2
16074,2
16075,2
16076,36
16077,108
16078,8
16079,36
16080,49
16081,49
16082,18
16083,72
16084,128
16085,72
16086,8
16087,49
16088,8
16089,8
16090,21
16091,58
16092,2
16093,69
16094,69
16095,357
16096,48
16097,21
16098,58
16099,113
16100,113
16101,205
16102,21
16103,2
16104,33
16105,72
16106,376
16107,376
16108,376
16109,376
16110,376
16111,69
16112,10
16113,10
16114,21
16115,21
16116,2
16117,8
16118,8
16119,8
16120,9
16121,84
16122,58
16123,8
16124,101
16125,21
16126,97
16127,98
16128,21
16129,93
16130,58
16131,98
16132,98
16133,58
16134,72
16135,8
16136,36
16137,49
16138,68
16139,21
16140,8
16141,58
16142,8
16143,8
16144,21
16145,21
16146,388
16147,72
16148,8
16149,289
16150,36
16151,26
16152,21
16153,21
16154,58
16155,58
16156,69
16157,69
16158,98
16159,8
16160,479
16161,478
16162,8
16163,79
16164,85
16165,376
16166,128
16167,128
16168,48
16169,8
16170,36
16171,30
16172,108
16173,108
16174,205
16175,21
16176,21
16177,69
16178,69
16179,69
16180,97
16181,128
16182,108
16183,93
16184,93
16185,2
16186,21
16187,113
16188,72
16189,21
16190,69
16191,21
16192,21
16193,21
16194,21
16195,2
16196,2
16197,21
16198,21
16199,21
16200,8
16201,72
16202,21
16203,21
16204,93
16205,72
16206,98
16207,316
16208,91
16209,316
16210,100
16211,7
16212,38
16213,72
16214,100
16215,77
16216,48
16217,8
16218,49
16219,49
16220,8
16221,8
16222,36
16223,36
16224,72
16225,357
16226,21
16227,72
16228,38
16229,45
16230,2
16231,2
16232,2
16233,10
16234,108
16235,21
16236,21
16237,21
16238,72
16239,128
16240,108
16241,113
16242,113
16243,376
16244,7
16245,48
16246,8
16247,8
16248,8
16249,36
16250,36
16251,21
16252,21
16253,113
16254,113
16255,69
16256,8
16257,316
16258,7
16259,8
16260,316
16261,100
16262,21
16263,8
16264,8
16265,36
16266,49
16267,8
16268,26
16269,26
16270,21
16271,2
16272,21
16273,21
16274,48
16275,8
16276,47
16277,8
16278,8
16279,21
16280,108
16281,21
16282,113
16283,69
16284,8
16285,36
16286,49
16287,8
16288,36
16289,8
16290,8
16291,8
16292,101
16293,48
16294,8
16295,36
16296,108
16297,21
16298,21
16299,72
16300,100
16301,21
16302,21
16303,8
16304,8
16305,69
16306,21
16307,21
16308,58
16309,58
16310,21
16311,2
16312,69
16313,72
16314,21
16315,21
16316,21
16317,58
16318,58
16319,58
16320,69
16321,69
16322,69
16323,128
16324,357
16325,357
16326,21
16327,58
16328,8
16329,101
16330,8
16331,21
16332,21
16333,8
16334,289
16335,8
16336,101
16337,2
16338,36
16339,36
16340,72
16341,69
16342,69
16343,72
16344,21
16345,21
16346,8
16347,8
16348,72
16349,8
16350,101
16351,8
16352,21
16353,21
16354,128
16355,8
16356,101
16357,21
16358,21
16359,58
16360,58
16361,72
16362,21
16363,21
16364,382
16365,21
16366,69
16367,8
16368,289
16369,8
16370,289
16371,7
16372,21
16373,8
16374,2
16375,113
16376,113
16377,8
16378,36
16379,49
16380,8
16381,8
16382,101
16383,205
16384,205
16385,21
16386,113
16387,91
16388,8
16389,36
16390,139
16391,21
16392,58
16393,58
16394,2
16395,72
16396,21
16397,21
16398,21
16399,21
16400,375
16401,8
16402,8
16403,36
16404,49
16405,478
16406,8
16407,33
16408,8
16409,8
16410,58
16411,8
16412,108
16413,21
16414,21
16415,58
16416,8
16417,38
16418,72
16419,77
16420,98
16421,8
16422,480
16423,8
16424,8
16425,33
16426,205
16427,21
16428,21
16429,21
16430,113
16431,2
16432,36
16433,2
16434,2
16435,69
16436,21
16437,21
16438,21
16439,8
16440,8
16441,2
16442,2
16443,21
16444,58
16445,21
16446,2
16447,2
16448,128
16449,8
16450,8
16451,8
16452,72
16453,69
16454,69
16455,287
16456,91
16457,289
16458,72
16459,48
16460,22
16461,2
16462,21
16463,21
16464,58
16465,58
16466,113
16467,8
16468,8
16469,8
16470,8
16471,482
16472,21
16473,2
16474,8
16475,8
16476,36
16477,69
16478,478
16479,8
16480,8
16481,8
16482,96
16483,72
16484,8
16485,8
16486,122
16487,8
16488,8
16489,122
16490,8
16491,480
16492,96
16493,33
16494,21
16495,58
16496,2
16497,2
16498,91
16499,316
16500,21
16501,21
16502,58
16503,130
16504,130
16505,131
16506,131
16507,94
16508,94
16509,94
16510,96
16511,48
16512,2
16513,72
16514,21
16515,98
16516,108
16517,21
16518,21
16519,58
16520,58
16521,21
16522,21
16523,21
16524,58
16525,58
16526,108
16527,21
16528,58
16529,72
16530,108
16531,48
16532,48
16533,8
16534,36
16535,49
16536,21
16537,58
16538,2
16539,36
16540,72
16541,72
16542,21
16543,21
16544,58
16545,2
16546,2
16547,69
16548,69
16549,316
16550,8
16551,8
16552,8
16553,8
16554,8
16555,21
16556,58
16557,58
16558,382
16559,72
16560,72
16561,21
16562,2
16563,72
16564,69
16565,8
16566,101
16567,8
16568,101
16569,21
16570,8
16571,8
16572,8
16573,36
16574,26
16575,48
16576,8
16577,36
16578,49
16579,21
16580,21
16581,388
16582,113
16583,72
16584,21
16585,72
16586,69
16587,36
16588,49
16589,388
16590,21
16591,108
16592,21
16593,58
16594,58
16595,72
16596,36
16597,36
16598,99
16599,99
16600,99
16601,99
16602,17
16603,100
16604,100
16605,100
16606,100
16607,100
16608,21
16609,72
16610,287
16611,91
16612,316
16613,100
16614,36
16615,99
16616,100
16617,25
16618,398
16619,8
16620,2
16621,36
16622,108
16623,205
16624,21
16625,21
16626,21
16627,58
16628,58
16629,8
16630,72
16631,8
16632,101
16633,108
16634,21
16635,21
16636,72
16637,2
16638,38
16639,48
16640,8
16641,36
16642,49
16643,21
16644,21
16645,8
16646,36
16647,8
16648,36
16649,48
16650,129
16651,47
16652,8
16653,36
16654,8
16655,36
16656,49
16657,478
16658,8
16659,482
16660,289
16661,21
16662,72
16663,21
16664,21
16665,72
16666,69
16667,69
16668,72
16669,287
16670,8
16671,21
16672,58
16673,58
16674,58
16675,2
16676,36
16677,205
16678,21
16679,21
16680,72
16681,376
16682,69
16683,69
16684,48
16685,8
16686,2
16687,72
16688,72
16689,69
16690,69
16691,69
16692,286
16693,8
16694,14
16695,36
16696,18
16697,26
16698,26
16699,21
16700,21
16701,58
16702,58
16703,128
16704,128
16705,128
16706,72
16707,48
16708,36
16709,49
16710,8
16711,49
16712,29
16713,30
16714,8
16715,36
16716,49
16717,29
16718,8
16719,49
16720,48
16721,48
16722,138
16723,49
16724,49
16725,21
16726,21
16727,2
16728,108
16729,108
16730,21
16731,113
16732,2
16733,2
16734,376
16735,376
16736,21
16737,8
16738,36
16739,49
16740,29
16741,8
16742,8
16743,99
16744,100
16745,100
16746,36
16747,99
16748,99
16749,17
16750,17
16751,100
16752,21
16753,21
16754,2
16755,382
16756,72
16757,36
16758,30
16759,36
16760,29
16761,108
16762,108
16763,21
16764,21
16765,113
16766,108
16767,21
16768,72
16769,72
16770,69
16771,287
16772,2
16773,2
16774,2
16775,72
16776,21
16777,72
16778,69
16779,8
16780,36
16781,49
16782,21
16783,72
16784,69
16785,69
16786,26
16787,21
16788,21
16789,72
16790,69
16791,69
16792,8
16793,101
16794,33
16795,21
16796,21
16797,58
16798,2
16799,2
16800,2
16801,72
16802,8
16803,289
16804,33
16805,8
16806,36
16807,49
16808,21
16809,21
16810,58
16811,2
16812,8
16813,36
16814,2
16815,2
16816,8
16817,36
16818,69
16819,69
16820,69
16821,72
16822,478
16823,8
16824,108
16825,108
16826,21
16827,58
16828,478
16829,8
16830,21
16831,72
16832,72
16833,8
16834,108
16835,72
16836,21
16837,8
16838,36
16839,289
16840,72
16841,8
16842,101
16843,7
16844,26
16845,353
16846,8
16847,479
16848,21
16849,21
16850,58
16851,113
16852,72
16853,478
16854,8
16855,8
16856,353
16857,8
16858,479
16859,8
16860,8
16861,8
16862,8
16863,21
16864,97
16865,97
16866,98
16867,101
16868,101
16869,38
16870,362
16871,8
16872,101
16873,72
16874,91
16875,478
16876,8
16877,8
16878,8
16879,289
16880,8
16881,8
16882,38
16883,72
16884,77
16885,108
16886,21
16887,21
16888,21
16889,58
16890,58
16891,58
16892,97
16893,12
16894,72
16895,38
16896,8
16897,480
16898,96
16899,8
16900,8
16901,289
16902,8
16903,49
16904,8
16905,101
16906,108
16907,21
16908,93
16909,2
16910,376
16911,357
16912,2
16913,21
16914,376
16915,10
16916,316
16917,48
16918,205
16919,205
16920,21
16921,21
16922,69
16923,69
16924,72
16925,108
16926,21
16927,21
16928,21
16929,93
16930,93
16931,93
16932,58
16933,58
16934,58
16935,382
16936,69
16937,8
16938,8
16939,26
16940,48
16941,8
16942,36
16943,49
16944,478
16945,8
16946,8
16947,33
16948,48
16949,49
16950,30
16951,48
16952,8
16953,29
16954,30
16955,8
16956,34
16957,21
16958,72
16959,38
16960,38
16961,2
16962,8
16963,8
16964,8
16965,36
16966,49
16967,12
16968,26
16969,21
16970,376
16971,376
16972,376
16973,376
16974,375
16975,128
16976,72
16977,69
16978,69
16979,21
16980,21
16981,21
16982,11
16983,520
16984,8
16985,96
16986,8
16987,8
16988,21
16989,58
16990,2
16991,36
16992,36
16993,36
16994,36
16995,72
16996,69
16997,8
16998,58
16999,69
17000,69
17001,478
17002,8
17003,407
17004,407
17005,8
17006,8
17007,36
17008,36
17009,10
17010,180
17011,58
17012,2
17013,48
17014,48
17015,2
17016,8
17017,49
17018,8
17019,8
17020,49
17021,8
17022,101
17023,101
17024,101
17025,3
17026,48
17027,8
17028,36
17029,49
17030,49
17031,49
17032,77
17033,21
17034,21
17035,2
17036,2
17037,2
17038,376
17039,376
17040,376
17041,11
17042,48
17043,36
17044,21
17045,21
17046,21
17047,21
17048,58
17049,58
17050,2
17051,2
17052,72
17053,84
17054,36
17055,7
17056,33
17057,2
17058,8
17059,36
17060,30
17061,36
17062,29
17063,72
17064,8
17065,8
17066,21
17067,72
17068,69
17069,26
17070,8
17071,36
17072,49
17073,30
17074,8
17075,36
17076,49
17077,29
17078,21
17079,21
17080,21
17081,21
17082,58
17083,58
17084,128
17085,128
17086,8
17087,36
17088,49
17089,8
17090,36
17091,49
17092,99
17093,99
17094,99
17095,99
17096,99
17097,99
17098,99
17099,99
17100,99
17101,99
17102,8
17103,36
17104,26
17105,8
17106,8
17107,21
17108,21
17109,58
17110,58
17111,2
17112,21
17113,21
17114,58
17115,108
17116,21
17117,21
17118,8
17119,36
17120,49
17121,2
17122,48
17123,49
17124,48
17125,21
17126,21
17127,58
17128,58
17129,69
17130,10
17131,8
17132,38
17133,2
17134,34
17135,48
17136,21
17137,21
17138,8
17139,2
17140,2
17141,357
17142,48
17143,2
17144,2
17145,2
17146,21
17147,36
17148,69
17149,21
17150,21
17151,48
17152,8
17153,36
17154,49
17155,29
17156,35
17157,38
17158,8
17159,36
17160,47
17161,277
17162,72
17163,8
17164,36
17165,49
17166,91
17167,316
17168,100
17169,289
17170,21
17171,72
17172,69
17173,69
17174,130
17175,130
17176,130
17177,130
17178,130
17179,130
17180,130
17181,130
17182,131
17183,94
17184,94
17185,94
17186,94
17187,386
17188,96
17189,129
17190,36
17191,49
17192,72
17193,21
17194,21
17195,58
17196,2
17197,98
17198,48
17199,36
17200,49
17201,8
17202,36
17203,49
17204,21
17205,48
17206,8
17207,47
17208,25
17209,398
17210,72
17211,8
17212,8
17213,48
17214,49
17215,30
17216,48
17217,8
17218,36
17219,49
17220,48
17221,73
17222,74
17223,8
17224,91
17225,91
17226,21
17227,8
17228,36
17229,49
17230,26
17231,21
17232,21
17233,58
17234,58
17235,72
17236,69
17237,35
17238,2
17239,19
17240,20
17241,21
17242,21
17243,8
17244,36
17245,49
17246,72
17247,128
17248,287
17249,21
17250,21
17251,72
17252,8
17253,36
17254,108
17255,21
17256,21
17257,58
17258,2
17259,2
17260,2
17261,2
17262,48
17263,8
17264,49
17265,49
17266,48
17267,49
17268,21
17269,21
17270,8
17271,2
17272,8
17273,36
17274,49
17275,21
17276,376
17277,376
17278,21
17279,21
17280,376
17281,376
17282,8
17283,36
17284,49
17285,37
17286,15
17287,36
17288,30
17289,36
17290,29
17291,21
17292,8
17293,2
17294,2
17295,72
17296,8
17297,36
17298,49
17299,77
17300,205
17301,205
17302,21
17303,72
17304,69
17305,69
17306,69
17307,21
17308,113
17309,376
17310,8
17311,36
17312,49
17313,73
17314,21
17315,21
17316,69
17317,8
17318,49
17319,49
17320,8
17321,36
17322,49
17323,8
17324,36
17325,49
17326,8
17327,36
17328,49
17329,49
17330,8
17331,36
17332,49
17333,8
17334,36
17335,8
17336,49
17337,49
17338,8
17339,36
17340,49
17341,21
17342,21
17343,8
17344,69
17345,21
17346,72
17347,49
17348,49
17349,48
17350,72
17351,10
17352,26
17353,35
17354,2
17355,8
17356,8
17357,21
17358,36
17359,49
17360,49
17361,93
17362,58
17363,8
17364,8
17365,21
17366,21
17367,286
17368,8
17369,36
17370,8
17371,36
17372,8
17373,101
17374,101
17375,8
17376,36
17377,49
17378,8
17379,145
17380,8
17381,36
17382,49
17383,48
17384,2
17385,10
17386,2
17387,58
17388,58
17389,72
17390,72
17391,478
17392,8
17393,8
17394,21
17395,72
17396,2
17397,2
17398,2
17399,21
17400,58
17401,72
17402,14
17403,2
17404,10
17405,21
17406,93
17407,58
17408,69
17409,128
17410,286
17411,72
17412,58
17413,2
17414,2
17415,33
17416,45
17417,2
17418,2
17419,8
17420,8
17421,72
17422,2
17423,2
17424,2
17425,2
17426,8
17427,8
17428,72
17429,8
17430,101
17431,21
17432,21
17433,58
17434,8
17435,21
17436,21
17437,72
17438,72
17439,8
17440,101
17441,8
17442,480
17443,72
17444,69
17445,69
17446,69
17447,8
17448,101
17449,21
17450,21
17451,91
17452,289
17453,478
17454,8
17455,38
17456,38
17457,376
17458,376
17459,376
17460,98
17461,21
17462,21
17463,376
17464,376
17465,376
17466,98
17467,8
17468,38
17469,45
17470,2
17471,72
17472,69
17473,48
17474,74
17475,21
17476,69
17477,69
17478,48
17479,38
17480,2
17481,18
17482,114
17483,114
17484,72
17485,69
17486,69
17487,2
17488,2
17489,8
17490,10
17491,101
17492,36
17493,99
17494,17
17495,100
17496,2
17497,8
17498,72
17499,287
17500,48
17501,8
17502,49
17503,108
17504,108
17505,21
17506,38
17507,362
17508,58
17509,113
17510,113
17511,113
17512,113
17513,382
17514,376
17515,376
17516,69
17517,69
17518,69
17519,98
17520,98
17521,36
17522,36
17523,36
17524,36
17525,8
17526,36
17527,49
17528,49
17529,8
17530,8
17531,8
17532,8
17533,48
17534,8
17535,36
17536,49
17537,29
17538,48
17539,30
17540,8
17541,36
17542,49
17543,29
17544,47
17545,48
17546,129
17547,138
17548,49
17549,29
17550,30
17551,21
17552,2
17553,48
17554,49
17555,29
17556,30
17557,48
17558,138
17559,49
17560,29
17561,30
17562,21
17563,2
17564,2
17565,2
17566,69
17567,8
17568,101
17569,15
17570,72
17571,21
17572,21
17573,2
17574,2
17575,72
17576,72
17577,69
17578,72
17579,12
17580,25
17581,25
17582,26
17583,8
17584,91
17585,8
17586,2
17587,8
17588,36
17589,36
17590,49
17591,30
17592,8
17593,36
17594,36
17595,49
17596,29
17597,21
17598,93
17599,58
17600,128
17601,286
17602,8
17603,36
17604,49
17605,8
17606,36
17607,49
17608,36
17609,49
17610,29
17611,30
17612,8
17613,36
17614,49
17615,30
17616,8
17617,36
17618,49
17619,29
17620,21
17621,21
17622,58
17623,58
17624,2
17625,8
17626,36
17627,48
17628,21
17629,21
17630,21
17631,58
17632,58
17633,2
17634,2
17635,72
17636,91
17637,316
17638,36
17639,2
17640,2
17641,2
17642,2
17643,91
17644,289
17645,72
17646,49
17647,277
17648,277
17649,21
17650,21
17651,58
17652,58
17653,69
17654,69
17655,286
17656,8
17657,36
17658,49
17659,30
17660,277
17661,8
17662,36
17663,49
17664,49
17665,29
17666,277
17667,72
17668,8
17669,8
17670,36
17671,49
17672,48
17673,8
17674,36
17675,49
17676,21
17677,72
17678,69
17679,69
17680,8
17681,36
17682,8
17683,8
17684,72
17685,8
17686,36
17687,73
17688,36
17689,21
17690,21
17691,2
17692,73
17693,72
17694,69
17695,69
17696,69
17697,69
17698,69
17699,8
17700,8
17701,84
17702,36
17703,8
17704,36
17705,36
17706,9
17707,9
17708,84
17709,84
17710,84
17711,84
17712,141
17713,121
17714,8
17715,36
17716,30
17717,8
17718,36
17719,8
17720,289
17721,21
17722,58
17723,2
17724,91
17725,8
17726,316
17727,8
17728,8
17729,382
17730,382
17731,69
17732,286
17733,286
17734,8
17735,72
17736,108
17737,21
17738,69
17739,21
17740,21
17741,2
17742,36
17743,38
17744,398
17745,398
17746,21
17747,93
17748,58
17749,376
17750,376
17751,376
17752,376
17753,48
17754,35
17755,8
17756,38
17757,22
17758,10
17759,10
17760,10
17761,30
17762,30
17763,7
17764,48
17765,38
17766,2
17767,10
17768,29
17769,30
17770,388
17771,58
17772,2
17773,2
17774,69
17775,286
17776,8
17777,207
17778,72
17779,69
17780,357
17781,357
17782,357
17783,8
17784,36
17785,49
17786,8
17787,289
17788,146
17789,21
17790,21
17791,58
17792,58
17793,2
17794,2
17795,21
17796,21
17797,8
17798,8
17799,8
17800,36
17801,49
17802,47
17803,2
17804,2
17805,2
17806,2
17807,69
17808,69
17809,8
17810,8
17811,36
17812,58
17813,98
17814,8
17815,72
17816,69
17817,69
17818,69
17819,72
17820,54
17821,108
17822,108
17823,205
17824,205
17825,205
17826,205
17827,21
17828,8
17829,8
17830,21
17831,48
17832,8
17833,49
17834,29
17835,30
17836,21
17837,21
17838,2
17839,69
17840,48
17841,49
17842,30
17843,48
17844,49
17845,29
17846,72
17847,48
17848,8
17849,36
17850,49
17851,160
17852,47
17853,2
17854,2
17855,2
17856,2
17857,48
17858,8
17859,49
17860,29
17861,77
17862,30
17863,48
17864,8
17865,49
17866,29
17867,77
17868,30
17869,48
17870,8
17871,49
17872,29
17873,77
17874,30
17875,48
17876,35
17877,38
17878,10
17879,21
17880,21
17881,58
17882,58
17883,376
17884,376
17885,376
17886,36
17887,48
17888,33
17889,33
17890,15
17891,2
17892,73
17893,74
17894,8
17895,36
17896,49
17897,8
17898,36
17899,48
17900,8
17901,49
17902,21
17903,113
17904,2
17905,2
17906,72
17907,8
17908,8
17909,21
17910,93
17911,69
17912,69
17913,375
17914,48
17915,45
17916,8
17917,36
17918,48
17919,36
17920,21
17921,2
17922,2
17923,376
17924,2
17925,2
17926,72
17927,69
17928,21
17929,2
17930,69
17931,108
17932,113
17933,69
17934,108
17935,21
17936,21
17937,93
17938,359
17939,91
17940,8
17941,10
17942,100
17943,72
17944,69
17945,21
17946,58
17947,69
17948,108
17949,2
17950,72
17951,8
17952,72
17953,72
17954,72
17955,72
17956,287
17957,91
17958,8
17959,316
17960,100
17961,7
17962,2
17963,72
17964,69
17965,69
17966,69
17967,21
17968,2
17969,72
17970,21
17971,21
17972,2
17973,8
17974,101
17975,8
17976,8
17977,520
17978,8
17979,72
17980,8
17981,36
17982,30
17983,2
17984,21
17985,36
17986,72
17987,108
17988,21
17989,8
17990,69
17991,69
17992,21
17993,21
17994,21
17995,2
17996,72
17997,72
17998,376
17999,376
18000,376
18001,376
18002,376
18003,376
18004,376
18005,376
18006,376
18007,376
18008,376
18009,69
18010,48
18011,48
18012,8
18013,2
18014,38
18015,38
18016,2
18017,38
18018,38
18019,2
18020,29
18021,17
18022,38
18023,2
18024,38
18025,38
18026,2
18027,38
18028,38
18029,2
18030,30
18031,30
18032,38
18033,38
18034,2
18035,29
18036,17
18037,38
18038,2
18039,29
18040,17
18041,38
18042,38
18043,2
18044,48
18045,17
18046,30
18047,72
18048,72
18049,21
18050,93
18051,21
18052,113
18053,2
18054,2
18055,2
18056,2
18057,69
18058,72
18059,2
18060,36
18061,357
18062,357
18063,21
18064,58
18065,113
18066,101
18067,101
18068,91
18069,8
18070,388
18071,388
18072,72
18073,69
18074,69
18075,69
18076,8
18077,8
18078,8
18079,8
18080,108
18081,21
18082,21
18083,2
18084,2
18085,2
18086,2
18087,2
18088,2
18089,21
18090,8
18091,36
18092,49
18093,108
18094,2
18095,2
18096,36
18097,72
18098,69
18099,69
18100,72
18101,21
18102,21
18103,93
18104,8
18105,58
18106,58
18107,69
18108,21
18109,21
18110,114
18111,478
18112,8
18113,8
18114,21
18115,21
18116,58
18117,58
18118,58
18119,8
18120,21
18121,21
18122,21
18123,2
18124,2
18125,72
18126,69
18127,21
18128,58
18129,58
18130,21
18131,21
18132,58
18133,58
18134,8
18135,72
18136,8
18137,49
18138,91
18139,289
18140,21
18141,8
18142,8
18143,21
18144,72
18145,72
18146,69
18147,72
18148,21
18149,21
18150,21
18151,8
18152,8
18153,479
18154,72
18155,8
18156,36
18157,49
18158,8
18159,38
18160,15
18161,25
18162,21
18163,72
18164,69
18165,108
18166,21
18167,113
18168,18
18169,26
18170,38
18171,72
18172,77
18173,98
18174,38
18175,77
18176,98
18177,36
18178,26
18179,36
18180,8
18181,8
18182,8
18183,101
18184,8
18185,2
18186,2
18187,108
18188,21
18189,21
18190,2
18191,376
18192,8
18193,8
18194,8
18195,26
18196,26
18197,26
18198,48
18199,49
18200,49
18201,29
18202,38
18203,72
18204,69
18205,21
18206,72
18207,36
18208,58
18209,72
18210,69
18211,48
18212,49
18213,49
18214,49
18215,29
18216,77
18217,30
18218,48
18219,49
18220,49
18221,49
18222,29
18223,77
18224,30
18225,48
18226,49
18227,49
18228,49
18229,29
18230,77
18231,30
18232,48
18233,8
18234,21
18235,72
18236,36
18237,21
18238,58
18239,8
18240,26
18241,26
18242,8
18243,8
18244,36
18245,49
18246,49
18247,8
18248,36
18249,49
18250,91
18251,8
18252,21
18253,21
18254,2
18255,2
18256,48
18257,8
18258,36
18259,49
18260,49
18261,49
18262,38
18263,2
18264,2
18265,2
18266,2
18267,21
18268,21
18269,21
18270,58
18271,58
18272,98
18273,18
18274,26
18275,72
18276,69
18277,69
18278,36
18279,100
18280,100
18281,100
18282,100
18283,7
18284,353
18285,8
18286,8
18287,36
18288,479
18289,108
18290,21
18291,58
18292,478
18293,8
18294,36
18295,48
18296,36
18297,49
18298,29
18299,30
18300,48
18301,36
18302,29
18303,30
18304,48
18305,36
18306,29
18307,30
18308,25
18309,26
18310,26
18311,72
18312,26
18313,48
18314,2
18315,2
18316,2
18317,2
18318,10
18319,10
18320,17
18321,58
18322,72
18323,8
18324,101
18325,21
18326,113
18327,113
18328,8
18329,101
18330,108
18331,21
18332,21
18333,58
18334,58
18335,58
18336,72
18337,69
18338,128
18339,128
18340,35
18341,38
18342,45
18343,10
18344,48
18345,8
18346,36
18347,49
18348,48
18349,8
18350,47
18351,8
18352,101
18353,26
18354,21
18355,72
18356,69
18357,69
18358,69
18359,69
18360,69
18361,287
18362,38
18363,10
18364,15
18365,8
18366,8
18367,8
18368,8
18369,36
18370,49
18371,49
18372,49
18373,21
18374,21
18375,58
18376,58
18377,72
18378,21
18379,357
18380,357
18381,8
18382,72
18383,21
18384,21
18385,58
18386,113
18387,114
18388,69
18389,344
18390,344
18391,344
18392,344
18393,344
18394,344
18395,21
18396,21
18397,21
18398,58
18399,58
18400,58
18401,128
18402,128
18403,108
18404,108
18405,21
18406,21
18407,93
18408,93
18409,58
18410,128
18411,128
18412,128
18413,98
18414,21
18415,58
18416,344
18417,344
18418,344
18419,344
18420,344
18421,58
18422,21
18423,21
18424,93
18425,93
18426,69
18427,128
18428,128
18429,128
18430,21
18431,72
18432,128
18433,8
18434,72
18435,21
18436,2
18437,72
18438,72
18439,21
18440,2
18441,72
18442,69
18443,69
18444,182
18445,108
18446,388
18447,372
18448,21
18449,21
18450,58
18451,97
18452,58
18453,58
18454,8
18455,8
18456,108
18457,72
18458,18
18459,8
18460,96
18461,58
18462,72
18463,21
18464,21
18465,58
18466,58
18467,2
18468,72
18469,72
18470,385
18471,131
18472,131
18473,94
18474,94
18475,96
18476,8
18477,101
18478,478
18479,8
18480,8
18481,21
18482,21
18483,58
18484,58
18485,72
18486,8
18487,101
18488,72
18489,48
18490,2
18491,18
18492,72
18493,48
18494,36
18495,8
18496,8
18497,26
18498,72
18499,36
18500,99
18501,99
18502,99
18503,99
18504,99
18505,99
18506,99
18507,99
18508,100
18509,36
18510,99
18511,99
18512,17
18513,100
18514,100
18515,21
18516,21
18517,21
18518,72
18519,69
18520,8
18521,21
18522,21
18523,58
18524,58
18525,69
18526,97
18527,98
18528,26
18529,8
18530,26
18531,26
18532,21
18533,21
18534,58
18535,232
18536,72
18537,8
18538,101
18539,101
18540,21
18541,21
18542,21
18543,58
18544,58
18545,58
18546,72
18547,2
18548,72
18549,21
18550,8
18551,2
18552,2
18553,2
18554,18
18555,99
18556,99
18557,99
18558,99
18559,99
18560,99
18561,99
18562,100
18563,100
18564,2
18565,72
18566,8
18567,8
18568,8
18569,36
18570,49
18571,21
18572,2
18573,2
18574,2
18575,69
18576,69
18577,69
18578,128
18579,21
18580,2
18581,72
18582,8
18583,8
18584,8
18585,36
18586,49
18587,2
18588,2
18589,10
18590,10
18591,8
18592,36
18593,47
18594,8
18595,8
18596,48
18597,8
18598,36
18599,49
18600,21
18601,21
18602,388
18603,58
18604,382
18605,72
18606,21
18607,21
18608,58
18609,130
18610,130
18611,131
18612,131
18613,131
18614,131
18615,94
18616,94
18617,94
18618,94
18619,96
18620,21
18621,113
18622,113
18623,113
18624,8
18625,8
18626,91
18627,316
18628,100
18629,48
18630,8
18631,29
18632,30
18633,48
18634,8
18635,29
18636,30
18637,48
18638,8
18639,29
18640,30
18641,37
18642,2
18643,30
18644,48
18645,8
18646,36
18647,49
18648,21
18649,69
18650,108
18651,108
18652,21
18653,21
18654,58
18655,58
18656,58
18657,36
18658,382
18659,72
18660,26
18661,26
18662,7
18663,48
18664,2
18665,21
18666,21
18667,58
18668,376
18669,376
18670,7
18671,2
18672,48
18673,8
18674,8
18675,36
18676,49
18677,12
18678,26
18679,113
18680,376
18681,36
18682,48
18683,38
18684,2
18685,10
18686,10
18687,18
18688,26
18689,48
18690,8
18691,2
18692,10
18693,10
18694,10
18695,8
18696,21
18697,2
18698,38
18699,45
18700,2
18701,2
18702,10
18703,10
18704,10
18705,36
18706,49
18707,8
18708,36
18709,21
18710,21
18711,21
18712,58
18713,58
18714,58
18715,203
18716,72
18717,48
18718,49
18719,30
18720,48
18721,8
18722,36
18723,49
18724,29
18725,30
18726,10
18727,10
18728,72
18729,287
18730,8
18731,100
18732,100
18733,26
18734,99
18735,99
18736,99
18737,99
18738,99
18739,99
18740,99
18741,478
18742,8
18743,8
18744,482
18745,21
18746,72
18747,72
18748,21
18749,58
18750,478
18751,8
18752,2
18753,2
18754,21
18755,58
18756,58
18757,58
18758,8
18759,8
18760,21
18761,21
18762,58
18763,58
18764,8
18765,8
18766,8
18767,72
18768,2
18769,2
18770,72
18771,58
18772,113
18773,113
18774,286
18775,91
18776,316
18777,100
18778,8
18779,388
18780,21
18781,58
18782,128
18783,10
18784,478
18785,8
18786,21
18787,21
18788,21
18789,128
18790,21
18791,21
18792,128
18793,58
18794,58
18795,2
18796,72
18797,69
18798,69
18799,48
18800,49
18801,49
18802,29
18803,48
18804,49
18805,49
18806,29
18807,8
18808,38
18809,26
18810,8
18811,289
18812,21
18813,72
18814,69
18815,478
18816,8
18817,8
18818,482
18819,8
18820,36
18821,30
18822,8
18823,36
18824,29
18825,36
18826,21
18827,58
18828,21
18829,128
18830,21
18831,21
18832,72
18833,21
18834,21
18835,2
18836,72
18837,69
18838,36
18839,99
18840,99
18841,99
18842,99
18843,99
18844,99
18845,99
18846,100
18847,100
18848,7
18849,7
18850,21
18851,388
18852,72
18853,8
18854,8
18855,8
18856,36
18857,49
18858,2
18859,2
18860,101
18861,8
18862,480
18863,8
18864,101
18865,91
18866,8
18867,289
18868,108
18869,21
18870,8
18871,8
18872,58
18873,8
18874,101
18875,91
18876,8
18877,101
18878,101
18879,84
18880,84
18881,8
18882,101
18883,101
18884,101
18885,8
18886,101
18887,8
18888,101
18889,101
18890,21
18891,21
18892,21
18893,69
18894,69
18895,69
18896,36
18897,21
18898,58
18899,2
18900,2
18901,36
18902,353
18903,8
18904,36
18905,36
18906,479
18907,12
18908,26
18909,21
18910,376
18911,376
18912,128
18913,98
18914,8
18915,101
18916,33
18917,8
18918,101
18919,8
18920,36
18921,26
18922,8
18923,36
18924,49
18925,8
18926,36
18927,49
18928,29
18929,21
18930,21
18931,69
18932,2
18933,72
18934,69
18935,8
18936,72
18937,182
18938,182
18939,21
18940,388
18941,130
18942,131
18943,131
18944,72
18945,55
18946,21
18947,388
18948,36
18949,382
18950,72
18951,108
18952,108
18953,97
18954,8
18955,108
18956,108
18957,21
18958,69
18959,8
18960,21
18961,21
18962,58
18963,21
18964,21
18965,8
18966,36
18967,36
18968,108
18969,21
18970,72
18971,8
18972,108
18973,72
18974,48
18975,72
18976,35
18977,10
18978,2
18979,18
18980,21
18981,21
18982,72
18983,2
18984,48
18985,49
18986,49
18987,36
18988,36
18989,100
18990,8
18991,482
18992,21
18993,21
18994,72
18995,2
18996,74
18997,26
18998,21
18999,21
19000,2
19001,48
19002,8
19003,49
19004,21
19005,2
19006,48
19007,37
19008,2
19009,8
19010,38
19011,2
19012,25
19013,30
19014,353
19015,8
19016,8
19017,479
19018,72
19019,8
19020,8
19021,8
19022,101
19023,101
19024,21
19025,8
19026,36
19027,49
19028,49
19029,2
19030,10
19031,10
19032,10
19033,38
19034,72
19035,77
19036,48
19037,8
19038,49
19039,38
19040,77
19041,38
19042,72
19043,362
19044,77
19045,108
19046,21
19047,21
19048,58
19049,2
19050,38
19051,362
19052,36
19053,21
19054,21
19055,58
19056,58
19057,113
19058,72
19059,8
19060,2
19061,2
19062,30
19063,29
19064,169
19065,108
19066,21
19067,69
19068,69
19069,8
19070,49
19071,21
19072,2
19073,48
19074,49
19075,49
19076,49
19077,48
19078,8
19079,49
19080,21
19081,58
19082,21
19083,58
19084,58
19085,21
19086,93
19087,93
19088,69
19089,98
19090,72
19091,48
19092,36
19093,49
19094,21
19095,21
19096,69
19097,48
19098,47
19099,30
19100,8
19101,207
19102,48
19103,47
19104,30
19105,8
19106,36
19107,49
19108,72
19109,21
19110,21
19111,113
19112,113
19113,113
19114,91
19115,316
19116,91
19117,2
19118,2
19119,48
19120,49
19121,29
19122,77
19123,48
19124,49
19125,29
19126,77
19127,30
19128,21
19129,21
19130,8
19131,49
19132,49
19133,48
19134,8
19135,72
19136,21
19137,58
19138,72
19139,8
19140,72
19141,72
19142,21
19143,203
19144,203
19145,72
19146,72
19147,72
19148,8
19149,38
19150,2
19151,108
19152,72
19153,91
19154,2
19155,2
19156,36
19157,8
19158,480
19159,2
19160,15
19161,21
19162,72
19163,72
19164,8
19165,8
19166,316
19167,8
19168,49
19169,8
19170,26
19171,108
19172,36
19173,36
19174,36
19175,69
19176,69
19177,69
19178,69
19179,21
19180,21
19181,58
19182,58
19183,72
19184,8
19185,8
19186,21
19187,72
19188,69
19189,36
19190,36
19191,49
19192,49
19193,21
19194,2
19195,2
19196,21
19197,21
19198,8
19199,8
19200,26
19201,21
19202,58
19203,58
19204,2
19205,2
19206,2
19207,11
19208,21
19209,2
19210,21
19211,33
19212,33
19213,33
19214,72
19215,108
19216,108
19217,21
19218,72
19219,72
19220,58
19221,58
19222,388
19223,69
19224,69
19225,21
19226,38
19227,45
19228,10
19229,8
19230,2
19231,2
19232,72
19233,8
19234,21
19235,36
19236,69
19237,21
19238,21
19239,108
19240,108
19241,21
19242,58
19243,58
19244,359
19245,72
19246,21
19247,72
19248,58
19249,108
19250,72
19251,21
19252,21
19253,113
19254,21
19255,21
19256,72
19257,72
19258,72
19259,72
19260,8
19261,36
19262,30
19263,2
19264,26
19265,21
19266,21
19267,8
19268,289
19269,72
19270,72
19271,8
19272,108
19273,72
19274,344
19275,21
19276,58
19277,98
19278,72
19279,108
19280,21
19281,8
19282,72
19283,72
19284,21
19285,21
19286,58
19287,58
19288,21
19289,128
19290,98
19291,91
19292,316
19293,8
19294,8
19295,72
19296,21
19297,21
19298,58
19299,58
19300,69
19301,286
19302,286
19303,286
19304,93
19305,93
19306,98
19307,58
19308,344
19309,344
19310,21
19311,58
19312,128
19313,388
19314,2
19315,2
19316,2
19317,2
19318,2
19319,8
19320,72
19321,69
19322,8
19323,21
19324,21
19325,21
19326,21
19327,36
19328,72
19329,8
19330,101
19331,8
19332,21
19333,8
19334,72
19335,21
19336,21
19337,2
19338,72
19339,10
19340,10
19341,10
19342,10
19343,10
19344,10
19345,8
19346,101
19347,72
19348,21
19349,21
19350,69
19351,21
19352,21
19353,21
19354,2
19355,2
19356,2
19357,69
19358,69
19359,21
19360,2
19361,2
19362,2
19363,69
19364,48
19365,74
19366,8
19367,8
19368,26
19369,48
19370,21
19371,69
19372,69
19373,18
19374,26
19375,21
19376,21
19377,48
19378,49
19379,49
19380,47
19381,77
19382,72
19383,8
19384,36
19385,48
19386,36
19387,49
19388,48
19389,36
19390,49
19391,30
19392,8
19393,38
19394,72
19395,38
19396,45
19397,45
19398,2
19399,10
19400,10
19401,10
19402,10
19403,10
19404,17
19405,7
19406,8
19407,26
19408,21
19409,69
19410,21
19411,21
19412,357
19413,21
19414,58
19415,128
19416,128
19417,8
19418,8
19419,146
19420,344
19421,344
19422,21
19423,38
19424,398
19425,38
19426,38
19427,21
19428,2
19429,2
19430,72
19431,478
19432,8
19433,21
19434,2
19435,8
19436,101
19437,48
19438,49
19439,49
19440,30
19441,48
19442,49
19443,29
19444,8
19445,8
19446,316
19447,8
19448,8
19449,316
19450,8
19451,316
19452,26
19453,21
19454,58
19455,72
19456,48
19457,35
19458,38
19459,22
19460,45
19461,2
19462,36
19463,48
19464,8
19465,36
19466,49
19467,72
19468,21
19469,2
19470,69
19471,21
19472,21
19473,58
19474,21
19475,21
19476,72
19477,8
19478,8
19479,8
19480,21
19481,21
19482,58
19483,58
19484,478
19485,8
19486,21
19487,2
19488,72
19489,21
19490,21
19491,2
19492,2
19493,69
19494,69
19495,21
19496,69
19497,69
19498,21
19499,21
19500,2
19501,36
19502,72
19503,69
19504,21
19505,58
19506,8
19507,8
19508,72
19509,8
19510,72
19511,72
19512,108
19513,21
19514,21
19515,2
19516,2
19517,72
19518,316
19519,21
19520,21
19521,58
19522,58
19523,21
19524,21
19525,58
19526,21
19527,93
19528,93
19529,93
19530,93
19531,93
19532,93
19533,58
19534,286
19535,286
19536,98
19537,21
19538,97
19539,97
19540,114
19541,21
19542,58
19543,203
19544,108
19545,21
19546,72
19547,72
19548,21
19549,58
19550,72
19551,98
19552,287
19553,58
19554,58
19555,72
19556,98
19557,21
19558,69
19559,69
19560,58
19561,8
19562,72
19563,21
19564,205
19565,8
19566,36
19567,72
19568,21
19569,21
19570,113
19571,72
19572,21
19573,72
19574,72
19575,72
19576,8
19577,8
19578,21
19579,93
19580,93
19581,93
19582,98
19583,21
19584,21
19585,93
19586,128
19587,128
19588,128
19589,128
19590,128
19591,97
19592,97
19593,128
19594,128
19595,128
19596,8
19597,8
19598,8
19599,49
19600,113
19601,113
19602,113
19603,69
19604,72
19605,21
19606,113
19607,98
19608,21
19609,21
19610,58
19611,58
19612,69
19613,98
19614,113
19615,113
19616,2
19617,2
19618,2
19619,69
19620,8
19621,8
19622,8
19623,8
19624,72
19625,72
19626,69
19627,2
19628,72
19629,205
19630,21
19631,21
19632,21
19633,21
19634,69
19635,128
19636,128
19637,21
19638,58
19639,8
19640,8
19641,48
19642,36
19643,49
19644,49
19645,29
19646,48
19647,36
19648,49
19649,30
19650,113
19651,113
19652,72
19653,72
19654,83
19655,83
19656,108
19657,21
19658,21
19659,93
19660,48
19661,29
19662,30
19663,48
19664,29
19665,30
19666,48
19667,49
19668,49
19669,29
19670,30
19671,72
19672,8
19673,36
19674,8
19675,101
19676,101
19677,8
19678,72
19679,287
19680,93
19681,113
19682,21
19683,21
19684,21
19685,58
19686,58
19687,58
19688,21
19689,21
19690,93
19691,69
19692,128
19693,8
19694,8
19695,108
19696,21
19697,21
19698,93
19699,93
19700,58
19701,98
19702,8
19703,8
19704,101
19705,8
19706,8
19707,101
19708,21
19709,21
19710,58
19711,58
19712,58
19713,72
19714,287
19715,478
19716,8
19717,21
19718,21
19719,58
19720,58
19721,344
19722,21
19723,58
19724,58
19725,91
19726,316
19727,100
19728,7
19729,58
19730,8
19731,8
19732,72
19733,8
19734,36
19735,34
19736,38
19737,45
19738,2
19739,10
19740,18
19741,18
19742,73
19743,72
19744,10
19745,34
19746,21
19747,8
19748,69
19749,21
19750,72
19751,113
19752,72
19753,21
19754,58
19755,58
19756,108
19757,21
19758,21
19759,2
19760,2
19761,2
19762,2
19763,72
19764,69
19765,48
19766,74
19767,8
19768,36
19769,36
19770,36
19771,478
19772,8
19773,8
19774,482
19775,8
19776,36
19777,49
19778,8
19779,36
19780,49
19781,21
19782,58
19783,72
19784,478
19785,8
19786,8
19787,7
19788,7
19789,520
19790,8
19791,8
19792,96
19793,478
19794,8
19795,48
19796,49
19797,48
19798,8
19799,8
19800,289
19801,289
19802,21
19803,8
19804,36
19805,8
19806,101
19807,36
19808,49
19809,8
19810,101
19811,101
19812,8
19813,8
19814,38
19815,21
19816,36
19817,36
19818,69
19819,69
19820,286
19821,286
19822,21
19823,72
19824,8
19825,36
19826,26
19827,8
19828,36
19829,49
19830,8
19831,101
19832,25
19833,21
19834,72
19835,205
19836,69
19837,69
19838,69
19839,8
19840,36
19841,36
19842,36
19843,21
19844,21
19845,72
19846,8
19847,36
19848,49
19849,8
19850,36
19851,72
19852,108
19853,21
19854,388
19855,8
19856,289
19857,108
19858,58
19859,478
19860,8
19861,8
19862,21
19863,58
19864,376
19865,21
19866,21
19867,205
19868,205
19869,72
19870,69
19871,69
19872,8
19873,8
19874,72
19875,21
19876,21
19877,21
19878,58
19879,58
19880,58
19881,8
19882,8
19883,108
19884,108
19885,21
19886,51
19887,8
19888,8
19889,8
19890,8
19891,8
19892,8
19893,21
19894,72
19895,478
19896,8
19897,21
19898,58
19899,72
19900,376
19901,376
19902,48
19903,8
19904,7
19905,72
19906,72
19907,8
19908,8
19909,8
19910,101
19911,21
19912,58
19913,286
19914,478
19915,8
19916,8
19917,8
19918,8
19919,21
19920,93
19921,58
19922,376
19923,128
19924,128
19925,286
19926,58
19927,97
19928,375
19929,286
19930,21
19931,21
19932,58
19933,114
19934,69
19935,8
19936,8
19937,21
19938,21
19939,72
19940,101
19941,101
19942,48
19943,2
19944,8
19945,38
19946,38
19947,2
19948,8
19949,8
19950,58
19951,58
19952,8
19953,8
19954,72
19955,8
19956,8
19957,8
19958,8
19959,54
19960,72
19961,51
19962,98
19963,72
19964,53
19965,8
19966,8
19967,8
19968,8
19969,38
19970,72
19971,77
19972,8
19973,21
19974,21
19975,58
19976,58
19977,69
19978,69
19979,8
19980,108
19981,21
19982,21
19983,21
19984,93
19985,72
19986,100
19987,55
19988,8
19989,8
19990,8
19991,21
19992,21
19993,21
19994,58
19995,36
19996,69
19997,69
19998,21
19999,21
20000,58
20001,21
20002,58
20003,72
20004,108
20005,108
20006,21
20007,58
20008,72
20009,108
20010,21
20011,58
20012,2
20013,72
20014,108
20015,388
20016,58
20017,72
20018,8
20019,72
20020,2
20021,72
20022,69
20023,72
20024,38
20025,72
20026,8
20027,8
20028,21
20029,2
20030,72
20031,69
20032,21
20033,72
20034,72
20035,69
20036,97
20037,128
20038,128
20039,287
20040,21
20041,113
20042,72
20043,128
20044,21
20045,21
20046,36
20047,72
20048,69
20049,128
20050,128
20051,21
20052,21
20053,72
20054,58
20055,108
20056,21
20057,72
20058,21
20059,58
20060,113
20061,21
20062,128
20063,21
20064,21
20065,382
20066,2
20067,36
20068,36
20069,69
20070,357
20071,8
20072,289
20073,72
20074,108
20075,21
20076,21
20077,58
20078,8
20079,8
20080,8
20081,96
20082,21
20083,58
20084,128
20085,286
20086,2
20087,72
20088,8
20089,8
20090,8
20091,58
20092,58
20093,72
20094,72
20095,72
20096,21
20097,21
20098,58
20099,93
20100,72
20101,21
20102,93
20103,58
20104,98
20105,72
20106,97
20107,72
20108,72
20109,21
20110,7
20111,58
20112,21
20113,21
20114,58
20115,69
20116,21
20117,21
20118,21
20119,58
20120,58
20121,113
20122,72
20123,377
20124,8
20125,8
20126,21
20127,21
20128,58
20129,58
20130,8
20131,8
20132,58
20133,58
20134,72
20135,72
20136,8
20137,8
20138,21
20139,72
20140,51
20141,58
20142,382
20143,69
20144,72
20145,8
20146,8
20147,8
20148,21
20149,21
20150,58
20151,58
20152,376
20153,69
20154,48
20155,8
20156,30
20157,8
20158,8
20159,8
20160,316
20161,21
20162,58
20163,8
20164,8
20165,72
20166,36
20167,72
20168,8
20169,36
20170,49
20171,58
20172,58
20173,58
20174,21
20175,97
20176,353
20177,8
20178,8
20179,8
20180,48
20181,48
20182,21
20183,93
20184,376
20185,84
20186,84
20187,159
20188,159
20189,8
20190,8
20191,8
20192,8
20193,8
20194,8
20195,8
20196,69
20197,69
20198,69
20199,205
20200,21
20201,2
20202,128
20203,98
20204,21
20205,58
20206,98
20207,93
20208,69
20209,21
20210,58
20211,58
20212,72
20213,287
20214,21
20215,58
20216,2
20217,2
20218,10
20219,10
20220,8
20221,72
20222,108
20223,21
20224,72
20225,69
20226,21
20227,21
20228,93
20229,93
20230,2
20231,69
20232,21
20233,21
20234,128
20235,21
20236,21
20237,128
20238,21
20239,21
20240,21
20241,58
20242,58
20243,58
20244,2
20245,286
20246,286
20247,8
20248,8
20249,58
20250,113
20251,72
20252,93
20253,58
20254,58
20255,21
20256,8
20257,58
20258,286
20259,72
20260,72
20261,287
20262,21
20263,21
20264,21
20265,21
20266,58
20267,58
20268,21
20269,2
20270,36
20271,69
20272,72
20273,100
20274,8
20275,96
20276,72
20277,36
20278,49
20279,49
20280,21
20281,21
20282,72
20283,48
20284,49
20285,47
20286,21
20287,58
20288,98
20289,72
20290,8
20291,101
20292,72
20293,38
20294,2
20295,17
20296,17
20297,8
20298,36
20299,49
20300,8
20301,36
20302,26
20303,26
20304,72
20305,48
20306,8
20307,36
20308,21
20309,21
20310,58
20311,376
20312,289
20313,91
20314,316
20315,21
20316,36
20317,36
20318,93
20319,93
20320,58
20321,58
20322,21
20323,58
20324,69
20325,128
20326,128
20327,182
20328,182
20329,108
20330,108
20331,108
20332,388
20333,388
20334,388
20335,58
20336,58
20337,131
20338,21
20339,8
20340,97
20341,128
20342,8
20343,8
20344,49
20345,8
20346,91
20347,8
20348,316
20349,21
20350,21
20351,72
20352,21
20353,21
20354,98
20355,21
20356,21
20357,58
20358,58
20359,58
20360,98
20361,8
20362,8
20363,36
20364,49
20365,160
20366,36
20367,100
20368,7
20369,72
20370,21
20371,21
20372,58
20373,58
20374,8
20375,36
20376,49
20377,21
20378,36
20379,36
20380,8
20381,36
20382,48
20383,8
20384,36
20385,49
20386,108
20387,21
20388,21
20389,113
20390,8
20391,18
20392,21
20393,58
20394,2
20395,2
20396,21
20397,357
20398,48
20399,2
20400,10
20401,10
20402,2
20403,8
20404,36
20405,38
20406,38
20407,21
20408,21
20409,2
20410,69
20411,69
20412,8
20413,36
20414,84
20415,84
20416,8
20417,21
20418,21
20419,72
20420,69
20421,21
20422,2
20423,72
20424,69
20425,69
20426,21
20427,21
20428,2
20429,2
20430,2
20431,382
20432,376
20433,376
20434,76
20435,48
20436,49
20437,47
20438,30
20439,48
20440,49
20441,49
20442,47
20443,36
20444,49
20445,29
20446,30
20447,36
20448,49
20449,30
20450,36
20451,49
20452,29
20453,36
20454,108
20455,21
20456,72
20457,72
20458,376
20459,48
20460,36
20461,108
20462,205
20463,21
20464,93
20465,72
20466,48
20467,73
20468,8
20469,44
20470,520
20471,8
20472,21
20473,286
20474,7
20475,58
20476,2
20477,2
20478,72
20479,8
20480,8
20481,26
20482,21
20483,21
20484,38
20485,2
20486,25
20487,48
20488,74
20489,21
20490,21
20491,91
20492,8
20493,36
20494,21
20495,21
20496,21
20497,21
20498,58
20499,58
20500,58
20501,114
20502,72
20503,21
20504,21
20505,69
20506,72
20507,21
20508,21
20509,8
20510,69
20511,97
20512,25
20513,398
20514,72
20515,72
20516,21
20517,72
20518,11
20519,72
20520,8
20521,36
20522,49
20523,48
20524,45
20525,2
20526,48
20527,8
20528,38
20529,45
20530,2
20531,2
20532,2
20533,48
20534,38
20535,45
20536,2
20537,10
20538,10
20539,10
20540,10
20541,38
20542,48
20543,38
20544,45
20545,2
20546,478
20547,8
20548,21
20549,8
20550,8
20551,36
20552,72
20553,38
20554,38
20555,72
20556,21
20557,8
20558,2
20559,72
20560,21
20561,21
20562,21
20563,8
20564,21
20565,113
20566,69
20567,357
20568,8
20569,101
20570,108
20571,21
20572,21
20573,69
20574,69
20575,72
20576,48
20577,8
20578,49
20579,8
20580,8
20581,33
20582,21
20583,2
20584,72
20585,376
20586,69
20587,8
20588,36
20589,49
20590,30
20591,58
20592,38
20593,21
20594,58
20595,58
20596,2
20597,21
20598,203
20599,382
20600,376
20601,21
20602,21
20603,72
20604,21
20605,58
20606,36
20607,36
20608,72
20609,10
20610,21
20611,21
20612,21
20613,58
20614,58
20615,114
20616,114
20617,72
20618,287
20619,21
20620,21
20621,72
20622,10
20623,10
20624,36
20625,72
20626,48
20627,21
20628,21
20629,108
20630,21
20631,21
20632,8
20633,72
20634,69
20635,287
20636,58
20637,108
20638,21
20639,21
20640,58
20641,2
20642,38
20643,398
20644,21
20645,21
20646,2
20647,72
20648,205
20649,113
20650,36
20651,21
20652,72
20653,8
20654,72
20655,8
20656,289
20657,21
20658,21
20659,2
20660,2
20661,2
20662,2
20663,69
20664,21
20665,58
20666,58
20667,8
20668,72
20669,21
20670,58
20671,21
20672,21
20673,2
20674,69
20675,36
20676,48
20677,8
20678,49
20679,2
20680,2
20681,36
20682,36
20683,72
20684,21
20685,21
20686,2
20687,2
20688,2
20689,69
20690,72
20691,69
20692,21
20693,21
20694,407
20695,72
20696,21
20697,21
20698,2
20699,72
20700,69
20701,72
20702,69
20703,357
20704,84
20705,288
20706,10
20707,8
20708,12
20709,26
20710,8
20711,101
20712,72
20713,48
20714,8
20715,49
20716,29
20717,47
20718,48
20719,47
20720,30
20721,72
20722,8
20723,91
20724,91
20725,316
20726,7
20727,8
20728,72
20729,69
20730,108
20731,21
20732,21
20733,72
20734,21
20735,72
20736,21
20737,8
20738,8
20739,91
20740,8
20741,316
20742,100
20743,309
20744,72
20745,21
20746,2
20747,36
20748,108
20749,21
20750,113
20751,8
20752,36
20753,49
20754,8
20755,36
20756,21
20757,21
20758,69
20759,69
20760,108
20761,21
20762,21
20763,21
20764,38
20765,72
20766,8
20767,8
20768,72
20769,108
20770,21
20771,21
20772,21
20773,58
20774,58
20775,58
20776,113
20777,286
20778,286
20779,357
20780,10
20781,21
20782,8
20783,374
20784,21
20785,93
20786,58
20787,8
20788,8
20789,21
20790,21
20791,10
20792,10
20793,21
20794,2
20795,72
20796,178
20797,91
20798,8
20799,21
20800,21
20801,58
20802,72
20803,69
20804,520
20805,8
20806,8
20807,96
20808,21
20809,58
20810,38
20811,69
20812,69
20813,69
20814,8
20815,101
20816,8
20817,36
20818,49
20819,49
20820,49
20821,21
20822,2
20823,36
20824,72
20825,478
20826,8
20827,10
20828,8
20829,8
20830,478
20831,8
20832,8
20833,101
20834,101
20835,10
20836,8
20837,8
20838,26
20839,100
20840,100
20841,21
20842,21
20843,72
20844,205
20845,205
20846,205
20847,21
20848,21
20849,58
20850,58
20851,21
20852,21
20853,113
20854,38
20855,45
20856,2
20857,2
20858,10
20859,10
20860,382
20861,72
20862,72
20863,72
20864,91
20865,8
20866,25
20867,398
20868,21
20869,21
20870,69
20871,69
20872,21
20873,72
20874,26
20875,8
20876,36
20877,49
20878,36
20879,26
20880,8
20881,36
20882,8
20883,35
20884,2
20885,108
20886,21
20887,2
20888,357
20889,36
20890,91
20891,8
20892,316
20893,8
20894,36
20895,49
20896,520
20897,8
20898,96
20899,8
20900,26
20901,91
20902,8
20903,316
20904,2
20905,25
20906,35
20907,2
20908,2
20909,34
20910,8
20911,36
20912,72
20913,8
20914,8
20915,2
20916,72
20917,69
20918,21
20919,21
20920,98
20921,72
20922,91
20923,316
20924,21
20925,21
20926,58
20927,72
20928,2
20929,72
20930,69
20931,72
20932,108
20933,113
20934,8
20935,72
20936,72
20937,108
20938,21
20939,113
20940,108
20941,21
20942,72
20943,69
20944,69
20945,91
20946,8
20947,316
20948,21
20949,21
20950,2
20951,69
20952,38
20953,72
20954,10
20955,96
20956,21
20957,203
20958,203
20959,72
20960,21
20961,21
20962,58
20963,58
20964,128
20965,21
20966,58
20967,2
20968,8
20969,8
20970,8
20971,8
20972,286
20973,21
20974,58
20975,72
20976,205
20977,21
20978,21
20979,2
20980,2
20981,69
20982,8
20983,58
20984,72
20985,69
20986,72
20987,21
20988,58
20989,21
20990,21
20991,58
20992,58
20993,58
20994,113
20995,8
20996,101
20997,21
20998,113
20999,2
21000,2
21001,72
21002,8
21003,2
21004,72
21005,48
21006,49
21007,49
21008,49
21009,29
21010,77
21011,30
21012,48
21013,49
21014,49
21015,49
21016,77
21017,30
21018,48
21019,49
21020,49
21021,49
21022,29
21023,77
21024,30
21025,8
21026,289
21027,21
21028,21
21029,58
21030,58
21031,97
21032,128
21033,128
21034,205
21035,21
21036,58
21037,58
21038,113
21039,113
21040,69
21041,69
21042,128
21043,21
21044,58
21045,72
21046,8
21047,101
21048,21
21049,21
21050,58
21051,58
21052,84
21053,84
21054,36
21055,36
21056,21
21057,21
21058,8
21059,72
21060,287
21061,21
21062,58
21063,2
21064,2
21065,2
21066,2
21067,21
21068,21
21069,58
21070,58
21071,8
21072,108
21073,21
21074,128
21075,2
21076,72
21077,2
21078,72
21079,72
21080,98
21081,8
21082,101
21083,21
21084,58
21085,58
21086,8
21087,101
21088,101
21089,36
21090,26
21091,10
21092,21
21093,21
21094,48
21095,8
21096,36
21097,72
21098,21
21099,58
21100,58
21101,203
21102,48
21103,49
21104,21
21105,58
21106,58
21107,8
21108,2
21109,21
21110,8
21111,96
21112,8
21113,101
21114,8
21115,101
21116,108
21117,21
21118,21
21119,58
21120,58
21121,8
21122,113
21123,8
21124,10
21125,10
21126,21
21127,72
21128,108
21129,21
21130,113
21131,36
21132,478
21133,8
21134,21
21135,21
21136,58
21137,21
21138,69
21139,8
21140,8
21141,8
21142,72
21143,21
21144,58
21145,8
21146,36
21147,18
21148,18
21149,26
21150,21
21151,58
21152,376
21153,376
21154,376
21155,69
21156,376
21157,376
21158,25
21159,26
21160,205
21161,21
21162,114
21163,114
21164,114
21165,108
21166,21
21167,2
21168,38
21169,2
21170,38
21171,72
21172,100
21173,48
21174,49
21175,49
21176,49
21177,49
21178,29
21179,30
21180,21
21181,21
21182,2
21183,2
21184,2
21185,2
21186,2
21187,2
21188,72
21189,376
21190,48
21191,49
21192,49
21193,49
21194,30
21195,48
21196,49
21197,49
21198,49
21199,29
21200,2
21201,15
21202,34
21203,21
21204,58
21205,72
21206,21
21207,21
21208,113
21209,113
21210,2
21211,2
21212,2
21213,2
21214,478
21215,8
21216,72
21217,8
21218,8
21219,482
21220,48
21221,8
21222,101
21223,8
21224,101
21225,108
21226,21
21227,21
21228,113
21229,113
21230,113
21231,113
21232,376
21233,128
21234,8
21235,8
21236,36
21237,36
21238,49
21239,8
21240,8
21241,8
21242,8
21243,36
21244,36
21245,49
21246,30
21247,46
21248,10
21249,21
21250,72
21251,478
21252,8
21253,8
21254,36
21255,99
21256,99
21257,21
21258,91
21259,289
21260,21
21261,21
21262,376
21263,8
21264,36
21265,49
21266,48
21267,8
21268,36
21269,49
21270,30
21271,8
21272,36
21273,29
21274,47
21275,8
21276,36
21277,49
21278,47
21279,30
21280,8
21281,8
21282,48
21283,18
21284,21
21285,21
21286,93
21287,93
21288,93
21289,58
21290,58
21291,382
21292,69
21293,69
21294,69
21295,21
21296,21
21297,21
21298,93
21299,58
21300,58
21301,58
21302,97
21303,21
21304,21
21305,21
21306,58
21307,58
21308,58
21309,21
21310,21
21311,93
21312,128
21313,128
21314,128
21315,98
21316,2
21317,72
21318,376
21319,69
21320,21
21321,21
21322,2
21323,8
21324,21
21325,113
21326,2
21327,21
21328,21
21329,58
21330,58
21331,72
21332,108
21333,21
21334,2
21335,8
21336,69
21337,8
21338,8
21339,8
21340,8
21341,91
21342,316
21343,100
21344,7
21345,8
21346,108
21347,21
21348,21
21349,21
21350,36
21351,36
21352,36
21353,36
21354,69
21355,48
21356,49
21357,8
21358,8
21359,18
21360,26
21361,72
21362,8
21363,36
21364,49
21365,21
21366,72
21367,21
21368,58
21369,58
21370,108
21371,72
21372,21
21373,21
21374,58
21375,58
21376,72
21377,224
21378,91
21379,91
21380,8
21381,36
21382,21
21383,21
21384,58
21385,58
21386,48
21387,48
21388,8
21389,29
21390,47
21391,30
21392,21
21393,21
21394,21
21395,8
21396,58
21397,58
21398,58
21399,69
21400,48
21401,8
21402,47
21403,48
21404,8
21405,47
21406,30
21407,48
21408,108
21409,21
21410,2
21411,69
21412,69
21413,69
21414,69
21415,8
21416,49
21417,49
21418,8
21419,49
21420,8
21421,49
21422,49
21423,48
21424,8
21425,8
21426,36
21427,58
21428,72
21429,478
21430,8
21431,482
21432,36
21433,99
21434,99
21435,99
21436,99
21437,99
21438,99
21439,99
21440,100
21441,2
21442,48
21443,8
21444,49
21445,29
21446,77
21447,30
21448,48
21449,8
21450,49
21451,29
21452,77
21453,30
21454,48
21455,8
21456,49
21457,29
21458,77
21459,30
21460,48
21461,38
21462,2
21463,26
21464,2
21465,48
21466,48
21467,35
21468,8
21469,22
21470,2
21471,2
21472,21
21473,58
21474,58
21475,2
21476,8
21477,38
21478,2
21479,8
21480,48
21481,2
21482,48
21483,8
21484,2
21485,8
21486,36
21487,49
21488,21
21489,58
21490,2
21491,72
21492,21
21493,72
21494,69
21495,205
21496,21
21497,21
21498,93
21499,58
21500,2
21501,69
21502,48
21503,8
21504,18
21505,8
21506,8
21507,36
21508,49
21509,2
21510,8
21511,49
21512,48
21513,2
21514,73
21515,36
21516,49
21517,8
21518,48
21519,2
21520,2
21521,74
21522,36
21523,49
21524,21
21525,388
21526,72
21527,8
21528,2
21529,2
21530,48
21531,35
21532,38
21533,2
21534,10
21535,17
21536,36
21537,26
21538,36
21539,21
21540,93
21541,93
21542,93
21543,8
21544,58
21545,58
21546,128
21547,98
21548,21
21549,58
21550,58
21551,72
21552,2
21553,72
21554,21
21555,21
21556,21
21557,8
21558,289
21559,48
21560,8
21561,36
21562,36
21563,18
21564,26
21565,21
21566,58
21567,286
21568,21
21569,21
21570,2
21571,2
21572,72
21573,69
21574,69
21575,8
21576,58
21577,58
21578,58
21579,113
21580,38
21581,45
21582,2
21583,2
21584,2
21585,2
21586,357
21587,357
21588,21
21589,21
21590,2
21591,36
21592,72
21593,69
21594,8
21595,101
21596,72
21597,8
21598,8
21599,36
21600,49
21601,49
21602,49
21603,21
21604,21
21605,21
21606,388
21607,2
21608,2
21609,2
21610,48
21611,138
21612,49
21613,29
21614,8
21615,160
21616,47
21617,12
21618,25
21619,48
21620,49
21621,48
21622,49
21623,36
21624,72
21625,69
21626,8
21627,48
21628,8
21629,29
21630,30
21631,72
21632,72
21633,8
21634,8
21635,8
21636,72
21637,21
21638,93
21639,58
21640,128
21641,98
21642,21
21643,93
21644,97
21645,97
21646,21
21647,128
21648,128
21649,205
21650,21
21651,21
21652,58
21653,478
21654,8
21655,58
21656,72
21657,128
21658,72
21659,108
21660,21
21661,58
21662,2
21663,478
21664,8
21665,8
21666,72
21667,21
21668,72
21669,69
21670,69
21671,69
21672,21
21673,2
21674,2
21675,48
21676,74
21677,26
21678,8
21679,36
21680,49
21681,72
21682,48
21683,36
21684,21
21685,21
21686,376
21687,26
21688,8
21689,289
21690,48
21691,8
21692,36
21693,49
21694,48
21695,8
21696,36
21697,36
21698,38
21699,2
21700,8
21701,36
21702,49
21703,30
21704,72
21705,72
21706,21
21707,21
21708,58
21709,2
21710,72
21711,8
21712,21
21713,69
21714,69
21715,69
21716,48
21717,8
21718,138
21719,36
21720,49
21721,29
21722,77
21723,30
21724,48
21725,138
21726,49
21727,77
21728,30
21729,48
21730,138
21731,49
21732,29
21733,77
21734,48
21735,8
21736,21
21737,72
21738,38
21739,45
21740,2
21741,21
21742,58
21743,72
21744,72
21745,2
21746,2
21747,72
21748,69
21749,21
21750,21
21751,21
21752,21
21753,58
21754,58
21755,21
21756,21
21757,21
21758,58
21759,58
21760,58
21761,2
21762,2
21763,72
21764,8
21765,101
21766,385
21767,131
21768,131
21769,96
21770,36
21771,49
21772,72
21773,21
21774,58
21775,7
21776,7
21777,8
21778,36
21779,21
21780,21
21781,113
21782,376
21783,48
21784,49
21785,29
21786,77
21787,30
21788,48
21789,8
21790,49
21791,29
21792,77
21793,30
21794,48
21795,49
21796,29
21797,77
21798,30
21799,388
21800,72
21801,108
21802,108
21803,72
21804,38
21805,72
21806,21
21807,58
21808,21
21809,21
21810,58
21811,2
21812,38
21813,2
21814,2
21815,2
21816,26
21817,8
21818,54
21819,8
21820,101
21821,8
21822,48
21823,45
21824,45
21825,45
21826,2
21827,18
21828,26
21829,48
21830,8
21831,72
21832,2
21833,2
21834,72
21835,8
21836,2
21837,205
21838,93
21839,93
21840,98
21841,21
21842,8
21843,18
21844,18
21845,8
21846,8
21847,49
21848,49
21849,49
21850,48
21851,36
21852,49
21853,21
21854,2
21855,2
21856,10
21857,25
21858,73
21859,74
21860,2
21861,2
21862,2
21863,72
21864,21
21865,21
21866,21
21867,58
21868,2
21869,72
21870,8
21871,8
21872,8
21873,289
21874,48
21875,74
21876,21
21877,113
21878,72
21879,69
21880,8
21881,289
21882,108
21883,8
21884,2
21885,2
21886,36
21887,26
21888,10
21889,36
21890,36
21891,10
21892,10
21893,91
21894,91
21895,8
21896,36
21897,12
21898,36
21899,25
21900,26
21901,21
21902,21
21903,93
21904,108
21905,21
21906,376
21907,8
21908,101
21909,232
21910,48
21911,36
21912,49
21913,48
21914,8
21915,77
21916,30
21917,48
21918,8
21919,29
21920,77
21921,30
21922,2
21923,73
21924,38
21925,2
21926,8
21927,36
21928,49
21929,48
21930,29
21931,77
21932,72
21933,48
21934,77
21935,30
21936,72
21937,69
21938,21
21939,21
21940,21
21941,2
21942,2
21943,2
21944,8
21945,36
21946,49
21947,8
21948,49
21949,48
21950,277
21951,8
21952,8
21953,8
21954,48
21955,21
21956,58
21957,8
21958,34
21959,8
21960,8
21961,35
21962,8
21963,38
21964,45
21965,2
21966,21
21967,58
21968,36
21969,72
21970,8
21971,21
21972,72
21973,69
21974,2
21975,21
21976,21
21977,36
21978,49
21979,29
21980,36
21981,49
21982,30
21983,8
21984,36
21985,49
21986,8
21987,36
21988,49
21989,8
21990,36
21991,49
21992,29
21993,36
21994,30
21995,8
21996,36
21997,49
21998,72
21999,48
22000,8
22001,49
22002,36
22003,49
22004,49
22005,8
22006,8
22007,478
22008,8
22009,36
22010,34
22011,21
22012,8
22013,101
22014,48
22015,8
22016,21
22017,8
22018,78
22019,10
22020,21
22021,21
22022,69
22023,26
22024,21
22025,21
22026,58
22027,2
22028,69
22029,8
22030,36
22031,36
22032,36
22033,48
22034,8
22035,47
22036,21
22037,21
22038,58
22039,18
22040,18
22041,8
22042,36
22043,49
22044,8
22045,8
22046,48
22047,49
22048,21
22049,21
22050,2
22051,376
22052,11
22053,48
22054,49
22055,8
22056,36
22057,49
22058,47
22059,8
22060,8
22061,289
22062,21
22063,21
22064,58
22065,113
22066,376
22067,108
22068,108
22069,21
22070,21
22071,58
22072,69
22073,69
22074,8
22075,316
22076,9
22077,100
22078,8
22079,8
22080,7
22081,91
22082,8
22083,8
22084,8
22085,36
22086,49
22087,48
22088,49
22089,108
22090,21
22091,2
22092,72
22093,113
22094,2
22095,72
22096,357
22097,21
22098,72
22099,21
22100,69
22101,72
22102,72
22103,21
22104,2
22105,2
22106,2
22107,8
22108,21
22109,21
22110,21
22111,58
22112,58
22113,72
22114,108
22115,21
22116,21
22117,8
22118,101
22119,8
22120,72
22121,69
22122,69
22123,21
22124,58
22125,2
22126,72
22127,69
22128,69
22129,2
22130,72
22131,48
22132,8
22133,36
22134,49
22135,21
22136,205
22137,8
22138,2
22139,8
22140,8
22141,8
22142,8
22143,8
22144,8
22145,8
22146,8
22147,8
22148,8
22149,8
22150,8
22151,8
22152,8
22153,8
22154,8
22155,72
22156,8
22157,2
22158,2
22159,2
22160,7
22161,108
22162,108
22163,21
22164,2
22165,36
22166,72
22167,72
22168,108
22169,21
22170,8
22171,69
22172,8
22173,96
22174,8
22175,289
22176,21
22177,58
22178,69
22179,69
22180,108
22181,21
22182,108
22183,36
22184,72
22185,128
22186,128
22187,316
22188,36
22189,36
22190,21
22191,72
22192,91
22193,36
22194,36
22195,99
22196,99
22197,99
22198,99
22199,99
22200,99
22201,99
22202,99
22203,99
22204,99
22205,99
22206,100
22207,48
22208,8
22209,22
22210,38
22211,97
22212,398
22213,38
22214,398
22215,28
22216,37
22217,2
22218,26
22219,21
22220,388
22221,388
22222,113
22223,376
22224,376
22225,376
22226,376
22227,38
22228,97
22229,48
22230,74
22231,8
22232,8
22233,49
22234,72
22235,35
22236,2
22237,30
22238,21
22239,21
22240,21
22241,376
22242,69
22243,69
22244,12
22245,21
22246,72
22247,48
22248,29
22249,108
22250,21
22251,21
22252,357
22253,48
22254,30
22255,72
22256,21
22257,69
22258,21
22259,72
22260,69
22261,21
22262,21
22263,8
22264,58
22265,2
22266,72
22267,8
22268,8
22269,101
22270,101
22271,8
22272,8
22273,26
22274,72
22275,48
22276,8
22277,47
22278,48
22279,49
22280,77
22281,30
22282,48
22283,49
22284,29
22285,77
22286,30
22287,8
22288,21
22289,113
22290,108
22291,21
22292,58
22293,58
22294,26
22295,48
22296,8
22297,29
22298,47
22299,30
22300,48
22301,8
22302,47
22303,30
22304,48
22305,8
22306,29
22307,47
22308,30
22309,26
22310,21
22311,36
22312,18
22313,8
22314,36
22315,48
22316,38
22317,2
22318,10
22319,72
22320,21
22321,58
22322,58
22323,113
22324,286
22325,286
22326,21
22327,128
22328,128
22329,21
22330,113
22331,128
22332,128
22333,21
22334,113
22335,128
22336,128
22337,286
22338,286
22339,72
22340,287
22341,72
22342,8
22343,8
22344,289
22345,8
22346,289
22347,292
22348,21
22349,72
22350,21
22351,72
22352,8
22353,72
22354,108
22355,21
22356,58
22357,58
22358,72
22359,72
22360,21
22361,21
22362,2
22363,48
22364,36
22365,49
22366,478
22367,8
22368,21
22369,21
22370,21
22371,97
22372,128
22373,21
22374,58
22375,128
22376,128
22377,128
22378,72
22379,21
22380,21
22381,128
22382,128
22383,128
22384,128
22385,21
22386,21
22387,8
22388,72
22389,69
22390,128
22391,128
22392,128
22393,128
22394,8
22395,21
22396,21
22397,21
22398,72
22399,72
22400,21
22401,21
22402,58
22403,108
22404,8
22405,108
22406,21
22407,21
22408,72
22409,48
22410,8
22411,36
22412,49
22413,48
22414,8
22415,49
22416,72
22417,21
22418,21
22419,36
22420,36
22421,205
22422,21
22423,113
22424,113
22425,72
22426,21
22427,113
22428,21
22429,21
22430,72
22431,8
22432,9
22433,8
22434,8
22435,36
22436,388
22437,69
22438,69
22439,72
22440,72
22441,21
22442,48
22443,2
22444,10
22445,8
22446,8
22447,8
22448,36
22449,36
22450,21
22451,21
22452,58
22453,58
22454,97
22455,21
22456,21
22457,93
22458,382
22459,8
22460,9
22461,78
22462,10
22463,10
22464,8
22465,108
22466,205
22467,205
22468,21
22469,113
22470,69
22471,10
22472,72
22473,21
22474,72
22475,2
22476,72
22477,69
22478,36
22479,48
22480,8
22481,2
22482,8
22483,36
22484,49
22485,3
22486,3
22487,48
22488,8
22489,47
22490,30
22491,48
22492,8
22493,29
22494,47
22495,18
22496,8
22497,36
22498,49
22499,36
22500,48
22501,8
22502,47
22503,30
22504,48
22505,8
22506,29
22507,47
22508,30
22509,8
22510,36
22511,49
22512,30
22513,8
22514,36
22515,49
22516,48
22517,8
22518,47
22519,8
22520,8
22521,36
22522,49
22523,49
22524,48
22525,49
22526,49
22527,30
22528,48
22529,49
22530,49
22531,29
22532,8
22533,36
22534,49
22535,29
22536,8
22537,36
22538,29
22539,30
22540,36
22541,29
22542,8
22543,36
22544,48
22545,49
22546,49
22547,49
22548,29
22549,77
22550,30
22551,48
22552,49
22553,49
22554,49
22555,77
22556,48
22557,8
22558,47
22559,8
22560,29
22561,8
22562,36
22563,49
22564,21
22565,21
22566,58
22567,58
22568,72
22569,69
22570,69
22571,8
22572,36
22573,49
22574,47
22575,8
22576,36
22577,49
22578,8
22579,36
22580,49
22581,8
22582,72
22583,69
22584,69
22585,48
22586,8
22587,47
22588,21
22589,21
22590,58
22591,2
22592,69
22593,69
22594,8
22595,36
22596,49
22597,49
22598,8
22599,101
22600,108
22601,21
22602,376
22603,376
22604,21
22605,21
22606,21
22607,69
22608,48
22609,2
22610,36
22611,99
22612,99
22613,99
22614,17
22615,100
22616,8
22617,36
22618,8
22619,8
22620,36
22621,49
22622,36
22623,47
22624,21
22625,21
22626,2
22627,26
22628,21
22629,58
22630,72
22631,2
22632,2
22633,289
22634,36
22635,30
22636,36
22637,29
22638,91
22639,289
22640,8
22641,21
22642,21
22643,8
22644,38
22645,38
22646,77
22647,72
22648,21
22649,21
22650,21
22651,58
22652,58
22653,58
22654,72
22655,69
22656,108
22657,21
22658,21
22659,72
22660,8
22661,8
22662,480
22663,21
22664,2
22665,2
22666,72
22667,376
22668,21
22669,21
22670,72
22671,21
22672,21
22673,58
22674,98
22675,2
22676,36
22677,72
22678,72
22679,98
22680,21
22681,21
22682,72
22683,69
22684,69
22685,69
22686,98
22687,8
22688,72
22689,21
22690,2
22691,8
22692,2
22693,72
22694,108
22695,21
22696,72
22697,357
22698,108
22699,72
22700,108
22701,108
22702,21
22703,113
22704,72
22705,8
22706,8
22707,21
22708,108
22709,108
22710,21
22711,58
22712,58
22713,113
22714,72
22715,11
22716,21
22717,21
22718,69
22719,69
22720,69
22721,8
22722,8
22723,8
22724,21
22725,36
22726,72
22727,58
22728,376
22729,376
22730,48
22731,8
22732,49
22733,49
22734,48
22735,49
22736,29
22737,21
22738,21
22739,2
22740,2
22741,72
22742,48
22743,15
22744,21
22745,21
22746,58
22747,58
22748,113
22749,98
22750,108
22751,36
22752,36
22753,98
22754,21
22755,21
22756,69
22757,69
22758,108
22759,21
22760,21
22761,93
22762,8
22763,36
22764,49
22765,58
22766,72
22767,8
22768,8
22769,72
22770,21
22771,72
22772,21
22773,69
22774,72
22775,38
22776,2
22777,91
22778,8
22779,8
22780,8
22781,21
22782,8
22783,58
22784,72
22785,21
22786,21
22787,21
22788,21
22789,58
22790,376
22791,376
22792,376
22793,128
22794,98
22795,21
22796,58
22797,113
22798,113
22799,91
22800,8
22801,316
22802,100
22803,21
22804,58
22805,2
22806,2
22807,69
22808,91
22809,316
22810,100
22811,7
22812,108
22813,21
22814,21
22815,72
22816,8
22817,8
22818,19
22819,20
22820,2
22821,3
22822,3
22823,3
22824,21
22825,21
22826,58
22827,58
22828,72
22829,69
22830,69
22831,21
22832,36
22833,21
22834,69
22835,69
22836,21
22837,21
22838,113
22839,69
22840,69
22841,69
22842,21
22843,21
22844,69
22845,69
22846,54
22847,8
22848,8
22849,21
22850,21
22851,36
22852,36
22853,108
22854,55
22855,55
22856,93
22857,113
22858,72
22859,21
22860,58
22861,113
22862,113
22863,38
22864,72
22865,8
22866,36
22867,49
22868,29
22869,8
22870,8
22871,72
22872,287
22873,8
22874,2
22875,2
22876,21
22877,2
22878,2
22879,2
22880,353
22881,8
22882,21
22883,113
22884,113
22885,108
22886,21
22887,21
22888,113
22889,113
22890,72
22891,128
22892,128
22893,72
22894,72
22895,21
22896,58
22897,382
22898,376
22899,48
22900,8
22901,36
22902,49
22903,72
22904,8
22905,8
22906,182
22907,108
22908,372
22909,108
22910,58
22911,2
22912,69
22913,69
22914,8
22915,8
22916,2
22917,72
22918,36
22919,69
22920,91
22921,8
22922,289
22923,93
22924,388
22925,388
22926,375
22927,36
22928,69
22929,21
22930,58
22931,72
22932,69
22933,21
22934,58
22935,69
22936,8
22937,8
22938,33
22939,72
22940,8
22941,8
22942,72
22943,205
22944,205
22945,146
22946,344
22947,21
22948,72
22949,72
22950,344
22951,72
22952,8
22953,8
22954,2
22955,2
22956,8
22957,36
22958,8
22959,36
22960,8
22961,36
22962,73
22963,8
22964,8
22965,309
22966,309
22967,309
22968,69
22969,375
22970,8
22971,8
22972,21
22973,8
22974,8
22975,69
22976,69
22977,69
22978,72
22979,21
22980,21
22981,21
22982,21
22983,21
22984,2
22985,21
22986,69
22987,69
22988,69
22989,72
22990,21
22991,72
22992,69
22993,357
22994,357
22995,33
22996,33
22997,21
22998,21
22999,58
23000,58
23001,376
23002,376
23003,38
23004,17
23005,72
23006,8
23007,8
23008,21
23009,21
23010,21
23011,21
23012,21
23013,58
23014,58
23015,2
23016,8
23017,25
23018,398
23019,58
23020,72
23021,357
23022,357
23023,8
23024,8
23025,108
23026,21
23027,113
23028,113
23029,309
23030,128
23031,21
23032,21
23033,21
23034,69
23035,21
23036,21
23037,58
23038,58
23039,2
23040,2
23041,2
23042,72
23043,69
23044,69
23045,35
23046,10
23047,10
23048,10
23049,401
23050,2
23051,72
23052,8
23053,108
23054,21
23055,21
23056,2
23057,72
23058,69
23059,72
23060,72
23061,8
23062,478
23063,8
23064,8
23065,482
23066,8
23067,8
23068,2
23069,72
23070,8
23071,72
23072,108
23073,21
23074,21
23075,353
23076,8
23077,8
23078,479
23079,21
23080,21
23081,21
23082,58
23083,36
23084,72
23085,38
23086,2
23087,35
23088,2
23089,38
23090,18
23091,21
23092,8
23093,98
23094,21
23095,58
23096,72
23097,98
23098,21
23099,21
23100,2
23101,72
23102,69
23103,21
23104,21
23105,8
23106,8
23107,8
23108,8
23109,21
23110,21
23111,8
23112,18
23113,18
23114,8
23115,8
23116,8
23117,8
23118,36
23119,36
23120,26
23121,8
23122,36
23123,49
23124,47
23125,48
23126,49
23127,38
23128,97
23129,25
23130,398
23131,72
23132,69
23133,11
23134,48
23135,48
23136,8
23137,72
23138,21
23139,21
23140,58
23141,58
23142,376
23143,69
23144,8
23145,101
23146,101
23147,36
23148,8
23149,8
23150,36
23151,49
23152,21
23153,114
23154,72
23155,72
23156,69
23157,69
23158,98
23159,287
23160,8
23161,29
23162,30
23163,8
23164,49
23165,30
23166,8
23167,29
23168,48
23169,8
23170,36
23171,49
23172,29
23173,48
23174,49
23175,30
23176,48
23177,49
23178,21
23179,58
23180,2
23181,72
23182,21
23183,69
23184,69
23185,48
23186,8
23187,36
23188,49
23189,26
23190,48
23191,8
23192,49
23193,29
23194,77
23195,30
23196,48
23197,8
23198,36
23199,49
23200,8
23201,36
23202,49
23203,49
23204,49
23205,8
23206,36
23207,49
23208,49
23209,26
23210,21
23211,58
23212,2
23213,2
23214,69
23215,69
23216,8
23217,36
23218,49
23219,48
23220,8
23221,36
23222,49
23223,77
23224,30
23225,48
23226,8
23227,36
23228,49
23229,29
23230,77
23231,30
23232,21
23233,69
23234,69
23235,48
23236,8
23237,36
23238,49
23239,30
23240,48
23241,8
23242,36
23243,49
23244,8
23245,36
23246,49
23247,29
23248,47
23249,36
23250,29
23251,72
23252,69
23253,8
23254,36
23255,8
23256,36
23257,49
23258,21
23259,58
23260,58
23261,72
23262,21
23263,113
23264,36
23265,8
23266,36
23267,49
23268,8
23269,36
23270,49
23271,8
23272,8
23273,8
23274,21
23275,58
23276,72
23277,98
23278,287
23279,21
23280,21
23281,72
23282,98
23283,48
23284,74
23285,36
23286,8
23287,26
23288,8
23289,36
23290,49
23291,205
23292,58
23293,2
23294,48
23295,8
23296,49
23297,47
23298,48
23299,49
23300,49
23301,29
23302,77
23303,30
23304,48
23305,8
23306,36
23307,49
23308,49
23309,29
23310,77
23311,30
23312,38
23313,48
23314,49
23315,49
23316,29
23317,77
23318,30
23319,8
23320,36
23321,49
23322,8
23323,46
23324,2
23325,36
23326,21
23327,21
23328,2
23329,2
23330,2
23331,72
23332,48
23333,49
23334,49
23335,29
23336,77
23337,48
23338,8
23339,36
23340,49
23341,49
23342,29
23343,77
23344,30
23345,12
23346,48
23347,8
23348,49
23349,29
23350,77
23351,30
23352,48
23353,8
23354,49
23355,29
23356,77
23357,30
23358,48
23359,8
23360,49
23361,29
23362,77
23363,30
23364,8
23365,36
23366,49
23367,49
23368,30
23369,8
23370,36
23371,49
23372,49
23373,29
23374,48
23375,8
23376,49
23377,29
23378,77
23379,30
23380,48
23381,8
23382,49
23383,29
23384,77
23385,30
23386,26
23387,21
23388,21
23389,376
23390,8
23391,36
23392,49
23393,47
23394,30
23395,8
23396,36
23397,30
23398,8
23399,36
23400,29
23401,48
23402,8
23403,49
23404,29
23405,30
23406,48
23407,49
23408,30
23409,48
23410,8
23411,49
23412,29
23413,30
23414,48
23415,8
23416,36
23417,49
23418,49
23419,29
23420,30
23421,48
23422,8
23423,36
23424,49
23425,49
23426,29
23427,30
23428,48
23429,8
23430,36
23431,49
23432,49
23433,29
23434,205
23435,97
23436,8
23437,8
23438,45
23439,2
23440,2
23441,2
23442,10
23443,48
23444,8
23445,36
23446,49
23447,26
23448,21
23449,48
23450,8
23451,49
23452,29
23453,48
23454,8
23455,29
23456,30
23457,8
23458,36
23459,49
23460,48
23461,8
23462,49
23463,29
23464,77
23465,30
23466,8
23467,36
23468,49
23469,30
23470,48
23471,8
23472,49
23473,48
23474,8
23475,36
23476,49
23477,29
23478,77
23479,30
23480,48
23481,8
23482,29
23483,77
23484,30
23485,48
23486,8
23487,29
23488,77
23489,30
23490,72
23491,26
23492,36
23493,26
23494,48
23495,8
23496,29
23497,77
23498,30
23499,48
23500,8
23501,29
23502,77
23503,30
23504,48
23505,8
23506,29
23507,77
23508,30
23509,48
23510,49
23511,108
23512,21
23513,21
23514,21
23515,2
23516,2
23517,2
23518,69
23519,72
23520,36
23521,100
23522,8
23523,91
23524,316
23525,100
23526,21
23527,113
23528,72
23529,98
23530,2
23531,36
23532,72
23533,98
23534,8
23535,2
23536,8
23537,8
23538,72
23539,72
23540,72
23541,72
23542,72
23543,77
23544,8
23545,36
23546,49
23547,8
23548,36
23549,49
23550,29
23551,8
23552,36
23553,49
23554,47
23555,36
23556,49
23557,49
23558,15
23559,8
23560,72
23561,8
23562,36
23563,49
23564,21
23565,21
23566,2
23567,2
23568,2
23569,2
23570,357
23571,357
23572,3
23573,48
23574,49
23575,8
23576,14
23577,36
23578,18
23579,26
23580,8
23581,36
23582,49
23583,48
23584,49
23585,49
23586,49
23587,8
23588,8
23589,36
23590,10
23591,10
23592,72
23593,38
23594,72
23595,2
23596,36
23597,69
23598,93
23599,38
23600,128
23601,128
23602,128
23603,77
23604,98
23605,38
23606,398
23607,38
23608,398
23609,38
23610,69
23611,398
23612,478
23613,8
23614,108
23615,21
23616,58
23617,21
23618,21
23619,58
23620,48
23621,8
23622,36
23623,49
23624,47
23625,8
23626,72
23627,287
23628,21
23629,72
23630,287
23631,2
23632,21
23633,21
23634,58
23635,58
23636,36
23637,8
23638,36
23639,49
23640,26
23641,353
23642,8
23643,8
23644,21
23645,21
23646,58
23647,72
23648,72
23649,376
23650,21
23651,21
23652,21
23653,21
23654,58
23655,58
23656,58
23657,69
23658,69
23659,101
23660,21
23661,58
23662,113
23663,38
23664,21
23665,21
23666,72
23667,2
23668,72
23669,21
23670,58
23671,36
23672,72
23673,21
23674,72
23675,72
23676,72
23677,72
23678,48
23679,74
23680,21
23681,72
23682,8
23683,72
23684,98
23685,21
23686,21
23687,108
23688,388
23689,36
23690,36
23691,72
23692,69
23693,72
23694,38
23695,398
23696,108
23697,21
23698,21
23699,58
23700,113
23701,21
23702,58
23703,2
23704,72
23705,478
23706,8
23707,21
23708,21
23709,72
23710,108
23711,21
23712,2
23713,72
23714,21
23715,21
23716,8
23717,58
23718,58
23719,72
23720,8
23721,8
23722,8
23723,8
23724,10
23725,21
23726,2
23727,36
23728,69
23729,72
23730,8
23731,2
23732,2
23733,8
23734,8
23735,8
23736,388
23737,8
23738,21
23739,8
23740,2
23741,69
23742,21
23743,382
23744,205
23745,21
23746,376
23747,48
23748,72
23749,49
23750,8
23751,8
23752,8
23753,182
23754,21
23755,21
23756,131
23757,72
23758,8
23759,48
23760,2
23761,21
23762,21
23763,21
23764,72
23765,100
23766,8
23767,36
23768,36
23769,36
23770,72
23771,8
23772,36
23773,49
23774,29
23775,8
23776,36
23777,49
23778,30
23779,21
23780,21
23781,8
23782,36
23783,36
23784,48
23785,72
23786,21
23787,21
23788,113
23789,36
23790,21
23791,58
23792,21
23793,376
23794,128
23795,21
23796,58
23797,58
23798,69
23799,69
23800,69
23801,69
23802,108
23803,72
23804,21
23805,72
23806,69
23807,69
23808,48
23809,77
23810,72
23811,8
23812,101
23813,101
23814,36
23815,72
23816,36
23817,49
23818,36
23819,29
23820,30
23821,36
23822,30
23823,36
23824,29
23825,48
23826,8
23827,36
23828,21
23829,21
23830,21
23831,58
23832,58
23833,58
23834,72
23835,69
23836,128
23837,128
23838,128
23839,69
23840,128
23841,72
23842,376
23843,69
23844,36
23845,49
23846,2
23847,29
23848,18
23849,9
23850,10
23851,10
23852,10
23853,10
23854,10
23855,10
23856,10
23857,10
23858,10
23859,10
23860,10
23861,21
23862,58
23863,58
23864,21
23865,36
23866,26
23867,26
23868,48
23869,8
23870,36
23871,49
23872,8
23873,36
23874,49
23875,48
23876,15
23877,108
23878,21
23879,8
23880,72
23881,72
23882,108
23883,108
23884,108
23885,21
23886,58
23887,382
23888,69
23889,108
23890,108
23891,21
23892,21
23893,69
23894,21
23895,21
23896,72
23897,205
23898,21
23899,58
23900,21
23901,21
23902,72
23903,72
23904,21
23905,2
23906,108
23907,21
23908,58
23909,55
23910,72
23911,48
23912,35
23913,10
23914,10
23915,10
23916,21
23917,58
23918,72
23919,98
23920,287
23921,21
23922,21
23923,58
23924,58
23925,98
23926,21
23927,58
23928,72
23929,21
23930,36
23931,376
23932,376
23933,21
23934,72
23935,8
23936,72
23937,21
23938,21
23939,72
23940,72
23941,21
23942,21
23943,36
23944,72
23945,21
23946,382
23947,98
23948,8
23949,49
23950,8
23951,49
23952,21
23953,21
23954,58
23955,286
23956,108
23957,108
23958,21
23959,93
23960,93
23961,93
23962,58
23963,58
23964,72
23965,98
23966,21
23967,93
23968,93
23969,93
23970,58
23971,113
23972,2
23973,128
23974,108
23975,21
23976,21
23977,72
23978,72
23979,21
23980,48
23981,2
23982,2
23983,21
23984,58
23985,58
23986,72
23987,376
23988,376
23989,376
23990,376
23991,376
23992,48
23993,22
23994,2
23995,15
23996,34
23997,48
23998,49
23999,21
24000,21
24001,69
24002,205
24003,58
24004,131
24005,131
24006,359
24007,359
24008,359
24009,48
24010,45
24011,2
24012,25
24013,21
24014,21
24015,58
24016,58
24017,113
24018,205
24019,205
24020,205
24021,21
24022,72
24023,8
24024,21
24025,2
24026,21
24027,21
24028,58
24029,113
24030,69
24031,98
24032,182
24033,58
24034,58
24035,72
24036,8
24037,8
24038,108
24039,36
24040,72
24041,72
24042,21
24043,58
24044,21
24045,21
24046,21
24047,8
24048,2
24049,2
24050,108
24051,108
24052,21
24053,21
24054,2
24055,2
24056,36
24057,376
24058,376
24059,69
24060,128
24061,48
24062,72
24063,69
24064,21
24065,21
24066,97
24067,21
24068,21
24069,21
24070,58
24071,113
24072,36
24073,48
24074,8
24075,49
24076,48
24077,29
24078,30
24079,48
24080,30
24081,8
24082,2
24083,48
24084,8
24085,49
24086,48
24087,8
24088,36
24089,49
24090,8
24091,8
24092,108
24093,108
24094,21
24095,21
24096,113
24097,376
24098,69
24099,91
24100,91
24101,46
24102,2
24103,2
24104,36
24105,72
24106,69
24107,69
24108,69
24109,36
24110,21
24111,58
24112,58
24113,113
24114,2
24115,69
24116,69
24117,36
24118,36
24119,8
24120,8
24121,8
24122,48
24123,49
24124,49
24125,49
24126,29
24127,77
24128,30
24129,48
24130,49
24131,49
24132,49
24133,29
24134,77
24135,30
24136,48
24137,49
24138,29
24139,77
24140,36
24141,49
24142,72
24143,8
24144,21
24145,72
24146,69
24147,21
24148,72
24149,33
24150,8
24151,49
24152,21
24153,58
24154,113
24155,36
24156,49
24157,8
24158,26
24159,48
24160,29
24161,30
24162,48
24163,29
24164,30
24165,48
24166,29
24167,58
24168,72
24169,8
24170,36
24171,26
24172,48
24173,48
24174,15
24175,48
24176,36
24177,26
24178,21
24179,21
24180,69
24181,8
24182,101
24183,48
24184,8
24185,36
24186,49
24187,47
24188,21
24189,21
24190,2
24191,376
24192,69
24193,69
24194,357
24195,357
24196,357
24197,21
24198,2
24199,69
24200,48
24201,8
24202,36
24203,49
24204,29
24205,21
24206,2
24207,69
24208,8
24209,36
24210,49
24211,48
24212,49
24213,47
24214,21
24215,21
24216,21
24217,72
24218,72
24219,287
24220,287
24221,21
24222,72
24223,108
24224,72
24225,113
24226,113
24227,2
24228,2
24229,8
24230,36
24231,72
24232,21
24233,58
24234,58
24235,21
24236,58
24237,286
24238,2
24239,72
24240,376
24241,357
24242,48
24243,8
24244,36
24245,49
24246,353
24247,8
24248,8
24249,479
24250,21
24251,21
24252,21
24253,58
24254,58
24255,48
24256,8
24257,36
24258,49
24259,47
24260,21
24261,2
24262,2
24263,72
24264,48
24265,36
24266,49
24267,29
24268,47
24269,2
24270,29
24271,2
24272,26
24273,48
24274,138
24275,49
24276,21
24277,58
24278,72
24279,376
24280,376
24281,8
24282,36
24283,49
24284,47
24285,8
24286,160
24287,8
24288,160
24289,8
24290,36
24291,108
24292,21
24293,21
24294,58
24295,69
24296,69
24297,48
24298,48
24299,49
24300,47
24301,21
24302,2
24303,2
24304,2
24305,8
24306,36
24307,49
24308,48
24309,29
24310,48
24311,29
24312,30
24313,48
24314,35
24315,21
24316,21
24317,2
24318,8
24319,72
24320,72
24321,8
24322,72
24323,205
24324,21
24325,58
24326,58
24327,36
24328,72
24329,8
24330,101
24331,21
24332,8
24333,8
24334,316
24335,72
24336,108
24337,21
24338,21
24339,21
24340,2
24341,72
24342,376
24343,69
24344,98
24345,357
24346,357
24347,21
24348,21
24349,72
24350,98
24351,287
24352,108
24353,21
24354,21
24355,58
24356,58
24357,113
24358,69
24359,128
24360,128
24361,98
24362,72
24363,8
24364,8
24365,21
24366,21
24367,21
24368,58
24369,58
24370,130
24371,131
24372,131
24373,131
24374,94
24375,96
24376,21
24377,72
24378,21
24379,58
24380,58
24381,357
24382,21
24383,21
24384,58
24385,58
24386,72
24387,72
24388,69
24389,69
24390,69
24391,72
24392,21
24393,21
24394,58
24395,58
24396,72
24397,69
24398,69
24399,21
24400,58
24401,8
24402,21
24403,8
24404,8
24405,72
24406,69
24407,287
24408,8
24409,8
24410,21
24411,21
24412,58
24413,58
24414,113
24415,8
24416,8
24417,58
24418,2
24419,72
24420,21
24421,113
24422,72
24423,72
24424,72
24425,69
24426,8
24427,101
24428,101
24429,8
24430,2
24431,2
24432,72
24433,8
24434,21
24435,113
24436,113
24437,72
24438,8
24439,49
24440,36
24441,8
24442,36
24443,49
24444,18
24445,26
24446,21
24447,21
24448,21
24449,21
24450,58
24451,36
24452,72
24453,128
24454,286
24455,21
24456,21
24457,72
24458,287
24459,21
24460,58
24461,36
24462,21
24463,72
24464,69
24465,38
24466,8
24467,21
24468,2
24469,2
24470,8
24471,21
24472,58
24473,58
24474,21
24475,48
24476,8
24477,36
24478,108
24479,21
24480,58
24481,58
24482,69
24483,69
24484,69
24485,69
24486,69
24487,49
24488,21
24489,21
24490,8
24491,58
24492,21
24493,21
24494,58
24495,58
24496,21
24497,58
24498,72
24499,72
24500,21
24501,36
24502,72
24503,21
24504,21
24505,58
24506,2
24507,72
24508,376
24509,69
24510,69
24511,128
24512,128
24513,8
24514,8
24515,101
24516,72
24517,21
24518,58
24519,21
24520,58
24521,58
24522,8
24523,21
24524,58
24525,72
24526,21
24527,58
24528,21
24529,58
24530,58
24531,2
24532,72
24533,69
24534,21
24535,58
24536,72
24537,72
24538,69
24539,69
24540,287
24541,108
24542,21
24543,8
24544,72
24545,98
24546,21
24547,388
24548,72
24549,98
24550,72
24551,69
24552,357
24553,21
24554,2
24555,11
24556,21
24557,58
24558,2
24559,72
24560,72
24561,69
24562,21
24563,113
24564,113
24565,36
24566,91
24567,8
24568,316
24569,8
24570,21
24571,58
24572,58
24573,2
24574,382
24575,69
24576,286
24577,21
24578,58
24579,113
24580,72
24581,21
24582,21
24583,72
24584,21
24585,21
24586,21
24587,58
24588,58
24589,58
24590,21
24591,21
24592,58
24593,69
24594,21
24595,58
24596,72
24597,69
24598,287
24599,21
24600,72
24601,8
24602,49
24603,108
24604,21
24605,58
24606,8
24607,316
24608,48
24609,36
24610,36
24611,8
24612,36
24613,49
24614,49
24615,108
24616,21
24617,21
24618,21
24619,21
24620,93
24621,58
24622,58
24623,58
24624,58
24625,58
24626,2
24627,2
24628,2
24629,69
24630,69
24631,36
24632,26
24633,8
24634,8
24635,72
24636,69
24637,72
24638,48
24639,49
24640,49
24641,47
24642,72
24643,69
24644,8
24645,36
24646,49
24647,49
24648,21
24649,72
24650,72
24651,21
24652,113
24653,2
24654,69
24655,69
24656,72
24657,21
24658,388
24659,108
24660,21
24661,72
24662,8
24663,12
24664,26
24665,26
24666,21
24667,21
24668,58
24669,58
24670,8
24671,8
24672,36
24673,8
24674,101
24675,48
24676,8
24677,2
24678,21
24679,58
24680,58
24681,382
24682,72
24683,36
24684,21
24685,93
24686,93
24687,376
24688,376
24689,98
24690,18
24691,36
24692,38
24693,72
24694,69
24695,77
24696,72
24697,8
24698,101
24699,26
24700,21
24701,2
24702,72
24703,69
24704,69
24705,48
24706,8
24707,49
24708,48
24709,49
24710,21
24711,21
24712,22
24713,26
24714,36
24715,36
24716,38
24717,14
24718,26
24719,36
24720,10
24721,232
24722,5
24723,72
24724,78
24725,10
24726,10
24727,8
24728,36
24729,49
24730,8
24731,2
24732,48
24733,36
24734,48
24735,8
24736,49
24737,49
24738,8
24739,36
24740,49
24741,29
24742,8
24743,49
24744,49
24745,8
24746,36
24747,49
24748,47
24749,30
24750,8
24751,36
24752,49
24753,29
24754,47
24755,30
24756,8
24757,36
24758,49
24759,30
24760,21
24761,58
24762,72
24763,8
24764,36
24765,49
24766,47
24767,48
24768,8
24769,49
24770,30
24771,72
24772,48
24773,49
24774,29
24775,8
24776,30
24777,8
24778,49
24779,49
24780,30
24781,48
24782,74
24783,8
24784,36
24785,49
24786,8
24787,36
24788,49
24789,8
24790,47
24791,48
24792,48
24793,8
24794,36
24795,49
24796,21
24797,2
24798,2
24799,72
24800,8
24801,36
24802,49
24803,8
24804,36
24805,49
24806,36
24807,8
24808,36
24809,49
24810,29
24811,8
24812,36
24813,49
24814,30
24815,8
24816,36
24817,49
24818,8
24819,36
24820,49
24821,29
24822,21
24823,21
24824,45
24825,2
24826,21
24827,21
24828,72
24829,21
24830,21
24831,8
24832,8
24833,36
24834,49
24835,48
24836,74
24837,36
24838,26
24839,21
24840,93
24841,93
24842,93
24843,48
24844,8
24845,36
24846,49
24847,29
24848,48
24849,8
24850,36
24851,49
24852,30
24853,72
24854,8
24855,49
24856,21
24857,8
24858,8
24859,8
24860,21
24861,93
24862,58
24863,98
24864,8
24865,2
24866,72
24867,93
24868,93
24869,98
24870,21
24871,36
24872,382
24873,69
24874,357
24875,8
24876,36
24877,49
24878,91
24879,316
24880,100
24881,8
24882,8
24883,25
24884,48
24885,8
24886,47
24887,108
24888,21
24889,113
24890,98
24891,108
24892,72
24893,72
24894,69
24895,69
24896,21
24897,388
24898,2
24899,72
24900,72
24901,21
24902,8
24903,58
24904,98
24905,36
24906,8
24907,36
24908,49
24909,72
24910,72
24911,48
24912,8
24913,36
24914,49
24915,49
24916,77
24917,30
24918,48
24919,8
24920,36
24921,49
24922,29
24923,77
24924,8
24925,289
24926,8
24927,36
24928,48
24929,49
24930,72
24931,72
24932,36
24933,8
24934,101
24935,108
24936,205
24937,21
24938,21
24939,21
24940,388
24941,113
24942,376
24943,98
24944,48
24945,8
24946,36
24947,160
24948,36
24949,49
24950,48
24951,2
24952,74
24953,108
24954,205
24955,58
24956,36
24957,21
24958,21
24959,93
24960,58
24961,58
24962,97
24963,128
24964,48
24965,2
24966,21
24967,21
24968,58
24969,58
24970,2
24971,382
24972,376
24973,69
24974,98
24975,98
24976,98
24977,98
24978,8
24979,49
24980,21
24981,58
24982,58
24983,36
24984,21
24985,21
24986,58
24987,2
24988,72
24989,69
24990,8
24991,113
24992,36
24993,72
24994,69
24995,21
24996,58
24997,21
24998,21
24999,21
25000,58
25001,58
25002,2
25003,2
25004,382
25005,69
25006,69
25007,108
25008,21
25009,58
25010,2
25011,21
25012,72
25013,58
25014,8
25015,72
25016,72
25017,8
25018,101
25019,21
25020,21
25021,58
25022,58
25023,72
25024,316
25025,8
25026,36
25027,49
25028,72
25029,72
25030,69
25031,21
25032,21
25033,21
25034,69
25035,128
25036,128
25037,286
25038,286
25039,286
25040,21
25041,21
25042,58
25043,58
25044,98
25045,21
25046,58
25047,98
25048,108
25049,21
25050,21
25051,58
25052,58
25053,2
25054,21
25055,58
25056,58
25057,72
25058,21
25059,21
25060,58
25061,58
25062,2
25063,376
25064,8
25065,289
25066,21
25067,21
25068,58
25069,58
25070,98
25071,8
25072,8
25073,122
25074,58
25075,21
25076,58
25077,36
25078,36
25079,72
25080,21
25081,21
25082,58
25083,58
25084,2
25085,2
25086,72
25087,21
25088,21
25089,58
25090,69
25091,8
25092,8
25093,36
25094,49
25095,21
25096,58
25097,2
25098,72
25099,69
25100,21
25101,8
25102,58
25103,72
25104,287
25105,8
25106,8
25107,36
25108,49
25109,72
25110,22
25111,21
25112,21
25113,69
25114,8
25115,36
25116,49
25117,29
25118,8
25119,49
25120,8
25121,8
25122,12
25123,8
25124,2
25125,8
25126,36
25127,49
25128,21
25129,307
25130,100
25131,100
25132,100
25133,8
25134,8
25135,122
25136,26
25137,26
25138,21
25139,21
25140,58
25141,376
25142,8
25143,26
25144,26
25145,8
25146,101
25147,36
25148,108
25149,21
25150,21
25151,8
25152,2
25153,72
25154,26
25155,26
25156,108
25157,108
25158,108
25159,205
25160,205
25161,205
25162,72
25163,11
25164,21
25165,3
25166,21
25167,2
25168,2
25169,72
25170,72
25171,8
25172,21
25173,2
25174,2
25175,2
25176,72
25177,72
25178,72
25179,8
25180,8
25181,101
25182,101
25183,2
25184,36
25185,10
25186,10
25187,21
25188,21
25189,10
25190,10
25191,10
25192,8
25193,8
25194,72
25195,21
25196,21
25197,69
25198,8
25199,72
25200,21
25201,21
25202,21
25203,58
25204,58
25205,2
25206,2
25207,2
25208,21
25209,58
25210,58
25211,72
25212,21
25213,21
25214,286
25215,21
25216,58
25217,69
25218,72
25219,26
25220,26
25221,48
25222,49
25223,29
25224,48
25225,36
25226,49
25227,21
25228,58
25229,58
25230,376
25231,8
25232,72
25233,108
25234,36
25235,72
25236,21
25237,21
25238,21
25239,58
25240,58
25241,58
25242,98
25243,108
25244,21
25245,21
25246,21
25247,21
25248,58
25249,58
25250,58
25251,98
25252,72
25253,72
25254,72
25255,21
25256,58
25257,286
25258,72
25259,21
25260,128
25261,108
25262,21
25263,21
25264,58
25265,113
25266,128
25267,128
25268,21
25269,72
25270,72
25271,8
25272,8
25273,122
25274,21
25275,58
25276,108
25277,21
25278,21
25279,58
25280,58
25281,58
25282,205
25283,205
25284,21
25285,58
25286,113
25287,113
25288,286
25289,8
25290,10
25291,91
25292,91
25293,91
25294,21
25295,58
25296,58
25297,58
25298,128
25299,128
25300,108
25301,58
25302,113
25303,97
25304,97
25305,21
25306,93
25307,100
25308,108
25309,108
25310,21
25311,113
25312,113
25313,51
25314,21
25315,10
25316,58
25317,58
25318,21
25319,58
25320,69
25321,21
25322,2
25323,2
25324,2
25325,72
25326,8
25327,21
25328,72
25329,48
25330,49
25331,29
25332,47
25333,21
25334,72
25335,21
25336,48
25337,2
25338,21
25339,58
25340,58
25341,72
25342,72
25343,73
25344,74
25345,21
25346,36
25347,108
25348,21
25349,113
25350,72
25351,69
25352,58
25353,69
25354,36
25355,72
25356,8
25357,21
25358,58
25359,36
25360,69
25361,286
25362,8
25363,8
25364,21
25365,21
25366,2
25367,2
25368,69
25369,69
25370,21
25371,21
25372,93
25373,58
25374,58
25375,8
25376,8
25377,8
25378,8
25379,8
25380,289
25381,72
25382,21
25383,72
25384,287
25385,108
25386,21
25387,21
25388,58
25389,58
25390,72
25391,100
25392,21
25393,21
25394,21
25395,357
25396,21
25397,2
25398,69
25399,108
25400,21
25401,21
25402,58
25403,2
25404,36
25405,72
25406,69
25407,69
25408,8
25409,8
25410,58
25411,21
25412,21
25413,58
25414,58
25415,8
25416,8
25417,108
25418,98
25419,21
25420,21
25421,58
25422,58
25423,72
25424,21
25425,21
25426,8
25427,108
25428,21
25429,93
25430,58
25431,72
25432,51
25433,98
25434,108
25435,21
25436,58
25437,128
25438,93
25439,72
25440,287
25441,72
25442,21
25443,58
25444,58
25445,58
25446,113
25447,2
25448,2
25449,376
25450,21
25451,21
25452,72
25453,108
25454,205
25455,21
25456,21
25457,72
25458,21
25459,21
25460,58
25461,58
25462,72
25463,8
25464,101
25465,101
25466,21
25467,21
25468,21
25469,58
25470,58
25471,58
25472,146
25473,72
25474,21
25475,72
25476,8
25477,21
25478,72
25479,108
25480,108
25481,21
25482,93
25483,58
25484,113
25485,286
25486,72
25487,8
25488,8
25489,8
25490,21
25491,58
25492,2
25493,69
25494,72
25495,21
25496,58
25497,377
25498,377
25499,8
25500,289
25501,72
25502,93
25503,72
25504,69
25505,21
25506,21
25507,58
25508,36
25509,8
25510,8
25511,21
25512,21
25513,72
25514,108
25515,21
25516,21
25517,58
25518,58
25519,108
25520,58
25521,58
25522,286
25523,98
25524,21
25525,21
25526,58
25527,58
25528,58
25529,98
25530,182
25531,108
25532,108
25533,108
25534,21
25535,359
25536,55
25537,98
25538,48
25539,2
25540,74
25541,21
25542,58
25543,58
25544,21
25545,58
25546,113
25547,97
25548,8
25549,36
25550,49
25551,21
25552,21
25553,113
25554,8
25555,69
25556,69
25557,8
25558,49
25559,21
25560,58
25561,2
25562,2
25563,2
25564,8
25565,21
25566,21
25567,2
25568,72
25569,58
25570,58
25571,2
25572,36
25573,128
25574,21
25575,58
25576,93
25577,58
25578,98
25579,21
25580,58
25581,203
25582,72
25583,38
25584,38
25585,72
25586,128
25587,38
25588,38
25589,72
25590,128
25591,8
25592,36
25593,84
25594,84
25595,84
25596,36
25597,108
25598,21
25599,58
25600,113
25601,36
25602,21
25603,21
25604,48
25605,49
25606,47
25607,21
25608,21
25609,21
25610,36
25611,21
25612,8
25613,101
25614,21
25615,113
25616,114
25617,72
25618,72
25619,108
25620,58
25621,21
25622,21
25623,58
25624,58
25625,38
25626,2
25627,21
25628,58
25629,72
25630,69
25631,21
25632,8
25633,8
25634,8
25635,49
25636,8
25637,10
25638,10
25639,10
25640,72
25641,8
25642,49
25643,21
25644,21
25645,58
25646,58
25647,113
25648,72
25649,72
25650,108
25651,21
25652,21
25653,72
25654,91
25655,8
25656,289
25657,21
25658,21
25659,58
25660,58
25661,72
25662,108
25663,2
25664,72
25665,48
25666,21
25667,21
25668,93
25669,58
25670,98
25671,21
25672,21
25673,58
25674,58
25675,58
25676,58
25677,2
25678,2
25679,2
25680,21
25681,382
25682,98
25683,8
25684,8
25685,108
25686,21
25687,21
25688,21
25689,72
25690,287
25691,2
25692,72
25693,113
25694,72
25695,98
25696,287
25697,58
25698,72
25699,21
25700,388
25701,36
25702,72
25703,21
25704,72
25705,72
25706,8
25707,36
25708,49
25709,29
25710,21
25711,58
25712,58
25713,58
25714,58
25715,72
25716,286
25717,21
25718,8
25719,205
25720,21
25721,21
25722,58
25723,357
25724,72
25725,48
25726,12
25727,25
25728,26
25729,48
25730,72
25731,48
25732,8
25733,47
25734,8
25735,36
25736,49
25737,49
25738,8
25739,36
25740,49
25741,108
25742,21
25743,21
25744,382
25745,2
25746,10
25747,10
25748,10
25749,10
25750,10
25751,8
25752,101
25753,72
25754,21
25755,388
25756,58
25757,58
25758,21
25759,21
25760,58
25761,72
25762,69
25763,69
25764,69
25765,8
25766,36
25767,49
25768,21
25769,58
25770,58
25771,93
25772,58
25773,58
25774,2
25775,382
25776,69
25777,69
25778,128
25779,21
25780,58
25781,8
25782,8
25783,72
25784,232
25785,72
25786,48
25787,2
25788,21
25789,21
25790,2
25791,36
25792,21
25793,58
25794,2
25795,36
25796,72
25797,98
25798,72
25799,98
25800,287
25801,72
25802,205
25803,21
25804,21
25805,21
25806,69
25807,21
25808,113
25809,113
25810,113
25811,72
25812,98
25813,72
25814,108
25815,21
25816,58
25817,128
25818,21
25819,21
25820,21
25821,93
25822,93
25823,58
25824,58
25825,58
25826,58
25827,72
25828,72
25829,69
25830,8
25831,36
25832,49
25833,48
25834,2
25835,48
25836,49
25837,48
25838,8
25839,36
25840,49
25841,72
25842,58
25843,58
25844,21
25845,21
25846,58
25847,69
25848,286
25849,8
25850,8
25851,58
25852,21
25853,58
25854,21
25855,21
25856,58
25857,72
25858,21
25859,58
25860,10
25861,10
25862,58
25863,72
25864,72
25865,21
25866,58
25867,58
25868,21
25869,21
25870,58
25871,108
25872,359
25873,72
25874,72
25875,8
25876,8
25877,72
25878,108
25879,21
25880,21
25881,2
25882,36
25883,69
25884,21
25885,21
25886,58
25887,113
25888,72
25889,69
25890,69
25891,69
25892,8
25893,72
25894,21
25895,58
25896,58
25897,286
25898,21
25899,21
25900,93
25901,58
25902,382
25903,98
25904,58
25905,97
25906,21
25907,72
25908,72
25909,21
25910,58
25911,69
25912,21
25913,58
25914,376
25915,376
25916,376
25917,376
25918,376
25919,48
25920,48
25921,29
25922,48
25923,30
25924,48
25925,49
25926,108
25927,2
25928,72
25929,205
25930,21
25931,21
25932,7
25933,21
25934,58
25935,58
25936,69
25937,21
25938,58
25939,72
25940,8
25941,8
25942,36
25943,49
25944,72
25945,97
25946,97
25947,21
25948,2
25949,72
25950,69
25951,2
25952,72
25953,58
25954,72
25955,72
25956,58
25957,58
25958,69
25959,69
25960,8
25961,8
25962,8
25963,21
25964,8
25965,8
25966,58
25967,113
25968,98
25969,21
25970,58
25971,58
25972,2
25973,2
25974,8
25975,8
25976,21
25977,58
25978,21
25979,21
25980,58
25981,2
25982,69
25983,72
25984,58
25985,21
25986,72
25987,72
25988,21
25989,21
25990,58
25991,58
25992,69
25993,72
25994,72
25995,58
25996,58
25997,72
25998,98
25999,21
26000,58
26001,58
26002,113
26003,205
26004,69
26005,21
26006,128
26007,21
26008,21
26009,58
26010,58
26011,21
26012,21
26013,58
26014,21
26015,21
26016,2
26017,72
26018,69
26019,21
26020,21
26021,21
26022,93
26023,93
26024,58
26025,58
26026,98
26027,72
26028,36
26029,128
26030,58
26031,2
26032,69
26033,58
26034,72
26035,33
26036,72
26037,72
26038,21
26039,2
26040,69
26041,98
26042,21
26043,21
26044,58
26045,58
26046,98
26047,8
26048,101
26049,72
26050,21
26051,58
26052,58
26053,36
26054,69
26055,21
26056,21
26057,286
26058,10
26059,10
26060,21
26061,58
26062,58
26063,72
26064,108
26065,36
26066,72
26067,69
26068,8
26069,21
26070,21
26071,58
26072,58
26073,58
26074,72
26075,8
26076,8
26077,21
26078,58
26079,286
26080,70
26081,10
26082,8
26083,8
26084,8
26085,8
26086,8
26087,72
26088,69
26089,21
26090,58
26091,58
26092,2
26093,69
26094,478
26095,8
26096,8
26097,482
26098,21
26099,21
26100,21
26101,58
26102,58
26103,11
26104,72
26105,8
26106,286
26107,72
26108,21
26109,21
26110,58
26111,21
26112,21
26113,58
26114,376
26115,69
26116,48
26117,49
26118,8
26119,2
26120,72
26121,69
26122,21
26123,58
26124,72
26125,287
26126,21
26127,93
26128,21
26129,58
26130,8
26131,8
26132,72
26133,21
26134,58
26135,58
26136,8
26137,36
26138,49
26139,21
26140,21
26141,58
26142,72
26143,21
26144,21
26145,93
26146,58
26147,72
26148,287
26149,8
26150,36
26151,49
26152,21
26153,58
26154,72
26155,286
26156,98
26157,8
26158,8
26159,72
26160,72
26161,69
26162,21
26163,72
26164,21
26165,21
26166,58
26167,58
26168,128
26169,21
26170,21
26171,21
26172,72
26173,69
26174,108
26175,21
26176,21
26177,21
26178,2
26179,72
26180,2
26181,72
26182,8
26183,8
26184,21
26185,2
26186,2
26187,2
26188,7
26189,7
26190,21
26191,21
26192,72
26193,21
26194,72
26195,69
26196,69
26197,36
26198,49
26199,47
26200,58
26201,58
26202,58
26203,72
26204,69
26205,98
26206,21
26207,98
26208,205
26209,382
26210,72
26211,69
26212,69
26213,8
26214,353
26215,8
26216,8
26217,479
26218,21
26219,72
26220,287
26221,72
26222,48
26223,8
26224,49
26225,108
26226,58
26227,376
26228,128
26229,7
26230,18
26231,26
26232,108
26233,72
26234,478
26235,8
26236,26
26237,8
26238,14
26239,36
26240,18
26241,72
26242,48
26243,8
26244,36
26245,49
26246,29
26247,8
26248,48
26249,8
26250,47
26251,8
26252,21
26253,58
26254,58
26255,286
26256,58
26257,108
26258,21
26259,58
26260,58
26261,58
26262,286
26263,286
26264,286
26265,21
26266,376
26267,48
26268,29
26269,48
26270,8
26271,36
26272,49
26273,29
26274,30
26275,48
26276,8
26277,36
26278,49
26279,21
26280,58
26281,58
26282,2
26283,2
26284,21
26285,21
26286,58
26287,58
26288,58
26289,72
26290,287
26291,21
26292,72
26293,69
26294,69
26295,72
26296,72
26297,72
26298,353
26299,8
26300,479
26301,21
26302,58
26303,72
26304,21
26305,113
26306,113
26307,113
26308,21
26309,8
26310,38
26311,38
26312,128
26313,38
26314,38
26315,72
26316,128
26317,72
26318,69
26319,287
26320,58
26321,72
26322,108
26323,21
26324,93
26325,21
26326,21
26327,58
26328,58
26329,2
26330,2
26331,2
26332,36
26333,286
26334,21
26335,8
26336,101
26337,72
26338,72
26339,21
26340,58
26341,128
26342,21
26343,58
26344,72
26345,108
26346,21
26347,21
26348,58
26349,58
26350,21
26351,108
26352,108
26353,388
26354,113
26355,36
26356,8
26357,101
26358,21
26359,21
26360,58
26361,58
26362,58
26363,108
26364,21
26365,21
26366,72
26367,8
26368,289
26369,8
26370,69
26371,69
26372,98
26373,108
26374,21
26375,21
26376,69
26377,98
26378,21
26379,21
26380,72
26381,72
26382,72
26383,21
26384,21
26385,58
26386,58
26387,98
26388,72
26389,21
26390,72
26391,287
26392,21
26393,58
26394,58
26395,357
26396,108
26397,21
26398,21
26399,69
26400,58
26401,58
26402,2
26403,382
26404,72
26405,72
26406,69
26407,108
26408,8
26409,2
26410,48
26411,21
26412,21
26413,286
26414,21
26415,58
26416,205
26417,58
26418,2
26419,2
26420,69
26421,8
26422,21
26423,58
26424,58
26425,72
26426,108
26427,108
26428,108
26429,48
26430,8
26431,36
26432,49
26433,48
26434,49
26435,36
26436,49
26437,8
26438,8
26439,108
26440,21
26441,21
26442,58
26443,58
26444,58
26445,48
26446,21
26447,21
26448,58
26449,58
26450,36
26451,36
26452,72
26453,8
26454,36
26455,49
26456,49
26457,8
26458,48
26459,49
26460,49
26461,8
26462,36
26463,36
26464,26
26465,26
26466,108
26467,21
26468,8
26469,36
26470,49
26471,10
26472,10
26473,25
26474,48
26475,2
26476,74
26477,36
26478,48
26479,8
26480,77
26481,30
26482,48
26483,108
26484,21
26485,11
26486,48
26487,8
26488,36
26489,49
26490,36
26491,108
26492,205
26493,21
26494,58
26495,8
26496,29
26497,30
26498,8
26499,36
26500,49
26501,30
26502,8
26503,36
26504,49
26505,29
26506,30
26507,21
26508,21
26509,58
26510,58
26511,72
26512,287
26513,26
26514,108
26515,21
26516,21
26517,2
26518,2
26519,2
26520,2
26521,376
26522,36
26523,49
26524,72
26525,21
26526,21
26527,21
26528,58
26529,58
26530,2
26531,69
26532,12
26533,2
26534,10
26535,48
26536,73
26537,74
26538,48
26539,29
26540,30
26541,8
26542,36
26543,49
26544,49
26545,29
26546,47
26547,8
26548,36
26549,49
26550,49
26551,47
26552,30
26553,21
26554,113
26555,21
26556,21
26557,58
26558,72
26559,8
26560,8
26561,48
26562,21
26563,21
26564,58
26565,58
26566,2
26567,376
26568,376
26569,376
26570,376
26571,69
26572,48
26573,8
26574,2
26575,38
26576,2
26577,48
26578,38
26579,2
26580,21
26581,21
26582,21
26583,58
26584,58
26585,58
26586,36
26587,72
26588,21
26589,69
26590,8
26591,101
26592,8
26593,21
26594,21
26595,58
26596,376
26597,69
26598,21
26599,21
26600,58
26601,58
26602,72
26603,69
26604,21
26605,2
26606,2
26607,2
26608,21
26609,21
26610,36
26611,36
26612,36
26613,72
26614,21
26615,72
26616,69
26617,69
26618,8
26619,21
26620,21
26621,21
26622,8
26623,480
26624,58
26625,113
26626,21
26627,21
26628,58
26629,58
26630,72
26631,128
26632,21
26633,72
26634,69
26635,69
26636,69
26637,8
26638,49
26639,108
26640,21
26641,58
26642,72
26643,108
26644,21
26645,21
26646,21
26647,58
26648,58
26649,58
26650,21
26651,21
26652,58
26653,58
26654,58
26655,69
26656,205
26657,21
26658,2
26659,72
26660,72
26661,72
26662,72
26663,388
26664,388
26665,2
26666,2
26667,2
26668,2
26669,2
26670,2
26671,72
26672,72
26673,69
26674,72
26675,8
26676,72
26677,8
26678,36
26679,49
26680,34
26681,8
26682,8
26683,21
26684,21
26685,2
26686,2
26687,8
26688,478
26689,8
26690,21
26691,2
26692,72
26693,21
26694,21
26695,58
26696,72
26697,8
26698,8
26699,21
26700,72
26701,48
26702,8
26703,36
26704,21
26705,58
26706,72
26707,520
26708,8
26709,26
26710,21
26711,58
26712,72
26713,72
26714,72
26715,48
26716,8
26717,36
26718,8
26719,72
26720,48
26721,8
26722,36
26723,36
26724,47
26725,8
26726,36
26727,49
26728,47
26729,8
26730,36
26731,36
26732,8
26733,8
26734,18
26735,26
26736,26
26737,8
26738,36
26739,49
26740,49
26741,108
26742,21
26743,21
26744,388
26745,388
26746,58
26747,58
26748,286
26749,36
26750,21
26751,21
26752,21
26753,2
26754,10
26755,18
26756,8
26757,8
26758,10
26759,10
26760,10
26761,34
26762,18
26763,21
26764,8
26765,58
26766,2
26767,2
26768,21
26769,58
26770,58
26771,2
26772,69
26773,69
26774,69
26775,8
26776,8
26777,21
26778,21
26779,8
26780,58
26781,58
26782,72
26783,21
26784,286
26785,286
26786,108
26787,205
26788,21
26789,21
26790,36
26791,72
26792,21
26793,58
26794,58
26795,11
26796,8
26797,2
26798,2
26799,72
26800,72
26801,21
26802,58
26803,58
26804,21
26805,72
26806,21
26807,21
26808,58
26809,58
26810,113
26811,72
26812,69
26813,98
26814,21
26815,21
26816,21
26817,58
26818,2
26819,2
26820,69
26821,58
26822,72
26823,353
26824,8
26825,8
26826,36
26827,30
26828,8
26829,36
26830,29
26831,21
26832,72
26833,69
26834,108
26835,2
26836,36
26837,72
26838,72
26839,69
26840,69
26841,108
26842,21
26843,72
26844,69
26845,69
26846,69
26847,69
26848,21
26849,21
26850,72
26851,72
26852,69
26853,8
26854,101
26855,101
26856,101
26857,21
26858,21
26859,48
26860,8
26861,36
26862,49
26863,108
26864,21
26865,21
26866,58
26867,58
26868,36
26869,382
26870,128
26871,128
26872,286
26873,286
26874,48
26875,10
26876,10
26877,10
26878,21
26879,58
26880,58
26881,375
26882,128
26883,128
26884,72
26885,69
26886,58
26887,8
26888,2
26889,72
26890,8
26891,8
26892,72
26893,21
26894,21
26895,58
26896,26
26897,26
26898,108
26899,21
26900,72
26901,8
26902,36
26903,48
26904,8
26905,36
26906,49
26907,38
26908,361
26909,72
26910,72
26911,98
26912,21
26913,8
26914,36
26915,49
26916,21
26917,58
26918,58
26919,36
26920,108
26921,21
26922,8
26923,36
26924,21
26925,21
26926,72
26927,21
26928,21
26929,58
26930,58
26931,21
26932,58
26933,58
26934,21
26935,93
26936,58
26937,98
26938,72
26939,113
26940,2
26941,72
26942,69
26943,21
26944,48
26945,8
26946,36
26947,49
26948,376
26949,376
26950,8
26951,36
26952,49
26953,21
26954,58
26955,58
26956,8
26957,36
26958,49
26959,47
26960,36
26961,26
26962,26
26963,8
26964,49
26965,8
26966,36
26967,49
26968,49
26969,8
26970,36
26971,49
26972,49
26973,72
26974,69
26975,36
26976,99
26977,99
26978,99
26979,99
26980,99
26981,8
26982,72
26983,72
26984,69
26985,287
26986,8
26987,2
26988,26
26989,8
26990,8
26991,8
26992,8
26993,36
26994,49
26995,36
26996,26
26997,36
26998,49
26999,48
27000,8
27001,36
27002,49
27003,35
27004,8
27005,38
27006,45
27007,2
27008,10
27009,10
27010,10
27011,18
27012,26
27013,21
27014,21
27015,21
27016,2
27017,48
27018,30
27019,48
27020,48
27021,36
27022,49
27023,36
27024,8
27025,8
27026,21
27027,21
27028,2
27029,2
27030,8
27031,36
27032,49
27033,8
27034,36
27035,49
27036,8
27037,36
27038,49
27039,47
27040,8
27041,36
27042,49
27043,49
27044,8
27045,36
27046,49
27047,26
27048,8
27049,36
27050,49
27051,8
27052,36
27053,49
27054,8
27055,36
27056,49
27057,29
27058,8
27059,8
27060,21
27061,58
27062,72
27063,108
27064,58
27065,72
27066,69
27067,8
27068,8
27069,21
27070,21
27071,113
27072,2
27073,2
27074,72
27075,205
27076,21
27077,21
27078,58
27079,286
27080,286
27081,8
27082,8
27083,8
27084,36
27085,48
27086,8
27087,36
27088,49
27089,68
27090,77
27091,48
27092,8
27093,49
27094,48
27095,8
27096,36
27097,49
27098,68
27099,77
27100,21
27101,72
27102,108
27103,72
27104,8
27105,36
27106,49
27107,30
27108,277
27109,8
27110,36
27111,8
27112,36
27113,49
27114,48
27115,8
27116,36
27117,49
27118,8
27119,36
27120,49
27121,8
27122,38
27123,72
27124,38
27125,48
27126,8
27127,49
27128,29
27129,77
27130,30
27131,48
27132,8
27133,49
27134,29
27135,77
27136,30
27137,48
27138,8
27139,49
27140,29
27141,77
27142,30
27143,25
27144,26
27145,26
27146,36
27147,49
27148,21
27149,58
27150,36
27151,48
27152,8
27153,36
27154,49
27155,8
27156,36
27157,49
27158,49
27159,8
27160,36
27161,49
27162,49
27163,8
27164,36
27165,49
27166,49
27167,8
27168,36
27169,49
27170,49
27171,36
27172,49
27173,21
27174,388
27175,58
27176,36
27177,36
27178,72
27179,69
27180,286
27181,48
27182,2
27183,8
27184,36
27185,49
27186,29
27187,36
27188,48
27189,8
27190,68
27191,29
27192,77
27193,48
27194,8
27195,36
27196,49
27197,68
27198,77
27199,30
27200,8
27201,36
27202,49
27203,49
27204,49
27205,49
27206,48
27207,8
27208,36
27209,49
27210,8
27211,8
27212,8
27213,34
27214,72
27215,69
27216,128
27217,128
27218,26
27219,2
27220,2
27221,10
27222,10
27223,8
27224,2
27225,2
27226,2
27227,48
27228,8
27229,8
27230,36
27231,2
27232,48
27233,49
27234,7
27235,21
27236,21
27237,382
27238,128
27239,7
27240,21
27241,58
27242,108
27243,286
27244,36
27245,36
27246,26
27247,21
27248,21
27249,72
27250,287
27251,8
27252,8
27253,8
27254,21
27255,21
27256,58
27257,58
27258,69
27259,21
27260,21
27261,58
27262,21
27263,93
27264,58
27265,58
27266,98
27267,21
27268,58
27269,58
27270,114
27271,97
27272,478
27273,8
27274,8
27275,482
27276,36
27277,8
27278,8
27279,25
27280,26
27281,21
27282,21
27283,21
27284,21
27285,58
27286,58
27287,58
27288,58
27289,2
27290,2
27291,2
27292,2
27293,2
27294,21
27295,58
27296,58
27297,58
27298,58
27299,72
27300,69
27301,8
27302,26
27303,8
27304,388
27305,113
27306,8
27307,36
27308,25
27309,26
27310,26
27311,8
27312,316
27313,72
27314,8
27315,36
27316,108
27317,21
27318,21
27319,9
27320,159
27321,159
27322,159
27323,8
27324,2
27325,8
27326,2
27327,10
27328,8
27329,10
27330,36
27331,8
27332,36
27333,49
27334,48
27335,8
27336,29
27337,77
27338,8
27339,36
27340,49
27341,21
27342,21
27343,58
27344,2
27345,72
27346,376
27347,376
27348,376
27349,376
27350,376
27351,376
27352,376
27353,376
27354,69
27355,26
27356,26
27357,21
27358,21
27359,2
27360,357
27361,357
27362,36
27363,48
27364,8
27365,36
27366,49
27367,49
27368,47
27369,48
27370,8
27371,36
27372,47
27373,21
27374,58
27375,376
27376,376
27377,8
27378,36
27379,21
27380,21
27381,2
27382,2
27383,36
27384,49
27385,30
27386,8
27387,36
27388,49
27389,58
27390,58
27391,8
27392,36
27393,49
27394,30
27395,48
27396,108
27397,21
27398,21
27399,8
27400,36
27401,49
27402,29
27403,29
27404,30
27405,8
27406,36
27407,49
27408,29
27409,30
27410,30
27411,8
27412,36
27413,49
27414,29
27415,30
27416,8
27417,36
27418,49
27419,30
27420,48
27421,8
27422,36
27423,49
27424,108
27425,21
27426,382
27427,128
27428,98
27429,21
27430,58
27431,72
27432,69
27433,8
27434,101
27435,8
27436,69
27437,69
27438,21
27439,98
27440,8
27441,101
27442,101
27443,101
27444,2
27445,72
27446,376
27447,48
27448,49
27449,21
27450,93
27451,58
27452,58
27453,8
27454,8
27455,36
27456,84
27457,36
27458,10
27459,8
27460,36
27461,49
27462,21
27463,21
27464,58
27465,36
27466,36
27467,36
27468,58
27469,72
27470,58
27471,72
27472,376
27473,376
27474,8
27475,101
27476,72
27477,72
27478,72
27479,8
27480,8
27481,8
27482,482
27483,48
27484,35
27485,8
27486,38
27487,45
27488,72
27489,72
27490,8
27491,36
27492,8
27493,8
27494,8
27495,48
27496,8
27497,8
27498,48
27499,49
27500,47
27501,8
27502,2
27503,10
27504,48
27505,8
27506,18
27507,48
27508,8
27509,2
27510,9
27511,84
27512,84
27513,48
27514,8
27515,36
27516,26
27517,21
27518,21
27519,58
27520,58
27521,72
27522,69
27523,69
27524,8
27525,8
27526,49
27527,36
27528,26
27529,8
27530,36
27531,49
27532,29
27533,38
27534,38
27535,15
27536,17
27537,38
27538,38
27539,15
27540,17
27541,36
27542,26
27543,48
27544,29
27545,8
27546,8
27547,72
27548,72
27549,8
27550,21
27551,21
27552,21
27553,21
27554,72
27555,108
27556,108
27557,21
27558,72
27559,21
27560,58
27561,113
27562,113
27563,2
27564,2
27565,36
27566,36
27567,72
27568,69
27569,69
27570,69
27571,69
27572,69
27573,8
27574,48
27575,29
27576,48
27577,21
27578,21
27579,58
27580,2
27581,2
27582,48
27583,8
27584,49
27585,21
27586,21
27587,21
27588,48
27589,48
27590,2
27591,8
27592,8
27593,36
27594,47
27595,21
27596,72
27597,69
27598,36
27599,26
27600,48
27601,49
27602,49
27603,77
27604,21
27605,2
27606,2
27607,382
27608,38
27609,48
27610,74
27611,8
27612,36
27613,49
27614,47
27615,48
27616,8
27617,49
27618,48
27619,8
27620,36
27621,49
27622,36
27623,21
27624,21
27625,21
27626,8
27627,36
27628,21
27629,21
27630,21
27631,58
27632,58
27633,58
27634,72
27635,69
27636,8
27637,36
27638,49
27639,49
27640,36
27641,49
27642,48
27643,49
27644,49
27645,29
27646,48
27647,8
27648,49
27649,49
27650,29
27651,30
27652,8
27653,49
27654,48
27655,49
27656,49
27657,30
27658,72
27659,69
27660,8
27661,36
27662,108
27663,113
27664,113
27665,69
27666,357
27667,48
27668,8
27669,8
27670,49
27671,48
27672,74
27673,26
27674,8
27675,36
27676,49
27677,48
27678,8
27679,36
27680,49
27681,108
27682,21
27683,58
27684,58
27685,58
27686,36
27687,36
27688,48
27689,8
27690,36
27691,58
27692,2
27693,2
27694,376
27695,48
27696,8
27697,36
27698,49
27699,77
27700,21
27701,21
27702,21
27703,58
27704,58
27705,58
27706,12
27707,25
27708,26
27709,8
27710,36
27711,49
27712,48
27713,8
27714,36
27715,8
27716,8
27717,353
27718,8
27719,479
27720,72
27721,8
27722,36
27723,49
27724,30
27725,8
27726,36
27727,25
27728,21
27729,21
27730,58
27731,2
27732,2
27733,58
27734,58
27735,97
27736,97
27737,344
27738,55
27739,21
27740,2
27741,72
27742,72
27743,21
27744,21
27745,58
27746,72
27747,98
27748,69
27749,98
27750,72
27751,114
27752,72
27753,287
27754,21
27755,58
27756,98
27757,72
27758,69
27759,72
27760,72
27761,21
27762,21
27763,21
27764,286
27765,21
27766,58
27767,69
27768,72
27769,72
27770,36
27771,72
27772,8
27773,36
27774,49
27775,47
27776,8
27777,36
27778,30
27779,26
27780,48
27781,47
27782,36
27783,21
27784,21
27785,113
27786,8
27787,36
27788,49
27789,49
27790,8
27791,38
27792,14
27793,36
27794,25
27795,26
27796,8
27797,14
27798,8
27799,36
27800,8
27801,8
27802,8
27803,72
27804,84
27805,36
27806,159
27807,18
27808,21
27809,8
27810,8
27811,8
27812,36
27813,49
27814,77
27815,8
27816,8
27817,8
27818,26
27819,21
27820,2
27821,2
27822,2
27823,108
27824,205
27825,21
27826,58
27827,113
27828,2
27829,10
27830,10
27831,18
27832,36
27833,8
27834,36
27835,38
27836,15
27837,36
27838,26
27839,8
27840,36
27841,49
27842,47
27843,8
27844,36
27845,49
27846,21
27847,58
27848,375
27849,108
27850,344
27851,344
27852,344
27853,344
27854,344
27855,26
27856,26
27857,48
27858,48
27859,2
27860,8
27861,36
27862,49
27863,8
27864,36
27865,49
27866,29
27867,36
27868,21
27869,48
27870,8
27871,21
27872,21
27873,58
27874,72
27875,8
27876,101
27877,2
27878,2
27879,36
27880,26
27881,21
27882,21
27883,58
27884,58
27885,72
27886,26
27887,21
27888,58
27889,58
27890,286
27891,286
27892,286
27893,8
27894,36
27895,49
27896,72
27897,8
27898,8
27899,353
27900,8
27901,479
27902,48
27903,8
27904,47
27905,48
27906,8
27907,29
27908,77
27909,30
27910,48
27911,8
27912,29
27913,77
27914,30
27915,48
27916,8
27917,36
27918,49
27919,48
27920,38
27921,2
27922,2
27923,29
27924,25
27925,48
27926,8
27927,36
27928,49
27929,30
27930,8
27931,36
27932,49
27933,48
27934,8
27935,29
27936,30
27937,48
27938,8
27939,30
27940,48
27941,8
27942,29
27943,8
27944,36
27945,30
27946,8
27947,36
27948,29
27949,21
27950,21
27951,58
27952,48
27953,49
27954,108
27955,108
27956,21
27957,2
27958,36
27959,48
27960,36
27961,29
27962,2
27963,48
27964,48
27965,48
27966,48
27967,37
27968,8
27969,8
27970,8
27971,38
27972,12
27973,45
27974,2
27975,10
27976,10
27977,10
27978,10
27979,18
27980,8
27981,36
27982,49
27983,36
27984,26
27985,48
27986,8
27987,2
27988,21
27989,72
27990,72
27991,357
27992,21
27993,58
27994,72
27995,21
27996,72
27997,72
27998,21
27999,21
28000,58
28001,58
28002,21
28003,58
28004,108
28005,21
28006,388
28007,2
28008,69
28009,69
28010,21
28011,21
28012,58
28013,58
28014,113
28015,113
28016,72
28017,72
28018,8
28019,21
28020,58
28021,128
28022,128
28023,128
28024,93
28025,58
28026,128
28027,128
28028,128
28029,21
28030,58
28031,58
28032,58
28033,69
28034,58
28035,113
28036,72
28037,21
28038,93
28039,69
28040,69
28041,98
28042,21
28043,93
28044,58
28045,98
28046,2
28047,72
28048,72
28049,21
28050,58
28051,69
28052,69
28053,388
28054,2
28055,72
28056,21
28057,58
28058,205
28059,21
28060,21
28061,2
28062,2
28063,21
28064,58
28065,21
28066,21
28067,58
28068,58
28069,69
28070,286
28071,8
28072,21
28073,72
28074,72
28075,21
28076,21
28077,72
28078,128
28079,2
28080,376
28081,8
28082,108
28083,108
28084,72
28085,51
28086,72
28087,69
28088,8
28089,8
28090,21
28091,8
28092,58
28093,21
28094,69
28095,72
28096,8
28097,2
28098,36
28099,72
28100,21
28101,21
28102,58
28103,286
28104,286
28105,8
28106,8
28107,8
28108,48
28109,74
28110,58
28111,72
28112,21
28113,21
28114,58
28115,286
28116,21
28117,21
28118,58
28119,58
28120,51
28121,98
28122,58
28123,72
28124,98
28125,21
28126,21
28127,21
28128,21
28129,58
28130,58
28131,58
28132,113
28133,113
28134,69
28135,21
28136,21
28137,21
28138,69
28139,8
28140,48
28141,35
28142,30
28143,21
28144,21
28145,58
28146,58
28147,98
28148,21
28149,58
28150,58
28151,8
28152,8
28153,8
28154,33
28155,8
28156,357
28157,58
28158,286
28159,182
28160,108
28161,108
28162,21
28163,359
28164,359
28165,359
28166,8
28167,8
28168,21
28169,21
28170,58
28171,58
28172,72
28173,72
28174,8
28175,72
28176,21
28177,58
28178,2
28179,69
28180,69
28181,69
28182,21
28183,58
28184,58
28185,2
28186,2
28187,72
28188,478
28189,8
28190,8
28191,72
28192,21
28193,21
28194,2
28195,2
28196,21
28197,8
28198,108
28199,21
28200,21
28201,69
28202,72
28203,21
28204,8
28205,8
28206,21
28207,21
28208,113
28209,72
28210,8
28211,101
28212,21
28213,58
28214,72
28215,69
28216,69
28217,69
28218,108
28219,21
28220,97
28221,128
28222,72
28223,72
28224,72
28225,205
28226,146
28227,69
28228,69
28229,344
28230,21
28231,21
28232,2
28233,69
28234,21
28235,8
28236,8
28237,8
28238,8
28239,108
28240,205
28241,21
28242,21
28243,58
28244,58
28245,36
28246,36
28247,69
28248,69
28249,48
28250,48
28251,83
28252,83
28253,72
28254,8
28255,73
28256,21
28257,2
28258,69
28259,98
28260,72
28261,21
28262,58
28263,21
28264,58
28265,72
28266,21
28267,58
28268,58
28269,72
28270,72
28271,21
28272,58
28273,36
28274,36
28275,286
28276,21
28277,21
28278,72
28279,8
28280,72
28281,2
28282,2
28283,8
28284,36
28285,21
28286,8
28287,58
28288,72
28289,69
28290,287
28291,114
28292,72
28293,72
28294,69
28295,69
28296,287
28297,72
28298,72
28299,19
28300,20
28301,21
28302,21
28303,58
28304,69
28305,21
28306,58
28307,72
28308,21
28309,21
28310,58
28311,58
28312,357
28313,357
28314,72
28315,21
28316,21
28317,58
28318,38
28319,38
28320,72
28321,21
28322,58
28323,72
28324,72
28325,72
28326,21
28327,21
28328,58
28329,72
28330,21
28331,21
28332,21
28333,58
28334,58
28335,58
28336,113
28337,113
28338,113
28339,113
28340,2
28341,36
28342,36
28343,72
28344,21
28345,58
28346,58
28347,72
28348,72
28349,287
28350,72
28351,36
28352,49
28353,30
28354,72
28355,21
28356,21
28357,58
28358,72
28359,344
28360,48
28361,8
28362,49
28363,49
28364,47
28365,21
28366,21
28367,58
28368,113
28369,8
28370,72
28371,72
28372,8
28373,113
28374,113
28375,98
28376,21
28377,58
28378,2
28379,69
28380,8
28381,8
28382,21
28383,21
28384,21
28385,21
28386,58
28387,58
28388,2
28389,2
28390,2
28391,21
28392,58
28393,58
28394,21
28395,21
28396,58
28397,58
28398,478
28399,8
28400,21
28401,21
28402,357
28403,97
28404,51
28405,286
28406,21
28407,8
28408,72
28409,36
28410,8
28411,36
28412,49
28413,49
28414,21
28415,69
28416,72
28417,21
28418,21
28419,21
28420,8
28421,58
28422,58
28423,58
28424,69
28425,8
28426,36
28427,2
28428,25
28429,36
28430,49
28431,10
28432,26
28433,26
28434,26
28435,48
28436,48
28437,8
28438,138
28439,36
28440,49
28441,49
28442,29
28443,77
28444,48
28445,48
28446,129
28447,49
28448,49
28449,77
28450,30
28451,21
28452,2
28453,2
28454,72
28455,48
28456,49
28457,29
28458,77
28459,30
28460,21
28461,72
28462,69
28463,69
28464,69
28465,69
28466,48
28467,8
28468,101
28469,26
28470,48
28471,48
28472,8
28473,108
28474,21
28475,26
28476,21
28477,2
28478,8
28479,29
28480,48
28481,2
28482,21
28483,203
28484,203
28485,72
28486,97
28487,97
28488,21
28489,58
28490,58
28491,8
28492,316
28493,26
28494,2
28495,2
28496,72
28497,48
28498,8
28499,36
28500,36
28501,49
28502,36
28503,49
28504,21
28505,58
28506,8
28507,36
28508,49
28509,21
28510,58
28511,58
28512,72
28513,21
28514,21
28515,2
28516,2
28517,2
28518,69
28519,72
28520,8
28521,8
28522,26
28523,2
28524,72
28525,2
28526,67
28527,21
28528,72
28529,36
28530,26
28531,8
28532,36
28533,49
28534,49
28535,12
28536,15
28537,8
28538,36
28539,49
28540,68
28541,48
28542,48
28543,35
28544,8
28545,26
28546,21
28547,21
28548,21
28549,58
28550,58
28551,58
28552,36
28553,49
28554,48
28555,8
28556,29
28557,48
28558,8
28559,29
28560,47
28561,30
28562,58
28563,100
28564,113
28565,2
28566,72
28567,108
28568,2
28569,69
28570,128
28571,128
28572,128
28573,21
28574,21
28575,21
28576,58
28577,58
28578,58
28579,8
28580,8
28581,72
28582,108
28583,21
28584,2
28585,2
28586,2
28587,36
28588,72
28589,69
28590,69
28591,69
28592,21
28593,72
28594,69
28595,128
28596,72
28597,21
28598,72
28599,69
28600,108
28601,21
28602,21
28603,58
28604,2
28605,2
28606,2
28607,72
28608,108
28609,21
28610,18
28611,18
28612,2
28613,2
28614,72
28615,8
28616,36
28617,108
28618,21
28619,113
28620,382
28621,72
28622,357
28623,8
28624,101
28625,8
28626,72
28627,2
28628,72
28629,58
28630,72
28631,353
28632,8
28633,8
28634,48
28635,2
28636,15
28637,25
28638,72
28639,21
28640,21
28641,58
28642,58
28643,21
28644,21
28645,8
28646,101
28647,8
28648,36
28649,8
28650,36
28651,49
28652,48
28653,74
28654,38
28655,2
28656,36
28657,48
28658,8
28659,77
28660,48
28661,48
28662,2
28663,2
28664,18
28665,18
28666,48
28667,2
28668,10
28669,10
28670,21
28671,58
28672,58
28673,72
28674,69
28675,36
28676,26
28677,8
28678,1
28679,2
28680,3
28681,8
28682,36
28683,49
28684,47
28685,48
28686,49
28687,68
28688,77
28689,30
28690,382
28691,72
28692,21
28693,58
28694,21
28695,69
28696,69
28697,8
28698,8
28699,21
28700,21
28701,2
28702,8
28703,101
28704,21
28705,21
28706,21
28707,2
28708,72
28709,69
28710,69
28711,8
28712,289
28713,21
28714,21
28715,2
28716,2
28717,72
28718,69
28719,69
28720,21
28721,2
28722,69
28723,11
28724,8
28725,72
28726,108
28727,21
28728,21
28729,8
28730,8
28731,21
28732,21
28733,8
28734,8
28735,8
28736,36
28737,21
28738,21
28739,21
28740,72
28741,69
28742,69
28743,69
28744,21
28745,72
28746,72
28747,69
28748,2
28749,2
28750,36
28751,69
28752,69
28753,69
28754,72
28755,21
28756,21
28757,21
28758,2
28759,2
28760,2
28761,21
28762,69
28763,69
28764,21
28765,21
28766,2
28767,2
28768,72
28769,21
28770,58
28771,69
28772,98
28773,36
28774,49
28775,47
28776,72
28777,21
28778,21
28779,36
28780,357
28781,72
28782,48
28783,73
28784,74
28785,21
28786,21
28787,58
28788,69
28789,69
28790,48
28791,38
28792,2
28793,2
28794,72
28795,8
28796,8
28797,8
28798,8
28799,21
28800,8
28801,21
28802,72
28803,72
28804,108
28805,21
28806,21
28807,69
28808,98
28809,21
28810,21
28811,58
28812,2
28813,91
28814,316
28815,21
28816,21
28817,8
28818,72
28819,287
28820,21
28821,21
28822,58
28823,58
28824,8
28825,48
28826,36
28827,49
28828,49
28829,108
28830,113
28831,72
28832,36
28833,72
28834,21
28835,58
28836,36
28837,36
28838,98
28839,21
28840,21
28841,21
28842,8
28843,8
28844,21
28845,21
28846,48
28847,8
28848,8
28849,26
28850,7
28851,21
28852,21
28853,58
28854,21
28855,388
28856,69
28857,69
28858,21
28859,21
28860,72
28861,69
28862,287
28863,58
28864,58
28865,8
28866,8
28867,72
28868,21
28869,2
28870,36
28871,69
28872,69
28873,21
28874,93
28875,58
28876,113
28877,113
28878,113
28879,21
28880,21
28881,58
28882,128
28883,8
28884,8
28885,72
28886,21
28887,69
28888,8
28889,21
28890,58
28891,72
28892,21
28893,21
28894,128
28895,128
28896,128
28897,8
28898,8
28899,72
28900,36
28901,72
28902,69
28903,21
28904,58
28905,21
28906,21
28907,58
28908,58
28909,72
28910,21
28911,21
28912,58
28913,58
28914,113
28915,72
28916,69
28917,8
28918,8
28919,58
28920,36
28921,72
28922,10
28923,10
28924,21
28925,58
28926,58
28927,58
28928,21
28929,58
28930,58
28931,377
28932,58
28933,58
28934,21
28935,58
28936,72
28937,58
28938,128
28939,128
28940,93
28941,93
28942,58
28943,21
28944,128
28945,128
28946,21
28947,21
28948,21
28949,72
28950,8
28951,8
28952,21
28953,58
28954,72
28955,21
28956,21
28957,58
28958,58
28959,108
28960,21
28961,21
28962,8
28963,8
28964,58
28965,58
28966,21
28967,21
28968,58
28969,2
28970,382
28971,72
28972,376
28973,69
28974,69
28975,69
28976,69
28977,69
28978,7
28979,7
28980,48
28981,49
28982,182
28983,182
28984,21
28985,21
28986,131
28987,131
28988,72
28989,21
28990,58
28991,72
28992,205
28993,58
28994,8
28995,8
28996,26
28997,26
28998,21
28999,58
29000,8
29001,8
29002,8
29003,21
29004,8
29005,58
29006,8
29007,21
29008,21
29009,58
29010,114
29011,21
29012,58
29013,478
29014,8
29015,21
29016,21
29017,58
29018,69
29019,69
29020,21
29021,58
29022,69
29023,72
29024,72
29025,2
29026,2
29027,72
29028,69
29029,69
29030,69
29031,8
29032,8
29033,480
29034,21
29035,21
29036,58
29037,58
29038,2
29039,2
29040,376
29041,21
29042,58
29043,58
29044,72
29045,21
29046,21
29047,69
29048,520
29049,8
29050,96
29051,8
29052,21
29053,21
29054,21
29055,58
29056,58
29057,58
29058,72
29059,108
29060,69
29061,69
29062,108
29063,21
29064,58
29065,382
29066,8
29067,8
29068,482
29069,21
29070,21
29071,69
29072,72
29073,8
29074,8
29075,33
29076,33
29077,21
29078,72
29079,38
29080,8
29081,36
29082,47
29083,8
29084,128
29085,21
29086,58
29087,21
29088,21
29089,58
29090,58
29091,2
29092,2
29093,2
29094,205
29095,205
29096,21
29097,58
29098,98
29099,21
29100,58
29101,58
29102,58
29103,98
29104,8
29105,72
29106,21
29107,21
29108,21
29109,58
29110,58
29111,58
29112,98
29113,21
29114,21
29115,58
29116,58
29117,286
29118,286
29119,286
29120,98
29121,35
29122,2
29123,10
29124,10
29125,8
29126,101
29127,8
29128,8
29129,72
29130,21
29131,21
29132,21
29133,21
29134,72
29135,21
29136,21
29137,72
29138,108
29139,21
29140,21
29141,58
29142,113
29143,286
29144,21
29145,58
29146,21
29147,21
29148,21
29149,21
29150,58
29151,58
29152,58
29153,69
29154,8
29155,289
29156,8
29157,8
29158,8
29159,108
29160,21
29161,21
29162,58
29163,58
29164,69
29165,108
29166,108
29167,58
29168,2
29169,69
29170,21
29171,21
29172,2
29173,21
29174,21
29175,98
29176,21
29177,21
29178,21
29179,2
29180,72
29181,21
29182,21
29183,72
29184,21
29185,93
29186,93
29187,58
29188,58
29189,108
29190,21
29191,21
29192,2
29193,72
29194,69
29195,353
29196,8
29197,72
29198,21
29199,58
29200,58
29201,72
29202,21
29203,21
29204,58
29205,58
29206,113
29207,8
29208,8
29209,58
29210,58
29211,72
29212,69
29213,58
29214,69
29215,21
29216,357
29217,108
29218,21
29219,58
29220,72
29221,21
29222,21
29223,58
29224,388
29225,58
29226,58
29227,113
29228,36
29229,36
29230,36
29231,69
29232,69
29233,69
29234,2
29235,169
29236,21
29237,21
29238,21
29239,58
29240,58
29241,58
29242,108
29243,21
29244,36
29245,49
29246,72
29247,72
29248,72
29249,72
29250,72
29251,108
29252,21
29253,58
29254,21
29255,58
29256,58
29257,58
29258,2
29259,2
29260,21
29261,128
29262,128
29263,128
29264,58
29265,72
29266,21
29267,2
29268,2
29269,2
29270,2
29271,8
29272,72
29273,21
29274,21
29275,98
29276,21
29277,21
29278,2
29279,98
29280,72
29281,8
29282,21
29283,21
29284,21
29285,58
29286,58
29287,72
29288,69
29289,108
29290,21
29291,58
29292,108
29293,21
29294,21
29295,72
29296,72
29297,108
29298,21
29299,388
29300,388
29301,72
29302,21
29303,58
29304,58
29305,72
29306,69
29307,8
29308,480
29309,388
29310,36
29311,36
29312,69
29313,8
29314,14
29315,14
29316,8
29317,8
29318,36
29319,21
29320,58
29321,21
29322,21
29323,21
29324,58
29325,58
29326,2
29327,21
29328,72
29329,21
29330,8
29331,58
29332,72
29333,8
29334,36
29335,69
29336,36
29337,49
29338,277
29339,48
29340,48
29341,14
29342,2
29343,21
29344,8
29345,36
29346,72
29347,8
29348,8
29349,21
29350,72
29351,69
29352,72
29353,21
29354,58
29355,58
29356,36
29357,36
29358,2
29359,58
29360,58
29361,2
29362,2
29363,21
29364,21
29365,382
29366,21
29367,58
29368,58
29369,69
29370,69
29371,21
29372,113
29373,21
29374,21
29375,58
29376,72
29377,58
29378,18
29379,2
29380,26
29381,21
29382,69
29383,69
29384,11
29385,11
29386,48
29387,48
29388,2
29389,15
29390,48
29391,49
29392,49
29393,2
29394,72
29395,376
29396,69
29397,11
29398,26
29399,26
29400,8
29401,36
29402,49
29403,73
29404,74
29405,8
29406,49
29407,8
29408,36
29409,2
29410,8
29411,36
29412,36
29413,36
29414,382
29415,69
29416,69
29417,69
29418,8
29419,36
29420,49
29421,8
29422,36
29423,26
29424,108
29425,21
29426,72
29427,69
29428,8
29429,21
29430,58
29431,382
29432,205
29433,205
29434,382
29435,382
29436,69
29437,357
29438,84
29439,8
29440,36
29441,49
29442,8
29443,108
29444,21
29445,2
29446,72
29447,376
29448,357
29449,48
29450,2
29451,2
29452,8
29453,101
29454,101
29455,21
29456,58
29457,2
29458,69
29459,8
29460,8
29461,58
29462,8
29463,8
29464,21
29465,58
29466,72
29467,69
29468,21
29469,21
29470,128
29471,8
29472,36
29473,49
29474,8
29475,36
29476,49
29477,77
29478,108
29479,21
29480,113
29481,113
29482,21
29483,8
29484,36
29485,49
29486,30
29487,8
29488,36
29489,49
29490,29
29491,8
29492,36
29493,49
29494,72
29495,72
29496,21
29497,21
29498,2
29499,128
29500,128
29501,58
29502,21
29503,21
29504,2
29505,21
29506,2
29507,8
29508,58
29509,58
29510,130
29511,131
29512,131
29513,131
29514,94
29515,96
29516,21
29517,38
29518,118
29519,2
29520,25
29521,36
29522,26
29523,72
29524,21
29525,2
29526,2
29527,2
29528,382
29529,382
29530,382
29531,8
29532,36
29533,99
29534,99
29535,99
29536,99
29537,99
29538,99
29539,100
29540,100
29541,100
29542,100
29543,100
29544,48
29545,49
29546,49
29547,48
29548,49
29549,47
29550,36
29551,48
29552,36
29553,8
29554,72
29555,8
29556,8
29557,36
29558,21
29559,21
29560,21
29561,58
29562,48
29563,8
29564,36
29565,49
29566,21
29567,21
29568,21
29569,38
29570,72
29571,36
29572,48
29573,35
29574,2
29575,2
29576,72
29577,91
29578,316
29579,100
29580,21
29581,2
29582,2
29583,48
29584,36
29585,21
29586,72
29587,21
29588,72
29589,72
29590,69
29591,69
29592,287
29593,48
29594,8
29595,36
29596,49
29597,8
29598,101
29599,48
29600,2
29601,108
29602,21
29603,21
29604,69
29605,69
29606,8
29607,36
29608,49
29609,8
29610,36
29611,26
29612,72
29613,72
29614,93
29615,113
29616,113
29617,72
29618,287
29619,108
29620,108
29621,21
29622,36
29623,72
29624,58
29625,58
29626,21
29627,2
29628,2
29629,2
29630,72
29631,316
29632,48
29633,8
29634,49
29635,21
29636,21
29637,2
29638,376
29639,376
29640,69
29641,8
29642,36
29643,49
29644,47
29645,26
29646,26
29647,8
29648,36
29649,49
29650,21
29651,58
29652,58
29653,8
29654,36
29655,49
29656,49
29657,48
29658,8
29659,36
29660,8
29661,38
29662,128
29663,38
29664,128
29665,128
29666,72
29667,8
29668,101
29669,8
29670,36
29671,49
29672,48
29673,8
29674,36
29675,108
29676,98
29677,8
29678,36
29679,49
29680,160
29681,8
29682,36
29683,160
29684,8
29685,49
29686,72
29687,8
29688,49
29689,8
29690,8
29691,36
29692,48
29693,8
29694,36
29695,49
29696,49
29697,77
29698,21
29699,21
29700,21
29701,58
29702,58
29703,36
29704,69
29705,128
29706,286
29707,8
29708,36
29709,47
29710,48
29711,8
29712,29
29713,48
29714,8
29715,29
29716,30
29717,8
29718,36
29719,49
29720,36
29721,8
29722,36
29723,49
29724,30
29725,48
29726,74
29727,21
29728,58
29729,36
29730,30
29731,36
29732,29
29733,26
29734,8
29735,8
29736,8
29737,36
29738,8
29739,36
29740,49
29741,49
29742,25
29743,26
29744,26
29745,8
29746,36
29747,8
29748,36
29749,36
29750,21
29751,21
29752,58
29753,2
29754,2
29755,69
29756,69
29757,48
29758,8
29759,36
29760,49
29761,48
29762,48
29763,49
29764,49
29765,49
29766,48
29767,8
29768,38
29769,45
29770,7
29771,8
29772,36
29773,49
29774,47
29775,8
29776,36
29777,47
29778,48
29779,8
29780,36
29781,49
29782,38
29783,38
29784,10
29785,2
29786,2
29787,21
29788,58
29789,72
29790,2
29791,2
29792,72
29793,21
29794,21
29795,58
29796,58
29797,21
29798,21
29799,58
29800,72
29801,38
29802,97
29803,97
29804,38
29805,72
29806,21
29807,21
29808,93
29809,72
29810,98
29811,357
29812,21
29813,21
29814,58
29815,113
29816,91
29817,316
29818,21
29819,8
29820,2
29821,72
29822,8
29823,36
29824,8
29825,45
29826,10
29827,10
29828,8
29829,36
29830,8
29831,36
29832,36
29833,330
29834,330
29835,8
29836,36
29837,21
29838,21
29839,2
29840,2
29841,38
29842,38
29843,21
29844,72
29845,58
29846,58
29847,72
29848,72
29849,72
29850,21
29851,58
29852,58
29853,72
29854,72
29855,72
29856,8
29857,8
29858,205
29859,69
29860,69
29861,69
29862,34
29863,8
29864,101
29865,101
29866,72
29867,21
29868,388
29869,72
29870,21
29871,21
29872,58
29873,69
29874,375
29875,21
29876,21
29877,113
29878,2
29879,72
29880,108
29881,21
29882,21
29883,21
29884,2
29885,2
29886,38
29887,2
29888,10
29889,10
29890,10
29891,10
29892,10
29893,34
29894,8
29895,8
29896,21
29897,21
29898,72
29899,21
29900,21
29901,113
29902,36
29903,38
29904,38
29905,15
29906,48
29907,8
29908,8
29909,35
29910,35
29911,38
29912,8
29913,36
29914,49
29915,72
29916,58
29917,58
29918,58
29919,72
29920,21
29921,72
29922,286
29923,9
29924,9
29925,50
29926,50
29927,88
29928,88
29929,48
29930,48
29931,48
29932,8
29933,2
29934,72
29935,48
29936,15
29937,8
29938,36
29939,49
29940,47
29941,2
29942,2
29943,72
29944,8
29945,8
29946,18
29947,26
29948,26
29949,98
29950,8
29951,36
29952,49
29953,49
29954,21
29955,21
29956,93
29957,48
29958,73
29959,74
29960,21
29961,2
29962,73
29963,21
29964,72
29965,21
29966,21
29967,72
29968,69
29969,48
29970,74
29971,35
29972,8
29973,36
29974,26
29975,26
29976,48
29977,8
29978,72
29979,48
29980,8
29981,36
29982,49
29983,47
29984,36
29985,47
29986,36
29987,8
29988,36
29989,49
29990,8
29991,36
29992,49
29993,48
29994,49
29995,29
29996,30
29997,48
29998,8
29999,49
30000,30
30001,48
30002,2
30003,15
30004,21
30005,21
30006,2
30007,8
30008,36
30009,72
30010,8
30011,36
30012,47
30013,48
30014,8
30015,8
30016,101
30017,21
30018,21
30019,376
30020,0
30021,3
30022,3
30023,21
30024,21
30025,58
30026,58
30027,382
30028,72
30029,21
30030,72
30031,72
30032,113
30033,72
30034,69
30035,69
30036,72
30037,36
30038,49
30039,8
30040,36
30041,49
30042,21
30043,58
30044,72
30045,113
30046,113
30047,36
30048,72
30049,72
30050,8
30051,36
30052,49
30053,72
30054,21
30055,72
30056,69
30057,21
30058,21
30059,21
30060,21
30061,520
30062,8
30063,72
30064,21
30065,21
30066,21
30067,21
30068,21
30069,58
30070,58
30071,8
30072,8
30073,8
30074,36
30075,26
30076,72
30077,26
30078,48
30079,8
30080,36
30081,49
30082,49
30083,21
30084,21
30085,2
30086,72
30087,38
30088,77
30089,48
30090,49
30091,49
30092,8
30093,10
30094,8
30095,8
30096,21
30097,58
30098,36
30099,286
30100,8
30101,482
30102,108
30103,205
30104,21
30105,21
30106,21
30107,8
30108,36
30109,49
30110,49
30111,49
30112,8
30113,8
30114,8
30115,96
30116,8
30117,36
30118,47
30119,38
30120,48
30121,8
30122,49
30123,29
30124,77
30125,30
30126,48
30127,8
30128,49
30129,29
30130,77
30131,30
30132,48
30133,8
30134,49
30135,29
30136,77
30137,30
30138,8
30139,482
30140,8
30141,36
30142,36
30143,49
30144,8
30145,36
30146,49
30147,84
30148,84
30149,35
30150,118
30151,2
30152,10
30153,21
30154,21
30155,58
30156,8
30157,72
30158,205
30159,21
30160,21
30161,58
30162,72
30163,48
30164,8
30165,49
30166,2
30167,10
30168,8
30169,8
30170,72
30171,8
30172,21
30173,21
30174,21
30175,58
30176,58
30177,2
30178,72
30179,8
30180,72
30181,48
30182,8
30183,36
30184,49
30185,21
30186,58
30187,69
30188,357
30189,72
30190,21
30191,36
30192,49
30193,29
30194,36
30195,36
30196,36
30197,49
30198,30
30199,21
30200,21
30201,58
30202,58
30203,2
30204,2
30205,2
30206,2
30207,8
30208,8
30209,21
30210,58
30211,58
30212,2
30213,69
30214,21
30215,2
30216,2
30217,36
30218,69
30219,8
30220,8
30221,8
30222,8
30223,205
30224,21
30225,58
30226,58
30227,58
30228,69
30229,69
30230,69
30231,69
30232,8
30233,8
30234,482
30235,8
30236,8
30237,21
30238,21
30239,36
30240,72
30241,286
30242,21
30243,21
30244,21
30245,21
30246,2
30247,2
30248,2
30249,2
30250,2
30251,2
30252,2
30253,2
30254,2
30255,2
30256,98
30257,21
30258,2
30259,2
30260,72
30261,388
30262,21
30263,58
30264,2
30265,2
30266,382
30267,376
30268,376
30269,69
30270,8
30271,21
30272,21
30273,72
30274,48
30275,8
30276,48
30277,48
30278,49
30279,33
30280,48
30281,8
30282,49
30283,48
30284,8
30285,47
30286,48
30287,49
30288,21
30289,58
30290,21
30291,58
30292,98
30293,21
30294,72
30295,21
30296,21
30297,21
30298,58
30299,72
30300,72
30301,69
30302,21
30303,21
30304,113
30305,113
30306,72
30307,128
30308,72
30309,21
30310,58
30311,58
30312,21
30313,21
30314,21
30315,8
30316,72
30317,48
30318,49
30319,30
30320,48
30321,29
30322,21
30323,58
30324,2
30325,69
30326,69
30327,21
30328,36
30329,21
30330,72
30331,21
30332,21
30333,21
30334,388
30335,58
30336,2
30337,72
30338,69
30339,72
30340,8
30341,36
30342,49
30343,8
30344,45
30345,2
30346,21
30347,2
30348,8
30349,96
30350,8
30351,21
30352,388
30353,58
30354,72
30355,21
30356,72
30357,108
30358,21
30359,93
30360,58
30361,359
30362,359
30363,21
30364,58
30365,72
30366,286
30367,72
30368,8
30369,36
30370,49
30371,30
30372,8
30373,36
30374,49
30375,8
30376,72
30377,48
30378,49
30379,49
30380,8
30381,8
30382,8
30383,36
30384,49
30385,2
30386,15
30387,5
30388,5
30389,48
30390,47
30391,72
30392,69
30393,69
30394,286
30395,48
30396,49
30397,29
30398,8
30399,36
30400,49
30401,147
30402,69
30403,286
30404,8
30405,36
30406,49
30407,49
30408,47
30409,478
30410,8
30411,21
30412,388
30413,58
30414,58
30415,113
30416,286
30417,21
30418,58
30419,357
30420,8
30421,8
30422,8
30423,72
30424,48
30425,160
30426,160
30427,2
30428,69
30429,357
30430,8
30431,36
30432,26
30433,8
30434,36
30435,29
30436,30
30437,8
30438,36
30439,30
30440,8
30441,36
30442,2
30443,8
30444,49
30445,72
30446,21
30447,58
30448,58
30449,72
30450,69
30451,21
30452,58
30453,2
30454,72
30455,36
30456,49
30457,48
30458,8
30459,49
30460,29
30461,77
30462,30
30463,8
30464,21
30465,21
30466,58
30467,72
30468,69
30469,69
30470,21
30471,21
30472,8
30473,38
30474,2
30475,2
30476,67
30477,67
30478,26
30479,21
30480,36
30481,72
30482,69
30483,21
30484,21
30485,2
30486,8
30487,8
30488,21
30489,72
30490,72
30491,287
30492,21
30493,21
30494,58
30495,58
30496,2
30497,72
30498,69
30499,72
30500,205
30501,113
30502,113
30503,21
30504,21
30505,58
30506,8
30507,8
30508,108
30509,21
30510,36
30511,36
30512,72
30513,108
30514,21
30515,21
30516,8
30517,8
30518,113
30519,113
30520,98
30521,8
30522,8
30523,8
30524,8
30525,8
30526,72
30527,38
30528,45
30529,2
30530,17
30531,2
30532,2
30533,8
30534,36
30535,49
30536,8
30537,36
30538,49
30539,30
30540,8
30541,160
30542,21
30543,21
30544,2
30545,69
30546,69
30547,8
30548,36
30549,49
30550,8
30551,2
30552,2
30553,2
30554,38
30555,21
30556,113
30557,108
30558,98
30559,48
30560,2
30561,72
30562,8
30563,72
30564,69
30565,58
30566,130
30567,130
30568,94
30569,96
30570,72
30571,21
30572,58
30573,2
30574,2
30575,2
30576,2
30577,69
30578,69
30579,69
30580,69
30581,108
30582,108
30583,108
30584,21
30585,21
30586,2
30587,2
30588,72
30589,69
30590,8
30591,36
30592,49
30593,29
30594,8
30595,36
30596,49
30597,30
30598,72
30599,21
30600,21
30601,58
30602,69
30603,72
30604,21
30605,21
30606,8
30607,72
30608,98
30609,146
30610,8
30611,36
30612,21
30613,58
30614,58
30615,72
30616,97
30617,97
30618,287
30619,58
30620,72
30621,98
30622,93
30623,98
30624,21
30625,128
30626,72
30627,72
30628,48
30629,58
30630,58
30631,8
30632,49
30633,49
30634,520
30635,8
30636,48
30637,8
30638,38
30639,2
30640,2
30641,21
30642,21
30643,2
30644,8
30645,36
30646,49
30647,21
30648,21
30649,58
30650,58
30651,72
30652,21
30653,21
30654,58
30655,2
30656,2
30657,21
30658,21
30659,2
30660,69
30661,8
30662,8
30663,8
30664,21
30665,21
30666,58
30667,113
30668,113
30669,21
30670,94
30671,94
30672,96
30673,72
30674,38
30675,8
30676,36
30677,48
30678,49
30679,29
30680,77
30681,48
30682,8
30683,138
30684,49
30685,77
30686,30
30687,7
30688,7
30689,21
30690,72
30691,376
30692,72
30693,21
30694,21
30695,58
30696,58
30697,69
30698,21
30699,21
30700,58
30701,58
30702,58
30703,2
30704,2
30705,478
30706,8
30707,8
30708,8
30709,8
30710,8
30711,36
30712,49
30713,36
30714,18
30715,8
30716,36
30717,49
30718,73
30719,74
30720,21
30721,8
30722,72
30723,21
30724,21
30725,388
30726,58
30727,72
30728,72
30729,72
30730,100
30731,8
30732,8
30733,8
30734,2
30735,10
30736,2
30737,2
30738,36
30739,8
30740,8
30741,36
30742,49
30743,48
30744,74
30745,21
30746,21
30747,98
30748,48
30749,38
30750,2
30751,8
30752,36
30753,49
30754,8
30755,36
30756,8
30757,26
30758,8
30759,49
30760,48
30761,8
30762,36
30763,49
30764,49
30765,47
30766,30
30767,72
30768,8
30769,72
30770,287
30771,93
30772,93
30773,128
30774,98
30775,21
30776,21
30777,21
30778,58
30779,58
30780,58
30781,58
30782,36
30783,72
30784,108
30785,21
30786,21
30787,21
30788,58
30789,58
30790,58
30791,376
30792,48
30793,160
30794,21
30795,69
30796,48
30797,35
30798,15
30799,48
30800,8
30801,36
30802,49
30803,49
30804,30
30805,48
30806,49
30807,49
30808,29
30809,50
30810,10
30811,8
30812,8
30813,36
30814,49
30815,38
30816,15
30817,48
30818,35
30819,2
30820,9
30821,10
30822,10
30823,21
30824,69
30825,69
30826,69
30827,8
30828,36
30829,49
30830,48
30831,49
30832,36
30833,49
30834,49
30835,36
30836,8
30837,36
30838,49
30839,8
30840,114
30841,69
30842,38
30843,72
30844,72
30845,8
30846,480
30847,8
30848,36
30849,48
30850,8
30851,15
30852,8
30853,36
30854,49
30855,8
30856,18
30857,18
30858,21
30859,21
30860,388
30861,58
30862,36
30863,382
30864,69
30865,2
30866,21
30867,58
30868,182
30869,72
30870,48
30871,8
30872,2
30873,113
30874,72
30875,69
30876,48
30877,8
30878,2
30879,36
30880,21
30881,69
30882,21
30883,58
30884,2
30885,72
30886,69
30887,108
30888,93
30889,72
30890,72
30891,108
30892,21
30893,21
30894,69
30895,21
30896,58
30897,21
30898,21
30899,21
30900,113
30901,69
30902,21
30903,21
30904,376
30905,58
30906,382
30907,8
30908,8
30909,36
30910,108
30911,205
30912,58
30913,58
30914,113
30915,72
30916,72
30917,21
30918,21
30919,58
30920,2
30921,8
30922,8
30923,72
30924,21
30925,2
30926,2
30927,72
30928,72
30929,21
30930,58
30931,58
30932,72
30933,21
30934,21
30935,58
30936,58
30937,113
30938,2
30939,2
30940,2
30941,36
30942,72
30943,128
30944,21
30945,21
30946,93
30947,58
30948,114
30949,72
30950,287
30951,72
30952,100
30953,108
30954,108
30955,72
30956,36
30957,26
30958,8
30959,36
30960,49
30961,26
30962,48
30963,8
30964,47
30965,77
30966,30
30967,48
30968,8
30969,29
30970,47
30971,77
30972,30
30973,8
30974,36
30975,49
30976,48
30977,49
30978,72
30979,11
30980,91
30981,8
30982,73
30983,74
30984,478
30985,8
30986,48
30987,74
30988,72
30989,21
30990,8
30991,58
30992,72
30993,72
30994,58
30995,8
30996,8
30997,69
30998,128
30999,21
31000,58
31001,72
31002,69
31003,69
31004,69
31005,69
31006,8
31007,8
31008,21
31009,58
31010,72
31011,8
31012,8
31013,8
31014,8
31015,72
31016,21
31017,2
31018,69
31019,72
31020,478
31021,8
31022,21
31023,21
31024,8
31025,8
31026,21
31027,21
31028,93
31029,58
31030,72
31031,72
31032,69
31033,108
31034,21
31035,58
31036,58
31037,72
31038,72
31039,8
31040,316
31041,72
31042,58
31043,58
31044,72
31045,108
31046,21
31047,21
31048,58
31049,58
31050,130
31051,72
31052,98
31053,21
31054,58
31055,72
31056,98
31057,72
31058,8
31059,36
31060,49
31061,8
31062,8
31063,72
31064,21
31065,21
31066,21
31067,58
31068,58
31069,21
31070,21
31071,58
31072,58
31073,21
31074,58
31075,21
31076,58
31077,113
31078,72
31079,69
31080,58
31081,113
31082,72
31083,72
31084,72
31085,93
31086,72
31087,128
31088,98
31089,8
31090,21
31091,58
31092,58
31093,108
31094,21
31095,113
31096,344
31097,21
31098,21
31099,58
31100,58
31101,8
31102,21
31103,21
31104,58
31105,8
31106,8
31107,21
31108,21
31109,58
31110,58
31111,58
31112,113
31113,21
31114,21
31115,58
31116,353
31117,8
31118,36
31119,108
31120,21
31121,21
31122,58
31123,58
31124,69
31125,72
31126,21
31127,21
31128,58
31129,113
31130,72
31131,287
31132,21
31133,58
31134,58
31135,21
31136,21
31137,58
31138,58
31139,2
31140,2
31141,2
31142,2
31143,2
31144,69
31145,72
31146,72
31147,8
31148,72
31149,8
31150,36
31151,21
31152,58
31153,21
31154,21
31155,21
31156,128
31157,128
31158,8
31159,101
31160,21
31161,93
31162,21
31163,58
31164,72
31165,98
31166,287
31167,10
31168,10
31169,108
31170,21
31171,58
31172,58
31173,58
31174,72
31175,8
31176,72
31177,8
31178,21
31179,58
31180,58
31181,8
31182,8
31183,8
31184,21
31185,21
31186,388
31187,58
31188,58
31189,72
31190,8
31191,36
31192,49
31193,8
31194,36
31195,49
31196,29
31197,8
31198,49
31199,30
31200,48
31201,8
31202,36
31203,49
31204,48
31205,49
31206,21
31207,58
31208,2
31209,11
31210,48
31211,8
31212,49
31213,29
31214,77
31215,30
31216,48
31217,2
31218,10
31219,8
31220,36
31221,8
31222,36
31223,21
31224,72
31225,21
31226,21
31227,58
31228,58
31229,2
31230,8
31231,101
31232,21
31233,21
31234,8
31235,38
31236,45
31237,2
31238,10
31239,10
31240,10
31241,10
31242,2
31243,182
31244,108
31245,58
31246,21
31247,58
31248,58
31249,58
31250,2
31251,21
31252,21
31253,58
31254,58
31255,2
31256,8
31257,8
31258,48
31259,8
31260,30
31261,48
31262,29
31263,30
31264,48
31265,49
31266,30
31267,48
31268,49
31269,29
31270,77
31271,30
31272,21
31273,8
31274,2
31275,2
31276,18
31277,21
31278,113
31279,72
31280,8
31281,8
31282,7
31283,48
31284,35
31285,38
31286,2
31287,48
31288,8
31289,36
31290,49
31291,49
31292,48
31293,49
31294,29
31295,77
31296,30
31297,48
31298,49
31299,29
31300,77
31301,30
31302,48
31303,49
31304,29
31305,77
31306,30
31307,21
31308,36
31309,72
31310,48
31311,36
31312,49
31313,47
31314,48
31315,36
31316,49
31317,8
31318,36
31319,49
31320,30
31321,8
31322,36
31323,49
31324,29
31325,26
31326,8
31327,36
31328,47
31329,8
31330,8
31331,122
31332,48
31333,38
31334,2
31335,108
31336,21
31337,69
31338,69
31339,26
31340,48
31341,8
31342,48
31343,8
31344,49
31345,26
31346,8
31347,36
31348,49
31349,72
31350,69
31351,108
31352,58
31353,108
31354,21
31355,21
31356,69
31357,21
31358,21
31359,2
31360,98
31361,72
31362,21
31363,58
31364,8
31365,8
31366,72
31367,8
31368,36
31369,49
31370,29
31371,8
31372,36
31373,49
31374,30
31375,72
31376,36
31377,49
31378,36
31379,26
31380,21
31381,21
31382,357
31383,8
31384,36
31385,49
31386,21
31387,58
31388,58
31389,69
31390,69
31391,21
31392,21
31393,72
31394,69
31395,69
31396,69
31397,69
31398,48
31399,8
31400,36
31401,47
31402,30
31403,8
31404,36
31405,26
31406,21
31407,21
31408,8
31409,36
31410,36
31411,49
31412,7
31413,21
31414,58
31415,69
31416,36
31417,36
31418,99
31419,99
31420,100
31421,48
31422,160
31423,36
31424,21
31425,2
31426,2
31427,2
31428,72
31429,69
31430,69
31431,25
31432,18
31433,26
31434,72
31435,8
31436,481
31437,289
31438,8
31439,38
31440,2
31441,38
31442,38
31443,2
31444,108
31445,21
31446,69
31447,48
31448,35
31449,12
31450,45
31451,108
31452,72
31453,72
31454,108
31455,21
31456,21
31457,9
31458,10
31459,10
31460,21
31461,72
31462,69
31463,10
31464,10
31465,10
31466,91
31467,8
31468,36
31469,21
31470,21
31471,375
31472,36
31473,49
31474,49
31475,8
31476,36
31477,49
31478,68
31479,48
31480,74
31481,38
31482,45
31483,2
31484,114
31485,114
31486,72
31487,69
31488,73
31489,74
31490,8
31491,14
31492,26
31493,8
31494,8
31495,36
31496,30
31497,8
31498,36
31499,29
31500,30
31501,48
31502,8
31503,29
31504,47
31505,72
31506,21
31507,21
31508,58
31509,8
31510,36
31511,49
31512,21
31513,72
31514,48
31515,49
31516,160
31517,30
31518,48
31519,49
31520,160
31521,160
31522,29
31523,8
31524,26
31525,21
31526,21
31527,58
31528,58
31529,72
31530,362
31531,8
31532,21
31533,21
31534,58
31535,72
31536,69
31537,357
31538,8
31539,21
31540,58
31541,382
31542,48
31543,8
31544,36
31545,49
31546,77
31547,8
31548,48
31549,36
31550,49
31551,77
31552,2
31553,2
31554,48
31555,49
31556,160
31557,8
31558,48
31559,8
31560,49
31561,77
31562,36
31563,26
31564,21
31565,58
31566,72
31567,72
31568,8
31569,21
31570,36
31571,69
31572,69
31573,26
31574,48
31575,26
31576,48
31577,36
31578,8
31579,8
31580,8
31581,45
31582,2
31583,2
31584,2
31585,2
31586,72
31587,8
31588,36
31589,36
31590,49
31591,49
31592,48
31593,74
31594,8
31595,48
31596,47
31597,36
31598,36
31599,36
31600,29
31601,47
31602,36
31603,29
31604,30
31605,48
31606,22
31607,29
31608,48
31609,8
31610,49
31611,29
31612,77
31613,30
31614,48
31615,8
31616,36
31617,49
31618,29
31619,77
31620,8
31621,36
31622,49
31623,49
31624,48
31625,30
31626,36
31627,49
31628,49
31629,30
31630,36
31631,49
31632,49
31633,29
31634,48
31635,8
31636,49
31637,36
31638,72
31639,21
31640,69
31641,69
31642,8
31643,36
31644,49
31645,48
31646,36
31647,49
31648,160
31649,21
31650,2
31651,2
31652,8
31653,36
31654,49
31655,49
31656,8
31657,21
31658,286
31659,21
31660,8
31661,21
31662,21
31663,58
31664,58
31665,72
31666,36
31667,69
31668,21
31669,2
31670,72
31671,21
31672,36
31673,108
31674,21
31675,72
31676,2
31677,58
31678,72
31679,72
31680,37
31681,38
31682,2
31683,21
31684,36
31685,72
31686,36
31687,69
31688,21
31689,58
31690,2
31691,58
31692,72
31693,8
31694,36
31695,18
31696,36
31697,12
31698,8
31699,36
31700,49
31701,8
31702,8
31703,8
31704,72
31705,8
31706,8
31707,8
31708,8
31709,21
31710,21
31711,388
31712,205
31713,147
31714,344
31715,21
31716,58
31717,72
31718,8
31719,8
31720,21
31721,21
31722,3
31723,3
31724,21
31725,58
31726,58
31727,21
31728,58
31729,69
31730,69
31731,8
31732,21
31733,21
31734,58
31735,58
31736,108
31737,21
31738,58
31739,2
31740,205
31741,205
31742,205
31743,205
31744,21
31745,113
31746,128
31747,2
31748,72
31749,72
31750,69
31751,21
31752,21
31753,21
31754,58
31755,58
31756,72
31757,8
31758,8
31759,72
31760,69
31761,8
31762,36
31763,2
31764,2
31765,8
31766,2
31767,2
31768,8
31769,49
31770,47
31771,48
31772,8
31773,36
31774,47
31775,8
31776,8
31777,8
31778,49
31779,49
31780,47
31781,8
31782,101
31783,21
31784,21
31785,58
31786,58
31787,58
31788,48
31789,8
31790,36
31791,49
31792,21
31793,58
31794,2
31795,2
31796,21
31797,58
31798,72
31799,69
31800,169
31801,21
31802,58
31803,128
31804,128
31805,286
31806,38
31807,22
31808,45
31809,8
31810,14
31811,26
31812,8
31813,101
31814,36
31815,132
31816,2
31817,21
31818,58
31819,58
31820,72
31821,72
31822,21
31823,21
31824,69
31825,69
31826,21
31827,72
31828,287
31829,36
31830,26
31831,36
31832,48
31833,8
31834,29
31835,47
31836,30
31837,26
31838,48
31839,8
31840,49
31841,25
31842,26
31843,8
31844,36
31845,49
31846,2
31847,8
31848,36
31849,49
31850,49
31851,47
31852,8
31853,36
31854,49
31855,108
31856,21
31857,21
31858,58
31859,72
31860,21
31861,58
31862,58
31863,72
31864,72
31865,205
31866,205
31867,344
31868,72
31869,36
31870,49
31871,36
31872,36
31873,48
31874,8
31875,36
31876,49
31877,36
31878,8
31879,8
31880,49
31881,68
31882,30
31883,8
31884,49
31885,68
31886,29
31887,2
31888,2
31889,2
31890,8
31891,8
31892,2
31893,8
31894,36
31895,49
31896,2
31897,2
31898,2
31899,2
31900,36
31901,8
31902,49
31903,8
31904,8
31905,26
31906,48
31907,8
31908,47
31909,73
31910,48
31911,35
31912,19
31913,20
31914,21
31915,69
31916,69
31917,21
31918,58
31919,21
31920,8
31921,8
31922,8
31923,33
31924,108
31925,21
31926,21
31927,113
31928,2
31929,72
31930,69
31931,91
31932,91
31933,8
31934,207
31935,2
31936,36
31937,108
31938,21
31939,113
31940,72
31941,69
31942,388
31943,2
31944,72
31945,8
31946,8
31947,21
31948,58
31949,108
31950,21
31951,357
31952,72
31953,21
31954,8
31955,72
31956,376
31957,128
31958,38
31959,21
31960,21
31961,8
31962,8
31963,113
31964,113
31965,69
31966,8
31967,8
31968,205
31969,21
31970,58
31971,36
31972,382
31973,21
31974,21
31975,36
31976,21
31977,58
31978,72
31979,2
31980,2
31981,36
31982,69
31983,69
31984,72
31985,21
31986,72
31987,69
31988,69
31989,205
31990,205
31991,21
31992,21
31993,58
31994,58
31995,2
31996,72
31997,69
31998,69
31999,69
32000,21
32001,21
32002,58
32003,100
32004,8
32005,36
32006,38
32007,398
32008,58
32009,21
32010,93
32011,58
32012,2
32013,478
32014,8
32015,36
32016,2
32017,74
32018,8
32019,36
32020,49
32021,97
32022,36
32023,21
32024,58
32025,72
32026,72
32027,36
32028,8
32029,48
32030,74
32031,48
32032,8
32033,8
32034,30
32035,21
32036,48
32037,36
32038,49
32039,8
32040,36
32041,49
32042,8
32043,8
32044,8
32045,36
32046,49
32047,49
32048,93
32049,36
32050,72
32051,69
32052,69
32053,69
32054,21
32055,36
32056,72
32057,69
32058,21
32059,93
32060,93
32061,58
32062,58
32063,72
32064,98
32065,93
32066,93
32067,108
32068,21
32069,58
32070,2
32071,2
32072,2
32073,2
32074,10
32075,10
32076,10
32077,36
32078,26
32079,21
32080,36
32081,72
32082,8
32083,49
32084,49
32085,8
32086,12
32087,8
32088,36
32089,49
32090,48
32091,8
32092,2
32093,8
32094,36
32095,49
32096,48
32097,36
32098,48
32099,74
32100,8
32101,36
32102,49
32103,78
32104,79
32105,73
32106,74
32107,36
32108,48
32109,49
32110,77
32111,48
32112,21
32113,2
32114,2
32115,2
32116,72
32117,8
32118,36
32119,8
32120,26
32121,26
32122,108
32123,108
32124,21
32125,48
32126,49
32127,49
32128,29
32129,77
32130,48
32131,8
32132,36
32133,49
32134,49
32135,77
32136,30
32137,8
32138,8
32139,8
32140,49
32141,49
32142,77
32143,30
32144,36
32145,49
32146,49
32147,77
32148,18
32149,26
32150,48
32151,8
32152,49
32153,8
32154,36
32155,49
32156,8
32157,49
32158,8
32159,36
32160,36
32161,48
32162,8
32163,36
32164,30
32165,48
32166,8
32167,36
32168,29
32169,8
32170,36
32171,48
32172,21
32173,58
32174,2
32175,2
32176,2
32177,2
32178,72
32179,376
32180,376
32181,8
32182,36
32183,49
32184,48
32185,8
32186,36
32187,49
32188,8
32189,36
32190,49
32191,8
32192,49
32193,8
32194,36
32195,48
32196,160
32197,48
32198,8
32199,36
32200,8
32201,36
32202,36
32203,48
32204,8
32205,26
32206,8
32207,36
32208,49
32209,8
32210,36
32211,26
32212,48
32213,8
32214,49
32215,108
32216,108
32217,21
32218,21
32219,48
32220,49
32221,160
32222,10
32223,10
32224,25
32225,72
32226,50
32227,10
32228,10
32229,10
32230,31
32231,26
32232,72
32233,8
32234,36
32235,49
32236,72
32237,21
32238,2
32239,72
32240,69
32241,72
32242,8
32243,36
32244,49
32245,74
32246,108
32247,108
32248,108
32249,21
32250,8
32251,36
32252,29
32253,8
32254,36
32255,30
32256,48
32257,48
32258,8
32259,36
32260,26
32261,113
32262,72
32263,48
32264,8
32265,49
32266,8
32267,26
32268,8
32269,2
32270,34
32271,48
32272,8
32273,77
32274,30
32275,48
32276,8
32277,49
32278,29
32279,77
32280,30
32281,48
32282,8
32283,29
32284,77
32285,30
32286,48
32287,8
32288,36
32289,49
32290,49
32291,47
32292,8
32293,36
32294,160
32295,21
32296,21
32297,113
32298,38
32299,118
32300,45
32301,10
32302,10
32303,10
32304,8
32305,36
32306,26
32307,84
32308,84
32309,108
32310,108
32311,108
32312,108
32313,205
32314,205
32315,21
32316,2
32317,2
32318,2
32319,376
32320,376
32321,376
32322,48
32323,30
32324,8
32325,101
32326,8
32327,36
32328,21
32329,58
32330,2
32331,2
32332,69
32333,21
32334,58
32335,2
32336,2
32337,8
32338,36
32339,26
32340,21
32341,72
32342,69
32343,69
32344,69
32345,8
32346,8
32347,36
32348,48
32349,74
32350,48
32351,8
32352,36
32353,49
32354,21
32355,388
32356,36
32357,382
32358,72
32359,286
32360,58
32361,72
32362,108
32363,36
32364,72
32365,69
32366,69
32367,72
32368,72
32369,21
32370,72
32371,72
32372,69
32373,21
32374,21
32375,21
32376,58
32377,58
32378,72
32379,108
32380,21
32381,21
32382,72
32383,91
32384,8
32385,2
32386,21
32387,21
32388,36
32389,72
32390,8
32391,10
32392,10
32393,10
32394,10
32395,10
32396,10
32397,10
32398,48
32399,49
32400,49
32401,29
32402,48
32403,49
32404,49
32405,29
32406,47
32407,30
32408,8
32409,8
32410,8
32411,48
32412,36
32413,49
32414,72
32415,8
32416,36
32417,49
32418,58
32419,58
32420,69
32421,21
32422,58
32423,36
32424,69
32425,21
32426,114
32427,72
32428,98
32429,287
32430,8
32431,21
32432,72
32433,21
32434,58
32435,72
32436,58
32437,113
32438,113
32439,72
32440,21
32441,8
32442,58
32443,2
32444,2
32445,2
32446,72
32447,8
32448,8
32449,21
32450,21
32451,58
32452,58
32453,286
32454,58
32455,72
32456,8
32457,49
32458,48
32459,8
32460,36
32461,49
32462,2
32463,8
32464,2
32465,21
32466,8
32467,8
32468,36
32469,49
32470,26
32471,72
32472,48
32473,74
32474,48
32475,8
32476,29
32477,47
32478,30
32479,48
32480,8
32481,29
32482,47
32483,30
32484,8
32485,49
32486,36
32487,36
32488,18
32489,18
32490,8
32491,21
32492,388
32493,388
32494,388
32495,58
32496,72
32497,48
32498,138
32499,49
32500,48
32501,35
32502,8
32503,8
32504,8
32505,21
32506,58
32507,8
32508,72
32509,108
32510,21
32511,58
32512,8
32513,21
32514,58
32515,72
32516,8
32517,8
32518,72
32519,108
32520,108
32521,21
32522,21
32523,21
32524,58
32525,58
32526,69
32527,69
32528,69
32529,357
32530,357
32531,7
32532,7
32533,21
32534,21
32535,8
32536,101
32537,8
32538,8
32539,72
32540,108
32541,205
32542,21
32543,113
32544,21
32545,58
32546,8
32547,8
32548,8
32549,21
32550,69
32551,69
32552,69
32553,72
32554,21
32555,58
32556,69
32557,72
32558,3
32559,69
32560,69
32561,21
32562,21
32563,72
32564,69
32565,21
32566,21
32567,72
32568,69
32569,21
32570,58
32571,72
32572,69
32573,287
32574,21
32575,113
32576,2
32577,2
32578,108
32579,21
32580,388
32581,21
32582,21
32583,2
32584,2
32585,2
32586,72
32587,72
32588,69
32589,69
32590,38
32591,38
32592,8
32593,8
32594,96
32595,205
32596,21
32597,8
32598,8
32599,113
32600,72
32601,69
32602,69
32603,287
32604,10
32605,10
32606,10
32607,21
32608,72
32609,8
32610,36
32611,49
32612,72
32613,21
32614,21
32615,58
32616,72
32617,58
32618,72
32619,21
32620,58
32621,58
32622,113
32623,21
32624,21
32625,21
32626,48
32627,8
32628,8
32629,14
32630,2
32631,10
32632,10
32633,21
32634,21
32635,58
32636,2
32637,72
32638,21
32639,69
32640,69
32641,8
32642,8
32643,21
32644,21
32645,58
32646,58
32647,11
32648,8
32649,21
32650,114
32651,97
32652,21
32653,58
32654,58
32655,8
32656,36
32657,49
32658,21
32659,2
32660,2
32661,72
32662,69
32663,72
32664,72
32665,72
32666,21
32667,21
32668,48
32669,45
32670,36
32671,21
32672,21
32673,58
32674,58
32675,38
32676,77
32677,18
32678,38
32679,48
32680,8
32681,48
32682,129
32683,47
32684,21
32685,21
32686,113
32687,69
32688,21
32689,21
32690,2
32691,36
32692,72
32693,69
32694,58
32695,72
32696,287
32697,72
32698,287
32699,48
32700,8
32701,36
32702,49
32703,58
32704,108
32705,21
32706,58
32707,46
32708,2
32709,36
32710,36
32711,36
32712,36
32713,21
32714,36
32715,108
32716,21
32717,21
32718,58
32719,69
32720,8
32721,2
32722,2
32723,72
32724,69
32725,69
32726,357
32727,8
32728,58
32729,72
32730,287
32731,38
32732,38
32733,38
32734,25
32735,398
32736,353
32737,8
32738,8
32739,479
32740,108
32741,21
32742,359
32743,359
32744,359
32745,359
32746,38
32747,72
32748,69
32749,77
32750,7
32751,7
32752,7
32753,7
32754,7
32755,7
32756,7
32757,8
32758,8
32759,316
32760,100
32761,21
32762,72
32763,21
32764,58
32765,72
32766,72
32767,72
32768,69
32769,72
32770,388
32771,69
32772,21
32773,21
32774,58
32775,58
32776,58
32777,2
32778,2
32779,69
32780,58
32781,69
32782,97
32783,21
32784,21
32785,21
32786,58
32787,58
32788,69
32789,69
32790,8
32791,72
32792,287
32793,2
32794,3
32795,3
32796,8
32797,8
32798,21
32799,2
32800,2
32801,21
32802,21
32803,58
32804,72
32805,8
32806,8
32807,407
32808,8
32809,8
32810,21
32811,21
32812,8
32813,21
32814,58
32815,58
32816,72
32817,21
32818,21
32819,21
32820,58
32821,108
32822,21
32823,58
32824,72
32825,21
32826,21
32827,21
32828,21
32829,21
32830,58
32831,58
32832,35
32833,38
32834,38
32835,45
32836,2
32837,18
32838,54
32839,21
32840,21
32841,21
32842,8
32843,8
32844,72
32845,69
32846,287
32847,72
32848,21
32849,21
32850,113
32851,128
32852,108
32853,21
32854,128
32855,21
32856,21
32857,8
32858,72
32859,21
32860,21
32861,113
32862,69
32863,108
32864,21
32865,21
32866,8
32867,21
32868,21
32869,21
32870,58
32871,130
32872,131
32873,131
32874,114
32875,114
32876,21
32877,21
32878,2
32879,21
32880,21
32881,58
32882,58
32883,2
32884,21
32885,21
32886,21
32887,58
32888,58
32889,286
32890,21
32891,21
32892,58
32893,58
32894,58
32895,36
32896,72
32897,69
32898,21
32899,93
32900,58
32901,58
32902,72
32903,69
32904,69
32905,48
32906,49
32907,48
32908,49
32909,30
32910,58
32911,8
32912,8
32913,21
32914,58
32915,21
32916,128
32917,357
32918,21
32919,58
32920,58
32921,72
32922,357
32923,72
32924,58
32925,58
32926,69
32927,10
32928,72
32929,72
32930,72
32931,21
32932,21
32933,21
32934,21
32935,58
32936,2
32937,2
32938,21
32939,8
32940,72
32941,108
32942,21
32943,21
32944,113
32945,2
32946,36
32947,69
32948,357
32949,357
32950,357
32951,357
32952,357
32953,108
32954,58
32955,108
32956,21
32957,21
32958,21
32959,58
32960,58
32961,382
32962,8
32963,8
32964,108
32965,21
32966,58
32967,21
32968,8
32969,58
32970,58
32971,10
32972,10
32973,17
32974,10
32975,15
32976,17
32977,93
32978,72
32979,69
32980,128
32981,72
32982,72
32983,108
32984,205
32985,21
32986,21
32987,58
32988,97
32989,72
32990,21
32991,388
32992,58
32993,58
32994,36
32995,72
32996,69
32997,21
32998,69
32999,21
33000,21
33001,72
33002,72
33003,11
33004,21
33005,58
33006,286
33007,72
33008,33
33009,21
33010,21
33011,72
33012,72
33013,69
33014,69
33015,11
33016,21
33017,21
33018,58
33019,58
33020,2
33021,2
33022,2
33023,69
33024,69
33025,108
33026,21
33027,21
33028,58
33029,58
33030,2
33031,36
33032,21
33033,21
33034,376
33035,69
33036,69
33037,69
33038,72
33039,69
33040,58
33041,72
33042,98
33043,72
33044,72
33045,21
33046,21
33047,21
33048,58
33049,58
33050,58
33051,72
33052,69
33053,69
33054,69
33055,69
33056,21
33057,58
33058,58
33059,21
33060,93
33061,58
33062,58
33063,114
33064,108
33065,21
33066,21
33067,2
33068,376
33069,376
33070,376
33071,21
33072,72
33073,21
33074,21
33075,388
33076,36
33077,72
33078,376
33079,69
33080,18
33081,26
33082,8
33083,58
33084,58
33085,72
33086,108
33087,21
33088,21
33089,72
33090,21
33091,21
33092,58
33093,58
33094,72
33095,72
33096,21
33097,21
33098,58
33099,113
33100,21
33101,108
33102,58
33103,72
33104,58
33105,72
33106,21
33107,8
33108,49
33109,69
33110,8
33111,72
33112,72
33113,72
33114,287
33115,72
33116,22
33117,2
33118,21
33119,108
33120,21
33121,58
33122,108
33123,72
33124,69
33125,21
33126,69
33127,48
33128,10
33129,10
33130,10
33131,10
33132,10
33133,10
33134,10
33135,10
33136,10
33137,10
33138,10
33139,10
33140,10
33141,10
33142,21
33143,21
33144,72
33145,72
33146,108
33147,21
33148,113
33149,8
33150,72
33151,69
33152,36
33153,36
33154,72
33155,69
33156,287
33157,108
33158,21
33159,388
33160,36
33161,72
33162,2
33163,36
33164,72
33165,69
33166,69
33167,11
33168,21
33169,58
33170,58
33171,36
33172,72
33173,69
33174,72
33175,21
33176,21
33177,58
33178,58
33179,72
33180,58
33181,2
33182,21
33183,72
33184,21
33185,69
33186,72
33187,205
33188,21
33189,21
33190,8
33191,2
33192,36
33193,21
33194,113
33195,113
33196,72
33197,21
33198,21
33199,58
33200,58
33201,2
33202,10
33203,10
33204,21
33205,21
33206,58
33207,72
33208,69
33209,21
33210,21
33211,388
33212,21
33213,21
33214,58
33215,58
33216,98
33217,21
33218,58
33219,128
33220,21
33221,58
33222,286
33223,72
33224,21
33225,21
33226,21
33227,58
33228,58
33229,286
33230,388
33231,72
33232,69
33233,69
33234,69
33235,48
33236,22
33237,108
33238,21
33239,375
33240,21
33241,21
33242,58
33243,21
33244,21
33245,21
33246,36
33247,72
33248,108
33249,21
33250,58
33251,128
33252,205
33253,21
33254,2
33255,72
33256,58
33257,72
33258,58
33259,58
33260,128
33261,72
33262,21
33263,388
33264,58
33265,48
33266,49
33267,8
33268,72
33269,69
33270,69
33271,128
33272,128
33273,72
33274,69
33275,69
33276,21
33277,72
33278,72
33279,72
33280,382
33281,286
33282,286
33283,108
33284,21
33285,72
33286,69
33287,72
33288,21
33289,58
33290,286
33291,21
33292,21
33293,58
33294,58
33295,128
33296,108
33297,21
33298,21
33299,93
33300,93
33301,58
33302,21
33303,93
33304,58
33305,128
33306,21
33307,21
33308,58
33309,114
33310,375
33311,286
33312,21
33313,21
33314,58
33315,114
33316,69
33317,375
33318,286
33319,21
33320,357
33321,357
33322,21
33323,21
33324,97
33325,97
33326,8
33327,26
33328,8
33329,48
33330,8
33331,36
33332,49
33333,21
33334,21
33335,58
33336,72
33337,21
33338,21
33339,21
33340,21
33341,286
33342,21
33343,58
33344,58
33345,21
33346,21
33347,21
33348,113
33349,72
33350,21
33351,58
33352,357
33353,8
33354,21
33355,21
33356,58
33357,72
33358,108
33359,21
33360,21
33361,21
33362,58
33363,58
33364,72
33365,72
33366,72
33367,21
33368,388
33369,58
33370,58
33371,98
33372,357
33373,8
33374,21
33375,21
33376,21
33377,72
33378,21
33379,21
33380,72
33381,48
33382,47
33383,2
33384,36
33385,21
33386,72
33387,21
33388,21
33389,58
33390,58
33391,72
33392,21
33393,388
33394,58
33395,69
33396,72
33397,8
33398,49
33399,21
33400,388
33401,113
33402,69
33403,36
33404,72
33405,128
33406,21
33407,21
33408,21
33409,69
33410,69
33411,357
33412,108
33413,205
33414,205
33415,21
33416,21
33417,72
33418,11
33419,25
33420,26
33421,21
33422,58
33423,58
33424,113
33425,21
33426,2
33427,72
33428,8
33429,36
33430,49
33431,30
33432,21
33433,21
33434,21
33435,58
33436,58
33437,36
33438,69
33439,36
33440,72
33441,48
33442,8
33443,49
33444,2
33445,376
33446,69
33447,21
33448,69
33449,21
33450,72
33451,36
33452,21
33453,21
33454,8
33455,58
33456,58
33457,72
33458,287
33459,72
33460,2
33461,72
33462,21
33463,72
33464,108
33465,21
33466,21
33467,376
33468,8
33469,8
33470,58
33471,72
33472,97
33473,287
33474,21
33475,58
33476,36
33477,2
33478,74
33479,8
33480,8
33481,72
33482,69
33483,108
33484,72
33485,69
33486,21
33487,58
33488,2
33489,2
33490,11
33491,21
33492,72
33493,21
33494,72
33495,21
33496,72
33497,69
33498,286
33499,72
33500,8
33501,21
33502,69
33503,69
33504,69
33505,98
33506,72
33507,36
33508,99
33509,21
33510,72
33511,72
33512,72
33513,36
33514,72
33515,72
33516,21
33517,21
33518,2
33519,376
33520,21
33521,21
33522,58
33523,58
33524,2
33525,8
33526,36
33527,49
33528,160
33529,29
33530,72
33531,8
33532,8
33533,21
33534,58
33535,2
33536,8
33537,18
33538,26
33539,72
33540,21
33541,21
33542,21
33543,72
33544,69
33545,69
33546,69
33547,357
33548,8
33549,21
33550,21
33551,72
33552,21
33553,2
33554,2
33555,48
33556,8
33557,36
33558,49
33559,21
33560,388
33561,58
33562,36
33563,72
33564,69
33565,69
33566,8
33567,26
33568,8
33569,38
33570,21
33571,21
33572,72
33573,108
33574,108
33575,205
33576,21
33577,205
33578,72
33579,69
33580,72
33581,21
33582,72
33583,72
33584,8
33585,113
33586,113
33587,113
33588,8
33589,36
33590,49
33591,21
33592,21
33593,8
33594,21
33595,21
33596,21
33597,2
33598,2
33599,376
33600,69
33601,69
33602,108
33603,21
33604,21
33605,21
33606,388
33607,72
33608,21
33609,8
33610,72
33611,287
33612,21
33613,2
33614,69
33615,72
33616,21
33617,21
33618,58
33619,58
33620,21
33621,2
33622,21
33623,21
33624,58
33625,69
33626,108
33627,21
33628,97
33629,344
33630,344
33631,55
33632,55
33633,108
33634,21
33635,21
33636,93
33637,58
33638,58
33639,97
33640,97
33641,21
33642,21
33643,93
33644,93
33645,58
33646,58
33647,36
33648,36
33649,72
33650,69
33651,69
33652,98
33653,108
33654,21
33655,21
33656,21
33657,93
33658,93
33659,98
33660,21
33661,2
33662,2
33663,36
33664,49
33665,72
33666,58
33667,58
33668,8
33669,8
33670,482
33671,21
33672,21
33673,69
33674,72
33675,8
33676,48
33677,8
33678,38
33679,15
33680,21
33681,8
33682,72
33683,69
33684,69
33685,287
33686,72
33687,72
33688,21
33689,21
33690,2
33691,69
33692,72
33693,8
33694,72
33695,21
33696,69
33697,128
33698,8
33699,72
33700,72
33701,36
33702,48
33703,21
33704,58
33705,36
33706,72
33707,72
33708,69
33709,69
33710,205
33711,21
33712,58
33713,72
33714,287
33715,48
33716,49
33717,72
33718,36
33719,72
33720,21
33721,21
33722,2
33723,8
33724,8
33725,36
33726,72
33727,287
33728,8
33729,36
33730,49
33731,47
33732,108
33733,21
33734,21
33735,2
33736,72
33737,69
33738,72
33739,35
33740,38
33741,2
33742,108
33743,108
33744,108
33745,8
33746,21
33747,72
33748,72
33749,108
33750,108
33751,72
33752,21
33753,2
33754,69
33755,21
33756,69
33757,21
33758,58
33759,72
33760,72
33761,21
33762,58
33763,21
33764,58
33765,58
33766,69
33767,100
33768,21
33769,21
33770,58
33771,21
33772,58
33773,69
33774,8
33775,36
33776,36
33777,36
33778,36
33779,48
33780,2
33781,48
33782,48
33783,29
33784,48
33785,49
33786,29
33787,47
33788,30
33789,8
33790,72
33791,36
33792,36
33793,36
33794,36
33795,72
33796,72
33797,108
33798,72
33799,375
33800,108
33801,375
33802,108
33803,21
33804,58
33805,58
33806,376
33807,98
33808,478
33809,8
33810,21
33811,21
33812,21
33813,58
33814,58
33815,98
33816,21
33817,21
33818,2
33819,8
33820,480
33821,8
33822,72
33823,69
33824,357
33825,72
33826,8
33827,36
33828,49
33829,49
33830,77
33831,21
33832,69
33833,38
33834,72
33835,77
33836,98
33837,38
33838,72
33839,69
33840,69
33841,77
33842,98
33843,72
33844,21
33845,58
33846,69
33847,69
33848,8
33849,101
33850,101
33851,38
33852,72
33853,77
33854,72
33855,2
33856,25
33857,72
33858,72
33859,8
33860,21
33861,21
33862,36
33863,72
33864,376
33865,69
33866,8
33867,36
33868,49
33869,21
33870,58
33871,58
33872,36
33873,21
33874,21
33875,2
33876,2
33877,2
33878,72
33879,69
33880,69
33881,72
33882,21
33883,21
33884,48
33885,8
33886,36
33887,49
33888,21
33889,72
33890,21
33891,72
33892,21
33893,58
33894,72
33895,21
33896,21
33897,72
33898,72
33899,287
33900,21
33901,21
33902,2
33903,72
33904,108
33905,108
33906,205
33907,205
33908,205
33909,21
33910,21
33911,8
33912,2
33913,2
33914,21
33915,21
33916,21
33917,58
33918,58
33919,93
33920,2
33921,21
33922,21
33923,58
33924,58
33925,21
33926,58
33927,21
33928,8
33929,48
33930,21
33931,376
33932,376
33933,98
33934,48
33935,8
33936,48
33937,8
33938,72
33939,8
33940,21
33941,72
33942,36
33943,21
33944,36
33945,48
33946,72
33947,72
33948,21
33949,21
33950,21
33951,72
33952,21
33953,72
33954,69
33955,21
33956,72
33957,69
33958,72
33959,21
33960,21
33961,91
33962,8
33963,72
33964,72
33965,36
33966,72
33967,21
33968,72
33969,8
33970,289
33971,38
33972,15
33973,108
33974,113
33975,2
33976,69
33977,72
33978,8
33979,72
33980,69
33981,72
33982,48
33983,8
33984,72
33985,108
33986,205
33987,21
33988,21
33989,72
33990,108
33991,108
33992,72
33993,8
33994,36
33995,49
33996,49
33997,72
33998,8
33999,8
34000,58
34001,72
34002,21
34003,21
34004,2
34005,72
34006,91
34007,289
34008,21
34009,21
34010,113
34011,72
34012,128
34013,287
34014,21
34015,113
34016,113
34017,72
34018,287
34019,21
34020,21
34021,21
34022,21
34023,21
34024,58
34025,131
34026,94
34027,96
34028,48
34029,8
34030,72
34031,48
34032,2
34033,73
34034,72
34035,21
34036,93
34037,72
34038,72
34039,21
34040,21
34041,21
34042,58
34043,2
34044,2
34045,2
34046,2
34047,2
34048,69
34049,69
34050,21
34051,21
34052,72
34053,11
34054,21
34055,58
34056,58
34057,286
34058,286
34059,8
34060,8
34061,72
34062,21
34063,21
34064,69
34065,69
34066,8
34067,21
34068,21
34069,72
34070,69
34071,69
34072,8
34073,8
34074,48
34075,73
34076,74
34077,48
34078,73
34079,74
34080,108
34081,21
34082,21
34083,21
34084,58
34085,58
34086,344
34087,2
34088,72
34089,8
34090,21
34091,21
34092,8
34093,8
34094,8
34095,21
34096,8
34097,58
34098,286
34099,21
34100,58
34101,2
34102,2
34103,2
34104,8
34105,21
34106,58
34107,58
34108,21
34109,8
34110,8
34111,8
34112,108
34113,21
34114,21
34115,108
34116,21
34117,58
34118,113
34119,113
34120,376
34121,8
34122,21
34123,21
34124,58
34125,58
34126,344
34127,286
34128,286
34129,21
34130,58
34131,58
34132,21
34133,21
34134,58
34135,58
34136,72
34137,108
34138,21
34139,8
34140,8
34141,21
34142,21
34143,2
34144,69
34145,21
34146,8
34147,21
34148,58
34149,69
34150,21
34151,21
34152,21
34153,58
34154,58
34155,72
34156,72
34157,69
34158,69
34159,21
34160,21
34161,58
34162,58
34163,108
34164,205
34165,21
34166,113
34167,113
34168,357
34169,72
34170,21
34171,36
34172,21
34173,21
34174,72
34175,8
34176,8
34177,8
34178,36
34179,49
34180,47
34181,7
34182,21
34183,72
34184,38
34185,8
34186,21
34187,21
34188,58
34189,21
34190,21
34191,8
34192,21
34193,72
34194,69
34195,69
34196,21
34197,21
34198,8
34199,8
34200,58
34201,58
34202,286
34203,286
34204,8
34205,8
34206,72
34207,21
34208,21
34209,8
34210,8
34211,38
34212,72
34213,8
34214,21
34215,72
34216,8
34217,101
34218,8
34219,8
34220,8
34221,8
34222,72
34223,108
34224,21
34225,21
34226,58
34227,58
34228,69
34229,357
34230,8
34231,58
34232,58
34233,72
34234,286
34235,286
34236,286
34237,98
34238,21
34239,21
34240,58
34241,58
34242,69
34243,8
34244,8
34245,8
34246,21
34247,21
34248,58
34249,72
34250,8
34251,21
34252,58
34253,2
34254,8
34255,36
34256,69
34257,21
34258,58
34259,58
34260,69
34261,72
34262,72
34263,8
34264,108
34265,108
34266,21
34267,21
34268,69
34269,12
34270,25
34271,58
34272,58
34273,113
34274,91
34275,316
34276,7
34277,205
34278,205
34279,205
34280,21
34281,113
34282,113
34283,72
34284,8
34285,8
34286,21
34287,69
34288,69
34289,69
34290,108
34291,21
34292,93
34293,108
34294,21
34295,21
34296,21
34297,8
34298,72
34299,108
34300,21
34301,21
34302,58
34303,58
34304,58
34305,36
34306,72
34307,286
34308,286
34309,8
34310,10
34311,96
34312,21
34313,72
34314,58
34315,58
34316,382
34317,69
34318,21
34319,113
34320,108
34321,108
34322,21
34323,21
34324,58
34325,58
34326,58
34327,36
34328,382
34329,72
34330,21
34331,58
34332,113
34333,72
34334,21
34335,21
34336,98
34337,58
34338,98
34339,72
34340,21
34341,58
34342,58
34343,21
34344,21
34345,58
34346,58
34347,58
34348,58
34349,72
34350,8
34351,49
34352,49
34353,8
34354,21
34355,21
34356,21
34357,58
34358,58
34359,2
34360,2
34361,2
34362,21
34363,21
34364,388
34365,58
34366,58
34367,2
34368,21
34369,21
34370,58
34371,58
34372,58
34373,21
34374,21
34375,58
34376,58
34377,113
34378,286
34379,8
34380,72
34381,72
34382,8
34383,146
34384,344
34385,344
34386,286
34387,72
34388,72
34389,72
34390,21
34391,21
34392,72
34393,108
34394,21
34395,21
34396,58
34397,286
34398,72
34399,21
34400,21
34401,69
34402,69
34403,72
34404,21
34405,21
34406,58
34407,58
34408,113
34409,21
34410,2
34411,72
34412,72
34413,21
34414,2
34415,2
34416,2
34417,2
34418,2
34419,21
34420,21
34421,21
34422,2
34423,21
34424,21
34425,58
34426,58
34427,38
34428,38
34429,77
34430,8
34431,21
34432,93
34433,58
34434,21
34435,8
34436,10
34437,21
34438,21
34439,2
34440,2
34441,2
34442,8
34443,8
34444,8
34445,8
34446,21
34447,72
34448,21
34449,58
34450,128
34451,21
34452,21
34453,58
34454,58
34455,8
34456,21
34457,21
34458,128
34459,8
34460,36
34461,8
34462,36
34463,72
34464,8
34465,21
34466,21
34467,8
34468,8
34469,58
34470,72
34471,69
34472,108
34473,21
34474,72
34475,21
34476,21
34477,2
34478,12
34479,26
34480,21
34481,58
34482,113
34483,21
34484,58
34485,382
34486,72
34487,11
34488,72
34489,286
34490,8
34491,21
34492,21
34493,388
34494,8
34495,8
34496,72
34497,69
34498,69
34499,357
34500,21
34501,21
34502,21
34503,58
34504,58
34505,72
34506,72
34507,8
34508,8
34509,8
34510,21
34511,21
34512,69
34513,69
34514,35
34515,38
34516,58
34517,72
34518,97
34519,21
34520,21
34521,21
34522,2
34523,2
34524,2
34525,69
34526,69
34527,8
34528,8
34529,58
34530,128
34531,21
34532,21
34533,382
34534,388
34535,8
34536,72
34537,8
34538,48
34539,98
34540,21
34541,8
34542,8
34543,58
34544,8
34545,8
34546,108
34547,21
34548,21
34549,58
34550,58
34551,58
34552,8
34553,8
34554,8
34555,21
34556,21
34557,21
34558,58
34559,58
34560,58
34561,69
34562,69
34563,72
34564,108
34565,21
34566,2
34567,2
34568,108
34569,21
34570,93
34571,93
34572,58
34573,69
34574,69
34575,97
34576,128
34577,21
34578,21
34579,21
34580,93
34581,58
34582,58
34583,69
34584,128
34585,128
34586,128
34587,21
34588,21
34589,58
34590,58
34591,309
34592,72
34593,286
34594,286
34595,287
34596,21
34597,128
34598,128
34599,72
34600,72
34601,8
34602,10
34603,10
34604,21
34605,353
34606,8
34607,479
34608,21
34609,388
34610,359
34611,21
34612,2
34613,2
34614,72
34615,8
34616,8
34617,21
34618,8
34619,8
34620,58
34621,72
34622,69
34623,287
34624,72
34625,21
34626,21
34627,58
34628,58
34629,108
34630,8
34631,58
34632,2
34633,69
34634,58
34635,21
34636,58
34637,203
34638,203
34639,72
34640,21
34641,21
34642,388
34643,58
34644,58
34645,36
34646,36
34647,69
34648,69
34649,8
34650,8
34651,21
34652,58
34653,72
34654,8
34655,8
34656,108
34657,205
34658,21
34659,58
34660,2
34661,2
34662,72
34663,69
34664,21
34665,58
34666,108
34667,58
34668,58
34669,98
34670,21
34671,21
34672,58
34673,58
34674,36
34675,286
34676,21
34677,72
34678,69
34679,72
34680,69
34681,21
34682,58
34683,58
34684,21
34685,58
34686,58
34687,72
34688,72
34689,38
34690,2
34691,48
34692,35
34693,38
34694,45
34695,2
34696,10
34697,10
34698,29
34699,29
34700,108
34701,108
34702,21
34703,113
34704,2
34705,21
34706,58
34707,2
34708,8
34709,21
34710,21
34711,58
34712,58
34713,114
34714,114
34715,21
34716,388
34717,72
34718,21
34719,21
34720,21
34721,72
34722,72
34723,21
34724,21
34725,21
34726,21
34727,8
34728,113
34729,376
34730,21
34731,58
34732,2
34733,2
34734,2
34735,2
34736,108
34737,58
34738,58
34739,113
34740,113
34741,69
34742,21
34743,58
34744,2
34745,69
34746,21
34747,21
34748,2
34749,72
34750,69
34751,21
34752,58
34753,21
34754,58
34755,58
34756,344
34757,21
34758,113
34759,48
34760,2
34761,74
34762,8
34763,36
34764,21
34765,58
34766,58
34767,2
34768,2
34769,376
34770,69
34771,286
34772,286
34773,19
34774,20
34775,21
34776,3
34777,3
34778,69
34779,21
34780,2
34781,357
34782,8
34783,26
34784,26
34785,21
34786,2
34787,2
34788,2
34789,520
34790,8
34791,96
34792,8
34793,21
34794,72
34795,69
34796,21
34797,478
34798,8
34799,8
34800,8
34801,21
34802,72
34803,69
34804,69
34805,2
34806,2
34807,2
34808,10
34809,10
34810,21
34811,21
34812,21
34813,2
34814,72
34815,72
34816,357
34817,72
34818,36
34819,72
34820,21
34821,58
34822,58
34823,69
34824,72
34825,205
34826,21
34827,21
34828,21
34829,2
34830,8
34831,21
34832,2
34833,2
34834,69
34835,69
34836,128
34837,21
34838,21
34839,21
34840,58
34841,58
34842,58
34843,2
34844,36
34845,69
34846,128
34847,21
34848,21
34849,72
34850,38
34851,72
34852,100
34853,77
34854,98
34855,38
34856,77
34857,98
34858,8
34859,72
34860,8
34861,18
34862,72
34863,113
34864,72
34865,69
34866,69
34867,69
34868,21
34869,21
34870,72
34871,98
34872,21
34873,8
34874,72
34875,72
34876,131
34877,72
34878,8
34879,21
34880,2
34881,69
34882,8
34883,8
34884,72
34885,21
34886,69
34887,21
34888,2
34889,72
34890,72
34891,72
34892,21
34893,58
34894,2
34895,72
34896,21
34897,21
34898,58
34899,58
34900,72
34901,69
34902,21
34903,21
34904,58
34905,72
34906,69
34907,69
34908,48
34909,8
34910,36
34911,49
34912,49
34913,29
34914,26
34915,58
34916,58
34917,69
34918,108
34919,21
34920,36
34921,69
34922,21
34923,388
34924,388
34925,58
34926,69
34927,72
34928,72
34929,36
34930,36
34931,99
34932,100
34933,7
34934,7
34935,7
34936,108
34937,21
34938,21
34939,58
34940,58
34941,113
34942,108
34943,108
34944,108
34945,21
34946,58
34947,91
34948,91
34949,91
34950,91
34951,8
34952,21
34953,21
34954,357
34955,108
34956,21
34957,58
34958,21
34959,21
34960,21
34961,72
34962,384
34963,53
34964,54
34965,108
34966,21
34967,58
34968,72
34969,72
34970,69
34971,69
34972,8
34973,8
34974,26
34975,72
34976,287
34977,36
34978,8
34979,49
34980,21
34981,58
34982,72
34983,69
34984,72
34985,108
34986,21
34987,58
34988,113
34989,113
34990,69
34991,72
34992,21
34993,21
34994,21
34995,58
34996,58
34997,2
34998,21
34999,94
35000,94
35001,94
35002,94
35003,94
35004,94
35005,96
35006,21
35007,21
35008,58
35009,384
35010,53
35011,54
35012,72
35013,21
35014,2
35015,2
35016,69
35017,21
35018,21
35019,21
35020,58
35021,58
35022,58
35023,72
35024,8
35025,8
35026,53
35027,21
35028,72
35029,69
35030,21
35031,58
35032,128
35033,26
35034,8
35035,36
35036,49
35037,72
35038,72
35039,21
35040,58
35041,58
35042,58
35043,69
35044,69
35045,286
35046,286
35047,286
35048,21
35049,21
35050,98
35051,21
35052,113
35053,21
35054,36
35055,2
35056,10
35057,113
35058,72
35059,69
35060,21
35061,21
35062,58
35063,58
35064,113
35065,21
35066,113
35067,53
35068,54
35069,72
35070,108
35071,108
35072,205
35073,21
35074,58
35075,58
35076,2
35077,108
35078,72
35079,8
35080,48
35081,48
35082,8
35083,47
35084,48
35085,29
35086,8
35087,36
35088,21
35089,2
35090,2
35091,2
35092,72
35093,72
35094,21
35095,72
35096,69
35097,69
35098,69
35099,357
35100,388
35101,72
35102,21
35103,72
35104,72
35105,21
35106,108
35107,205
35108,21
35109,58
35110,357
35111,58
35112,36
35113,21
35114,21
35115,58
35116,58
35117,72
35118,21
35119,2
35120,21
35121,21
35122,72
35123,58
35124,21
35125,58
35126,8
35127,72
35128,8
35129,36
35130,49
35131,8
35132,36
35133,48
35134,47
35135,30
35136,21
35137,21
35138,58
35139,58
35140,376
35141,69
35142,69
35143,21
35144,58
35145,69
35146,69
35147,69
35148,357
35149,72
35150,8
35151,58
35152,58
35153,21
35154,21
35155,72
35156,8
35157,2
35158,21
35159,69
35160,69
35161,128
35162,286
35163,286
35164,286
35165,98
35166,128
35167,58
35168,58
35169,344
35170,98
35171,21
35172,21
35173,72
35174,21
35175,2
35176,72
35177,21
35178,2
35179,21
35180,21
35181,72
35182,72
35183,72
35184,8
35185,48
35186,36
35187,49
35188,29
35189,47
35190,30
35191,72
35192,69
35193,69
35194,287
35195,113
35196,72
35197,21
35198,21
35199,72
35200,69
35201,7
35202,7
35203,58
35204,58
35205,286
35206,21
35207,21
35208,72
35209,72
35210,205
35211,21
35212,113
35213,69
35214,21
35215,21
35216,58
35217,8
35218,2
35219,2
35220,48
35221,49
35222,47
35223,48
35224,49
35225,47
35226,30
35227,72
35228,21
35229,388
35230,72
35231,72
35232,128
35233,128
35234,128
35235,98
35236,93
35237,58
35238,128
35239,128
35240,98
35241,21
35242,128
35243,21
35244,21
35245,93
35246,93
35247,58
35248,58
35249,21
35250,58
35251,344
35252,344
35253,344
35254,344
35255,108
35256,21
35257,93
35258,93
35259,93
35260,58
35261,58
35262,113
35263,7
35264,21
35265,2
35266,72
35267,69
35268,72
35269,93
35270,93
35271,93
35272,93
35273,128
35274,128
35275,286
35276,97
35277,128
35278,128
35279,128
35280,21
35281,58
35282,128
35283,21
35284,8
35285,2
35286,58
35287,58
35288,58
35289,108
35290,21
35291,21
35292,72
35293,8
35294,113
35295,36
35296,72
35297,72
35298,69
35299,357
35300,21
35301,72
35302,72
35303,21
35304,2
35305,2
35306,69
35307,72
35308,72
35309,69
35310,72
35311,69
35312,69
35313,72
35314,72
35315,48
35316,8
35317,2
35318,21
35319,58
35320,72
35321,21
35322,72
35323,8
35324,69
35325,21
35326,72
35327,21
35328,21
35329,21
35330,8
35331,8
35332,8
35333,388
35334,8
35335,72
35336,36
35337,49
35338,49
35339,47
35340,8
35341,36
35342,49
35343,49
35344,8
35345,49
35346,49
35347,48
35348,138
35349,47
35350,2
35351,72
35352,26
35353,10
35354,108
35355,113
35356,21
35357,2
35358,21
35359,21
35360,58
35361,58
35362,58
35363,72
35364,286
35365,287
35366,388
35367,58
35368,58
35369,130
35370,130
35371,72
35372,21
35373,21
35374,8
35375,58
35376,72
35377,287
35378,8
35379,8
35380,2
35381,69
35382,69
35383,357
35384,38
35385,77
35386,21
35387,388
35388,388
35389,388
35390,58
35391,58
35392,36
35393,8
35394,2
35395,2
35396,21
35397,36
35398,36
35399,2
35400,26
35401,26
35402,297
35403,58
35404,58
35405,69
35406,69
35407,36
35408,72
35409,2
35410,2
35411,30
35412,2
35413,2
35414,29
35415,2
35416,29
35417,30
35418,48
35419,47
35420,9
35421,9
35422,9
35423,10
35424,10
35425,159
35426,159
35427,21
35428,58
35429,58
35430,2
35431,72
35432,58
35433,58
35434,382
35435,72
35436,36
35437,72
35438,21
35439,21
35440,58
35441,58
35442,72
35443,8
35444,108
35445,21
35446,108
35447,21
35448,21
35449,58
35450,58
35451,128
35452,2
35453,72
35454,21
35455,8
35456,8
35457,2
35458,72
35459,69
35460,11
35461,8
35462,21
35463,21
35464,72
35465,8
35466,2
35467,2
35468,21
35469,69
35470,8
35471,21
35472,21
35473,2
35474,2
35475,72
35476,69
35477,21
35478,21
35479,36
35480,376
35481,48
35482,8
35483,72
35484,8
35485,72
35486,388
35487,21
35488,21
35489,72
35490,108
35491,21
35492,58
35493,58
35494,72
35495,21
35496,21
35497,72
35498,69
35499,58
35500,72
35501,72
35502,357
35503,21
35504,21
35505,36
35506,21
35507,72
35508,21
35509,21
35510,58
35511,58
35512,2
35513,72
35514,21
35515,21
35516,72
35517,72
35518,69
35519,2
35520,72
35521,69
35522,36
35523,36
35524,49
35525,277
35526,108
35527,21
35528,21
35529,58
35530,58
35531,36
35532,36
35533,36
35534,69
35535,108
35536,8
35537,8
35538,21
35539,2
35540,72
35541,72
35542,69
35543,72
35544,8
35545,8
35546,36
35547,49
35548,21
35549,58
35550,58
35551,21
35552,58
35553,72
35554,287
35555,21
35556,72
35557,21
35558,21
35559,58
35560,58
35561,72
35562,2
35563,2
35564,72
35565,21
35566,2
35567,2
35568,69
35569,21
35570,21
35571,21
35572,72
35573,21
35574,72
35575,69
35576,113
35577,113
35578,58
35579,108
35580,2
35581,72
35582,21
35583,21
35584,58
35585,8
35586,482
35587,21
35588,108
35589,21
35590,21
35591,8
35592,36
35593,376
35594,48
35595,8
35596,138
35597,49
35598,108
35599,21
35600,11
35601,72
35602,69
35603,35
35604,2
35605,29
35606,21
35607,205
35608,21
35609,21
35610,113
35611,113
35612,58
35613,8
35614,36
35615,108
35616,2
35617,36
35618,72
35619,72
35620,21
35621,72
35622,72
35623,72
35624,72
35625,8
35626,21
35627,21
35628,2
35629,72
35630,72
35631,72
35632,357
35633,21
35634,8
35635,8
35636,58
35637,72
35638,69
35639,21
35640,93
35641,58
35642,72
35643,287
35644,36
35645,21
35646,113
35647,113
35648,72
35649,69
35650,21
35651,21
35652,58
35653,58
35654,205
35655,72
35656,21
35657,21
35658,58
35659,97
35660,72
35661,21
35662,58
35663,205
35664,21
35665,21
35666,113
35667,8
35668,72
35669,21
35670,72
35671,21
35672,72
35673,376
35674,21
35675,388
35676,21
35677,2
35678,21
35679,21
35680,21
35681,72
35682,72
35683,48
35684,38
35685,2
35686,38
35687,97
35688,205
35689,21
35690,21
35691,388
35692,113
35693,48
35694,48
35695,48
35696,8
35697,108
35698,21
35699,21
35700,69
35701,69
35702,108
35703,108
35704,72
35705,72
35706,21
35707,72
35708,72
35709,8
35710,72
35711,48
35712,8
35713,36
35714,49
35715,72
35716,21
35717,21
35718,69
35719,388
35720,72
35721,357
35722,357
35723,232
35724,101
35725,7
35726,72
35727,8
35728,26
35729,26
35730,8
35731,26
35732,48
35733,35
35734,38
35735,2
35736,10
35737,10
35738,10
35739,10
35740,10
35741,10
35742,10
35743,10
35744,10
35745,10
35746,10
35747,17
35748,48
35749,8
35750,22
35751,2
35752,17
35753,72
35754,100
35755,72
35756,21
35757,72
35758,21
35759,21
35760,21
35761,21
35762,58
35763,58
35764,58
35765,21
35766,21
35767,108
35768,21
35769,21
35770,58
35771,2
35772,2
35773,36
35774,8
35775,36
35776,49
35777,108
35778,36
35779,69
35780,69
35781,8
35782,21
35783,21
35784,72
35785,38
35786,97
35787,398
35788,72
35789,72
35790,69
35791,69
35792,8
35793,21
35794,72
35795,69
35796,108
35797,108
35798,108
35799,21
35800,8
35801,484
35802,289
35803,21
35804,21
35805,2
35806,2
35807,72
35808,38
35809,45
35810,2
35811,8
35812,289
35813,8
35814,36
35815,49
35816,21
35817,93
35818,98
35819,21
35820,93
35821,58
35822,72
35823,72
35824,287
35825,21
35826,72
35827,69
35828,69
35829,21
35830,58
35831,58
35832,8
35833,18
35834,8
35835,8
35836,72
35837,21
35838,58
35839,21
35840,21
35841,72
35842,8
35843,36
35844,49
35845,72
35846,72
35847,72
35848,8
35849,72
35850,91
35851,8
35852,316
35853,21
35854,2
35855,72
35856,108
35857,72
35858,84
35859,36
35860,21
35861,21
35862,72
35863,21
35864,58
35865,357
35866,113
35867,36
35868,72
35869,69
35870,69
35871,72
35872,72
35873,21
35874,72
35875,69
35876,69
35877,69
35878,36
35879,21
35880,21
35881,72
35882,21
35883,72
35884,478
35885,8
35886,21
35887,2
35888,2
35889,21
35890,72
35891,38
35892,72
35893,69
35894,8
35895,8
35896,113
35897,72
35898,72
35899,72
35900,72
35901,26
35902,8
35903,36
35904,49
35905,8
35906,2
35907,2
35908,10
35909,72
35910,21
35911,58
35912,36
35913,72
35914,26
35915,48
35916,38
35917,2
35918,2
35919,10
35920,10
35921,25
35922,8
35923,36
35924,49
35925,8
35926,101
35927,101
35928,21
35929,58
35930,58
35931,2
35932,2
35933,2
35934,357
35935,357
35936,21
35937,388
35938,72
35939,69
35940,69
35941,58
35942,58
35943,2
35944,2
35945,36
35946,36
35947,36
35948,21
35949,21
35950,58
35951,58
35952,69
35953,72
35954,36
35955,36
35956,21
35957,8
35958,8
35959,8
35960,36
35961,49
35962,48
35963,48
35964,9
35965,2
35966,2
35967,72
35968,69
35969,22
35970,2
35971,2
35972,74
35973,48
35974,8
35975,36
35976,49
35977,47
35978,91
35979,316
35980,8
35981,36
35982,49
35983,30
35984,2
35985,2
35986,17
35987,8
35988,36
35989,29
35990,26
35991,26
35992,26
35993,21
35994,21
35995,2
35996,2
35997,72
35998,376
35999,69
36000,69
36001,8
36002,38
36003,36
36004,26
36005,26
36006,8
36007,38
36008,36
36009,26
36010,48
36011,48
36012,38
36013,2
36014,48
36015,8
36016,47
36017,48
36018,8
36019,36
36020,49
36021,48
36022,48
36023,2
36024,48
36025,8
36026,47
36027,72
36028,21
36029,21
36030,113
36031,8
36032,36
36033,49
36034,353
36035,8
36036,8
36037,479
36038,108
36039,21
36040,375
36041,108
36042,21
36043,2
36044,36
36045,8
36046,36
36047,49
36048,8
36049,2
36050,2
36051,72
36052,69
36053,21
36054,130
36055,131
36056,21
36057,21
36058,58
36059,58
36060,58
36061,21
36062,36
36063,8
36064,108
36065,21
36066,21
36067,58
36068,58
36069,58
36070,48
36071,49
36072,26
36073,48
36074,49
36075,29
36076,30
36077,48
36078,49
36079,48
36080,129
36081,138
36082,49
36083,29
36084,8
36085,36
36086,36
36087,49
36088,29
36089,8
36090,36
36091,49
36092,232
36093,108
36094,108
36095,21
36096,382
36097,69
36098,69
36099,69
36100,69
36101,48
36102,21
36103,8
36104,58
36105,58
36106,72
36107,287
36108,108
36109,36
36110,205
36111,205
36112,21
36113,113
36114,113
36115,72
36116,21
36117,58
36118,58
36119,72
36120,2
36121,2
36122,36
36123,8
36124,36
36125,47
36126,48
36127,21
36128,113
36129,113
36130,48
36131,8
36132,8
36133,72
36134,72
36135,2
36136,72
36137,69
36138,21
36139,21
36140,2
36141,2
36142,2
36143,72
36144,72
36145,8
36146,21
36147,58
36148,97
36149,48
36150,35
36151,38
36152,12
36153,45
36154,2
36155,17
36156,2
36157,2
36158,72
36159,69
36160,36
36161,72
36162,48
36163,47
36164,72
36165,21
36166,388
36167,388
36168,2
36169,2
36170,2
36171,8
36172,58
36173,58
36174,36
36175,36
36176,38
36177,25
36178,398
36179,388
36180,72
36181,36
36182,21
36183,2
36184,72
36185,21
36186,2
36187,72
36188,2
36189,72
36190,69
36191,69
36192,8
36193,36
36194,36
36195,277
36196,48
36197,2
36198,2
36199,21
36200,2
36201,2
36202,2
36203,36
36204,108
36205,21
36206,21
36207,58
36208,113
36209,376
36210,49
36211,49
36212,205
36213,21
36214,113
36215,376
36216,376
36217,286
36218,8
36219,8
36220,8
36221,21
36222,2
36223,2
36224,2
36225,8
36226,101
36227,2
36228,48
36229,74
36230,2
36231,73
36232,36
36233,36
36234,8
36235,36
36236,36
36237,49
36238,8
36239,8
36240,8
36241,8
36242,8
36243,26
36244,8
36245,36
36246,49
36247,2
36248,8
36249,10
36250,10
36251,10
36252,58
36253,72
36254,108
36255,21
36256,21
36257,72
36258,69
36259,98
36260,108
36261,21
36262,21
36263,113
36264,113
36265,113
36266,98
36267,21
36268,72
36269,48
36270,8
36271,29
36272,47
36273,48
36274,8
36275,30
36276,48
36277,36
36278,8
36279,21
36280,21
36281,58
36282,128
36283,128
36284,128
36285,128
36286,286
36287,286
36288,98
36289,146
36290,48
36291,47
36292,21
36293,21
36294,286
36295,21
36296,58
36297,58
36298,98
36299,98
36300,98
36301,48
36302,12
36303,26
36304,26
36305,48
36306,8
36307,72
36308,128
36309,286
36310,286
36311,478
36312,8
36313,8
36314,72
36315,69
36316,69
36317,21
36318,21
36319,8
36320,58
36321,98
36322,48
36323,36
36324,26
36325,8
36326,36
36327,58
36328,36
36329,36
36330,36
36331,18
36332,26
36333,48
36334,49
36335,49
36336,29
36337,48
36338,8
36339,36
36340,49
36341,49
36342,49
36343,21
36344,21
36345,2
36346,72
36347,108
36348,36
36349,36
36350,8
36351,36
36352,49
36353,21
36354,58
36355,58
36356,8
36357,36
36358,49
36359,21
36360,21
36361,2
36362,48
36363,48
36364,49
36365,21
36366,48
36367,48
36368,36
36369,49
36370,47
36371,30
36372,72
36373,72
36374,8
36375,26
36376,21
36377,21
36378,72
36379,72
36380,69
36381,11
36382,21
36383,72
36384,128
36385,98
36386,108
36387,108
36388,108
36389,21
36390,93
36391,72
36392,72
36393,21
36394,58
36395,72
36396,287
36397,72
36398,21
36399,388
36400,58
36401,72
36402,72
36403,72
36404,2
36405,72
36406,69
36407,8
36408,36
36409,49
36410,29
36411,21
36412,72
36413,69
36414,69
36415,21
36416,72
36417,376
36418,108
36419,108
36420,21
36421,21
36422,21
36423,58
36424,8
36425,8
36426,8
36427,8
36428,26
36429,36
36430,26
36431,36
36432,49
36433,36
36434,49
36435,26
36436,26
36437,8
36438,36
36439,49
36440,353
36441,8
36442,26
36443,8
36444,26
36445,8
36446,2
36447,72
36448,69
36449,72
36450,72
36451,69
36452,21
36453,69
36454,72
36455,69
36456,72
36457,58
36458,286
36459,72
36460,21
36461,72
36462,2
36463,72
36464,21
36465,58
36466,58
36467,2
36468,2
36469,72
36470,48
36471,8
36472,49
36473,29
36474,77
36475,30
36476,48
36477,8
36478,77
36479,30
36480,108
36481,108
36482,21
36483,21
36484,21
36485,2
36486,2
36487,2
36488,2
36489,69
36490,11
36491,21
36492,21
36493,93
36494,93
36495,58
36496,58
36497,128
36498,108
36499,21
36500,58
36501,69
36502,69
36503,128
36504,128
36505,21
36506,21
36507,58
36508,58
36509,58
36510,2
36511,69
36512,128
36513,128
36514,72
36515,21
36516,21
36517,376
36518,376
36519,376
36520,376
36521,376
36522,69
36523,48
36524,48
36525,8
36526,2
36527,8
36528,38
36529,38
36530,2
36531,2
36532,48
36533,8
36534,108
36535,21
36536,21
36537,21
36538,2
36539,72
36540,108
36541,108
36542,21
36543,21
36544,93
36545,128
36546,128
36547,72
36548,69
36549,108
36550,21
36551,21
36552,72
36553,21
36554,2
36555,72
36556,21
36557,21
36558,388
36559,388
36560,388
36561,2
36562,376
36563,48
36564,8
36565,18
36566,26
36567,48
36568,10
36569,10
36570,21
36571,58
36572,58
36573,58
36574,72
36575,21
36576,69
36577,69
36578,69
36579,11
36580,58
36581,36
36582,72
36583,8
36584,72
36585,69
36586,72
36587,72
36588,72
36589,108
36590,72
36591,8
36592,36
36593,49
36594,30
36595,21
36596,21
36597,2
36598,72
36599,69
36600,48
36601,47
36602,36
36603,26
36604,21
36605,2
36606,2
36607,69
36608,69
36609,8
36610,36
36611,49
36612,8
36613,36
36614,49
36615,8
36616,36
36617,49
36618,8
36619,36
36620,49
36621,30
36622,10
36623,204
36624,44
36625,72
36626,21
36627,21
36628,2
36629,72
36630,69
36631,21
36632,21
36633,94
36634,72
36635,8
36636,49
36637,49
36638,47
36639,8
36640,49
36641,36
36642,91
36643,8
36644,8
36645,36
36646,49
36647,30
36648,8
36649,36
36650,49
36651,48
36652,49
36653,30
36654,48
36655,49
36656,29
36657,30
36658,36
36659,8
36660,36
36661,49
36662,8
36663,2
36664,26
36665,8
36666,101
36667,8
36668,8
36669,21
36670,2
36671,72
36672,108
36673,21
36674,21
36675,58
36676,2
36677,128
36678,21
36679,21
36680,8
36681,72
36682,72
36683,72
36684,72
36685,72
36686,21
36687,72
36688,69
36689,69
36690,48
36691,38
36692,2
36693,10
36694,10
36695,10
36696,10
36697,72
36698,38
36699,21
36700,58
36701,8
36702,38
36703,2
36704,38
36705,118
36706,45
36707,15
36708,48
36709,118
36710,45
36711,10
36712,10
36713,21
36714,388
36715,72
36716,55
36717,108
36718,58
36719,58
36720,36
36721,72
36722,21
36723,58
36724,72
36725,69
36726,72
36727,8
36728,8
36729,72
36730,69
36731,357
36732,8
36733,72
36734,48
36735,8
36736,8
36737,72
36738,8
36739,21
36740,21
36741,131
36742,131
36743,38
36744,25
36745,398
36746,21
36747,72
36748,21
36749,21
36750,58
36751,58
36752,36
36753,128
36754,128
36755,21
36756,21
36757,58
36758,58
36759,72
36760,21
36761,21
36762,58
36763,58
36764,58
36765,21
36766,21
36767,72
36768,69
36769,277
36770,21
36771,2
36772,72
36773,21
36774,21
36775,58
36776,23
36777,21
36778,21
36779,72
36780,205
36781,205
36782,205
36783,21
36784,72
36785,11
36786,108
36787,21
36788,2
36789,2
36790,2
36791,2
36792,2
36793,2
36794,69
36795,72
36796,8
36797,108
36798,98
36799,72
36800,21
36801,21
36802,58
36803,58
36804,69
36805,69
36806,69
36807,72
36808,72
36809,69
36810,8
36811,160
36812,160
36813,8
36814,36
36815,49
36816,21
36817,58
36818,58
36819,26
36820,8
36821,26
36822,8
36823,48
36824,8
36825,36
36826,49
36827,72
36828,8
36829,36
36830,160
36831,8
36832,36
36833,8
36834,36
36835,49
36836,21
36837,72
36838,108
36839,72
36840,8
36841,21
36842,21
36843,21
36844,8
36845,36
36846,49
36847,72
36848,8
36849,21
36850,21
36851,58
36852,58
36853,2
36854,8
36855,8
36856,21
36857,58
36858,382
36859,21
36860,21
36861,58
36862,58
36863,58
36864,18
36865,36
36866,8
36867,25
36868,398
36869,21
36870,21
36871,58
36872,58
36873,357
36874,21
36875,58
36876,58
36877,58
36878,58
36879,36
36880,36
36881,35
36882,8
36883,38
36884,10
36885,10
36886,10
36887,10
36888,30
36889,8
36890,38
36891,2
36892,29
36893,8
36894,36
36895,49
36896,7
36897,8
36898,49
36899,8
36900,8
36901,101
36902,101
36903,101
36904,21
36905,21
36906,2
36907,72
36908,69
36909,21
36910,72
36911,72
36912,58
36913,36
36914,2
36915,10
36916,8
36917,36
36918,49
36919,49
36920,48
36921,38
36922,38
36923,2
36924,48
36925,74
36926,77
36927,21
36928,21
36929,21
36930,58
36931,48
36932,45
36933,10
36934,48
36935,74
36936,49
36937,160
36938,8
36939,48
36940,8
36941,36
36942,49
36943,205
36944,376
36945,8
36946,36
36947,49
36948,48
36949,8
36950,47
36951,108
36952,108
36953,21
36954,21
36955,388
36956,58
36957,58
36958,69
36959,69
36960,8
36961,36
36962,21
36963,58
36964,58
36965,97
36966,128
36967,128
36968,98
36969,21
36970,21
36971,58
36972,113
36973,286
36974,98
36975,108
36976,21
36977,21
36978,72
36979,21
36980,21
36981,58
36982,58
36983,98
36984,98
36985,72
36986,72
36987,72
36988,36
36989,30
36990,36
36991,29
36992,8
36993,8
36994,36
36995,49
36996,8
36997,36
36998,49
36999,21
37000,21
37001,8
37002,38
37003,36
37004,36
37005,58
37006,128
37007,8
37008,18
37009,21
37010,21
37011,72
37012,72
37013,108
37014,21
37015,376
37016,69
37017,8
37018,36
37019,49
37020,21
37021,357
37022,8
37023,8
37024,8
37025,72
37026,72
37027,108
37028,21
37029,113
37030,113
37031,72
37032,69
37033,38
37034,97
37035,21
37036,21
37037,2
37038,72
37039,113
37040,21
37041,72
37042,69
37043,108
37044,21
37045,58
37046,72
37047,21
37048,21
37049,72
37050,72
37051,72
37052,72
37053,21
37054,388
37055,388
37056,58
37057,58
37058,21
37059,2
37060,2
37061,36
37062,72
37063,8
37064,21
37065,2
37066,72
37067,21
37068,72
37069,21
37070,21
37071,2
37072,72
37073,21
37074,21
37075,2
37076,2
37077,72
37078,72
37079,376
37080,69
37081,69
37082,69
37083,98
37084,21
37085,21
37086,113
37087,113
37088,2
37089,2
37090,72
37091,72
37092,376
37093,69
37094,69
37095,69
37096,98
37097,72
37098,69
37099,8
37100,8
37101,48
37102,77
37103,72
37104,72
37105,38
37106,97
37107,398
37108,38
37109,25
37110,398
37111,38
37112,25
37113,398
37114,38
37115,25
37116,398
37117,38
37118,25
37119,398
37120,38
37121,398
37122,38
37123,25
37124,398
37125,38
37126,398
37127,38
37128,25
37129,398
37130,38
37131,25
37132,398
37133,38
37134,398
37135,38
37136,25
37137,398
37138,38
37139,97
37140,398
37141,38
37142,25
37143,398
37144,38
37145,25
37146,398
37147,25
37148,25
37149,398
37150,25
37151,398
37152,25
37153,398
37154,25
37155,398
37156,69
37157,25
37158,398
37159,25
37160,398
37161,25
37162,398
37163,38
37164,398
37165,25
37166,398
37167,25
37168,398
37169,25
37170,398
37171,25
37172,398
37173,25
37174,398
37175,25
37176,398
37177,25
37178,398
37179,25
37180,398
37181,25
37182,398
37183,25
37184,398
37185,25
37186,398
37187,25
37188,398
37189,25
37190,398
37191,25
37192,398
37193,362
37194,38
37195,25
37196,398
37197,38
37198,25
37199,398
37200,38
37201,25
37202,398
37203,97
37204,25
37205,398
37206,25
37207,398
37208,38
37209,25
37210,398
37211,38
37212,25
37213,398
37214,38
37215,25
37216,398
37217,38
37218,25
37219,398
37220,38
37221,25
37222,398
37223,25
37224,398
37225,38
37226,25
37227,398
37228,38
37229,25
37230,398
37231,38
37232,72
37233,100
37234,77
37235,21
37236,21
37237,93
37238,58
37239,58
37240,2
37241,357
37242,48
37243,8
37244,138
37245,36
37246,49
37247,48
37248,138
37249,30
37250,48
37251,8
37252,138
37253,36
37254,49
37255,48
37256,138
37257,29
37258,38
37259,398
37260,38
37261,398
37262,38
37263,72
37264,38
37265,72
37266,38
37267,72
37268,38
37269,72
37270,38
37271,72
37272,38
37273,72
37274,38
37275,72
37276,38
37277,72
37278,38
37279,361
37280,72
37281,48
37282,49
37283,47
37284,38
37285,72
37286,38
37287,361
37288,72
37289,38
37290,72
37291,38
37292,72
37293,38
37294,72
37295,48
37296,38
37297,72
37298,38
37299,72
37300,38
37301,72
37302,38
37303,72
37304,38
37305,72
37306,38
37307,361
37308,72
37309,38
37310,72
37311,38
37312,72
37313,38
37314,361
37315,72
37316,38
37317,72
37318,38
37319,361
37320,72
37321,38
37322,72
37323,38
37324,72
37325,38
37326,361
37327,72
37328,48
37329,49
37330,38
37331,72
37332,38
37333,72
37334,48
37335,48
37336,38
37337,72
37338,72
37339,38
37340,72
37341,38
37342,361
37343,72
37344,38
37345,72
37346,38
37347,72
37348,38
37349,72
37350,38
37351,72
37352,38
37353,72
37354,38
37355,361
37356,72
37357,38
37358,72
37359,38
37360,72
37361,38
37362,72
37363,38
37364,398
37365,398
37366,38
37367,398
37368,398
37369,38
37370,398
37371,398
37372,38
37373,361
37374,128
37375,8
37376,8
37377,12
37378,26
37379,38
37380,361
37381,38
37382,361
37383,38
37384,72
37385,7
37386,8
37387,36
37388,84
37389,84
37390,36
37391,14
37392,36
37393,48
37394,8
37395,36
37396,49
37397,48
37398,49
37399,49
37400,49
37401,49
37402,21
37403,21
37404,48
37405,36
37406,49
37407,38
37408,97
37409,8
37410,36
37411,21
37412,58
37413,8
37414,49
37415,8
37416,2
37417,10
37418,169
37419,48
37420,8
37421,36
37422,36
37423,36
37424,58
37425,58
37426,36
37427,36
37428,36
37429,38
37430,38
37431,72
37432,69
37433,21
37434,376
37435,48
37436,8
37437,36
37438,49
37439,72
37440,8
37441,8
37442,36
37443,49
37444,205
37445,21
37446,21
37447,113
37448,2
37449,36
37450,72
37451,108
37452,21
37453,69
37454,108
37455,21
37456,21
37457,21
37458,21
37459,58
37460,113
37461,8
37462,72
37463,8
37464,482
37465,8
37466,8
37467,8
37468,8
37469,72
37470,21
37471,21
37472,388
37473,2
37474,2
37475,72
37476,69
37477,8
37478,8
37479,33
37480,93
37481,8
37482,8
37483,73
37484,74
37485,2
37486,72
37487,69
37488,69
37489,8
37490,36
37491,49
37492,26
37493,8
37494,8
37495,8
37496,21
37497,21
37498,58
37499,58
37500,58
37501,72
37502,69
37503,357
37504,8
37505,8
37506,36
37507,49
37508,48
37509,2
37510,48
37511,21
37512,58
37513,382
37514,8
37515,12
37516,25
37517,18
37518,26
37519,48
37520,35
37521,38
37522,48
37523,21
37524,58
37525,58
37526,58
37527,2
37528,69
37529,69
37530,21
37531,21
37532,58
37533,58
37534,2
37535,48
37536,8
37537,36
37538,49
37539,49
37540,49
37541,77
37542,30
37543,48
37544,8
37545,36
37546,49
37547,49
37548,29
37549,77
37550,38
37551,72
37552,77
37553,36
37554,49
37555,49
37556,29
37557,8
37558,36
37559,49
37560,49
37561,30
37562,8
37563,18
37564,26
37565,26
37566,48
37567,8
37568,48
37569,49
37570,29
37571,77
37572,30
37573,48
37574,49
37575,29
37576,77
37577,30
37578,48
37579,49
37580,29
37581,77
37582,8
37583,8
37584,36
37585,49
37586,49
37587,35
37588,2
37589,48
37590,8
37591,47
37592,108
37593,21
37594,21
37595,58
37596,58
37597,113
37598,113
37599,98
37600,21
37601,2
37602,98
37603,26
37604,108
37605,21
37606,21
37607,58
37608,58
37609,49
37610,8
37611,36
37612,49
37613,8
37614,36
37615,49
37616,8
37617,36
37618,49
37619,29
37620,21
37621,2
37622,72
37623,69
37624,8
37625,36
37626,49
37627,48
37628,49
37629,30
37630,21
37631,21
37632,72
37633,72
37634,72
37635,72
37636,58
37637,58
37638,72
37639,69
37640,8
37641,36
37642,8
37643,36
37644,49
37645,48
37646,8
37647,36
37648,49
37649,8
37650,36
37651,49
37652,30
37653,48
37654,8
37655,47
37656,48
37657,8
37658,36
37659,29
37660,8
37661,36
37662,49
37663,48
37664,49
37665,49
37666,29
37667,77
37668,30
37669,48
37670,49
37671,49
37672,77
37673,30
37674,48
37675,8
37676,36
37677,49
37678,49
37679,29
37680,77
37681,46
37682,2
37683,17
37684,72
37685,8
37686,38
37687,2
37688,8
37689,289
37690,8
37691,21
37692,58
37693,72
37694,21
37695,72
37696,72
37697,9
37698,72
37699,21
37700,58
37701,2
37702,2
37703,69
37704,69
37705,91
37706,8
37707,21
37708,58
37709,69
37710,69
37711,21
37712,21
37713,58
37714,8
37715,8
37716,21
37717,113
37718,113
37719,376
37720,376
37721,286
37722,7
37723,72
37724,72
37725,8
37726,72
37727,72
37728,108
37729,113
37730,113
37731,375
37732,388
37733,2
37734,375
37735,21
37736,72
37737,113
37738,72
37739,21
37740,21
37741,21
37742,128
37743,73
37744,74
37745,8
37746,36
37747,26
37748,48
37749,8
37750,21
37751,58
37752,38
37753,38
37754,15
37755,18
37756,2
37757,2
37758,48
37759,8
37760,36
37761,49
37762,26
37763,48
37764,8
37765,36
37766,49
37767,8
37768,36
37769,49
37770,21
37771,388
37772,36
37773,72
37774,48
37775,49
37776,48
37777,8
37778,36
37779,49
37780,21
37781,58
37782,286
37783,8
37784,36
37785,49
37786,160
37787,26
37788,48
37789,30
37790,48
37791,21
37792,58
37793,128
37794,21
37795,48
37796,8
37797,26
37798,48
37799,2
37800,18
37801,35
37802,38
37803,2
37804,2
37805,48
37806,8
37807,47
37808,8
37809,36
37810,48
37811,74
37812,8
37813,8
37814,72
37815,21
37816,58
37817,2
37818,21
37819,58
37820,108
37821,21
37822,21
37823,69
37824,69
37825,8
37826,36
37827,49
37828,8
37829,49
37830,48
37831,2
37832,48
37833,8
37834,36
37835,21
37836,58
37837,128
37838,128
37839,72
37840,287
37841,21
37842,21
37843,2
37844,2
37845,21
37846,21
37847,21
37848,97
37849,128
37850,21
37851,58
37852,58
37853,58
37854,97
37855,128
37856,286
37857,286
37858,205
37859,21
37860,2
37861,8
37862,8
37863,72
37864,21
37865,58
37866,8
37867,8
37868,72
37869,21
37870,21
37871,93
37872,93
37873,58
37874,58
37875,98
37876,38
37877,69
37878,77
37879,73
37880,48
37881,8
37882,36
37883,49
37884,58
37885,58
37886,72
37887,36
37888,36
37889,36
37890,72
37891,131
37892,131
37893,131
37894,131
37895,131
37896,96
37897,72
37898,21
37899,21
37900,58
37901,72
37902,48
37903,8
37904,36
37905,49
37906,72
37907,353
37908,8
37909,479
37910,48
37911,36
37912,36
37913,68
37914,48
37915,2
37916,73
37917,48
37918,73
37919,72
37920,58
37921,58
37922,113
37923,72
37924,72
37925,8
37926,72
37927,72
37928,108
37929,8
37930,72
37931,69
37932,21
37933,21
37934,203
37935,72
37936,58
37937,58
37938,72
37939,72
37940,69
37941,69
37942,69
37943,69
37944,72
37945,8
37946,36
37947,72
37948,376
37949,69
37950,98
37951,8
37952,46
37953,46
37954,207
37955,207
37956,36
37957,114
37958,72
37959,287
37960,21
37961,2
37962,72
37963,69
37964,8
37965,49
37966,478
37967,8
37968,8
37969,48
37970,21
37971,58
37972,58
37973,72
37974,108
37975,21
37976,58
37977,58
37978,69
37979,12
37980,21
37981,58
37982,21
37983,72
37984,2
37985,36
37986,72
37987,69
37988,8
37989,108
37990,21
37991,58
37992,58
37993,36
37994,21
37995,21
37996,58
37997,58
37998,72
37999,69
38000,286
38001,287
38002,21
38003,2
38004,2
38005,2
38006,72
38007,46
38008,2
38009,8
38010,36
38011,49
38012,21
38013,36
38014,36
38015,128
38016,21
38017,36
38018,36
38019,128
38020,8
38021,160
38022,8
38023,36
38024,49
38025,21
38026,72
38027,72
38028,205
38029,108
38030,58
38031,382
38032,69
38033,69
38034,69
38035,72
38036,48
38037,74
38038,8
38039,36
38040,36
38041,38
38042,8
38043,36
38044,8
38045,48
38046,8
38047,2
38048,10
38049,10
38050,10
38051,10
38052,48
38053,74
38054,38
38055,25
38056,398
38057,26
38058,48
38059,8
38060,36
38061,49
38062,21
38063,72
38064,2
38065,72
38066,69
38067,69
38068,21
38069,36
38070,72
38071,72
38072,38
38073,2
38074,2
38075,21
38076,8
38077,58
38078,58
38079,58
38080,2
38081,2
38082,21
38083,21
38084,21
38085,58
38086,58
38087,2
38088,72
38089,48
38090,72
38091,8
38092,8
38093,21
38094,10
38095,10
38096,18
38097,48
38098,8
38099,21
38100,58
38101,36
38102,388
38103,36
38104,72
38105,21
38106,8
38107,8
38108,36
38109,49
38110,21
38111,21
38112,58
38113,58
38114,72
38115,69
38116,21
38117,58
38118,58
38119,35
38120,2
38121,8
38122,160
38123,108
38124,21
38125,58
38126,357
38127,72
38128,21
38129,21
38130,2
38131,36
38132,36
38133,26
38134,8
38135,35
38136,35
38137,45
38138,25
38139,17
38140,48
38141,49
38142,38
38143,2
38144,18
38145,72
38146,21
38147,72
38148,72
38149,69
38150,69
38151,26
38152,21
38153,21
38154,8
38155,2
38156,72
38157,69
38158,72
38159,8
38160,108
38161,21
38162,58
38163,58
38164,21
38165,58
38166,58
38167,382
38168,8
38169,8
38170,72
38171,8
38172,2
38173,21
38174,21
38175,21
38176,58
38177,58
38178,113
38179,72
38180,26
38181,36
38182,49
38183,21
38184,21
38185,21
38186,72
38187,69
38188,69
38189,36
38190,72
38191,48
38192,38
38193,2
38194,25
38195,8
38196,36
38197,26
38198,48
38199,48
38200,2
38201,21
38202,8
38203,8
38204,114
38205,114
38206,98
38207,21
38208,21
38209,98
38210,8
38211,25
38212,48
38213,8
38214,36
38215,49
38216,48
38217,8
38218,29
38219,47
38220,77
38221,38
38222,2
38223,26
38224,21
38225,21
38226,58
38227,2
38228,2
38229,2
38230,2
38231,69
38232,69
38233,69
38234,69
38235,48
38236,73
38237,74
38238,48
38239,8
38240,36
38241,21
38242,21
38243,113
38244,114
38245,72
38246,69
38247,8
38248,2
38249,26
38250,72
38251,21
38252,205
38253,48
38254,8
38255,2
38256,10
38257,21
38258,36
38259,72
38260,72
38261,48
38262,21
38263,21
38264,388
38265,58
38266,58
38267,58
38268,2
38269,2
38270,8
38271,8
38272,36
38273,18
38274,108
38275,8
38276,69
38277,69
38278,21
38279,58
38280,114
38281,114
38282,72
38283,287
38284,21
38285,72
38286,287
38287,48
38288,8
38289,8
38290,8
38291,8
38292,48
38293,36
38294,30
38295,72
38296,69
38297,38
38298,72
38299,77
38300,108
38301,21
38302,21
38303,388
38304,12
38305,48
38306,8
38307,48
38308,49
38309,49
38310,49
38311,30
38312,8
38313,36
38314,49
38315,21
38316,21
38317,36
38318,375
38319,21
38320,2
38321,72
38322,8
38323,8
38324,49
38325,21
38326,21
38327,357
38328,72
38329,69
38330,69
38331,108
38332,72
38333,205
38334,21
38335,2
38336,21
38337,21
38338,69
38339,21
38340,2
38341,357
38342,21
38343,21
38344,58
38345,72
38346,58
38347,21
38348,21
38349,21
38350,21
38351,58
38352,58
38353,286
38354,286
38355,21
38356,21
38357,58
38358,58
38359,72
38360,72
38361,97
38362,21
38363,93
38364,58
38365,113
38366,72
38367,21
38368,21
38369,72
38370,21
38371,58
38372,2
38373,2
38374,2
38375,376
38376,69
38377,98
38378,48
38379,8
38380,8
38381,36
38382,72
38383,205
38384,58
38385,2
38386,2
38387,21
38388,21
38389,58
38390,58
38391,2
38392,72
38393,21
38394,58
38395,21
38396,21
38397,2
38398,72
38399,69
38400,72
38401,69
38402,128
38403,128
38404,93
38405,58
38406,58
38407,114
38408,72
38409,128
38410,287
38411,72
38412,69
38413,21
38414,21
38415,8
38416,8
38417,58
38418,72
38419,69
38420,2
38421,72
38422,69
38423,21
38424,21
38425,58
38426,58
38427,58
38428,2
38429,2
38430,2
38431,21
38432,21
38433,21
38434,58
38435,58
38436,98
38437,21
38438,388
38439,58
38440,58
38441,98
38442,72
38443,21
38444,21
38445,21
38446,376
38447,48
38448,49
38449,47
38450,8
38451,8
38452,21
38453,58
38454,58
38455,2
38456,8
38457,108
38458,21
38459,2
38460,2
38461,2
38462,2
38463,69
38464,69
38465,69
38466,205
38467,21
38468,21
38469,58
38470,58
38471,72
38472,69
38473,21
38474,58
38475,2
38476,2
38477,21
38478,21
38479,72
38480,69
38481,36
38482,36
38483,72
38484,21
38485,21
38486,388
38487,58
38488,58
38489,36
38490,128
38491,128
38492,286
38493,286
38494,286
38495,72
38496,21
38497,72
38498,72
38499,21
38500,21
38501,58
38502,72
38503,128
38504,21
38505,69
38506,69
38507,8
38508,72
38509,58
38510,58
38511,36
38512,72
38513,72
38514,69
38515,93
38516,72
38517,98
38518,287
38519,93
38520,72
38521,21
38522,21
38523,58
38524,72
38525,128
38526,21
38527,58
38528,58
38529,58
38530,8
38531,8
38532,72
38533,21
38534,21
38535,72
38536,48
38537,74
38538,108
38539,21
38540,21
38541,21
38542,2
38543,72
38544,21
38545,21
38546,72
38547,48
38548,29
38549,30
38550,8
38551,205
38552,21
38553,21
38554,58
38555,2
38556,8
38557,36
38558,49
38559,49
38560,58
38561,58
38562,72
38563,8
38564,58
38565,58
38566,72
38567,72
38568,72
38569,69
38570,8
38571,49
38572,108
38573,21
38574,21
38575,8
38576,36
38577,108
38578,108
38579,72
38580,21
38581,21
38582,21
38583,58
38584,72
38585,72
38586,72
38587,8
38588,8
38589,72
38590,21
38591,21
38592,2
38593,2
38594,72
38595,72
38596,21
38597,93
38598,93
38599,58
38600,58
38601,382
38602,128
38603,128
38604,128
38605,108
38606,128
38607,72
38608,108
38609,21
38610,21
38611,2
38612,72
38613,21
38614,58
38615,2
38616,72
38617,357
38618,72
38619,72
38620,21
38621,2
38622,72
38623,69
38624,21
38625,58
38626,58
38627,69
38628,8
38629,36
38630,49
38631,388
38632,388
38633,69
38634,69
38635,69
38636,357
38637,8
38638,108
38639,2
38640,69
38641,21
38642,21
38643,2
38644,69
38645,108
38646,21
38647,21
38648,58
38649,21
38650,108
38651,21
38652,58
38653,21
38654,58
38655,58
38656,72
38657,72
38658,108
38659,108
38660,21
38661,2
38662,21
38663,2
38664,2
38665,2
38666,2
38667,69
38668,21
38669,21
38670,21
38671,8
38672,2
38673,21
38674,72
38675,69
38676,108
38677,36
38678,72
38679,8
38680,98
38681,72
38682,72
38683,21
38684,2
38685,72
38686,21
38687,21
38688,69
38689,21
38690,21
38691,58
38692,58
38693,69
38694,72
38695,72
38696,69
38697,8
38698,8
38699,21
38700,21
38701,69
38702,69
38703,69
38704,21
38705,21
38706,2
38707,72
38708,69
38709,8
38710,72
38711,21
38712,388
38713,72
38714,69
38715,69
38716,72
38717,69
38718,72
38719,72
38720,36
38721,2
38722,2
38723,72
38724,69
38725,69
38726,21
38727,93
38728,58
38729,58
38730,58
38731,69
38732,21
38733,58
38734,72
38735,72
38736,72
38737,36
38738,26
38739,8
38740,36
38741,49
38742,21
38743,21
38744,388
38745,58
38746,72
38747,69
38748,48
38749,47
38750,8
38751,14
38752,36
38753,26
38754,72
38755,26
38756,8
38757,36
38758,49
38759,26
38760,8
38761,36
38762,49
38763,21
38764,58
38765,72
38766,21
38767,2
38768,72
38769,21
38770,36
38771,69
38772,357
38773,72
38774,8
38775,8
38776,72
38777,72
38778,2
38779,36
38780,72
38781,21
38782,21
38783,72
38784,69
38785,69
38786,72
38787,72
38788,21
38789,113
38790,72
38791,72
38792,72
38793,48
38794,8
38795,36
38796,49
38797,26
38798,205
38799,146
38800,146
38801,344
38802,45
38803,2
38804,72
38805,8
38806,8
38807,21
38808,21
38809,58
38810,58
38811,130
38812,96
38813,8
38814,36
38815,8
38816,108
38817,205
38818,72
38819,69
38820,8
38821,101
38822,21
38823,357
38824,72
38825,21
38826,21
38827,21
38828,8
38829,8
38830,108
38831,21
38832,69
38833,72
38834,8
38835,21
38836,58
38837,128
38838,8
38839,8
38840,8
38841,21
38842,58
38843,2
38844,2
38845,72
38846,21
38847,58
38848,72
38849,21
38850,21
38851,58
38852,286
38853,58
38854,21
38855,58
38856,72
38857,21
38858,21
38859,93
38860,21
38861,72
38862,287
38863,58
38864,21
38865,58
38866,58
38867,72
38868,21
38869,58
38870,21
38871,21
38872,8
38873,101
38874,21
38875,21
38876,128
38877,72
38878,21
38879,21
38880,21
38881,21
38882,58
38883,113
38884,388
38885,36
38886,72
38887,21
38888,21
38889,58
38890,21
38891,21
38892,72
38893,8
38894,8
38895,286
38896,286
38897,58
38898,286
38899,108
38900,21
38901,8
38902,21
38903,36
38904,21
38905,58
38906,2
38907,286
38908,72
38909,21
38910,72
38911,21
38912,21
38913,21
38914,72
38915,58
38916,72
38917,21
38918,72
38919,8
38920,205
38921,21
38922,2
38923,376
38924,69
38925,8
38926,36
38927,49
38928,21
38929,58
38930,72
38931,72
38932,26
38933,8
38934,2
38935,69
38936,69
38937,108
38938,108
38939,72
38940,69
38941,72
38942,21
38943,21
38944,8
38945,21
38946,58
38947,58
38948,21
38949,21
38950,58
38951,58
38952,21
38953,58
38954,2
38955,21
38956,58
38957,128
38958,21
38959,58
38960,58
38961,21
38962,21
38963,58
38964,58
38965,2
38966,108
38967,21
38968,72
38969,21
38970,21
38971,113
38972,72
38973,72
38974,72
38975,69
38976,21
38977,58
38978,289
38979,21
38980,58
38981,58
38982,2
38983,376
38984,376
38985,108
38986,21
38987,21
38988,21
38989,58
38990,21
38991,8
38992,8
38993,58
38994,21
38995,58
38996,72
38997,21
38998,21
38999,2
39000,69
39001,38
39002,72
39003,98
39004,388
39005,58
39006,72
39007,108
39008,21
39009,2
39010,72
39011,108
39012,21
39013,21
39014,21
39015,58
39016,58
39017,36
39018,36
39019,357
39020,21
39021,21
39022,58
39023,21
39024,58
39025,8
39026,8
39027,21
39028,21
39029,58
39030,69
39031,69
39032,108
39033,108
39034,21
39035,21
39036,21
39037,58
39038,58
39039,113
39040,69
39041,72
39042,21
39043,2
39044,69
39045,21
39046,58
39047,375
39048,98
39049,21
39050,21
39051,93
39052,8
39053,72
39054,287
39055,36
39056,21
39057,100
39058,8
39059,58
39060,72
39061,287
39062,205
39063,205
39064,113
39065,2
39066,2
39067,72
39068,8
39069,36
39070,49
39071,48
39072,49
39073,48
39074,8
39075,36
39076,49
39077,8
39078,36
39079,49
39080,36
39081,8
39082,72
39083,72
39084,38
39085,72
39086,72
39087,77
39088,21
39089,309
39090,8
39091,21
39092,72
39093,21
39094,2
39095,2
39096,69
39097,38
39098,361
39099,77
39100,48
39101,8
39102,49
39103,49
39104,77
39105,8
39106,21
39107,36
39108,21
39109,21
39110,2
39111,2
39112,2
39113,36
39114,72
39115,69
39116,21
39117,8
39118,72
39119,2
39120,72
39121,69
39122,21
39123,58
39124,21
39125,21
39126,21
39127,72
39128,21
39129,21
39130,58
39131,58
39132,113
39133,72
39134,8
39135,72
39136,108
39137,108
39138,21
39139,72
39140,357
39141,11
39142,108
39143,21
39144,72
39145,21
39146,36
39147,36
39148,72
39149,11
39150,38
39151,38
39152,21
39153,93
39154,58
39155,58
39156,21
39157,58
39158,58
39159,128
39160,72
39161,108
39162,108
39163,205
39164,21
39165,21
39166,21
39167,21
39168,21
39169,58
39170,2
39171,205
39172,21
39173,2
39174,69
39175,21
39176,2
39177,2
39178,2
39179,11
39180,21
39181,21
39182,21
39183,58
39184,58
39185,58
39186,58
39187,72
39188,69
39189,8
39190,8
39191,21
39192,21
39193,58
39194,58
39195,72
39196,21
39197,21
39198,72
39199,69
39200,357
39201,357
39202,357
39203,8
39204,8
39205,108
39206,21
39207,58
39208,69
39209,286
39210,108
39211,21
39212,21
39213,93
39214,2
39215,36
39216,48
39217,74
39218,100
39219,100
39220,100
39221,8
39222,38
39223,97
39224,398
39225,38
39226,72
39227,72
39228,69
39229,21
39230,69
39231,21
39232,388
39233,69
39234,21
39235,21
39236,72
39237,21
39238,58
39239,58
39240,376
39241,69
39242,69
39243,48
39244,38
39245,38
39246,72
39247,21
39248,8
39249,36
39250,49
39251,72
39252,21
39253,58
39254,58
39255,58
39256,21
39257,72
39258,21
39259,205
39260,21
39261,2
39262,2
39263,21
39264,388
39265,36
39266,69
39267,69
39268,8
39269,38
39270,2
39271,10
39272,48
39273,48
39274,49
39275,48
39276,58
39277,58
39278,72
39279,69
39280,48
39281,8
39282,72
39283,18
39284,26
39285,8
39286,46
39287,36
39288,48
39289,2
39290,108
39291,21
39292,21
39293,58
39294,357
39295,21
39296,58
39297,36
39298,36
39299,21
39300,72
39301,38
39302,398
39303,21
39304,21
39305,2
39306,36
39307,72
39308,21
39309,21
39310,2
39311,72
39312,8
39313,8
39314,36
39315,36
39316,21
39317,93
39318,58
39319,72
39320,286
39321,205
39322,21
39323,2
39324,108
39325,21
39326,21
39327,108
39328,108
39329,21
39330,97
39331,8
39332,36
39333,49
39334,29
39335,2
39336,69
39337,69
39338,36
39339,49
39340,36
39341,49
39342,8
39343,36
39344,49
39345,160
39346,48
39347,48
39348,8
39349,36
39350,49
39351,36
39352,49
39353,8
39354,36
39355,49
39356,21
39357,21
39358,58
39359,72
39360,36
39361,8
39362,8
39363,21
39364,21
39365,72
39366,128
39367,128
39368,48
39369,49
39370,29
39371,48
39372,49
39373,30
39374,48
39375,8
39376,49
39377,29
39378,77
39379,30
39380,8
39381,36
39382,49
39383,8
39384,36
39385,49
39386,8
39387,36
39388,49
39389,49
39390,49
39391,8
39392,36
39393,49
39394,48
39395,8
39396,2
39397,10
39398,10
39399,2
39400,2
39401,36
39402,21
39403,36
39404,72
39405,72
39406,69
39407,21
39408,8
39409,36
39410,38
39411,2
39412,8
39413,72
39414,108
39415,21
39416,21
39417,21
39418,21
39419,21
39420,69
39421,72
39422,36
39423,49
39424,37
39425,38
39426,2
39427,15
39428,21
39429,21
39430,21
39431,73
39432,74
39433,21
39434,58
39435,72
39436,21
39437,72
39438,72
39439,478
39440,8
39441,21
39442,21
39443,58
39444,21
39445,93
39446,98
39447,8
39448,21
39449,21
39450,58
39451,58
39452,58
39453,2
39454,2
39455,2
39456,21
39457,72
39458,8
39459,108
39460,108
39461,108
39462,21
39463,21
39464,113
39465,48
39466,35
39467,38
39468,2
39469,205
39470,8
39471,2
39472,98
39473,357
39474,357
39475,11
39476,11
39477,21
39478,21
39479,69
39480,357
39481,29
39482,8
39483,108
39484,21
39485,72
39486,21
39487,58
39488,108
39489,21
39490,113
39491,21
39492,72
39493,8
39494,8
39495,21
39496,113
39497,72
39498,21
39499,21
39500,58
39501,58
39502,72
39503,69
39504,72
39505,48
39506,49
39507,72
39508,388
39509,58
39510,58
39511,21
39512,21
39513,72
39514,205
39515,21
39516,21
39517,113
39518,2
39519,376
39520,69
39521,38
39522,15
39523,316
39524,8
39525,72
39526,69
39527,21
39528,21
39529,2
39530,69
39531,8
39532,36
39533,49
39534,48
39535,48
39536,10
39537,10
39538,10
39539,10
39540,10
39541,48
39542,8
39543,36
39544,49
39545,49
39546,48
39547,36
39548,49
39549,8
39550,36
39551,49
39552,47
39553,21
39554,21
39555,58
39556,58
39557,8
39558,108
39559,36
39560,69
39561,69
39562,2
39563,2
39564,2
39565,2
39566,2
39567,2
39568,2
39569,2
39570,36
39571,382
39572,382
39573,382
39574,72
39575,286
39576,8
39577,8
39578,8
39579,36
39580,277
39581,21
39582,2
39583,2
39584,38
39585,38
39586,398
39587,21
39588,2
39589,8
39590,101
39591,101
39592,44
39593,8
39594,21
39595,376
39596,58
39597,2
39598,36
39599,36
39600,72
39601,36
39602,69
39603,69
39604,2
39605,2
39606,72
39607,11
39608,21
39609,69
39610,69
39611,21
39612,58
39613,203
39614,382
39615,72
39616,407
39617,38
39618,38
39619,77
39620,77
39621,26
39622,48
39623,29
39624,30
39625,48
39626,8
39627,30
39628,26
39629,8
39630,26
39631,108
39632,21
39633,21
39634,72
39635,21
39636,58
39637,72
39638,69
39639,69
39640,287
39641,108
39642,205
39643,205
39644,21
39645,72
39646,11
39647,48
39648,8
39649,36
39650,49
39651,49
39652,49
39653,21
39654,21
39655,25
39656,26
39657,48
39658,8
39659,49
39660,47
39661,72
39662,38
39663,38
39664,478
39665,8
39666,36
39667,49
39668,49
39669,21
39670,21
39671,58
39672,2
39673,21
39674,36
39675,21
39676,8
39677,58
39678,36
39679,69
39680,128
39681,9
39682,10
39683,10
39684,10
39685,2
39686,2
39687,2
39688,72
39689,21
39690,58
39691,58
39692,36
39693,21
39694,2
39695,72
39696,69
39697,21
39698,21
39699,388
39700,58
39701,36
39702,36
39703,36
39704,36
39705,48
39706,8
39707,38
39708,128
39709,8
39710,36
39711,49
39712,38
39713,72
39714,100
39715,77
39716,2
39717,2
39718,8
39719,36
39720,49
39721,48
39722,49
39723,160
39724,160
39725,29
39726,21
39727,72
39728,72
39729,2
39730,21
39731,72
39732,72
39733,8
39734,36
39735,49
39736,49
39737,36
39738,8
39739,21
39740,21
39741,36
39742,69
39743,69
39744,69
39745,182
39746,108
39747,72
39748,2
39749,36
39750,2
39751,36
39752,113
39753,113
39754,21
39755,388
39756,58
39757,58
39758,8
39759,38
39760,72
39761,287
39762,21
39763,58
39764,2
39765,48
39766,72
39767,21
39768,21
39769,58
39770,58
39771,382
39772,48
39773,2
39774,48
39775,8
39776,138
39777,49
39778,2
39779,376
39780,48
39781,138
39782,47
39783,48
39784,8
39785,8
39786,49
39787,21
39788,69
39789,35
39790,38
39791,45
39792,45
39793,2
39794,21
39795,21
39796,72
39797,21
39798,21
39799,113
39800,2
39801,286
39802,21
39803,21
39804,58
39805,21
39806,21
39807,48
39808,49
39809,47
39810,48
39811,49
39812,49
39813,8
39814,2
39815,18
39816,8
39817,36
39818,49
39819,21
39820,58
39821,357
39822,8
39823,36
39824,72
39825,2
39826,74
39827,48
39828,73
39829,74
39830,8
39831,8
39832,18
39833,48
39834,36
39835,29
39836,30
39837,48
39838,48
39839,21
39840,21
39841,113
39842,69
39843,69
39844,48
39845,8
39846,36
39847,49
39848,48
39849,49
39850,29
39851,77
39852,30
39853,48
39854,36
39855,21
39856,2
39857,2
39858,72
39859,36
39860,48
39861,18
39862,72
39863,36
39864,49
39865,49
39866,49
39867,21
39868,58
39869,58
39870,36
39871,48
39872,8
39873,45
39874,2
39875,8
39876,0
39877,48
39878,38
39879,45
39880,2
39881,10
39882,10
39883,2
39884,26
39885,72
39886,8
39887,36
39888,48
39889,8
39890,36
39891,49
39892,8
39893,36
39894,49
39895,38
39896,128
39897,100
39898,77
39899,38
39900,128
39901,8
39902,36
39903,48
39904,129
39905,47
39906,48
39907,48
39908,49
39909,38
39910,72
39911,18
39912,26
39913,48
39914,8
39915,26
39916,48
39917,49
39918,8
39919,36
39920,49
39921,2
39922,38
39923,77
39924,77
39925,48
39926,8
39927,36
39928,49
39929,36
39930,49
39931,48
39932,8
39933,21
39934,21
39935,58
39936,58
39937,2
39938,38
39939,72
39940,169
39941,21
39942,58
39943,382
39944,382
39945,286
39946,48
39947,48
39948,108
39949,21
39950,58
39951,376
39952,21
39953,58
39954,38
39955,72
39956,21
39957,8
39958,72
39959,287
39960,48
39961,8
39962,36
39963,49
39964,26
39965,48
39966,8
39967,36
39968,49
39969,21
39970,38
39971,72
39972,48
39973,47
39974,8
39975,26
39976,8
39977,8
39978,8
39979,8
39980,8
39981,26
39982,21
39983,58
39984,36
39985,36
39986,36
39987,286
39988,108
39989,21
39990,21
39991,8
39992,69
39993,357
39994,357
39995,357
39996,357
39997,21
39998,21
39999,58
40000,58
40001,69
40002,8
40003,36
40004,49
40005,30
40006,48
40007,38
40008,92
40009,18
40010,18
40011,2
40012,2
40013,2
40014,18
40015,26
40016,8
40017,36
40018,277
40019,36
40020,26
40021,48
40022,49
40023,49
40024,29
40025,30
40026,8
40027,36
40028,49
40029,48
40030,21
40031,21
40032,21
40033,388
40034,36
40035,376
40036,21
40037,58
40038,72
40039,72
40040,48
40041,38
40042,10
40043,10
40044,10
40045,21
40046,58
40047,108
40048,21
40049,21
40050,113
40051,8
40052,36
40053,21
40054,113
40055,113
40056,21
40057,2
40058,72
40059,2
40060,2
40061,72
40062,69
40063,2
40064,10
40065,10
40066,10
40067,10
40068,15
40069,36
40070,49
40071,49
40072,8
40073,36
40074,108
40075,113
40076,357
40077,357
40078,357
40079,357
40080,48
40081,8
40082,49
40083,29
40084,77
40085,30
40086,48
40087,48
40088,8
40089,49
40090,29
40091,77
40092,30
40093,48
40094,8
40095,29
40096,77
40097,30
40098,2
40099,8
40100,36
40101,49
40102,108
40103,26
40104,48
40105,8
40106,49
40107,49
40108,8
40109,36
40110,8
40111,36
40112,49
40113,48
40114,36
40115,8
40116,38
40117,36
40118,25
40119,18
40120,18
40121,48
40122,8
40123,48
40124,74
40125,26
40126,48
40127,74
40128,38
40129,25
40130,18
40131,18
40132,18
40133,38
40134,72
40135,128
40136,77
40137,388
40138,8
40139,48
40140,8
40141,48
40142,49
40143,77
40144,30
40145,26
40146,26
40147,48
40148,8
40149,29
40150,77
40151,30
40152,48
40153,8
40154,29
40155,77
40156,30
40157,8
40158,36
40159,29
40160,36
40161,29
40162,8
40163,36
40164,30
40165,48
40166,49
40167,29
40168,77
40169,21
40170,21
40171,72
40172,69
40173,132
40174,21
40175,21
40176,8
40177,8
40178,21
40179,58
40180,113
40181,36
40182,21
40183,21
40184,72
40185,21
40186,72
40187,108
40188,21
40189,21
40190,8
40191,2
40192,2
40193,69
40194,8
40195,36
40196,49
40197,21
40198,2
40199,48
40200,30
40201,36
40202,49
40203,49
40204,21
40205,388
40206,388
40207,2
40208,36
40209,36
40210,36
40211,36
40212,26
40213,21
40214,21
40215,8
40216,72
40217,21
40218,93
40219,58
40220,58
40221,21
40222,58
40223,72
40224,36
40225,108
40226,58
40227,58
40228,36
40229,178
40230,96
40231,8
40232,36
40233,29
40234,2
40235,48
40236,35
40237,21
40238,21
40239,21
40240,58
40241,58
40242,21
40243,58
40244,72
40245,21
40246,2
40247,108
40248,58
40249,113
40250,98
40251,21
40252,72
40253,38
40254,45
40255,2
40256,2
40257,2
40258,10
40259,10
40260,21
40261,21
40262,21
40263,38
40264,38
40265,69
40266,69
40267,55
40268,55
40269,21
40270,2
40271,11
40272,21
40273,58
40274,58
40275,98
40276,21
40277,58
40278,2
40279,72
40280,69
40281,72
40282,108
40283,72
40284,38
40285,25
40286,398
40287,21
40288,36
40289,72
40290,376
40291,69
40292,48
40293,108
40294,128
40295,128
40296,93
40297,58
40298,113
40299,21
40300,21
40301,388
40302,58
40303,58
40304,72
40305,91
40306,289
40307,108
40308,36
40309,72
40310,69
40311,72
40312,72
40313,8
40314,21
40315,21
40316,72
40317,8
40318,48
40319,8
40320,36
40321,49
40322,49
40323,48
40324,8
40325,36
40326,49
40327,38
40328,72
40329,36
40330,49
40331,49
40332,48
40333,36
40334,49
40335,8
40336,36
40337,49
40338,21
40339,388
40340,72
40341,58
40342,113
40343,36
40344,72
40345,21
40346,21
40347,69
40348,129
40349,36
40350,108
40351,108
40352,205
40353,8
40354,36
40355,376
40356,48
40357,36
40358,21
40359,36
40360,69
40361,21
40362,21
40363,2
40364,36
40365,72
40366,48
40367,21
40368,21
40369,58
40370,72
40371,48
40372,74
40373,205
40374,21
40375,21
40376,11
40377,8
40378,8
40379,8
40380,8
40381,72
40382,2
40383,21
40384,21
40385,36
40386,69
40387,48
40388,2
40389,48
40390,58
40391,344
40392,344
40393,26
40394,72
40395,69
40396,69
40397,21
40398,8
40399,58
40400,58
40401,72
40402,58
40403,58
40404,72
40405,48
40406,8
40407,49
40408,8
40409,8
40410,8
40411,8
40412,36
40413,36
40414,49
40415,29
40416,30
40417,8
40418,36
40419,36
40420,49
40421,29
40422,30
40423,48
40424,205
40425,8
40426,14
40427,36
40428,48
40429,8
40430,36
40431,49
40432,29
40433,48
40434,49
40435,108
40436,21
40437,376
40438,376
40439,376
40440,69
40441,69
40442,69
40443,69
40444,21
40445,58
40446,2
40447,26
40448,38
40449,38
40450,2
40451,48
40452,8
40453,36
40454,49
40455,8
40456,36
40457,36
40458,2
40459,72
40460,69
40461,69
40462,48
40463,8
40464,29
40465,47
40466,30
40467,48
40468,8
40469,29
40470,47
40471,30
40472,21
40473,21
40474,72
40475,69
40476,69
40477,21
40478,21
40479,69
40480,353
40481,8
40482,36
40483,49
40484,48
40485,49
40486,47
40487,91
40488,91
40489,8
40490,36
40491,72
40492,8
40493,35
40494,2
40495,25
40496,2
40497,2
40498,18
40499,18
40500,108
40501,36
40502,48
40503,8
40504,49
40505,73
40506,8
40507,8
40508,21
40509,2
40510,72
40511,69
40512,21
40513,2
40514,72
40515,72
40516,72
40517,72
40518,8
40519,21
40520,128
40521,128
40522,21
40523,2
40524,21
40525,21
40526,58
40527,58
40528,108
40529,108
40530,21
40531,21
40532,21
40533,69
40534,69
40535,8
40536,114
40537,69
40538,69
40539,108
40540,2
40541,2
40542,113
40543,72
40544,357
40545,357
40546,72
40547,108
40548,21
40549,58
40550,108
40551,21
40552,58
40553,128
40554,128
40555,58
40556,58
40557,113
40558,128
40559,35
40560,35
40561,108
40562,21
40563,21
40564,128
40565,182
40566,131
40567,359
40568,72
40569,55
40570,55
40571,113
40572,8
40573,69
40574,72
40575,48
40576,8
40577,49
40578,72
40579,21
40580,72
40581,357
40582,11
40583,21
40584,128
40585,98
40586,21
40587,21
40588,21
40589,72
40590,35
40591,35
40592,38
40593,22
40594,45
40595,2
40596,17
40597,17
40598,21
40599,2
40600,91
40601,8
40602,36
40603,108
40604,21
40605,2
40606,21
40607,72
40608,48
40609,8
40610,47
40611,21
40612,69
40613,21
40614,2
40615,36
40616,21
40617,2
40618,2
40619,478
40620,8
40621,21
40622,21
40623,21
40624,21
40625,21
40626,58
40627,72
40628,21
40629,21
40630,2
40631,2
40632,72
40633,69
40634,69
40635,72
40636,48
40637,8
40638,8
40639,36
40640,49
40641,49
40642,48
40643,8
40644,48
40645,8
40646,36
40647,49
40648,8
40649,36
40650,49
40651,48
40652,8
40653,36
40654,18
40655,18
40656,26
40657,36
40658,26
40659,8
40660,36
40661,49
40662,48
40663,8
40664,21
40665,58
40666,58
40667,48
40668,35
40669,2
40670,72
40671,2
40672,2
40673,21
40674,113
40675,113
40676,36
40677,72
40678,21
40679,58
40680,69
40681,108
40682,108
40683,21
40684,21
40685,2
40686,375
40687,11
40688,182
40689,388
40690,388
40691,114
40692,72
40693,72
40694,108
40695,58
40696,58
40697,69
40698,21
40699,32
40700,8
40701,18
40702,8
40703,36
40704,49
40705,118
40706,45
40707,2
40708,2
40709,10
40710,8
40711,36
40712,49
40713,30
40714,8
40715,36
40716,49
40717,21
40718,21
40719,72
40720,36
40721,48
40722,48
40723,8
40724,2
40725,30
40726,8
40727,38
40728,38
40729,2
40730,29
40731,48
40732,2
40733,73
40734,74
40735,8
40736,38
40737,14
40738,36
40739,25
40740,26
40741,48
40742,8
40743,30
40744,38
40745,2
40746,48
40747,49
40748,29
40749,30
40750,48
40751,49
40752,30
40753,35
40754,8
40755,38
40756,45
40757,2
40758,2
40759,2
40760,10
40761,8
40762,36
40763,26
40764,2
40765,10
40766,36
40767,49
40768,49
40769,8
40770,36
40771,49
40772,8
40773,36
40774,49
40775,48
40776,2
40777,10
40778,10
40779,10
40780,10
40781,72
40782,72
40783,2
40784,72
40785,35
40786,8
40787,2
40788,2
40789,36
40790,58
40791,108
40792,108
40793,108
40794,21
40795,2
40796,72
40797,69
40798,48
40799,21
40800,72
40801,72
40802,21
40803,21
40804,2
40805,21
40806,21
40807,21
40808,58
40809,2
40810,2
40811,48
40812,58
40813,58
40814,72
40815,69
40816,69
40817,21
40818,21
40819,58
40820,58
40821,21
40822,376
40823,48
40824,8
40825,49
40826,49
40827,72
40828,21
40829,21
40830,21
40831,58
40832,58
40833,58
40834,72
40835,21
40836,58
40837,8
40838,8
40839,21
40840,21
40841,58
40842,21
40843,72
40844,69
40845,2
40846,72
40847,72
40848,108
40849,21
40850,58
40851,8
40852,8
40853,8
40854,8
40855,122
40856,8
40857,36
40858,47
40859,8
40860,8
40861,8
40862,36
40863,49
40864,48
40865,2
40866,17
40867,18
40868,8
40869,17
40870,18
40871,18
40872,12
40873,18
40874,26
40875,48
40876,2
40877,74
40878,12
40879,18
40880,26
40881,45
40882,2
40883,8
40884,36
40885,49
40886,8
40887,36
40888,8
40889,36
40890,49
40891,8
40892,36
40893,49
40894,21
40895,2
40896,36
40897,72
40898,69
40899,8
40900,160
40901,160
40902,48
40903,160
40904,8
40905,36
40906,49
40907,36
40908,8
40909,36
40910,49
40911,21
40912,8
40913,36
40914,108
40915,21
40916,21
40917,58
40918,72
40919,38
40920,77
40921,48
40922,48
40923,37
40924,8
40925,2
40926,2
40927,10
40928,10
40929,10
40930,38
40931,77
40932,26
40933,21
40934,58
40935,58
40936,72
40937,2
40938,21
40939,21
40940,72
40941,8
40942,49
40943,21
40944,21
40945,58
40946,2
40947,72
40948,69
40949,69
40950,8
40951,36
40952,49
40953,49
40954,47
40955,58
40956,108
40957,108
40958,108
40959,21
40960,58
40961,72
40962,287
40963,8
40964,36
40965,8
40966,36
40967,36
40968,49
40969,72
40970,8
40971,36
40972,8
40973,36
40974,49
40975,49
40976,8
40977,38
40978,2
40979,8
40980,36
40981,49
40982,49
40983,48
40984,8
40985,36
40986,49
40987,29
40988,8
40989,36
40990,49
40991,8
40992,14
40993,36
40994,8
40995,36
40996,49
40997,0
40998,3
40999,8
41000,8
41001,48
41002,48
41003,38
41004,2
41005,38
41006,2
41007,15
41008,72
41009,8
41010,36
41011,49
41012,8
41013,8
41014,36
41015,49
41016,36
41017,49
41018,29
41019,30
41020,36
41021,49
41022,36
41023,36
41024,49
41025,29
41026,29
41027,26
41028,48
41029,8
41030,30
41031,48
41032,8
41033,29
41034,36
41035,49
41036,26
41037,48
41038,8
41039,36
41040,49
41041,108
41042,21
41043,58
41044,8
41045,21
41046,8
41047,58
41048,58
41049,36
41050,48
41051,2
41052,74
41053,48
41054,8
41055,49
41056,21
41057,21
41058,8
41059,58
41060,108
41061,21
41062,21
41063,388
41064,48
41065,15
41066,38
41067,362
41068,21
41069,21
41070,8
41071,72
41072,21
41073,21
41074,72
41075,8
41076,36
41077,68
41078,38
41079,38
41080,77
41081,8
41082,207
41083,2
41084,2
41085,2
41086,36
41087,8
41088,36
41089,49
41090,49
41091,36
41092,49
41093,21
41094,2
41095,21
41096,58
41097,2
41098,2
41099,2
41100,26
41101,25
41102,26
41103,49
41104,277
41105,8
41106,36
41107,49
41108,48
41109,8
41110,47
41111,48
41112,36
41113,49
41114,29
41115,48
41116,36
41117,49
41118,29
41119,30
41120,15
41121,8
41122,36
41123,36
41124,48
41125,49
41126,30
41127,36
41128,26
41129,48
41130,74
41131,35
41132,38
41133,48
41134,29
41135,77
41136,30
41137,48
41138,77
41139,8
41140,36
41141,49
41142,48
41143,5
41144,83
41145,6
41146,6
41147,8
41148,36
41149,36
41150,49
41151,10
41152,34
41153,34
41154,48
41155,38
41156,48
41157,74
41158,21
41159,21
41160,58
41161,58
41162,36
41163,36
41164,36
41165,36
41166,8
41167,316
41168,118
41169,21
41170,21
41171,21
41172,58
41173,58
41174,58
41175,69
41176,98
41177,36
41178,49
41179,8
41180,36
41181,21
41182,8
41183,72
41184,287
41185,48
41186,8
41187,138
41188,36
41189,49
41190,47
41191,21
41192,48
41193,49
41194,48
41195,35
41196,8
41197,8
41198,36
41199,45
41200,2
41201,48
41202,2
41203,74
41204,74
41205,8
41206,36
41207,49
41208,26
41209,8
41210,36
41211,49
41212,21
41213,58
41214,58
41215,128
41216,128
41217,8
41218,36
41219,49
41220,47
41221,8
41222,118
41223,45
41224,2
41225,2
41226,2
41227,36
41228,36
41229,10
41230,10
41231,10
41232,18
41233,48
41234,38
41235,2
41236,2
41237,74
41238,36
41239,48
41240,8
41241,22
41242,45
41243,2
41244,2
41245,18
41246,8
41247,36
41248,49
41249,29
41250,8
41251,36
41252,49
41253,30
41254,28
41255,37
41256,2
41257,26
41258,48
41259,8
41260,47
41261,48
41262,36
41263,26
41264,108
41265,58
41266,8
41267,8
41268,72
41269,8
41270,8
41271,8
41272,8
41273,21
41274,8
41275,8
41276,48
41277,49
41278,91
41279,91
41280,46
41281,46
41282,46
41283,207
41284,207
41285,7
41286,7
41287,21
41288,21
41289,7
41290,21
41291,21
41292,21
41293,21
41294,58
41295,108
41296,108
41297,21
41298,21
41299,98
41300,388
41301,58
41302,58
41303,98
41304,38
41305,361
41306,77
41307,2
41308,108
41309,113
41310,113
41311,2
41312,2
41313,2
41314,2
41315,72
41316,118
41317,45
41318,45
41319,21
41320,21
41321,69
41322,69
41323,48
41324,8
41325,49
41326,29
41327,77
41328,72
41329,48
41330,8
41331,36
41332,49
41333,8
41334,36
41335,49
41336,49
41337,8
41338,36
41339,49
41340,21
41341,205
41342,21
41343,2
41344,8
41345,72
41346,69
41347,287
41348,108
41349,21
41350,21
41351,2
41352,2
41353,21
41354,58
41355,286
41356,21
41357,113
41358,72
41359,58
41360,2
41361,38
41362,38
41363,36
41364,21
41365,58
41366,72
41367,21
41368,2
41369,2
41370,2
41371,2
41372,2
41373,382
41374,8
41375,36
41376,49
41377,108
41378,21
41379,21
41380,21
41381,113
41382,36
41383,49
41384,30
41385,182
41386,36
41387,48
41388,8
41389,25
41390,26
41391,26
41392,48
41393,48
41394,22
41395,2
41396,8
41397,36
41398,49
41399,49
41400,8
41401,36
41402,48
41403,8
41404,2
41405,108
41406,21
41407,21
41408,48
41409,49
41410,29
41411,30
41412,48
41413,29
41414,47
41415,30
41416,8
41417,36
41418,49
41419,48
41420,8
41421,47
41422,8
41423,36
41424,49
41425,38
41426,72
41427,21
41428,38
41429,34
41430,34
41431,18
41432,18
41433,38
41434,21
41435,8
41436,8
41437,2
41438,2
41439,58
41440,58
41441,72
41442,8
41443,48
41444,36
41445,49
41446,8
41447,24
41448,18
41449,26
41450,48
41451,83
41452,6
41453,21
41454,21
41455,58
41456,58
41457,2
41458,72
41459,69
41460,113
41461,113
41462,2
41463,36
41464,72
41465,21
41466,58
41467,58
41468,72
41469,21
41470,58
41471,8
41472,8
41473,21
41474,2
41475,2
41476,72
41477,72
41478,8
41479,8
41480,8
41481,36
41482,49
41483,21
41484,113
41485,69
41486,98
41487,21
41488,21
41489,21
41490,113
41491,2
41492,376
41493,72
41494,108
41495,21
41496,58
41497,58
41498,72
41499,21
41500,21
41501,72
41502,69
41503,21
41504,21
41505,58
41506,58
41507,58
41508,21
41509,2
41510,69
41511,8
41512,72
41513,72
41514,36
41515,69
41516,8
41517,21
41518,21
41519,72
41520,21
41521,21
41522,21
41523,2
41524,108
41525,21
41526,58
41527,58
41528,72
41529,72
41530,21
41531,72
41532,72
41533,108
41534,21
41535,113
41536,36
41537,69
41538,357
41539,21
41540,388
41541,376
41542,69
41543,69
41544,69
41545,21
41546,72
41547,21
41548,2
41549,72
41550,72
41551,21
41552,21
41553,2
41554,2
41555,2
41556,2
41557,2
41558,72
41559,48
41560,48
41561,2
41562,2
41563,10
41564,10
41565,10
41566,21
41567,21
41568,58
41569,58
41570,21
41571,113
41572,2
41573,21
41574,58
41575,58
41576,72
41577,69
41578,69
41579,357
41580,58
41581,72
41582,58
41583,357
41584,21
41585,93
41586,93
41587,58
41588,286
41589,98
41590,21
41591,21
41592,36
41593,72
41594,376
41595,48
41596,8
41597,8
41598,21
41599,36
41600,36
41601,72
41602,69
41603,21
41604,58
41605,58
41606,2
41607,36
41608,72
41609,58
41610,36
41611,36
41612,49
41613,8
41614,36
41615,26
41616,8
41617,36
41618,49
41619,48
41620,21
41621,58
41622,98
41623,407
41624,407
41625,72
41626,72
41627,58
41628,72
41629,111
41630,111
41631,21
41632,21
41633,21
41634,58
41635,72
41636,12
41637,22
41638,8
41639,8
41640,2
41641,2
41642,2
41643,72
41644,69
41645,11
41646,72
41647,48
41648,2
41649,2
41650,2
41651,2
41652,10
41653,10
41654,17
41655,48
41656,49
41657,49
41658,49
41659,29
41660,77
41661,8
41662,36
41663,49
41664,2
41665,2
41666,21
41667,72
41668,72
41669,48
41670,8
41671,8
41672,21
41673,21
41674,72
41675,8
41676,21
41677,58
41678,21
41679,93
41680,8
41681,36
41682,47
41683,21
41684,21
41685,72
41686,26
41687,25
41688,31
41689,21
41690,72
41691,21
41692,8
41693,8
41694,11
41695,108
41696,21
41697,21
41698,58
41699,11
41700,21
41701,58
41702,21
41703,36
41704,36
41705,36
41706,36
41707,72
41708,21
41709,21
41710,58
41711,58
41712,33
41713,33
41714,8
41715,8
41716,21
41717,72
41718,69
41719,21
41720,58
41721,72
41722,69
41723,72
41724,69
41725,69
41726,357
41727,21
41728,21
41729,58
41730,316
41731,100
41732,8
41733,21
41734,21
41735,58
41736,58
41737,113
41738,8
41739,72
41740,21
41741,21
41742,69
41743,21
41744,205
41745,2
41746,2
41747,205
41748,58
41749,58
41750,72
41751,72
41752,69
41753,21
41754,21
41755,72
41756,69
41757,69
41758,69
41759,21
41760,21
41761,388
41762,33
41763,108
41764,21
41765,21
41766,21
41767,21
41768,58
41769,58
41770,113
41771,2
41772,72
41773,91
41774,316
41775,21
41776,8
41777,58
41778,38
41779,72
41780,21
41781,21
41782,21
41783,36
41784,36
41785,72
41786,21
41787,21
41788,21
41789,72
41790,11
41791,72
41792,69
41793,21
41794,21
41795,58
41796,69
41797,21
41798,113
41799,8
41800,38
41801,205
41802,21
41803,72
41804,69
41805,36
41806,49
41807,8
41808,36
41809,21
41810,8
41811,36
41812,36
41813,49
41814,30
41815,8
41816,36
41817,36
41818,49
41819,29
41820,30
41821,8
41822,21
41823,309
41824,128
41825,72
41826,21
41827,8
41828,8
41829,8
41830,2
41831,2
41832,29
41833,2
41834,2
41835,30
41836,8
41837,36
41838,72
41839,21
41840,21
41841,58
41842,8
41843,8
41844,8
41845,108
41846,21
41847,21
41848,21
41849,58
41850,58
41851,2
41852,21
41853,21
41854,113
41855,2
41856,2
41857,72
41858,21
41859,69
41860,21
41861,8
41862,72
41863,21
41864,21
41865,58
41866,58
41867,72
41868,8
41869,36
41870,49
41871,8
41872,8
41873,21
41874,8
41875,8
41876,8
41877,128
41878,8
41879,2
41880,72
41881,8
41882,46
41883,21
41884,21
41885,21
41886,69
41887,21
41888,21
41889,58
41890,58
41891,58
41892,2
41893,72
41894,72
41895,21
41896,113
41897,48
41898,29
41899,114
41900,8
41901,36
41902,48
41903,8
41904,36
41905,49
41906,21
41907,72
41908,357
41909,21
41910,21
41911,58
41912,72
41913,108
41914,21
41915,21
41916,113
41917,309
41918,72
41919,69
41920,72
41921,48
41922,49
41923,29
41924,48
41925,8
41926,36
41927,48
41928,123
41929,26
41930,72
41931,287
41932,36
41933,21
41934,72
41935,18
41936,18
41937,2
41938,2
41939,169
41940,21
41941,21
41942,58
41943,48
41944,8
41945,49
41946,2
41947,2
41948,2
41949,72
41950,8
41951,36
41952,49
41953,49
41954,21
41955,21
41956,2
41957,2
41958,2
41959,48
41960,73
41961,8
41962,36
41963,21
41964,21
41965,8
41966,72
41967,38
41968,72
41969,69
41970,9
41971,48
41972,8
41973,36
41974,49
41975,48
41976,8
41977,36
41978,49
41979,48
41980,8
41981,36
41982,49
41983,48
41984,8
41985,36
41986,49
41987,48
41988,8
41989,36
41990,49
41991,91
41992,46
41993,2
41994,205
41995,205
41996,21
41997,48
41998,49
41999,49
42000,49
42001,77
42002,30
42003,48
42004,8
42005,49
42006,49
42007,49
42008,29
42009,77
42010,48
42011,8
42012,36
42013,49
42014,49
42015,21
42016,58
42017,58
42018,72
42019,73
42020,21
42021,21
42022,21
42023,21
42024,8
42025,36
42026,48
42027,49
42028,26
42029,48
42030,29
42031,48
42032,49
42033,47
42034,36
42035,49
42036,48
42037,21
42038,21
42039,21
42040,376
42041,376
42042,376
42043,69
42044,375
42045,8
42046,48
42047,48
42048,35
42049,38
42050,38
42051,22
42052,48
42053,8
42054,47
42055,73
42056,74
42057,8
42058,36
42059,18
42060,26
42061,10
42062,10
42063,10
42064,25
42065,26
42066,38
42067,45
42068,2
42069,2
42070,48
42071,49
42072,48
42073,36
42074,49
42075,49
42076,48
42077,49
42078,49
42079,36
42080,72
42081,72
42082,21
42083,36
42084,21
42085,114
42086,114
42087,21
42088,21
42089,2
42090,72
42091,69
42092,48
42093,36
42094,49
42095,49
42096,47
42097,26
42098,26
42099,26
42100,2
42101,74
42102,48
42103,8
42104,36
42105,36
42106,48
42107,36
42108,18
42109,26
42110,8
42111,36
42112,49
42113,21
42114,21
42115,58
42116,58
42117,8
42118,36
42119,47
42120,123
42121,48
42122,29
42123,47
42124,48
42125,8
42126,36
42127,49
42128,30
42129,48
42130,8
42131,36
42132,49
42133,29
42134,8
42135,36
42136,48
42137,129
42138,49
42139,48
42140,8
42141,8
42142,8
42143,36
42144,49
42145,8
42146,36
42147,48
42148,74
42149,48
42150,8
42151,36
42152,48
42153,8
42154,8
42155,36
42156,49
42157,38
42158,72
42159,36
42160,36
42161,48
42162,8
42163,36
42164,49
42165,48
42166,74
42167,38
42168,15
42169,38
42170,118
42171,45
42172,10
42173,12
42174,25
42175,26
42176,21
42177,21
42178,72
42179,12
42180,26
42181,72
42182,38
42183,2
42184,15
42185,48
42186,8
42187,29
42188,30
42189,48
42190,8
42191,29
42192,47
42193,30
42194,48
42195,8
42196,29
42197,164
42198,21
42199,388
42200,388
42201,388
42202,113
42203,36
42204,36
42205,36
42206,36
42207,26
42208,8
42209,36
42210,30
42211,8
42212,36
42213,29
42214,48
42215,21
42216,2
42217,48
42218,36
42219,8
42220,36
42221,49
42222,48
42223,49
42224,29
42225,48
42226,49
42227,29
42228,30
42229,8
42230,36
42231,29
42232,8
42233,36
42234,29
42235,48
42236,8
42237,8
42238,24
42239,26
42240,8
42241,21
42242,21
42243,2
42244,72
42245,69
42246,21
42247,21
42248,36
42249,72
42250,93
42251,93
42252,93
42253,113
42254,113
42255,8
42256,8
42257,2
42258,72
42259,2
42260,2
42261,2
42262,2
42263,2
42264,2
42265,2
42266,2
42267,69
42268,69
42269,69
42270,21
42271,72
42272,26
42273,8
42274,21
42275,58
42276,58
42277,2
42278,35
42279,15
42280,45
42281,2
42282,18
42283,21
42284,58
42285,69
42286,72
42287,21
42288,2
42289,98
42290,72
42291,72
42292,8
42293,8
42294,36
42295,21
42296,21
42297,58
42298,375
42299,113
42300,36
42301,72
42302,8
42303,36
42304,58
42305,36
42306,36
42307,69
42308,8
42309,113
42310,36
42311,72
42312,73
42313,74
42314,48
42315,49
42316,30
42317,48
42318,8
42319,8
42320,36
42321,49
42322,29
42323,30
42324,58
42325,48
42326,49
42327,29
42328,30
42329,48
42330,49
42331,30
42332,48
42333,49
42334,29
42335,48
42336,49
42337,49
42338,36
42339,49
42340,21
42341,58
42342,407
42343,8
42344,8
42345,8
42346,8
42347,36
42348,36
42349,130
42350,130
42351,94
42352,96
42353,48
42354,8
42355,36
42356,30
42357,98
42358,48
42359,8
42360,36
42361,49
42362,49
42363,48
42364,49
42365,49
42366,30
42367,48
42368,8
42369,77
42370,48
42371,8
42372,48
42373,2
42374,8
42375,36
42376,29
42377,21
42378,21
42379,58
42380,21
42381,8
42382,36
42383,8
42384,8
42385,72
42386,48
42387,8
42388,45
42389,2
42390,205
42391,21
42392,58
42393,2
42394,2
42395,2
42396,69
42397,69
42398,69
42399,26
42400,26
42401,48
42402,21
42403,21
42404,21
42405,72
42406,72
42407,128
42408,33
42409,21
42410,21
42411,36
42412,21
42413,21
42414,58
42415,2
42416,36
42417,72
42418,375
42419,21
42420,93
42421,58
42422,2
42423,21
42424,21
42425,58
42426,58
42427,286
42428,286
42429,7
42430,7
42431,8
42432,36
42433,49
42434,49
42435,48
42436,8
42437,36
42438,49
42439,160
42440,8
42441,36
42442,49
42443,47
42444,48
42445,12
42446,18
42447,18
42448,8
42449,36
42450,49
42451,29
42452,30
42453,8
42454,36
42455,49
42456,30
42457,8
42458,36
42459,49
42460,29
42461,8
42462,36
42463,49
42464,8
42465,36
42466,8
42467,36
42468,49
42469,108
42470,21
42471,2
42472,286
42473,48
42474,49
42475,29
42476,30
42477,48
42478,8
42479,8
42480,36
42481,48
42482,48
42483,2
42484,10
42485,17
42486,18
42487,48
42488,8
42489,36
42490,77
42491,30
42492,48
42493,8
42494,36
42495,77
42496,30
42497,58
42498,58
42499,2
42500,72
42501,8
42502,21
42503,21
42504,430
42505,8
42506,36
42507,49
42508,49
42509,8
42510,36
42511,49
42512,49
42513,8
42514,36
42515,49
42516,68
42517,2
42518,36
42519,72
42520,48
42521,8
42522,8
42523,36
42524,49
42525,49
42526,30
42527,8
42528,36
42529,49
42530,29
42531,48
42532,49
42533,49
42534,30
42535,48
42536,49
42537,49
42538,29
42539,30
42540,48
42541,73
42542,108
42543,21
42544,376
42545,357
42546,357
42547,48
42548,8
42549,36
42550,49
42551,36
42552,49
42553,8
42554,36
42555,48
42556,8
42557,8
42558,8
42559,48
42560,45
42561,2
42562,2
42563,8
42564,8
42565,12
42566,26
42567,48
42568,138
42569,49
42570,8
42571,8
42572,18
42573,26
42574,48
42575,2
42576,10
42577,72
42578,48
42579,48
42580,8
42581,8
42582,2
42583,2
42584,10
42585,10
42586,48
42587,8
42588,36
42589,49
42590,12
42591,26
42592,21
42593,8
42594,8
42595,72
42596,69
42597,69
42598,287
42599,21
42600,21
42601,58
42602,72
42603,376
42604,376
42605,376
42606,69
42607,69
42608,48
42609,48
42610,48
42611,8
42612,36
42613,49
42614,21
42615,2
42616,376
42617,128
42618,72
42619,21
42620,2
42621,2
42622,38
42623,38
42624,26
42625,21
42626,21
42627,21
42628,21
42629,72
42630,33
42631,108
42632,108
42633,21
42634,58
42635,58
42636,8
42637,8
42638,33
42639,108
42640,21
42641,58
42642,58
42643,72
42644,21
42645,58
42646,2
42647,69
42648,21
42649,21
42650,21
42651,21
42652,21
42653,58
42654,69
42655,108
42656,21
42657,21
42658,21
42659,2
42660,8
42661,8
42662,72
42663,72
42664,8
42665,8
42666,8
42667,8
42668,21
42669,72
42670,69
42671,8
42672,108
42673,21
42674,2
42675,2
42676,8
42677,58
42678,113
42679,113
42680,309
42681,72
42682,8
42683,72
42684,72
42685,388
42686,21
42687,128
42688,8
42689,8
42690,21
42691,21
42692,21
42693,113
42694,21
42695,58
42696,58
42697,72
42698,21
42699,58
42700,58
42701,58
42702,72
42703,36
42704,8
42705,21
42706,21
42707,91
42708,8
42709,36
42710,25
42711,26
42712,8
42713,21
42714,113
42715,382
42716,357
42717,108
42718,21
42719,2
42720,72
42721,69
42722,54
42723,72
42724,21
42725,58
42726,357
42727,21
42728,21
42729,8
42730,8
42731,72
42732,9
42733,159
42734,159
42735,159
42736,21
42737,21
42738,21
42739,72
42740,376
42741,69
42742,48
42743,2
42744,2
42745,2
42746,73
42747,74
42748,108
42749,21
42750,72
42751,72
42752,36
42753,36
42754,49
42755,26
42756,8
42757,72
42758,287
42759,21
42760,388
42761,72
42762,69
42763,69
42764,382
42765,69
42766,69
42767,69
42768,357
42769,72
42770,48
42771,2
42772,73
42773,12
42774,48
42775,49
42776,48
42777,8
42778,36
42779,49
42780,21
42781,21
42782,2
42783,69
42784,2
42785,2
42786,72
42787,69
42788,347
42789,347
42790,347
42791,348
42792,348
42793,348
42794,114
42795,114
42796,72
42797,69
42798,48
42799,48
42800,21
42801,38
42802,25
42803,398
42804,21
42805,58
42806,58
42807,2
42808,2
42809,69
42810,35
42811,38
42812,2
42813,169
42814,169
42815,108
42816,58
42817,58
42818,72
42819,21
42820,21
42821,21
42822,388
42823,72
42824,69
42825,108
42826,2
42827,8
42828,72
42829,8
42830,21
42831,69
42832,8
42833,8
42834,21
42835,21
42836,58
42837,58
42838,72
42839,69
42840,69
42841,69
42842,21
42843,58
42844,58
42845,48
42846,8
42847,36
42848,49
42849,49
42850,8
42851,8
42852,48
42853,8
42854,36
42855,49
42856,48
42857,8
42858,36
42859,21
42860,21
42861,388
42862,58
42863,382
42864,72
42865,21
42866,21
42867,357
42868,8
42869,8
42870,72
42871,21
42872,388
42873,58
42874,113
42875,97
42876,128
42877,21
42878,58
42879,72
42880,8
42881,36
42882,48
42883,108
42884,21
42885,21
42886,58
42887,58
42888,48
42889,8
42890,36
42891,49
42892,48
42893,8
42894,36
42895,49
42896,48
42897,8
42898,36
42899,49
42900,21
42901,21
42902,58
42903,58
42904,72
42905,69
42906,21
42907,21
42908,58
42909,36
42910,8
42911,72
42912,8
42913,58
42914,72
42915,108
42916,21
42917,2
42918,2
42919,69
42920,8
42921,36
42922,49
42923,29
42924,8
42925,36
42926,49
42927,29
42928,30
42929,8
42930,36
42931,49
42932,30
42933,8
42934,36
42935,49
42936,29
42937,21
42938,21
42939,2
42940,21
42941,58
42942,72
42943,108
42944,113
42945,113
42946,113
42947,113
42948,357
42949,21
42950,21
42951,21
42952,21
42953,2
42954,36
42955,21
42956,21
42957,58
42958,58
42959,113
42960,21
42961,58
42962,72
42963,69
42964,58
42965,113
42966,113
42967,286
42968,21
42969,21
42970,8
42971,8
42972,8
42973,8
42974,36
42975,49
42976,21
42977,21
42978,58
42979,58
42980,113
42981,113
42982,113
42983,108
42984,21
42985,58
42986,113
42987,113
42988,128
42989,36
42990,8
42991,8
42992,8
42993,8
42994,21
42995,21
42996,8
42997,58
42998,58
42999,72
43000,21
43001,72
43002,69
43003,108
43004,58
43005,388
43006,2
43007,36
43008,72
43009,69
43010,2
43011,8
43012,21
43013,21
43014,58
43015,58
43016,58
43017,36
43018,382
43019,128
43020,286
43021,98
43022,8
43023,72
43024,72
43025,21
43026,58
43027,113
43028,2
43029,2
43030,2
43031,2
43032,21
43033,58
43034,58
43035,58
43036,36
43037,108
43038,21
43039,388
43040,72
43041,8
43042,8
43043,72
43044,72
43045,72
43046,69
43047,287
43048,11
43049,388
43050,72
43051,21
43052,8
43053,9
43054,10
43055,10
43056,10
43057,88
43058,72
43059,21
43060,21
43061,72
43062,108
43063,21
43064,72
43065,376
43066,48
43067,8
43068,36
43069,35
43070,36
43071,8
43072,36
43073,49
43074,48
43075,8
43076,2
43077,2
43078,10
43079,10
43080,10
43081,15
43082,14
43083,36
43084,24
43085,92
43086,26
43087,8
43088,21
43089,58
43090,58
43091,344
43092,286
43093,286
43094,286
43095,72
43096,21
43097,21
43098,72
43099,376
43100,38
43101,38
43102,72
43103,72
43104,21
43105,8
43106,21
43107,8
43108,72
43109,69
43110,21
43111,21
43112,58
43113,58
43114,113
43115,72
43116,8
43117,35
43118,18
43119,18
43120,8
43121,25
43122,18
43123,8
43124,36
43125,49
43126,49
43127,21
43128,21
43129,376
43130,69
43131,69
43132,72
43133,108
43134,108
43135,58
43136,72
43137,72
43138,21
43139,72
43140,48
43141,74
43142,8
43143,36
43144,49
43145,49
43146,8
43147,36
43148,48
43149,21
43150,2
43151,2
43152,11
43153,8
43154,8
43155,205
43156,21
43157,2
43158,2
43159,72
43160,21
43161,21
43162,58
43163,58
43164,2
43165,2
43166,2
43167,8
43168,21
43169,69
43170,8
43171,36
43172,47
43173,8
43174,15
43175,18
43176,38
43177,72
43178,169
43179,2
43180,2
43181,2
43182,8
43183,36
43184,38
43185,2
43186,48
43187,48
43188,48
43189,35
43190,8
43191,113
43192,21
43193,58
43194,98
43195,8
43196,21
43197,21
43198,21
43199,388
43200,113
43201,113
43202,36
43203,72
43204,21
43205,21
43206,58
43207,58
43208,58
43209,108
43210,205
43211,21
43212,21
43213,113
43214,72
43215,8
43216,36
43217,277
43218,21
43219,21
43220,113
43221,72
43222,21
43223,21
43224,21
43225,58
43226,72
43227,58
43228,2
43229,69
43230,48
43231,8
43232,49
43233,205
43234,21
43235,21
43236,2
43237,2
43238,72
43239,2
43240,10
43241,72
43242,21
43243,2
43244,69
43245,108
43246,72
43247,72
43248,21
43249,8
43250,8
43251,2
43252,2
43253,2
43254,72
43255,21
43256,113
43257,69
43258,98
43259,21
43260,58
43261,58
43262,2
43263,8
43264,48
43265,8
43266,26
43267,21
43268,2
43269,72
43270,2
43271,2
43272,2
43273,72
43274,72
43275,21
43276,113
43277,48
43278,38
43279,2
43280,15
43281,108
43282,108
43283,205
43284,205
43285,21
43286,58
43287,72
43288,376
43289,21
43290,72
43291,72
43292,38
43293,362
43294,362
43295,398
43296,48
43297,21
43298,58
43299,2
43300,69
43301,21
43302,21
43303,21
43304,36
43305,72
43306,8
43307,36
43308,49
43309,478
43310,8
43311,8
43312,58
43313,72
43314,12
43315,25
43316,205
43317,8
43318,36
43319,48
43320,8
43321,36
43322,77
43323,48
43324,8
43325,36
43326,77
43327,48
43328,8
43329,36
43330,77
43331,48
43332,8
43333,36
43334,77
43335,48
43336,8
43337,36
43338,77
43339,30
43340,48
43341,8
43342,36
43343,77
43344,48
43345,8
43346,36
43347,77
43348,48
43349,8
43350,36
43351,77
43352,21
43353,21
43354,8
43355,48
43356,49
43357,48
43358,8
43359,36
43360,49
43361,29
43362,48
43363,8
43364,36
43365,49
43366,49
43367,12
43368,26
43369,2
43370,8
43371,36
43372,8
43373,36
43374,48
43375,36
43376,49
43377,29
43378,47
43379,8
43380,36
43381,49
43382,48
43383,49
43384,108
43385,21
43386,58
43387,113
43388,344
43389,344
43390,72
43391,48
43392,2
43393,2
43394,2
43395,21
43396,72
43397,48
43398,21
43399,21
43400,8
43401,376
43402,48
43403,36
43404,21
43405,21
43406,58
43407,72
43408,8
43409,8
43410,113
43411,2
43412,2
43413,72
43414,357
43415,21
43416,8
43417,72
43418,21
43419,21
43420,8
43421,36
43422,36
43423,36
43424,36
43425,72
43426,69
43427,48
43428,21
43429,72
43430,8
43431,26
43432,205
43433,36
43434,26
43435,21
43436,58
43437,58
43438,286
43439,113
43440,309
43441,72
43442,48
43443,48
43444,8
43445,36
43446,49
43447,36
43448,8
43449,36
43450,26
43451,48
43452,36
43453,21
43454,21
43455,21
43456,72
43457,376
43458,69
43459,48
43460,49
43461,72
43462,21
43463,21
43464,21
43465,2
43466,36
43467,69
43468,36
43469,26
43470,26
43471,48
43472,8
43473,8
43474,36
43475,48
43476,8
43477,77
43478,108
43479,21
43480,58
43481,21
43482,72
43483,21
43484,21
43485,58
43486,58
43487,113
43488,376
43489,376
43490,69
43491,108
43492,21
43493,21
43494,128
43495,21
43496,21
43497,58
43498,58
43499,72
43500,21
43501,21
43502,2
43503,72
43504,376
43505,376
43506,48
43507,36
43508,30
43509,48
43510,21
43511,36
43512,72
43513,21
43514,58
43515,58
43516,2
43517,36
43518,69
43519,21
43520,72
43521,8
43522,21
43523,93
43524,58
43525,58
43526,21
43527,113
43528,69
43529,69
43530,69
43531,8
43532,21
43533,58
43534,94
43535,96
43536,21
43537,21
43538,58
43539,69
43540,108
43541,21
43542,58
43543,58
43544,58
43545,21
43546,36
43547,128
43548,21
43549,58
43550,58
43551,58
43552,72
43553,38
43554,72
43555,8
43556,21
43557,21
43558,58
43559,58
43560,286
43561,26
43562,21
43563,72
43564,36
43565,49
43566,21
43567,21
43568,72
43569,21
43570,72
43571,36
43572,8
43573,36
43574,49
43575,2
43576,21
43577,21
43578,128
43579,21
43580,2
43581,69
43582,69
43583,33
43584,72
43585,33
43586,108
43587,21
43588,69
43589,48
43590,8
43591,38
43592,25
43593,8
43594,36
43595,49
43596,21
43597,21
43598,21
43599,58
43600,58
43601,58
43602,286
43603,286
43604,21
43605,72
43606,21
43607,21
43608,21
43609,58
43610,376
43611,69
43612,286
43613,286
43614,21
43615,21
43616,21
43617,58
43618,58
43619,36
43620,72
43621,21
43622,21
43623,21
43624,58
43625,72
43626,72
43627,21
43628,58
43629,21
43630,72
43631,108
43632,21
43633,2
43634,72
43635,21
43636,21
43637,58
43638,58
43639,58
43640,36
43641,128
43642,8
43643,72
43644,8
43645,36
43646,49
43647,29
43648,8
43649,36
43650,30
43651,205
43652,21
43653,2
43654,72
43655,21
43656,36
43657,36
43658,108
43659,21
43660,21
43661,21
43662,58
43663,58
43664,205
43665,21
43666,21
43667,8
43668,36
43669,49
43670,49
43671,48
43672,8
43673,49
43674,91
43675,289
43676,48
43677,48
43678,8
43679,160
43680,160
43681,160
43682,48
43683,49
43684,77
43685,30
43686,48
43687,49
43688,36
43689,49
43690,2
43691,28
43692,26
43693,8
43694,36
43695,49
43696,35
43697,12
43698,8
43699,36
43700,49
43701,49
43702,47
43703,2
43704,2
43705,34
43706,18
43707,21
43708,21
43709,21
43710,36
43711,58
43712,72
43713,48
43714,35
43715,12
43716,22
43717,8
43718,36
43719,49
43720,49
43721,47
43722,48
43723,36
43724,26
43725,72
43726,21
43727,21
43728,73
43729,74
43730,48
43731,74
43732,36
43733,36
43734,69
43735,36
43736,49
43737,26
43738,48
43739,74
43740,36
43741,49
43742,8
43743,36
43744,49
43745,49
43746,21
43747,58
43748,26
43749,48
43750,8
43751,36
43752,49
43753,49
43754,29
43755,30
43756,48
43757,8
43758,36
43759,49
43760,47
43761,48
43762,8
43763,2
43764,2
43765,2
43766,8
43767,18
43768,48
43769,8
43770,2
43771,108
43772,21
43773,21
43774,113
43775,69
43776,69
43777,205
43778,21
43779,21
43780,388
43781,113
43782,69
43783,72
43784,21
43785,72
43786,33
43787,21
43788,58
43789,58
43790,72
43791,8
43792,8
43793,129
43794,36
43795,26
43796,21
43797,72
43798,21
43799,21
43800,58
43801,58
43802,382
43803,72
43804,69
43805,286
43806,357
43807,357
43808,357
43809,357
43810,8
43811,36
43812,49
43813,8
43814,36
43815,49
43816,36
43817,2
43818,2
43819,48
43820,8
43821,38
43822,2
43823,2
43824,36
43825,30
43826,8
43827,36
43828,49
43829,2
43830,2
43831,15
43832,25
43833,26
43834,205
43835,205
43836,205
43837,21
43838,388
43839,388
43840,113
43841,113
43842,2
43843,2
43844,72
43845,72
43846,8
43847,36
43848,72
43849,8
43850,72
43851,8
43852,36
43853,49
43854,30
43855,26
43856,8
43857,36
43858,49
43859,29
43860,30
43861,48
43862,15
43863,8
43864,36
43865,49
43866,47
43867,8
43868,36
43869,49
43870,30
43871,26
43872,21
43873,2
43874,2
43875,36
43876,49
43877,36
43878,49
43879,8
43880,36
43881,49
43882,2
43883,357
43884,8
43885,36
43886,49
43887,388
43888,72
43889,21
43890,58
43891,2
43892,72
43893,69
43894,8
43895,36
43896,49
43897,29
43898,30
43899,108
43900,113
43901,113
43902,36
43903,36
43904,21
43905,21
43906,69
43907,48
43908,8
43909,108
43910,21
43911,93
43912,2
43913,72
43914,98
43915,21
43916,93
43917,72
43918,98
43919,287
43920,21
43921,36
43922,49
43923,8
43924,72
43925,8
43926,8
43927,21
43928,21
43929,2
43930,48
43931,48
43932,8
43933,36
43934,49
43935,77
43936,48
43937,8
43938,36
43939,49
43940,35
43941,22
43942,45
43943,2
43944,2
43945,17
43946,35
43947,22
43948,45
43949,2
43950,10
43951,17
43952,17
43953,21
43954,21
43955,8
43956,72
43957,287
43958,21
43959,58
43960,72
43961,2
43962,26
43963,48
43964,48
43965,49
43966,49
43967,29
43968,30
43969,26
43970,48
43971,74
43972,48
43973,29
43974,77
43975,30
43976,21
43977,69
43978,2
43979,17
43980,2
43981,17
43982,98
43983,58
43984,58
43985,38
43986,398
43987,21
43988,21
43989,21
43990,2
43991,2
43992,69
43993,21
43994,21
43995,21
43996,8
43997,8
43998,21
43999,72
44000,36
44001,36
44002,21
44003,21
44004,36
44005,21
44006,388
44007,58
44008,58
44009,58
44010,36
44011,58
44012,2
44013,69
44014,8
44015,72
44016,8
44017,36
44018,49
44019,47
44020,26
44021,36
44022,49
44023,29
44024,26
44025,8
44026,8
44027,8
44028,12
44029,23
44030,25
44031,26
44032,8
44033,36
44034,108
44035,58
44036,58
44037,69
44038,58
44039,58
44040,72
44041,69
44042,48
44043,2
44044,74
44045,8
44046,36
44047,69
44048,69
44049,8
44050,2
44051,18
44052,38
44053,2
44054,36
44055,49
44056,49
44057,48
44058,8
44059,36
44060,49
44061,108
44062,21
44063,26
44064,48
44065,48
44066,2
44067,74
44068,72
44069,8
44070,36
44071,49
44072,48
44073,49
44074,21
44075,388
44076,21
44077,58
44078,2
44079,72
44080,48
44081,2
44082,2
44083,25
44084,21
44085,21
44086,58
44087,58
44088,69
44089,69
44090,35
44091,2
44092,15
44093,38
44094,38
44095,36
44096,49
44097,49
44098,29
44099,277
44100,8
44101,36
44102,49
44103,48
44104,8
44105,36
44106,49
44107,108
44108,21
44109,58
44110,113
44111,128
44112,21
44113,8
44114,58
44115,113
44116,48
44117,49
44118,29
44119,48
44120,49
44121,30
44122,58
44123,8
44124,36
44125,49
44126,29
44127,30
44128,8
44129,36
44130,49
44131,29
44132,48
44133,73
44134,74
44135,8
44136,36
44137,49
44138,48
44139,2
44140,2
44141,2
44142,2
44143,69
44144,26
44145,26
44146,48
44147,36
44148,21
44149,21
44150,113
44151,113
44152,72
44153,69
44154,21
44155,2
44156,2
44157,2
44158,74
44159,8
44160,8
44161,8
44162,108
44163,21
44164,72
44165,8
44166,8
44167,8
44168,72
44169,72
44170,108
44171,21
44172,69
44173,21
44174,69
44175,21
44176,21
44177,69
44178,97
44179,108
44180,21
44181,21
44182,72
44183,72
44184,21
44185,72
44186,25
44187,8
44188,36
44189,49
44190,48
44191,35
44192,2
44193,15
44194,8
44195,36
44196,49
44197,30
44198,8
44199,36
44200,49
44201,30
44202,72
44203,48
44204,8
44205,108
44206,21
44207,58
44208,58
44209,69
44210,286
44211,286
44212,21
44213,21
44214,21
44215,8
44216,48
44217,8
44218,36
44219,49
44220,21
44221,21
44222,93
44223,69
44224,48
44225,8
44226,29
44227,77
44228,30
44229,108
44230,58
44231,58
44232,108
44233,108
44234,108
44235,21
44236,113
44237,69
44238,38
44239,2
44240,10
44241,21
44242,113
44243,2
44244,36
44245,72
44246,357
44247,8
44248,8
44249,38
44250,38
44251,36
44252,49
44253,48
44254,48
44255,38
44256,38
44257,45
44258,2
44259,10
44260,10
44261,8
44262,36
44263,49
44264,48
44265,48
44266,2
44267,12
44268,31
44269,18
44270,26
44271,36
44272,108
44273,21
44274,21
44275,26
44276,26
44277,48
44278,73
44279,74
44280,8
44281,73
44282,8
44283,36
44284,49
44285,49
44286,77
44287,48
44288,48
44289,8
44290,2
44291,48
44292,8
44293,36
44294,49
44295,8
44296,48
44297,8
44298,36
44299,49
44300,2
44301,26
44302,26
44303,48
44304,49
44305,21
44306,8
44307,72
44308,38
44309,15
44310,48
44311,8
44312,36
44313,49
44314,29
44315,30
44316,8
44317,36
44318,49
44319,8
44320,36
44321,2
44322,2
44323,73
44324,26
44325,113
44326,72
44327,108
44328,21
44329,58
44330,36
44331,48
44332,8
44333,47
44334,47
44335,15
44336,34
44337,21
44338,58
44339,58
44340,36
44341,36
44342,36
44343,25
44344,26
44345,36
44346,48
44347,49
44348,48
44349,48
44350,35
44351,2
44352,48
44353,8
44354,26
44355,48
44356,8
44357,36
44358,49
44359,68
44360,48
44361,49
44362,49
44363,29
44364,77
44365,30
44366,48
44367,47
44368,8
44369,26
44370,8
44371,36
44372,8
44373,7
44374,7
44375,21
44376,8
44377,8
44378,72
44379,287
44380,21
44381,58
44382,69
44383,69
44384,21
44385,21
44386,21
44387,58
44388,58
44389,36
44390,72
44391,69
44392,286
44393,286
44394,286
44395,286
44396,98
44397,357
44398,21
44399,58
44400,357
44401,21
44402,21
44403,58
44404,58
44405,108
44406,21
44407,2
44408,2
44409,36
44410,72
44411,8
44412,36
44413,49
44414,8
44415,36
44416,49
44417,48
44418,36
44419,48
44420,8
44421,29
44422,47
44423,30
44424,72
44425,38
44426,2
44427,2
44428,30
44429,38
44430,2
44431,2
44432,29
44433,8
44434,36
44435,72
44436,8
44437,36
44438,49
44439,48
44440,15
44441,26
44442,36
44443,21
44444,72
44445,113
44446,113
44447,8
44448,2
44449,2
44450,8
44451,36
44452,49
44453,48
44454,38
44455,2
44456,25
44457,10
44458,10
44459,36
44460,8
44461,36
44462,49
44463,8
44464,36
44465,49
44466,8
44467,36
44468,49
44469,8
44470,36
44471,49
44472,8
44473,36
44474,49
44475,8
44476,36
44477,26
44478,36
44479,38
44480,2
44481,2
44482,8
44483,36
44484,26
44485,48
44486,8
44487,49
44488,29
44489,77
44490,48
44491,8
44492,49
44493,29
44494,77
44495,30
44496,15
44497,38
44498,72
44499,77
44500,168
44501,10
44502,168
44503,8
44504,10
44505,10
44506,2
44507,74
44508,18
44509,26
44510,48
44511,48
44512,47
44513,21
44514,21
44515,58
44516,21
44517,48
44518,36
44519,49
44520,8
44521,36
44522,72
44523,69
44524,69
44525,69
44526,48
44527,72
44528,36
44529,48
44530,49
44531,47
44532,8
44533,36
44534,49
44535,26
44536,48
44537,49
44538,30
44539,48
44540,8
44541,36
44542,49
44543,29
44544,30
44545,48
44546,8
44547,36
44548,49
44549,29
44550,91
44551,8
44552,36
44553,18
44554,48
44555,48
44556,2
44557,48
44558,73
44559,74
44560,48
44561,48
44562,38
44563,2
44564,10
44565,10
44566,10
44567,8
44568,36
44569,49
44570,58
44571,72
44572,21
44573,21
44574,48
44575,21
44576,69
44577,69
44578,8
44579,72
44580,8
44581,108
44582,8
44583,72
44584,8
44585,3
44586,8
44587,8
44588,113
44589,21
44590,21
44591,58
44592,58
44593,72
44594,69
44595,69
44596,21
44597,2
44598,21
44599,21
44600,58
44601,58
44602,72
44603,287
44604,72
44605,8
44606,8
44607,48
44608,21
44609,21
44610,58
44611,58
44612,2
44613,2
44614,72
44615,21
44616,2
44617,2
44618,2
44619,8
44620,8
44621,8
44622,2
44623,2
44624,72
44625,72
44626,8
44627,36
44628,49
44629,21
44630,69
44631,69
44632,69
44633,21
44634,21
44635,2
44636,72
44637,21
44638,21
44639,58
44640,72
44641,21
44642,113
44643,113
44644,72
44645,11
44646,108
44647,21
44648,58
44649,72
44650,8
44651,36
44652,38
44653,45
44654,2
44655,2
44656,2
44657,2
44658,36
44659,7
44660,8
44661,36
44662,49
44663,26
44664,8
44665,36
44666,49
44667,49
44668,77
44669,48
44670,8
44671,49
44672,48
44673,49
44674,36
44675,49
44676,8
44677,36
44678,49
44679,50
44680,10
44681,48
44682,74
44683,2
44684,2
44685,74
44686,8
44687,36
44688,49
44689,2
44690,73
44691,74
44692,74
44693,74
44694,38
44695,26
44696,8
44697,14
44698,36
44699,5
44700,8
44701,36
44702,8
44703,36
44704,49
44705,29
44706,47
44707,8
44708,36
44709,49
44710,29
44711,47
44712,26
44713,48
44714,35
44715,25
44716,8
44717,36
44718,49
44719,108
44720,72
44721,108
44722,21
44723,8
44724,8
44725,21
44726,69
44727,8
44728,8
44729,21
44730,2
44731,2
44732,48
44733,74
44734,48
44735,8
44736,36
44737,49
44738,25
44739,26
44740,8
44741,108
44742,21
44743,21
44744,11
44745,21
44746,72
44747,108
44748,21
44749,21
44750,21
44751,2
44752,2
44753,2
44754,72
44755,48
44756,74
44757,8
44758,36
44759,72
44760,8
44761,36
44762,49
44763,48
44764,74
44765,38
44766,8
44767,36
44768,49
44769,8
44770,36
44771,49
44772,48
44773,8
44774,38
44775,2
44776,2
44777,48
44778,8
44779,36
44780,49
44781,48
44782,8
44783,47
44784,108
44785,21
44786,72
44787,69
44788,26
44789,8
44790,36
44791,49
44792,26
44793,7
44794,9
44795,21
44796,100
44797,8
44798,36
44799,49
44800,21
44801,21
44802,58
44803,58
44804,72
44805,69
44806,357
44807,21
44808,72
44809,21
44810,21
44811,58
44812,58
44813,72
44814,69
44815,286
44816,286
44817,21
44818,21
44819,93
44820,72
44821,287
44822,8
44823,72
44824,21
44825,21
44826,21
44827,21
44828,58
44829,113
44830,8
44831,36
44832,49
44833,113
44834,113
44835,36
44836,69
44837,72
44838,21
44839,21
44840,21
44841,58
44842,58
44843,113
44844,69
44845,8
44846,58
44847,72
44848,72
44849,38
44850,398
44851,72
44852,72
44853,108
44854,108
44855,21
44856,58
44857,98
44858,11
44859,72
44860,108
44861,21
44862,36
44863,72
44864,26
44865,8
44866,21
44867,2
44868,72
44869,21
44870,21
44871,21
44872,8
44873,58
44874,58
44875,58
44876,72
44877,287
44878,72
44879,21
44880,21
44881,2
44882,72
44883,69
44884,21
44885,113
44886,21
44887,58
44888,36
44889,36
44890,72
44891,48
44892,49
44893,48
44894,15
44895,48
44896,36
44897,49
44898,48
44899,8
44900,36
44901,49
44902,26
44903,26
44904,48
44905,48
44906,8
44907,8
44908,36
44909,49
44910,49
44911,48
44912,8
44913,36
44914,49
44915,8
44916,36
44917,49
44918,48
44919,47
44920,30
44921,21
44922,2
44923,128
44924,21
44925,21
44926,21
44927,21
44928,21
44929,58
44930,108
44931,58
44932,58
44933,58
44934,58
44935,72
44936,69
44937,69
44938,72
44939,21
44940,21
44941,72
44942,48
44943,74
44944,21
44945,108
44946,21
44947,21
44948,58
44949,58
44950,58
44951,21
44952,58
44953,58
44954,58
44955,72
44956,21
44957,21
44958,2
44959,2
44960,21
44961,21
44962,21
44963,58
44964,72
44965,8
44966,72
44967,72
44968,69
44969,2
44970,30
44971,205
44972,388
44973,58
44974,72
44975,48
44976,58
44977,98
44978,21
44979,58
44980,21
44981,58
44982,36
44983,36
44984,69
44985,21
44986,2
44987,2
44988,2
44989,11
44990,38
44991,72
44992,8
44993,36
44994,49
44995,47
44996,48
44997,49
44998,8
44999,36
45000,49
45001,277
45002,21
45003,58
45004,36
45005,36
45006,36
45007,48
45008,8
45009,49
45010,29
45011,14
45012,26
45013,26
45014,26
45015,48
45016,8
45017,48
45018,48
45019,48
45020,48
45021,2
45022,2
45023,48
45024,74
45025,21
45026,21
45027,58
45028,58
45029,2
45030,8
45031,36
45032,49
45033,49
45034,49
45035,48
45036,68
45037,388
45038,72
45039,132
45040,18
45041,26
45042,26
45043,108
45044,21
45045,2
45046,21
45047,21
45048,2
45049,72
45050,69
45051,8
45052,36
45053,49
45054,8
45055,36
45056,49
45057,48
45058,2
45059,74
45060,72
45061,21
45062,21
45063,113
45064,2
45065,8
45066,72
45067,21
45068,21
45069,48
45070,48
45071,2
45072,8
45073,36
45074,48
45075,8
45076,36
45077,49
45078,72
45079,69
45080,69
45081,26
45082,72
45083,58
45084,72
45085,45
45086,2
45087,38
45088,45
45089,17
45090,8
45091,36
45092,49
45093,36
45094,49
45095,72
45096,21
45097,69
45098,55
45099,55
45100,8
45101,36
45102,49
45103,48
45104,15
45105,21
45106,58
45107,113
45108,344
45109,344
45110,344
45111,36
45112,49
45113,49
45114,36
45115,48
45116,36
45117,48
45118,8
45119,36
45120,49
45121,8
45122,21
45123,2
45124,48
45125,49
45126,49
45127,49
45128,49
45129,29
45130,36
45131,49
45132,49
45133,36
45134,49
45135,49
45136,36
45137,49
45138,49
45139,36
45140,49
45141,49
45142,21
45143,58
45144,2
45145,2
45146,36
45147,38
45148,2
45149,2
45150,2
45151,108
45152,21
45153,21
45154,72
45155,69
45156,69
45157,21
45158,21
45159,58
45160,72
45161,69
45162,21
45163,21
45164,108
45165,21
45166,21
45167,48
45168,25
45169,72
45170,21
45171,8
45172,36
45173,8
45174,34
45175,8
45176,36
45177,26
45178,48
45179,2
45180,2
45181,2
45182,26
45183,12
45184,25
45185,8
45186,36
45187,49
45188,48
45189,8
45190,138
45191,36
45192,49
45193,48
45194,49
45195,48
45196,48
45197,25
45198,8
45199,36
45200,49
45201,36
45202,49
45203,8
45204,36
45205,49
45206,38
45207,45
45208,2
45209,2
45210,2
45211,10
45212,18
45213,48
45214,47
45215,2
45216,26
45217,108
45218,108
45219,108
45220,58
45221,36
45222,2
45223,18
45224,36
45225,49
45226,36
45227,49
45228,48
45229,38
45230,2
45231,2
45232,25
45233,30
45234,21
45235,21
45236,58
45237,72
45238,73
45239,36
45240,36
45241,48
45242,8
45243,36
45244,49
45245,30
45246,48
45247,36
45248,49
45249,29
45250,30
45251,8
45252,14
45253,36
45254,18
45255,36
45256,49
45257,29
45258,36
45259,49
45260,29
45261,30
45262,48
45263,8
45264,8
45265,36
45266,49
45267,8
45268,14
45269,36
45270,8
45271,36
45272,49
45273,26
45274,26
45275,48
45276,74
45277,48
45278,8
45279,29
45280,26
45281,36
45282,8
45283,36
45284,49
45285,48
45286,49
45287,48
45288,7
45289,48
45290,73
45291,74
45292,48
45293,8
45294,36
45295,49
45296,49
45297,29
45298,77
45299,30
45300,48
45301,49
45302,49
45303,29
45304,77
45305,48
45306,49
45307,48
45308,77
45309,48
45310,26
45311,26
45312,2
45313,10
45314,10
45315,36
45316,8
45317,36
45318,48
45319,8
45320,36
45321,49
45322,49
45323,8
45324,36
45325,49
45326,48
45327,74
45328,48
45329,36
45330,12
45331,36
45332,2
45333,48
45334,36
45335,47
45336,26
45337,36
45338,48
45339,8
45340,47
45341,277
45342,35
45343,12
45344,38
45345,48
45346,47
45347,2
45348,2
45349,8
45350,36
45351,29
45352,48
45353,8
45354,36
45355,49
45356,49
45357,29
45358,47
45359,48
45360,2
45361,74
45362,48
45363,8
45364,36
45365,49
45366,77
45367,26
45368,48
45369,8
45370,2
45371,36
45372,48
45373,49
45374,36
45375,49
45376,47
45377,48
45378,36
45379,49
45380,8
45381,36
45382,49
45383,48
45384,36
45385,49
45386,48
45387,48
45388,74
45389,14
45390,2
45391,17
45392,30
45393,14
45394,2
45395,29
45396,30
45397,14
45398,2
45399,29
45400,18
45401,26
45402,8
45403,36
45404,49
45405,49
45406,36
45407,26
45408,48
45409,129
45410,49
45411,29
45412,47
45413,8
45414,36
45415,49
45416,18
45417,8
45418,18
45419,48
45420,8
45421,36
45422,26
45423,48
45424,47
45425,277
45426,26
45427,48
45428,8
45429,8
45430,36
45431,49
45432,48
45433,36
45434,49
45435,48
45436,8
45437,36
45438,49
45439,49
45440,77
45441,30
45442,48
45443,8
45444,36
45445,49
45446,49
45447,29
45448,77
45449,30
45450,8
45451,36
45452,48
45453,8
45454,49
45455,47
45456,48
45457,8
45458,36
45459,49
45460,48
45461,47
45462,48
45463,8
45464,36
45465,49
45466,49
45467,77
45468,30
45469,48
45470,26
45471,36
45472,48
45473,36
45474,49
45475,29
45476,30
45477,26
45478,26
45479,8
45480,36
45481,49
45482,123
45483,35
45484,45
45485,8
45486,36
45487,49
45488,48
45489,49
45490,29
45491,77
45492,30
45493,8
45494,36
45495,36
45496,49
45497,49
45498,8
45499,18
45500,48
45501,8
45502,48
45503,49
45504,8
45505,36
45506,49
45507,48
45508,29
45509,47
45510,30
45511,48
45512,68
45513,47
45514,47
45515,48
45516,29
45517,47
45518,30
45519,48
45520,8
45521,47
45522,48
45523,49
45524,29
45525,48
45526,77
45527,30
45528,48
45529,49
45530,48
45531,74
45532,36
45533,48
45534,8
45535,26
45536,8
45537,36
45538,48
45539,8
45540,49
45541,36
45542,8
45543,36
45544,49
45545,36
45546,29
45547,36
45548,49
45549,30
45550,8
45551,36
45552,49
45553,36
45554,36
45555,29
45556,36
45557,30
45558,10
45559,25
45560,18
45561,8
45562,36
45563,48
45564,47
45565,48
45566,49
45567,8
45568,36
45569,26
45570,48
45571,8
45572,8
45573,36
45574,49
45575,49
45576,29
45577,47
45578,8
45579,36
45580,49
45581,49
45582,47
45583,30
45584,36
45585,36
45586,26
45587,8
45588,36
45589,26
45590,36
45591,25
45592,48
45593,10
45594,10
45595,48
45596,8
45597,48
45598,8
45599,26
45600,26
45601,26
45602,48
45603,35
45604,2
45605,15
45606,36
45607,48
45608,74
45609,18
45610,26
45611,48
45612,49
45613,18
45614,36
45615,26
45616,48
45617,48
45618,8
45619,36
45620,49
45621,49
45622,29
45623,77
45624,30
45625,48
45626,49
45627,29
45628,77
45629,30
45630,48
45631,8
45632,21
45633,58
45634,58
45635,58
45636,22
45637,45
45638,2
45639,8
45640,36
45641,49
45642,68
45643,47
45644,30
45645,26
45646,8
45647,8
45648,36
45649,36
45650,48
45651,25
45652,26
45653,48
45654,74
45655,35
45656,2
45657,10
45658,36
45659,47
45660,30
45661,18
45662,26
45663,8
45664,36
45665,49
45666,49
45667,48
45668,2
45669,48
45670,49
45671,26
45672,26
45673,8
45674,36
45675,49
45676,48
45677,8
45678,36
45679,49
45680,8
45681,36
45682,48
45683,38
45684,2
45685,48
45686,8
45687,48
45688,48
45689,74
45690,48
45691,49
45692,49
45693,36
45694,49
45695,48
45696,36
45697,49
45698,48
45699,36
45700,49
45701,48
45702,36
45703,49
45704,48
45705,48
45706,36
45707,8
45708,36
45709,8
45710,36
45711,30
45712,36
45713,8
45714,36
45715,8
45716,36
45717,8
45718,36
45719,29
45720,8
45721,36
45722,30
45723,48
45724,49
45725,29
45726,30
45727,36
45728,48
45729,73
45730,74
45731,8
45732,36
45733,25
45734,48
45735,72
45736,48
45737,8
45738,48
45739,36
45740,48
45741,8
45742,26
45743,8
45744,36
45745,48
45746,74
45747,48
45748,47
45749,48
45750,8
45751,49
45752,26
45753,36
45754,26
45755,48
45756,36
45757,49
45758,48
45759,49
45760,49
45761,48
45762,8
45763,49
45764,36
45765,49
45766,49
45767,48
45768,74
45769,18
45770,26
45771,23
45772,8
45773,36
45774,8
45775,36
45776,48
45777,36
45778,49
45779,91
45780,46
45781,2
45782,48
45783,49
45784,49
45785,49
45786,48
45787,35
45788,2
45789,2
45790,48
45791,49
45792,10
45793,36
45794,48
45795,8
45796,8
45797,36
45798,49
45799,36
45800,26
45801,48
45802,8
45803,47
45804,8
45805,36
45806,30
45807,36
45808,26
45809,36
45810,48
45811,48
45812,8
45813,36
45814,49
45815,48
45816,49
45817,77
45818,26
45819,48
45820,8
45821,49
45822,77
45823,48
45824,36
45825,48
45826,49
45827,8
45828,36
45829,72
45830,74
45831,48
45832,8
45833,84
45834,84
45835,9
45836,36
45837,48
45838,8
45839,36
45840,49
45841,47
45842,18
45843,26
45844,48
45845,30
45846,92
45847,48
45848,8
45849,29
45850,47
45851,8
45852,36
45853,49
45854,8
45855,36
45856,48
45857,47
45858,48
45859,36
45860,49
45861,18
45862,26
45863,48
45864,49
45865,29
45866,8
45867,36
45868,18
45869,48
45870,36
45871,49
45872,35
45873,8
45874,8
45875,18
45876,36
45877,48
45878,8
45879,36
45880,49
45881,49
45882,277
45883,36
45884,18
45885,26
45886,8
45887,36
45888,49
45889,2
45890,48
45891,8
45892,36
45893,49
45894,47
45895,48
45896,29
45897,8
45898,26
45899,48
45900,38
45901,45
45902,45
45903,45
45904,2
45905,10
45906,10
45907,72
45908,69
45909,8
45910,8
45911,36
45912,36
45913,49
45914,29
45915,48
45916,48
45917,8
45918,36
45919,49
45920,49
45921,49
45922,48
45923,49
45924,73
45925,8
45926,36
45927,49
45928,2
45929,48
45930,8
45931,36
45932,36
45933,48
45934,74
45935,48
45936,49
45937,48
45938,8
45939,36
45940,49
45941,29
45942,77
45943,48
45944,8
45945,36
45946,49
45947,77
45948,30
45949,8
45950,36
45951,48
45952,48
45953,2
45954,15
45955,21
45956,21
45957,21
45958,388
45959,58
45960,58
45961,58
45962,69
45963,69
45964,72
45965,69
45966,69
45967,48
45968,8
45969,36
45970,49
45971,29
45972,30
45973,277
45974,8
45975,36
45976,49
45977,48
45978,8
45979,48
45980,8
45981,8
45982,36
45983,49
45984,8
45985,36
45986,49
45987,30
45988,8
45989,36
45990,49
45991,48
45992,160
45993,92
45994,48
45995,8
45996,26
45997,48
45998,8
45999,49
46000,8
46001,36
46002,49
46003,47
46004,8
46005,36
46006,49
46007,47
46008,8
46009,36
46010,49
46011,49
46012,77
46013,8
46014,36
46015,49
46016,49
46017,77
46018,35
46019,2
46020,8
46021,36
46022,18
46023,12
46024,36
46025,25
46026,26
46027,48
46028,2
46029,36
46030,26
46031,48
46032,48
46033,2
46034,8
46035,14
46036,36
46037,26
46038,36
46039,48
46040,49
46041,49
46042,26
46043,48
46044,74
46045,48
46046,8
46047,18
46048,26
46049,8
46050,36
46051,49
46052,48
46053,92
46054,48
46055,74
46056,8
46057,36
46058,48
46059,49
46060,49
46061,29
46062,48
46063,36
46064,26
46065,48
46066,74
46067,48
46068,129
46069,138
46070,36
46071,8
46072,36
46073,49
46074,49
46075,47
46076,48
46077,74
46078,25
46079,26
46080,26
46081,2
46082,2
46083,74
46084,8
46085,36
46086,8
46087,36
46088,49
46089,36
46090,49
46091,49
46092,47
46093,36
46094,49
46095,49
46096,26
46097,26
46098,48
46099,21
46100,58
46101,113
46102,113
46103,113
46104,113
46105,76
46106,48
46107,8
46108,49
46109,49
46110,49
46111,29
46112,48
46113,8
46114,36
46115,49
46116,49
46117,49
46118,30
46119,48
46120,36
46121,8
46122,36
46123,49
46124,36
46125,36
46126,8
46127,36
46128,49
46129,36
46130,48
46131,8
46132,36
46133,49
46134,48
46135,36
46136,49
46137,35
46138,2
46139,8
46140,49
46141,49
46142,8
46143,36
46144,30
46145,8
46146,36
46147,49
46148,29
46149,8
46150,36
46151,49
46152,29
46153,8
46154,36
46155,8
46156,36
46157,8
46158,36
46159,49
46160,8
46161,36
46162,49
46163,277
46164,36
46165,48
46166,49
46167,48
46168,36
46169,8
46170,36
46171,49
46172,30
46173,8
46174,36
46175,49
46176,29
46177,18
46178,26
46179,26
46180,48
46181,8
46182,36
46183,49
46184,30
46185,8
46186,36
46187,49
46188,26
46189,26
46190,8
46191,12
46192,23
46193,36
46194,25
46195,26
46196,48
46197,48
46198,8
46199,36
46200,49
46201,8
46202,2
46203,2
46204,48
46205,74
46206,48
46207,2
46208,74
46209,48
46210,2
46211,74
46212,48
46213,49
46214,8
46215,36
46216,49
46217,36
46218,8
46219,36
46220,49
46221,8
46222,36
46223,49
46224,2
46225,48
46226,36
46227,47
46228,77
46229,8
46230,36
46231,49
46232,26
46233,48
46234,8
46235,36
46236,49
46237,8
46238,36
46239,49
46240,49
46241,48
46242,8
46243,49
46244,48
46245,73
46246,74
46247,74
46248,48
46249,8
46250,49
46251,12
46252,22
46253,8
46254,36
46255,49
46256,49
46257,8
46258,36
46259,49
46260,49
46261,48
46262,2
46263,10
46264,15
46265,48
46266,8
46267,8
46268,36
46269,48
46270,8
46271,38
46272,12
46273,45
46274,8
46275,36
46276,49
46277,49
46278,160
46279,36
46280,8
46281,36
46282,36
46283,49
46284,8
46285,36
46286,8
46287,36
46288,49
46289,36
46290,26
46291,25
46292,26
46293,48
46294,2
46295,10
46296,8
46297,26
46298,8
46299,36
46300,26
46301,26
46302,48
46303,8
46304,36
46305,49
46306,47
46307,12
46308,25
46309,26
46310,35
46311,38
46312,2
46313,48
46314,48
46315,2
46316,10
46317,10
46318,8
46319,36
46320,277
46321,74
46322,26
46323,48
46324,2
46325,15
46326,48
46327,8
46328,36
46329,26
46330,26
46331,8
46332,36
46333,47
46334,48
46335,38
46336,15
46337,48
46338,2
46339,74
46340,48
46341,48
46342,8
46343,36
46344,49
46345,49
46346,8
46347,36
46348,49
46349,8
46350,36
46351,49
46352,36
46353,48
46354,48
46355,48
46356,35
46357,48
46358,49
46359,8
46360,36
46361,49
46362,49
46363,47
46364,36
46365,49
46366,48
46367,49
46368,49
46369,49
46370,47
46371,48
46372,74
46373,8
46374,46
46375,36
46376,48
46377,8
46378,49
46379,47
46380,8
46381,36
46382,49
46383,48
46384,8
46385,8
46386,36
46387,48
46388,8
46389,36
46390,8
46391,36
46392,49
46393,8
46394,36
46395,49
46396,36
46397,48
46398,8
46399,36
46400,48
46401,8
46402,12
46403,26
46404,48
46405,74
46406,8
46407,36
46408,49
46409,8
46410,36
46411,49
46412,25
46413,48
46414,29
46415,48
46416,47
46417,26
46418,36
46419,8
46420,36
46421,49
46422,49
46423,49
46424,8
46425,36
46426,18
46427,48
46428,36
46429,26
46430,8
46431,49
46432,8
46433,36
46434,8
46435,36
46436,49
46437,8
46438,36
46439,49
46440,48
46441,2
46442,48
46443,8
46444,36
46445,49
46446,8
46447,36
46448,49
46449,8
46450,36
46451,49
46452,29
46453,48
46454,8
46455,36
46456,8
46457,36
46458,49
46459,47
46460,48
46461,30
46462,48
46463,48
46464,8
46465,26
46466,2
46467,8
46468,36
46469,49
46470,8
46471,36
46472,49
46473,49
46474,30
46475,48
46476,8
46477,36
46478,49
46479,47
46480,73
46481,8
46482,36
46483,8
46484,36
46485,8
46486,36
46487,48
46488,8
46489,8
46490,36
46491,49
46492,160
46493,29
46494,47
46495,8
46496,36
46497,49
46498,160
46499,47
46500,30
46501,36
46502,49
46503,48
46504,48
46505,8
46506,36
46507,49
46508,8
46509,36
46510,25
46511,26
46512,48
46513,8
46514,8
46515,36
46516,21
46517,58
46518,58
46519,2
46520,2
46521,2
46522,8
46523,36
46524,49
46525,8
46526,36
46527,49
46528,49
46529,47
46530,8
46531,36
46532,49
46533,26
46534,48
46535,8
46536,74
46537,36
46538,26
46539,8
46540,36
46541,18
46542,26
46543,36
46544,36
46545,47
46546,36
46547,48
46548,8
46549,36
46550,49
46551,2
46552,8
46553,36
46554,49
46555,47
46556,48
46557,8
46558,48
46559,49
46560,29
46561,47
46562,48
46563,48
46564,36
46565,26
46566,48
46567,8
46568,36
46569,8
46570,36
46571,49
46572,36
46573,47
46574,8
46575,36
46576,49
46577,26
46578,26
46579,8
46580,36
46581,49
46582,30
46583,36
46584,49
46585,8
46586,36
46587,48
46588,8
46589,36
46590,49
46591,8
46592,36
46593,26
46594,26
46595,36
46596,36
46597,36
46598,48
46599,8
46600,2
46601,8
46602,36
46603,49
46604,48
46605,8
46606,49
46607,8
46608,36
46609,2
46610,36
46611,36
46612,8
46613,26
46614,36
46615,8
46616,36
46617,8
46618,36
46619,48
46620,49
46621,8
46622,36
46623,49
46624,8
46625,36
46626,49
46627,26
46628,8
46629,36
46630,49
46631,36
46632,49
46633,49
46634,29
46635,8
46636,36
46637,26
46638,8
46639,26
46640,8
46641,36
46642,49
46643,48
46644,8
46645,8
46646,36
46647,49
46648,36
46649,26
46650,48
46651,49
46652,48
46653,8
46654,36
46655,49
46656,8
46657,38
46658,17
46659,38
46660,25
46661,26
46662,48
46663,49
46664,8
46665,36
46666,49
46667,48
46668,49
46669,48
46670,47
46671,48
46672,18
46673,26
46674,48
46675,49
46676,47
46677,2
46678,38
46679,2
46680,48
46681,8
46682,36
46683,49
46684,48
46685,2
46686,26
46687,35
46688,2
46689,10
46690,10
46691,10
46692,10
46693,92
46694,18
46695,8
46696,36
46697,26
46698,8
46699,36
46700,49
46701,48
46702,8
46703,36
46704,49
46705,8
46706,36
46707,49
46708,30
46709,8
46710,36
46711,49
46712,29
46713,77
46714,30
46715,8
46716,36
46717,49
46718,29
46719,48
46720,49
46721,8
46722,36
46723,22
46724,48
46725,47
46726,277
46727,48
46728,8
46729,47
46730,8
46731,36
46732,49
46733,8
46734,36
46735,49
46736,49
46737,47
46738,8
46739,36
46740,49
46741,38
46742,2
46743,10
46744,10
46745,8
46746,36
46747,49
46748,8
46749,36
46750,8
46751,36
46752,2
46753,36
46754,49
46755,8
46756,36
46757,36
46758,48
46759,8
46760,36
46761,49
46762,8
46763,36
46764,49
46765,48
46766,8
46767,12
46768,26
46769,8
46770,36
46771,49
46772,49
46773,47
46774,48
46775,36
46776,49
46777,49
46778,68
46779,18
46780,48
46781,2
46782,73
46783,74
46784,8
46785,36
46786,49
46787,8
46788,36
46789,49
46790,36
46791,8
46792,36
46793,49
46794,29
46795,8
46796,36
46797,49
46798,30
46799,48
46800,8
46801,36
46802,48
46803,26
46804,8
46805,36
46806,49
46807,26
46808,8
46809,36
46810,49
46811,48
46812,29
46813,77
46814,30
46815,8
46816,36
46817,8
46818,36
46819,49
46820,2
46821,2
46822,48
46823,8
46824,36
46825,49
46826,48
46827,49
46828,49
46829,29
46830,30
46831,8
46832,36
46833,36
46834,49
46835,26
46836,8
46837,36
46838,36
46839,48
46840,36
46841,8
46842,36
46843,49
46844,29
46845,48
46846,8
46847,29
46848,47
46849,30
46850,37
46851,2
46852,8
46853,18
46854,26
46855,38
46856,2
46857,8
46858,36
46859,49
46860,48
46861,8
46862,26
46863,48
46864,48
46865,8
46866,49
46867,26
46868,48
46869,47
46870,48
46871,49
46872,36
46873,48
46874,49
46875,36
46876,49
46877,49
46878,49
46879,29
46880,8
46881,36
46882,49
46883,30
46884,91
46885,91
46886,139
46887,48
46888,36
46889,49
46890,8
46891,8
46892,26
46893,48
46894,2
46895,48
46896,49
46897,30
46898,48
46899,49
46900,29
46901,26
46902,48
46903,8
46904,36
46905,49
46906,77
46907,30
46908,48
46909,49
46910,29
46911,77
46912,8
46913,26
46914,8
46915,36
46916,48
46917,36
46918,8
46919,36
46920,48
46921,35
46922,48
46923,36
46924,49
46925,49
46926,47
46927,9
46928,84
46929,84
46930,47
46931,26
46932,48
46933,8
46934,36
46935,49
46936,8
46937,36
46938,49
46939,48
46940,8
46941,38
46942,2
46943,8
46944,36
46945,49
46946,8
46947,36
46948,49
46949,8
46950,36
46951,49
46952,30
46953,8
46954,26
46955,48
46956,49
46957,2
46958,2
46959,17
46960,48
46961,38
46962,10
46963,10
46964,15
46965,48
46966,77
46967,2
46968,72
46969,48
46970,49
46971,2
46972,48
46973,8
46974,8
46975,18
46976,123
46977,30
46978,48
46979,48
46980,8
46981,48
46982,73
46983,74
46984,48
46985,8
46986,26
46987,35
46988,8
46989,36
46990,49
46991,48
46992,8
46993,36
46994,49
46995,8
46996,36
46997,47
46998,8
46999,38
47000,10
47001,48
47002,8
47003,49
47004,77
47005,30
47006,36
47007,2
47008,2
47009,8
47010,38
47011,14
47012,36
47013,26
47014,8
47015,36
47016,49
47017,47
47018,8
47019,36
47020,49
47021,26
47022,48
47023,36
47024,48
47025,26
47026,2
47027,74
47028,48
47029,48
47030,8
47031,38
47032,2
47033,48
47034,8
47035,36
47036,48
47037,2
47038,74
47039,48
47040,8
47041,8
47042,18
47043,18
47044,26
47045,8
47046,36
47047,26
47048,26
47049,18
47050,26
47051,8
47052,36
47053,8
47054,36
47055,49
47056,48
47057,8
47058,38
47059,14
47060,36
47061,18
47062,26
47063,48
47064,47
47065,26
47066,26
47067,26
47068,26
47069,25
47070,26
47071,48
47072,49
47073,48
47074,26
47075,26
47076,48
47077,8
47078,47
47079,8
47080,36
47081,49
47082,26
47083,48
47084,2
47085,74
47086,48
47087,8
47088,8
47089,36
47090,49
47091,8
47092,26
47093,26
47094,48
47095,8
47096,8
47097,36
47098,36
47099,49
47100,277
47101,36
47102,36
47103,26
47104,48
47105,74
47106,48
47107,8
47108,36
47109,47
47110,8
47111,36
47112,49
47113,36
47114,8
47115,36
47116,49
47117,49
47118,26
47119,48
47120,8
47121,36
47122,48
47123,48
47124,8
47125,8
47126,36
47127,49
47128,8
47129,36
47130,49
47131,48
47132,8
47133,6
47134,8
47135,36
47136,49
47137,73
47138,48
47139,48
47140,2
47141,8
47142,36
47143,49
47144,48
47145,36
47146,29
47147,30
47148,48
47149,36
47150,49
47151,36
47152,36
47153,36
47154,26
47155,8
47156,36
47157,48
47158,8
47159,2
47160,73
47161,48
47162,49
47163,29
47164,8
47165,36
47166,49
47167,48
47168,74
47169,2
47170,73
47171,26
47172,48
47173,8
47174,8
47175,36
47176,49
47177,30
47178,26
47179,48
47180,8
47181,36
47182,49
47183,48
47184,8
47185,36
47186,49
47187,8
47188,36
47189,35
47190,48
47191,36
47192,49
47193,49
47194,49
47195,48
47196,26
47197,26
47198,26
47199,8
47200,8
47201,2
47202,48
47203,49
47204,30
47205,48
47206,49
47207,49
47208,8
47209,36
47210,49
47211,29
47212,30
47213,8
47214,36
47215,49
47216,29
47217,30
47218,8
47219,36
47220,49
47221,29
47222,36
47223,49
47224,49
47225,48
47226,74
47227,48
47228,49
47229,48
47230,8
47231,48
47232,47
47233,48
47234,8
47235,8
47236,36
47237,48
47238,8
47239,8
47240,8
47241,17
47242,48
47243,48
47244,36
47245,48
47246,38
47247,2
47248,48
47249,8
47250,48
47251,8
47252,36
47253,49
47254,48
47255,8
47256,36
47257,49
47258,49
47259,74
47260,8
47261,36
47262,49
47263,47
47264,38
47265,45
47266,45
47267,2
47268,2
47269,2
47270,2
47271,10
47272,18
47273,48
47274,49
47275,48
47276,37
47277,8
47278,8
47279,2
47280,2
47281,48
47282,8
47283,36
47284,48
47285,48
47286,8
47287,36
47288,49
47289,26
47290,48
47291,8
47292,36
47293,49
47294,29
47295,30
47296,48
47297,49
47298,36
47299,49
47300,48
47301,8
47302,36
47303,49
47304,48
47305,36
47306,48
47307,8
47308,49
47309,47
47310,25
47311,18
47312,26
47313,48
47314,38
47315,12
47316,2
47317,2
47318,17
47319,18
47320,8
47321,36
47322,49
47323,48
47324,8
47325,36
47326,49
47327,48
47328,91
47329,8
47330,46
47331,36
47332,48
47333,48
47334,35
47335,36
47336,48
47337,8
47338,8
47339,169
47340,48
47341,8
47342,38
47343,15
47344,36
47345,25
47346,48
47347,48
47348,8
47349,58
47350,69
47351,8
47352,36
47353,49
47354,48
47355,8
47356,49
47357,48
47358,8
47359,8
47360,36
47361,8
47362,36
47363,48
47364,36
47365,26
47366,26
47367,18
47368,26
47369,48
47370,21
47371,21
47372,48
47373,49
47374,21
47375,58
47376,72
47377,8
47378,36
47379,49
47380,48
47381,49
47382,45
47383,2
47384,2
47385,48
47386,36
47387,1
47388,3
47389,48
47390,8
47391,36
47392,49
47393,29
47394,8
47395,36
47396,49
47397,48
47398,8
47399,36
47400,49
47401,77
47402,30
47403,48
47404,49
47405,77
47406,30
47407,48
47408,49
47409,29
47410,77
47411,30
47412,48
47413,49
47414,29
47415,77
47416,30
47417,48
47418,49
47419,29
47420,77
47421,48
47422,8
47423,48
47424,8
47425,36
47426,49
47427,48
47428,8
47429,49
47430,74
47431,8
47432,36
47433,48
47434,8
47435,48
47436,73
47437,48
47438,8
47439,48
47440,47
47441,8
47442,36
47443,49
47444,49
47445,49
47446,47
47447,48
47448,36
47449,2
47450,8
47451,36
47452,49
47453,48
47454,48
47455,8
47456,48
47457,74
47458,74
47459,26
47460,48
47461,49
47462,12
47463,36
47464,8
47465,36
47466,49
47467,12
47468,25
47469,26
47470,26
47471,8
47472,36
47473,49
47474,8
47475,36
47476,49
47477,48
47478,129
47479,48
47480,18
47481,91
47482,8
47483,207
47484,26
47485,48
47486,8
47487,36
47488,49
47489,49
47490,29
47491,30
47492,48
47493,49
47494,49
47495,30
47496,48
47497,8
47498,36
47499,49
47500,31
47501,26
47502,38
47503,118
47504,2
47505,10
47506,48
47507,74
47508,8
47509,36
47510,49
47511,48
47512,49
47513,26
47514,48
47515,49
47516,8
47517,36
47518,49
47519,47
47520,30
47521,8
47522,36
47523,49
47524,48
47525,48
47526,8
47527,48
47528,8
47529,2
47530,14
47531,36
47532,48
47533,36
47534,49
47535,48
47536,8
47537,36
47538,49
47539,8
47540,18
47541,26
47542,48
47543,8
47544,10
47545,10
47546,10
47547,48
47548,74
47549,8
47550,36
47551,49
47552,29
47553,8
47554,36
47555,49
47556,48
47557,49
47558,8
47559,36
47560,49
47561,8
47562,26
47563,8
47564,48
47565,73
47566,8
47567,24
47568,8
47569,129
47570,36
47571,49
47572,8
47573,36
47574,49
47575,49
47576,47
47577,277
47578,48
47579,2
47580,73
47581,26
47582,8
47583,36
47584,48
47585,2
47586,73
47587,74
47588,10
47589,18
47590,48
47591,8
47592,36
47593,8
47594,36
47595,49
47596,36
47597,36
47598,26
47599,26
47600,26
47601,8
47602,36
47603,74
47604,74
47605,48
47606,36
47607,49
47608,48
47609,49
47610,48
47611,8
47612,36
47613,49
47614,48
47615,8
47616,36
47617,8
47618,49
47619,36
47620,49
47621,49
47622,8
47623,36
47624,49
47625,48
47626,8
47627,48
47628,2
47629,74
47630,8
47631,36
47632,49
47633,48
47634,160
47635,48
47636,74
47637,48
47638,49
47639,36
47640,26
47641,10
47642,10
47643,8
47644,36
47645,49
47646,48
47647,8
47648,36
47649,49
47650,48
47651,8
47652,36
47653,49
47654,48
47655,49
47656,47
47657,48
47658,18
47659,26
47660,36
47661,26
47662,36
47663,26
47664,48
47665,48
47666,8
47667,36
47668,49
47669,49
47670,47
47671,26
47672,48
47673,48
47674,8
47675,25
47676,26
47677,8
47678,36
47679,8
47680,36
47681,49
47682,47
47683,48
47684,74
47685,48
47686,74
47687,8
47688,36
47689,49
47690,48
47691,48
47692,48
47693,48
47694,8
47695,49
47696,8
47697,36
47698,49
47699,48
47700,49
47701,68
47702,8
47703,36
47704,49
47705,8
47706,36
47707,49
47708,8
47709,36
47710,49
47711,277
47712,48
47713,36
47714,25
47715,36
47716,8
47717,36
47718,8
47719,36
47720,49
47721,49
47722,49
47723,48
47724,36
47725,49
47726,30
47727,8
47728,36
47729,49
47730,48
47731,8
47732,36
47733,29
47734,30
47735,36
47736,2
47737,3
47738,3
47739,18
47740,26
47741,8
47742,36
47743,49
47744,26
47745,36
47746,49
47747,8
47748,36
47749,48
47750,35
47751,8
47752,8
47753,36
47754,49
47755,8
47756,36
47757,8
47758,36
47759,49
47760,47
47761,38
47762,15
47763,73
47764,8
47765,36
47766,47
47767,48
47768,48
47769,2
47770,74
47771,8
47772,24
47773,18
47774,18
47775,26
47776,48
47777,48
47778,48
47779,8
47780,36
47781,49
47782,49
47783,49
47784,49
47785,8
47786,36
47787,49
47788,49
47789,29
47790,30
47791,8
47792,36
47793,48
47794,8
47795,48
47796,48
47797,47
47798,36
47799,47
47800,123
47801,10
47802,29
47803,48
47804,36
47805,49
47806,49
47807,49
47808,8
47809,36
47810,49
47811,48
47812,36
47813,49
47814,2
47815,18
47816,26
47817,48
47818,8
47819,47
47820,48
47821,49
47822,49
47823,26
47824,18
47825,18
47826,48
47827,8
47828,47
47829,2
47830,2
47831,2
47832,8
47833,36
47834,49
47835,48
47836,49
47837,8
47838,36
47839,49
47840,36
47841,8
47842,36
47843,48
47844,8
47845,47
47846,6
47847,48
47848,47
47849,8
47850,36
47851,48
47852,8
47853,36
47854,49
47855,8
47856,8
47857,8
47858,36
47859,49
47860,48
47861,36
47862,26
47863,21
47864,93
47865,93
47866,58
47867,8
47868,36
47869,49
47870,8
47871,8
47872,8
47873,36
47874,26
47875,8
47876,36
47877,49
47878,48
47879,8
47880,48
47881,8
47882,47
47883,48
47884,74
47885,48
47886,74
47887,45
47888,2
47889,0
47890,2
47891,2
47892,2
47893,3
47894,48
47895,8
47896,26
47897,8
47898,36
47899,49
47900,49
47901,48
47902,7
47903,7
47904,7
47905,7
47906,7
47907,7
47908,7
47909,48
47910,8
47911,38
47912,45
47913,36
47914,47
47915,26
47916,38
47917,12
47918,45
47919,36
47920,26
47921,48
47922,8
47923,36
47924,49
47925,49
47926,48
47927,8
47928,36
47929,36
47930,49
47931,48
47932,49
47933,48
47934,47
47935,48
47936,49
47937,26
47938,48
47939,8
47940,36
47941,49
47942,48
47943,49
47944,49
47945,49
47946,48
47947,8
47948,49
47949,48
47950,36
47951,49
47952,48
47953,8
47954,36
47955,36
47956,49
47957,48
47958,8
47959,48
47960,83
47961,6
47962,48
47963,49
47964,29
47965,30
47966,8
47967,36
47968,49
47969,36
47970,49
47971,49
47972,8
47973,36
47974,49
47975,34
47976,48
47977,48
47978,8
47979,26
47980,48
47981,8
47982,49
47983,8
47984,36
47985,49
47986,73
47987,74
47988,48
47989,8
47990,48
47991,30
47992,48
47993,48
47994,47
47995,73
47996,2
47997,2
47998,2
47999,2
48000,48
48001,49
48002,8
48003,36
48004,8
48005,36
48006,49
48007,48
48008,8
48009,36
48010,49
48011,77
48012,48
48013,8
48014,36
48015,49
48016,29
48017,77
48018,48
48019,8
48020,36
48021,49
48022,77
48023,30
48024,48
48025,8
48026,36
48027,49
48028,29
48029,77
48030,30
48031,48
48032,48
48033,8
48034,36
48035,8
48036,36
48037,8
48038,36
48039,48
48040,138
48041,49
48042,29
48043,48
48044,8
48045,138
48046,18
48047,26
48048,26
48049,48
48050,49
48051,8
48052,36
48053,49
48054,49
48055,49
48056,36
48057,31
48058,26
48059,48
48060,8
48061,8
48062,36
48063,48
48064,8
48065,48
48066,48
48067,35
48068,22
48069,26
48070,48
48071,83
48072,6
48073,48
48074,8
48075,36
48076,49
48077,49
48078,49
48079,8
48080,38
48081,45
48082,2
48083,2
48084,8
48085,36
48086,36
48087,36
48088,24
48089,123
48090,8
48091,38
48092,48
48093,8
48094,36
48095,49
48096,49
48097,49
48098,49
48099,26
48100,48
48101,8
48102,36
48103,49
48104,91
48105,8
48106,36
48107,48
48108,49
48109,49
48110,26
48111,48
48112,8
48113,36
48114,49
48115,48
48116,8
48117,77
48118,48
48119,48
48120,8
48121,48
48122,49
48123,49
48124,48
48125,160
48126,160
48127,47
48128,30
48129,26
48130,8
48131,36
48132,49
48133,36
48134,47
48135,8
48136,36
48137,49
48138,73
48139,74
48140,48
48141,2
48142,48
48143,2
48144,74
48145,8
48146,36
48147,49
48148,49
48149,35
48150,15
48151,8
48152,36
48153,2
48154,73
48155,74
48156,8
48157,36
48158,36
48159,26
48160,24
48161,18
48162,18
48163,2
48164,48
48165,49
48166,48
48167,8
48168,49
48169,29
48170,77
48171,30
48172,48
48173,35
48174,2
48175,18
48176,8
48177,48
48178,49
48179,49
48180,29
48181,30
48182,48
48183,29
48184,30
48185,8
48186,36
48187,49
48188,48
48189,36
48190,49
48191,8
48192,36
48193,49
48194,8
48195,36
48196,47
48197,8
48198,36
48199,49
48200,47
48201,38
48202,2
48203,8
48204,36
48205,49
48206,48
48207,74
48208,8
48209,36
48210,49
48211,36
48212,26
48213,48
48214,8
48215,8
48216,36
48217,48
48218,48
48219,8
48220,36
48221,49
48222,48
48223,48
48224,48
48225,74
48226,48
48227,8
48228,36
48229,49
48230,47
48231,48
48232,8
48233,36
48234,49
48235,8
48236,36
48237,49
48238,48
48239,8
48240,48
48241,48
48242,8
48243,8
48244,38
48245,10
48246,10
48247,10
48248,10
48249,10
48250,10
48251,8
48252,36
48253,49
48254,47
48255,48
48256,8
48257,38
48258,14
48259,8
48260,36
48261,26
48262,8
48263,36
48264,49
48265,48
48266,36
48267,48
48268,129
48269,47
48270,8
48271,36
48272,49
48273,26
48274,48
48275,8
48276,36
48277,49
48278,48
48279,49
48280,48
48281,8
48282,48
48283,8
48284,47
48285,12
48286,26
48287,26
48288,8
48289,36
48290,49
48291,8
48292,36
48293,49
48294,48
48295,47
48296,36
48297,48
48298,8
48299,18
48300,48
48301,49
48302,48
48303,48
48304,8
48305,36
48306,49
48307,36
48308,49
48309,49
48310,8
48311,36
48312,48
48313,8
48314,36
48315,49
48316,26
48317,48
48318,35
48319,48
48320,8
48321,49
48322,48
48323,35
48324,2
48325,48
48326,8
48327,48
48328,47
48329,36
48330,31
48331,26
48332,48
48333,8
48334,8
48335,15
48336,48
48337,8
48338,10
48339,10
48340,10
48341,10
48342,10
48343,10
48344,10
48345,10
48346,10
48347,48
48348,49
48349,30
48350,48
48351,74
48352,48
48353,49
48354,36
48355,26
48356,26
48357,48
48358,5
48359,5
48360,48
48361,8
48362,36
48363,48
48364,38
48365,14
48366,2
48367,30
48368,48
48369,38
48370,29
48371,18
48372,26
48373,48
48374,49
48375,8
48376,36
48377,49
48378,8
48379,36
48380,49
48381,91
48382,2
48383,48
48384,48
48385,48
48386,49
48387,36
48388,8
48389,36
48390,49
48391,48
48392,47
48393,36
48394,48
48395,48
48396,26
48397,26
48398,48
48399,129
48400,47
48401,48
48402,49
48403,26
48404,48
48405,8
48406,36
48407,48
48408,160
48409,47
48410,48
48411,36
48412,47
48413,14
48414,2
48415,2
48416,2
48417,2
48418,48
48419,8
48420,36
48421,49
48422,48
48423,8
48424,36
48425,49
48426,48
48427,8
48428,21
48429,21
48430,21
48431,58
48432,58
48433,113
48434,114
48435,48
48436,123
48437,35
48438,45
48439,21
48440,36
48441,58
48442,58
48443,36
48444,72
48445,128
48446,21
48447,128
48448,8
48449,8
48450,8
48451,36
48452,49
48453,26
48454,48
48455,8
48456,18
48457,48
48458,8
48459,29
48460,47
48461,26
48462,48
48463,8
48464,36
48465,68
48466,48
48467,48
48468,74
48469,8
48470,18
48471,26
48472,25
48473,26
48474,26
48475,38
48476,14
48477,26
48478,8
48479,36
48480,49
48481,47
48482,26
48483,8
48484,36
48485,8
48486,36
48487,8
48488,8
48489,29
48490,49
48491,48
48492,49
48493,48
48494,74
48495,26
48496,48
48497,74
48498,48
48499,8
48500,47
48501,48
48502,26
48503,48
48504,8
48505,8
48506,8
48507,36
48508,49
48509,48
48510,49
48511,26
48512,8
48513,8
48514,72
48515,72
48516,8
48517,21
48518,21
48519,58
48520,58
48521,69
48522,8
48523,21
48524,108
48525,21
48526,36
48527,36
48528,21
48529,58
48530,8
48531,8
48532,8
48533,8
48534,58
48535,113
48536,286
48537,21
48538,21
48539,21
48540,8
48541,8
48542,8
48543,21
48544,21
48545,21
48546,8
48547,8
48548,58
48549,69
48550,72
48551,72
48552,21
48553,58
48554,58
48555,72
48556,69
48557,108
48558,108
48559,21
48560,58
48561,69
48562,58
48563,58
48564,72
48565,72
48566,21
48567,21
48568,21
48569,21
48570,8
48571,8
48572,21
48573,21
48574,58
48575,8
48576,21
48577,21
48578,21
48579,58
48580,286
48581,21
48582,58
48583,58
48584,58
48585,69
48586,8
48587,21
48588,72
48589,69
48590,69
48591,8
48592,385
48593,131
48594,96
48595,72
48596,21
48597,58
48598,58
48599,72
48600,21
48601,58
48602,36
48603,36
48604,72
48605,72
48606,8
48607,21
48608,21
48609,357
48610,72
48611,21
48612,58
48613,8
48614,108
48615,21
48616,21
48617,58
48618,58
48619,8
48620,21
48621,58
48622,58
48623,54
48624,72
48625,8
48626,36
48627,49
48628,48
48629,48
48630,36
48631,49
48632,8
48633,36
48634,49
48635,48
48636,129
48637,47
48638,48
48639,8
48640,49
48641,48
48642,2
48643,114
48644,114
48645,72
48646,69
48647,8
48648,36
48649,49
48650,36
48651,49
48652,8
48653,36
48654,49
48655,21
48656,58
48657,2
48658,108
48659,108
48660,8
48661,8
48662,72
48663,72
48664,8
48665,36
48666,49
48667,25
48668,26
48669,48
48670,8
48671,8
48672,8
48673,8
48674,8
48675,8
48676,36
48677,36
48678,36
48679,26
48680,48
48681,8
48682,37
48683,26
48684,48
48685,49
48686,48
48687,49
48688,26
48689,36
48690,48
48691,49
48692,29
48693,47
48694,30
48695,36
48696,108
48697,21
48698,58
48699,108
48700,205
48701,21
48702,72
48703,91
48704,91
48705,2
48706,38
48707,2
48708,72
48709,73
48710,48
48711,22
48712,48
48713,8
48714,49
48715,29
48716,48
48717,49
48718,30
48719,36
48720,49
48721,48
48722,36
48723,48
48724,48
48725,129
48726,49
48727,8
48728,36
48729,49
48730,48
48731,35
48732,8
48733,12
48734,25
48735,26
48736,48
48737,129
48738,29
48739,47
48740,48
48741,35
48742,36
48743,21
48744,21
48745,21
48746,72
48747,8
48748,21
48749,48
48750,8
48751,72
48752,100
48753,36
48754,68
48755,8
48756,21
48757,2
48758,72
48759,38
48760,45
48761,2
48762,33
48763,72
48764,33
48765,8
48766,108
48767,113
48768,113
48769,21
48770,58
48771,69
48772,69
48773,69
48774,69
48775,108
48776,21
48777,2
48778,72
48779,69
48780,72
48781,8
48782,8
48783,21
48784,21
48785,8
48786,38
48787,14
48788,25
48789,26
48790,26
48791,72
48792,26
48793,26
48794,8
48795,18
48796,48
48797,47
48798,25
48799,31
48800,37
48801,38
48802,10
48803,18
48804,21
48805,8
48806,21
48807,58
48808,48
48809,74
48810,8
48811,21
48812,21
48813,21
48814,21
48815,113
48816,72
48817,8
48818,72
48819,8
48820,36
48821,49
48822,72
48823,48
48824,2
48825,2
48826,21
48827,36
48828,36
48829,36
48830,36
48831,72
48832,10
48833,18
48834,26
48835,108
48836,21
48837,21
48838,2
48839,36
48840,49
48841,49
48842,160
48843,26
48844,21
48845,21
48846,21
48847,8
48848,58
48849,58
48850,58
48851,38
48852,72
48853,8
48854,36
48855,49
48856,48
48857,2
48858,8
48859,36
48860,49
48861,72
48862,8
48863,8
48864,26
48865,48
48866,8
48867,21
48868,21
48869,2
48870,2
48871,69
48872,69
48873,8
48874,36
48875,49
48876,48
48877,8
48878,48
48879,8
48880,49
48881,48
48882,8
48883,8
48884,69
48885,69
48886,8
48887,8
48888,48
48889,49
48890,49
48891,77
48892,48
48893,8
48894,36
48895,8
48896,36
48897,49
48898,48
48899,49
48900,2
48901,2
48902,30
48903,2
48904,2
48905,29
48906,2
48907,8
48908,26
48909,2
48910,10
48911,35
48912,2
48913,10
48914,10
48915,48
48916,38
48917,58
48918,36
48919,36
48920,8
48921,36
48922,49
48923,49
48924,48
48925,49
48926,49
48927,49
48928,49
48929,26
48930,26
48931,8
48932,36
48933,49
48934,8
48935,36
48936,49
48937,30
48938,15
48939,8
48940,36
48941,18
48942,8
48943,36
48944,49
48945,38
48946,48
48947,8
48948,8
48949,49
48950,2
48951,73
48952,38
48953,38
48954,2
48955,72
48956,205
48957,21
48958,58
48959,58
48960,113
48961,48
48962,138
48963,49
48964,8
48965,18
48966,26
48967,21
48968,21
48969,58
48970,58
48971,375
48972,36
48973,49
48974,47
48975,36
48976,48
48977,8
48978,36
48979,48
48980,2
48981,8
48982,36
48983,49
48984,49
48985,49
48986,48
48987,45
48988,2
48989,8
48990,36
48991,49
48992,36
48993,26
48994,48
48995,2
48996,12
48997,26
48998,26
48999,48
49000,36
49001,49
49002,49
49003,48
49004,8
49005,48
49006,8
49007,49
49008,48
49009,49
49010,2
49011,2
49012,36
49013,49
49014,48
49015,8
49016,36
49017,49
49018,8
49019,36
49020,49
49021,36
49022,49
49023,30
49024,26
49025,26
49026,36
49027,8
49028,36
49029,49
49030,48
49031,160
49032,29
49033,26
49034,26
49035,8
49036,36
49037,49
49038,48
49039,2
49040,48
49041,8
49042,48
49043,72
49044,21
49045,58
49046,35
49047,2
49048,2
49049,128
49050,205
49051,21
49052,58
49053,2
49054,2
49055,2
49056,376
49057,69
49058,128
49059,49
49060,48
49061,2
49062,15
49063,205
49064,21
49065,36
49066,72
49067,21
49068,36
49069,36
49070,26
49071,2
49072,2
49073,2
49074,2
49075,382
49076,72
49077,36
49078,36
49079,72
49080,48
49081,35
49082,21
49083,21
49084,72
49085,21
49086,2
49087,2
49088,72
49089,69
49090,69
49091,98
49092,11
49093,26
49094,2
49095,72
49096,69
49097,36
49098,49
49099,49
49100,49
49101,49
49102,26
49103,48
49104,8
49105,22
49106,8
49107,10
49108,8
49109,36
49110,49
49111,8
49112,36
49113,49
49114,8
49115,36
49116,49
49117,8
49118,36
49119,49
49120,8
49121,8
49122,36
49123,49
49124,2
49125,139
49126,139
49127,139
49128,26
49129,48
49130,8
49131,47
49132,205
49133,21
49134,2
49135,2
49136,36
49137,73
49138,48
49139,49
49140,48
49141,36
49142,49
49143,29
49144,21
49145,58
49146,2
49147,357
49148,21
49149,48
49150,8
49151,21
49152,21
49153,8
49154,58
49155,21
49156,58
49157,58
49158,21
49159,58
49160,72
49161,48
49162,74
49163,38
49164,2
49165,8
49166,21
49167,72
49168,69
49169,48
49170,36
49171,49
49172,58
49173,369
49174,369
49175,8
49176,48
49177,48
49178,38
49179,45
49180,45
49181,2
49182,21
49183,72
49184,108
49185,108
49186,8
49187,36
49188,48
49189,58
49190,72
49191,21
49192,58
49193,58
49194,72
49195,58
49196,72
49197,21
49198,21
49199,2
49200,21
49201,21
49202,72
49203,21
49204,58
49205,2
49206,2
49207,357
49208,72
49209,72
49210,128
49211,128
49212,21
49213,21
49214,58
49215,128
49216,21
49217,2
49218,2
49219,69
49220,72
49221,48
49222,2
49223,74
49224,21
49225,21
49226,72
49227,21
49228,286
49229,286
49230,98
49231,21
49232,69
49233,69
49234,69
49235,21
49236,58
49237,58
49238,58
49239,121
49240,36
49241,49
49242,21
49243,58
49244,58
49245,72
49246,58
49247,58
49248,21
49249,21
49250,58
49251,58
49252,72
49253,21
49254,58
49255,72
49256,8
49257,21
49258,58
49259,58
49260,72
49261,108
49262,21
49263,21
49264,36
49265,36
49266,72
49267,11
49268,72
49269,21
49270,21
49271,58
49272,58
49273,113
49274,36
49275,38
49276,2
49277,48
49278,49
49279,8
49280,36
49281,36
49282,48
49283,8
49284,36
49285,49
49286,26
49287,8
49288,8
49289,72
49290,8
49291,21
49292,58
49293,72
49294,21
49295,21
49296,8
49297,8
49298,72
49299,21
49300,21
49301,58
49302,58
49303,8
49304,36
49305,36
49306,21
49307,36
49308,36
49309,36
49310,36
49311,36
49312,36
49313,36
49314,36
49315,36
49316,36
49317,8
49318,36
49319,49
49320,26
49321,26
49322,48
49323,30
49324,8
49325,36
49326,26
49327,8
49328,21
49329,21
49330,72
49331,69
49332,48
49333,38
49334,21
49335,26
49336,48
49337,8
49338,2
49339,38
49340,2
49341,48
49342,8
49343,36
49344,49
49345,48
49346,8
49347,36
49348,49
49349,8
49350,36
49351,8
49352,36
49353,49
49354,36
49355,48
49356,38
49357,2
49358,10
49359,25
49360,8
49361,36
49362,49
49363,26
49364,48
49365,8
49366,36
49367,21
49368,21
49369,69
49370,69
49371,69
49372,8
49373,48
49374,26
49375,2
49376,2
49377,73
49378,36
49379,49
49380,8
49381,36
49382,36
49383,36
49384,36
49385,49
49386,47
49387,48
49388,21
49389,58
49390,8
49391,14
49392,36
49393,36
49394,36
49395,21
49396,2
49397,21
49398,21
49399,21
49400,21
49401,8
49402,38
49403,2
49404,15
49405,36
49406,26
49407,26
49408,26
49409,21
49410,21
49411,93
49412,93
49413,58
49414,113
49415,69
49416,69
49417,69
49418,97
49419,21
49420,21
49421,8
49422,58
49423,2
49424,2
49425,2
49426,21
49427,21
49428,382
49429,69
49430,69
49431,21
49432,58
49433,58
49434,382
49435,72
49436,69
49437,36
49438,49
49439,45
49440,2
49441,8
49442,36
49443,36
49444,8
49445,36
49446,18
49447,48
49448,2
49449,74
49450,8
49451,8
49452,36
49453,49
49454,48
49455,74
49456,10
49457,10
49458,48
49459,277
49460,8
49461,36
49462,35
49463,26
49464,8
49465,36
49466,49
49467,18
49468,26
49469,8
49470,36
49471,31
49472,18
49473,26
49474,12
49475,26
49476,48
49477,8
49478,2
49479,2
49480,10
49481,10
49482,10
49483,10
49484,48
49485,49
49486,8
49487,36
49488,49
49489,8
49490,2
49491,2
49492,25
49493,25
49494,36
49495,26
49496,48
49497,38
49498,34
49499,2
49500,26
49501,18
49502,205
49503,21
49504,113
49505,113
49506,36
49507,69
49508,36
49509,48
49510,8
49511,36
49512,26
49513,18
49514,2
49515,69
49516,21
49517,48
49518,18
49519,26
49520,48
49521,8
49522,38
49523,108
49524,21
49525,21
49526,2
49527,2
49528,2
49529,2
49530,72
49531,108
49532,21
49533,388
49534,72
49535,69
49536,8
49537,8
49538,8
49539,21
49540,58
49541,21
49542,58
49543,58
49544,2
49545,108
49546,113
49547,128
49548,72
49549,8
49550,8
49551,108
49552,21
49553,21
49554,36
49555,72
49556,21
49557,21
49558,58
49559,58
49560,69
49561,8
49562,8
49563,108
49564,21
49565,21
49566,8
49567,8
49568,58
49569,58
49570,2
49571,2
49572,72
49573,8
49574,8
49575,8
49576,8
49577,21
49578,58
49579,2
49580,36
49581,69
49582,69
49583,108
49584,21
49585,58
49586,72
49587,69
49588,286
49589,72
49590,21
49591,2
49592,72
49593,376
49594,8
49595,8
49596,21
49597,58
49598,2
49599,2
49600,72
49601,8
49602,8
49603,8
49604,8
49605,21
49606,8
49607,108
49608,21
49609,21
49610,58
49611,21
49612,21
49613,58
49614,58
49615,72
49616,21
49617,58
49618,69
49619,69
49620,357
49621,108
49622,21
49623,93
49624,58
49625,286
49626,21
49627,58
49628,36
49629,72
49630,21
49631,72
49632,21
49633,2
49634,2
49635,2
49636,2
49637,2
49638,8
49639,72
49640,8
49641,21
49642,21
49643,21
49644,58
49645,58
49646,2
49647,21
49648,21
49649,58
49650,58
49651,344
49652,2
49653,2
49654,69
49655,69
49656,69
49657,69
49658,21
49659,21
49660,58
49661,21
49662,58
49663,2
49664,21
49665,8
49666,8
49667,21
49668,58
49669,58
49670,69
49671,8
49672,8
49673,8
49674,8
49675,8
49676,8
49677,72
49678,8
49679,21
49680,21
49681,58
49682,72
49683,21
49684,21
49685,21
49686,58
49687,58
49688,21
49689,8
49690,8
49691,58
49692,72
49693,8
49694,8
49695,8
49696,8
49697,72
49698,8
49699,21
49700,36
49701,8
49702,21
49703,21
49704,8
49705,8
49706,58
49707,58
49708,58
49709,69
49710,21
49711,58
49712,21
49713,58
49714,21
49715,58
49716,8
49717,21
49718,58
49719,58
49720,2
49721,108
49722,108
49723,21
49724,58
49725,58
49726,58
49727,58
49728,377
49729,377
49730,21
49731,8
49732,8
49733,8
49734,21
49735,21
49736,21
49737,58
49738,58
49739,58
49740,72
49741,8
49742,72
49743,108
49744,21
49745,21
49746,69
49747,72
49748,8
49749,8
49750,21
49751,8
49752,8
49753,58
49754,2
49755,2
49756,72
49757,69
49758,69
49759,8
49760,21
49761,21
49762,58
49763,72
49764,36
49765,8
49766,108
49767,108
49768,108
49769,21
49770,21
49771,58
49772,21
49773,21
49774,21
49775,58
49776,58
49777,2
49778,36
49779,8
49780,8
49781,8
49782,2
49783,48
49784,8
49785,38
49786,2
49787,47
49788,48
49789,8
49790,36
49791,49
49792,21
49793,21
49794,21
49795,58
49796,58
49797,72
49798,21
49799,21
49800,58
49801,113
49802,8
49803,36
49804,36
49805,49
49806,108
49807,205
49808,205
49809,36
49810,72
49811,69
49812,8
49813,36
49814,49
49815,8
49816,36
49817,49
49818,18
49819,36
49820,49
49821,38
49822,14
49823,34
49824,48
49825,36
49826,29
49827,167
49828,26
49829,73
49830,48
49831,48
49832,35
49833,2
49834,35
49835,8
49836,38
49837,45
49838,2
49839,2
49840,26
49841,48
49842,74
49843,26
49844,8
49845,36
49846,49
49847,48
49848,47
49849,123
49850,35
49851,22
49852,92
49853,8
49854,36
49855,49
49856,49
49857,36
49858,36
49859,108
49860,58
49861,58
49862,36
49863,36
49864,48
49865,8
49866,48
49867,18
49868,8
49869,36
49870,21
49871,21
49872,58
49873,36
49874,72
49875,2
49876,2
49877,72
49878,36
49879,58
49880,36
49881,36
49882,36
49883,36
49884,8
49885,72
49886,58
49887,36
49888,36
49889,357
49890,26
49891,48
49892,2
49893,18
49894,36
49895,36
49896,48
49897,8
49898,36
49899,49
49900,8
49901,38
49902,38
49903,45
49904,45
49905,2
49906,2
49907,2
49908,18
49909,2
49910,36
49911,49
49912,26
49913,26
49914,21
49915,72
49916,8
49917,72
49918,48
49919,8
49920,47
49921,30
49922,8
49923,36
49924,49
49925,48
49926,2
49927,2
49928,15
49929,2
49930,26
49931,8
49932,38
49933,38
49934,2
49935,10
49936,10
49937,10
49938,10
49939,26
49940,36
49941,49
49942,357
49943,48
49944,2
49945,74
49946,8
49947,38
49948,18
49949,8
49950,2
49951,36
49952,26
49953,21
49954,22
49955,21
49956,69
49957,69
49958,72
49959,21
49960,2
49961,72
49962,21
49963,2
49964,2
49965,72
49966,69
49967,69
49968,48
49969,74
49970,21
49971,58
49972,36
49973,36
49974,38
49975,21
49976,21
49977,388
49978,72
49979,21
49980,72
49981,48
49982,72
49983,58
49984,36
49985,382
49986,72
49987,91
49988,8
49989,46
49990,46
49991,36
49992,38
49993,72
49994,48
49995,8
49996,49
49997,21
49998,72
49999,2
