node_id,label_id
0,58
1,55
2,8
3,55
4,177
5,55
6,0
7,8
8,58
9,55
10,177
11,177
12,4
13,8
14,177
15,8
16,177
17,8
18,58
19,177
20,55
21,55
22,177
23,177
24,55
25,33
26,64
27,218
28,8
29,8
30,55
31,55
32,177
33,55
34,8
35,32
36,55
37,179
38,177
39,0
40,8
41,0
42,58
43,179
44,179
45,177
46,8
47,25
48,55
49,218
50,179
51,177
52,11
53,64
54,177
55,0
56,64
57,8
58,177
59,177
60,177
61,8
62,177
63,4
64,64
65,39
66,177
67,177
68,177
69,177
70,177
71,179
72,177
73,8
74,33
75,8
76,218
77,33
78,64
79,177
80,51
81,177
82,177
83,8
84,0
85,55
86,58
87,8
88,64
89,177
90,64
91,8
92,55
93,218
94,8
95,177
96,58
97,177
98,55
99,179
100,55
101,8
102,0
103,64
104,8
105,55
106,58
107,51
108,0
109,51
110,58
111,55
112,58
113,8
114,177
115,177
116,8
117,8
118,0
119,25
120,8
121,177
122,177
123,218
124,8
125,177
126,64
127,33
128,64
129,8
130,177
131,8
132,8
133,177
134,177
135,58
136,55
137,177
138,218
139,55
140,177
141,218
142,51
143,58
144,8
145,25
146,25
147,8
148,55
149,8
150,8
151,0
152,130
153,55
154,177
155,177
156,177
157,33
158,218
159,55
160,64
161,0
162,130
163,177
164,177
165,177
166,177
167,177
168,177
169,55
170,8
171,177
172,55
173,8
174,51
175,55
176,58
177,177
178,55
179,58
180,55
181,8
182,8
183,8
184,0
185,8
186,64
187,55
188,58
189,55
190,8
191,177
192,55
193,58
194,0
195,0
196,8
197,0
198,8
199,8
200,218
201,8
202,58
203,177
204,58
205,129
206,55
207,55
208,55
209,8
210,8
211,55
212,177
213,55
214,55
215,10
216,8
217,8
218,8
219,8
220,177
221,8
222,177
223,177
224,177
225,85
226,55
227,58
228,58
229,51
230,177
231,177
232,58
233,91
234,8
235,55
236,58
237,55
238,58
239,8
240,64
241,25
242,51
243,8
244,51
245,58
246,177
247,177
248,177
249,177
250,55
251,51
252,177
253,58
254,8
255,58
256,51
257,58
258,177
259,218
260,8
261,8
262,0
263,51
264,8
265,51
266,55
267,58
268,58
269,58
270,58
271,58
272,58
273,51
274,177
275,177
276,0
277,51
278,177
279,8
280,0
281,55
282,58
283,51
284,51
285,8
286,51
287,51
288,58
289,58
290,55
291,55
292,58
293,55
294,8
295,85
296,51
297,51
298,0
299,177
300,51
301,218
302,58
303,58
304,177
305,55
306,51
307,55
308,51
309,8
310,55
311,51
312,51
313,58
314,51
315,55
316,177
317,50
318,55
319,8
320,85
321,218
322,8
323,64
324,25
325,25
326,85
327,51
328,58
329,177
330,51
331,55
332,55
333,91
334,58
335,177
336,51
337,58
338,55
339,55
340,177
341,55
342,55
343,177
344,51
345,39
346,8
347,8
348,0
349,55
350,55
351,58
352,199
353,51
354,0
355,55
356,55
357,58
358,55
359,58
360,55
361,58
362,58
363,55
364,51
365,64
366,55
367,51
368,58
369,55
370,55
371,51
372,177
373,55
374,177
375,58
376,51
377,64
378,0
379,177
380,177
381,188
382,58
383,0
384,0
385,58
386,55
387,51
388,55
389,58
390,58
391,55
392,284
393,55
394,64
395,52
396,0
397,177
398,55
399,218
400,8
401,8
402,25
403,0
404,64
405,51
406,8
407,55
408,55
409,51
410,85
411,130
412,177
413,55
414,51
415,58
416,55
417,51
418,58
419,129
420,55
421,64
422,0
423,129
424,8
425,51
426,58
427,51
428,64
429,8
430,51
431,51
432,55
433,58
434,8
435,0
436,64
437,8
438,8
439,64
440,6
441,51
442,55
443,11
444,8
445,218
446,55
447,50
448,177
449,55
450,0
451,55
452,55
453,177
454,8
455,51
456,85
457,55
458,58
459,177
460,55
461,51
462,8
463,55
464,55
465,64
466,64
467,55
468,177
469,177
470,0
471,231
472,8
473,51
474,51
475,51
476,58
477,55
478,58
479,58
480,85
481,177
482,218
483,55
484,25
485,55
486,177
487,177
488,177
489,0
490,51
491,51
492,51
493,51
494,8
495,58
496,55
497,8
498,16
499,55
500,177
501,177
502,55
503,51
504,51
505,55
506,8
507,51
508,51
509,177
510,129
511,8
512,64
513,8
514,218
515,55
516,25
517,177
518,55
519,16
520,8
521,55
522,177
523,177
524,51
525,51
526,39
527,51
528,51
529,51
530,55
531,51
532,8
533,85
534,51
535,8
536,51
537,4
538,64
539,55
540,0
541,55
542,8
543,51
544,55
545,51
546,52
547,51
548,51
549,51
550,58
551,284
552,51
553,51
554,51
555,18
556,8
557,55
558,52
559,64
560,55
561,177
562,51
563,55
564,8
565,64
566,0
567,16
568,51
569,177
570,177
571,85
572,51
573,51
574,58
575,129
576,51
577,51
578,51
579,55
580,177
581,51
582,177
583,51
584,51
585,58
586,218
587,55
588,177
589,51
590,55
591,51
592,55
593,55
594,58
595,218
596,58
597,0
598,51
599,177
600,58
601,58
602,58
603,58
604,177
605,58
606,58
607,52
608,55
609,55
610,85
611,177
612,177
613,55
614,55
615,51
616,177
617,55
618,58
619,55
620,64
621,8
622,381
623,177
624,8
625,177
626,177
627,177
628,55
629,177
630,218
631,51
632,85
633,177
634,55
635,55
636,8
637,58
638,177
639,55
640,177
641,177
642,55
643,85
644,177
645,132
646,55
647,58
648,85
649,58
650,55
651,58
652,55
653,177
654,51
655,52
656,55
657,58
658,177
659,177
660,85
661,381
662,55
663,8
664,64
665,8
666,177
667,55
668,85
669,55
670,55
671,64
672,55
673,50
674,58
675,55
676,64
677,140
678,55
679,55
680,85
681,8
682,55
683,52
684,85
685,55
686,51
687,51
688,16
689,55
690,64
691,55
692,51
693,51
694,55
695,177
696,51
697,177
698,58
699,177
700,51
701,51
702,0
703,284
704,8
705,58
706,55
707,16
708,55
709,51
710,85
711,50
712,64
713,51
714,55
715,64
716,55
717,64
718,12
719,55
720,51
721,50
722,8
723,8
724,8
725,8
726,51
727,51
728,58
729,55
730,51
731,51
732,51
733,51
734,51
735,12
736,85
737,0
738,55
739,51
740,51
741,51
742,51
743,51
744,55
745,85
746,177
747,55
748,177
749,51
750,51
751,51
752,51
753,55
754,16
755,51
756,8
757,8
758,51
759,51
760,51
761,51
762,51
763,51
764,51
765,51
766,51
767,51
768,55
769,4
770,8
771,51
772,8
773,8
774,58
775,55
776,52
777,8
778,64
779,8
780,55
781,55
782,55
783,58
784,177
785,55
786,55
787,55
788,0
789,55
790,177
791,51
792,55
793,51
794,85
795,0
796,8
797,51
798,51
799,85
800,51
801,55
802,58
803,51
804,8
805,16
806,51
807,58
808,55
809,55
810,55
811,51
812,25
813,218
814,55
815,129
816,0
817,55
818,51
819,55
820,55
821,50
822,51
823,55
824,55
825,58
826,85
827,55
828,55
829,132
830,51
831,51
832,55
833,8
834,51
835,55
836,55
837,0
838,55
839,51
840,51
841,55
842,55
843,177
844,51
845,55
846,58
847,55
848,55
849,177
850,55
851,55
852,55
853,55
854,55
855,0
856,51
857,51
858,55
859,55
860,177
861,55
862,51
863,55
864,51
865,58
866,64
867,55
868,55
869,8
870,0
871,51
872,289
873,51
874,55
875,51
876,51
877,8
878,51
879,0
880,85
881,55
882,55
883,55
884,51
885,6
886,50
887,58
888,58
889,10
890,55
891,55
892,51
893,51
894,58
895,55
896,58
897,55
898,85
899,51
900,55
901,55
902,381
903,381
904,381
905,8
906,55
907,204
908,55
909,0
910,85
911,64
912,51
913,58
914,51
915,39
916,140
917,11
918,55
919,8
920,39
921,8
922,8
923,8
924,8
925,138
926,64
927,51
928,64
929,64
930,6
931,25
932,64
933,55
934,51
935,51
936,51
937,58
938,55
939,218
940,8
941,55
942,0
943,64
944,85
945,58
946,51
947,4
948,64
949,64
950,4
951,4
952,64
953,8
954,25
955,0
956,4
957,64
958,218
959,218
960,55
961,51
962,64
963,33
964,25
965,64
966,51
967,51
968,64
969,51
970,58
971,8
972,8
973,218
974,55
975,8
976,51
977,33
978,51
979,8
980,8
981,51
982,129
983,51
984,51
985,51
986,51
987,51
988,48
989,85
990,51
991,132
992,51
993,129
994,4
995,0
996,55
997,25
998,8
999,8
1000,51
1001,55
1002,55
1003,64
1004,51
1005,51
1006,51
1007,51
1008,0
1009,52
1010,51
1011,85
1012,51
1013,51
1014,8
1015,64
1016,64
1017,51
1018,51
1019,6
1020,51
1021,51
1022,51
1023,0
1024,218
1025,8
1026,8
1027,132
1028,64
1029,51
1030,11
1031,64
1032,64
1033,51
1034,51
1035,51
1036,51
1037,0
1038,55
1039,129
1040,51
1041,117
1042,64
1043,64
1044,8
1045,58
1046,51
1047,132
1048,64
1049,85
1050,64
1051,51
1052,23
1053,55
1054,129
1055,0
1056,51
1057,51
1058,51
1059,132
1060,8
1061,11
1062,64
1063,0
1064,51
1065,51
1066,51
1067,8
1068,5
1069,64
1070,129
1071,51
1072,51
1073,51
1074,51
1075,51
1076,0
1077,16
1078,58
1079,8
1080,25
1081,51
1082,51
1083,51
1084,55
1085,51
1086,55
1087,284
1088,51
1089,25
1090,0
1091,51
1092,51
1093,51
1094,51
1095,51
1096,8
1097,51
1098,8
1099,55
1100,64
1101,177
1102,51
1103,8
1104,64
1105,0
1106,178
1107,51
1108,51
1109,64
1110,58
1111,58
1112,51
1113,55
1114,51
1115,51
1116,51
1117,51
1118,8
1119,4
1120,4
1121,4
1122,51
1123,50
1124,51
1125,51
1126,51
1127,51
1128,51
1129,51
1130,51
1131,51
1132,129
1133,14
1134,51
1135,51
1136,55
1137,218
1138,0
1139,51
1140,25
1141,64
1142,64
1143,51
1144,55
1145,51
1146,51
1147,64
1148,51
1149,55
1150,55
1151,51
1152,8
1153,51
1154,0
1155,55
1156,132
1157,11
1158,64
1159,8
1160,16
1161,8
1162,8
1163,8
1164,132
1165,132
1166,55
1167,51
1168,218
1169,0
1170,64
1171,8
1172,51
1173,51
1174,51
1175,51
1176,51
1177,51
1178,51
1179,51
1180,51
1181,50
1182,55
1183,51
1184,55
1185,132
1186,55
1187,55
1188,177
1189,132
1190,8
1191,64
1192,8
1193,132
1194,8
1195,55
1196,64
1197,58
1198,50
1199,8
1200,64
1201,8
1202,51
1203,25
1204,51
1205,58
1206,146
1207,0
1208,8
1209,8
1210,0
1211,8
1212,8
1213,55
1214,177
1215,55
1216,8
1217,51
1218,8
1219,55
1220,50
1221,64
1222,8
1223,8
1224,8
1225,55
1226,132
1227,132
1228,132
1229,8
1230,8
1231,55
1232,16
1233,373
1234,146
1235,238
1236,64
1237,53
1238,8
1239,58
1240,8
1241,8
1242,58
1243,50
1244,51
1245,373
1246,132
1247,132
1248,132
1249,58
1250,51
1251,0
1252,55
1253,8
1254,8
1255,55
1256,132
1257,132
1258,55
1259,132
1260,55
1261,8
1262,8
1263,373
1264,8
1265,132
1266,132
1267,85
1268,51
1269,55
1270,0
1271,8
1272,0
1273,85
1274,55
1275,8
1276,64
1277,373
1278,51
1279,25
1280,58
1281,132
1282,55
1283,8
1284,64
1285,8
1286,55
1287,132
1288,8
1289,64
1290,51
1291,8
1292,55
1293,55
1294,51
1295,132
1296,8
1297,51
1298,13
1299,58
1300,8
1301,8
1302,8
1303,8
1304,8
1305,132
1306,129
1307,25
1308,8
1309,55
1310,8
1311,8
1312,49
1313,49
1314,49
1315,49
1316,64
1317,8
1318,8
1319,50
1320,8
1321,8
1322,8
1323,64
1324,8
1325,58
1326,64
1327,132
1328,50
1329,132
1330,55
1331,132
1332,55
1333,8
1334,64
1335,55
1336,64
1337,12
1338,51
1339,85
1340,64
1341,51
1342,58
1343,8
1344,50
1345,0
1346,8
1347,0
1348,129
1349,16
1350,8
1351,64
1352,8
1353,132
1354,177
1355,51
1356,51
1357,55
1358,373
1359,64
1360,64
1361,0
1362,8
1363,55
1364,0
1365,0
1366,55
1367,64
1368,64
1369,55
1370,8
1371,64
1372,119
1373,119
1374,233
1375,64
1376,137
1377,146
1378,132
1379,132
1380,64
1381,8
1382,8
1383,25
1384,13
1385,55
1386,58
1387,132
1388,146
1389,0
1390,50
1391,146
1392,373
1393,8
1394,146
1395,12
1396,52
1397,51
1398,17
1399,64
1400,55
1401,8
1402,132
1403,132
1404,50
1405,64
1406,8
1407,132
1408,55
1409,177
1410,0
1411,84
1412,0
1413,52
1414,132
1415,132
1416,373
1417,373
1418,64
1419,8
1420,146
1421,146
1422,64
1423,51
1424,12
1425,11
1426,373
1427,55
1428,64
1429,50
1430,146
1431,50
1432,50
1433,55
1434,8
1435,0
1436,8
1437,0
1438,373
1439,51
1440,55
1441,373
1442,132
1443,51
1444,55
1445,51
1446,64
1447,8
1448,8
1449,51
1450,0
1451,51
1452,51
1453,51
1454,51
1455,51
1456,51
1457,55
1458,51
1459,51
1460,51
1461,51
1462,51
1463,51
1464,51
1465,51
1466,51
1467,51
1468,51
1469,51
1470,51
1471,51
1472,51
1473,51
1474,51
1475,51
1476,51
1477,51
1478,51
1479,51
1480,51
1481,51
1482,51
1483,51
1484,51
1485,58
1486,51
1487,51
1488,51
1489,51
1490,51
1491,51
1492,51
1493,51
1494,51
1495,85
1496,51
1497,85
1498,51
1499,51
1500,51
1501,51
1502,51
1503,51
1504,51
1505,8
1506,58
1507,51
1508,51
1509,51
1510,51
1511,51
1512,51
1513,51
1514,51
1515,51
1516,51
1517,51
1518,51
1519,51
1520,51
1521,51
1522,51
1523,58
1524,51
1525,51
1526,51
1527,51
1528,51
1529,51
1530,51
1531,51
1532,51
1533,51
1534,51
1535,51
1536,58
1537,51
1538,51
1539,51
1540,51
1541,51
1542,85
1543,51
1544,51
1545,51
1546,51
1547,51
1548,51
1549,51
1550,51
1551,51
1552,51
1553,51
1554,51
1555,51
1556,51
1557,51
1558,51
1559,51
1560,64
1561,64
1562,64
1563,8
1564,64
1565,85
1566,381
1567,8
1568,58
1569,129
1570,55
1571,0
1572,8
1573,58
1574,55
1575,25
1576,55
1577,55
1578,51
1579,55
1580,14
1581,129
1582,115
1583,51
1584,8
1585,132
1586,64
1587,8
1588,55
1589,55
1590,55
1591,55
1592,0
1593,58
1594,8
1595,132
1596,58
1597,55
1598,218
1599,51
1600,8
1601,55
1602,55
1603,8
1604,51
1605,8
1606,53
1607,55
1608,132
1609,6
1610,64
1611,8
1612,64
1613,11
1614,64
1615,0
1616,0
1617,64
1618,64
1619,25
1620,8
1621,64
1622,64
1623,64
1624,4
1625,64
1626,25
1627,140
1628,64
1629,29
1630,64
1631,64
1632,8
1633,53
1634,64
1635,6
1636,64
1637,11
1638,64
1639,11
1640,64
1641,11
1642,64
1643,64
1644,64
1645,6
1646,25
1647,64
1648,33
1649,64
1650,11
1651,64
1652,11
1653,25
1654,11
1655,140
1656,11
1657,25
1658,11
1659,64
1660,25
1661,64
1662,218
1663,11
1664,64
1665,64
1666,64
1667,64
1668,64
1669,11
1670,25
1671,64
1672,29
1673,29
1674,51
1675,4
1676,64
1677,25
1678,64
1679,25
1680,8
1681,64
1682,64
1683,64
1684,33
1685,64
1686,64
1687,64
1688,6
1689,64
1690,11
1691,8
1692,25
1693,64
1694,11
1695,11
1696,0
1697,0
1698,64
1699,11
1700,64
1701,11
1702,64
1703,11
1704,25
1705,64
1706,11
1707,64
1708,64
1709,6
1710,64
1711,25
1712,64
1713,29
1714,64
1715,64
1716,25
1717,64
1718,64
1719,64
1720,64
1721,64
1722,8
1723,11
1724,6
1725,64
1726,64
1727,64
1728,64
1729,64
1730,64
1731,33
1732,64
1733,58
1734,64
1735,64
1736,11
1737,64
1738,11
1739,11
1740,64
1741,4
1742,11
1743,16
1744,64
1745,33
1746,0
1747,11
1748,64
1749,119
1750,64
1751,11
1752,8
1753,11
1754,64
1755,0
1756,64
1757,11
1758,64
1759,11
1760,5
1761,25
1762,11
1763,64
1764,6
1765,64
1766,64
1767,64
1768,0
1769,64
1770,4
1771,64
1772,64
1773,140
1774,25
1775,64
1776,11
1777,11
1778,64
1779,64
1780,25
1781,4
1782,64
1783,119
1784,8
1785,11
1786,64
1787,64
1788,64
1789,64
1790,0
1791,64
1792,8
1793,11
1794,64
1795,64
1796,49
1797,0
1798,25
1799,64
1800,25
1801,64
1802,11
1803,0
1804,58
1805,0
1806,64
1807,64
1808,64
1809,6
1810,64
1811,8
1812,25
1813,218
1814,6
1815,6
1816,11
1817,6
1818,25
1819,55
1820,64
1821,11
1822,64
1823,11
1824,64
1825,11
1826,64
1827,11
1828,64
1829,132
1830,64
1831,64
1832,64
1833,140
1834,64
1835,25
1836,11
1837,64
1838,25
1839,140
1840,0
1841,64
1842,8
1843,8
1844,218
1845,8
1846,4
1847,8
1848,11
1849,25
1850,64
1851,11
1852,11
1853,64
1854,64
1855,11
1856,0
1857,25
1858,25
1859,4
1860,64
1861,64
1862,11
1863,0
1864,132
1865,11
1866,8
1867,11
1868,64
1869,178
1870,11
1871,64
1872,11
1873,64
1874,11
1875,64
1876,8
1877,0
1878,33
1879,11
1880,64
1881,11
1882,218
1883,33
1884,11
1885,11
1886,64
1887,64
1888,4
1889,129
1890,64
1891,11
1892,11
1893,11
1894,64
1895,64
1896,64
1897,25
1898,33
1899,64
1900,11
1901,33
1902,64
1903,64
1904,11
1905,11
1906,11
1907,49
1908,64
1909,11
1910,64
1911,64
1912,64
1913,11
1914,64
1915,64
1916,64
1917,64
1918,11
1919,64
1920,64
1921,64
1922,11
1923,64
1924,11
1925,11
1926,64
1927,64
1928,25
1929,64
1930,64
1931,33
1932,6
1933,64
1934,64
1935,64
1936,64
1937,33
1938,64
1939,33
1940,64
1941,218
1942,64
1943,64
1944,11
1945,64
1946,64
1947,235
1948,64
1949,6
1950,29
1951,31
1952,64
1953,4
1954,64
1955,11
1956,11
1957,11
1958,11
1959,0
1960,33
1961,11
1962,64
1963,64
1964,33
1965,64
1966,0
1967,6
1968,25
1969,64
1970,11
1971,64
1972,64
1973,64
1974,64
1975,33
1976,25
1977,6
1978,12
1979,8
1980,16
1981,11
1982,64
1983,16
1984,4
1985,64
1986,64
1987,25
1988,4
1989,64
1990,11
1991,64
1992,16
1993,11
1994,25
1995,33
1996,11
1997,64
1998,64
1999,11
2000,64
2001,11
2002,11
2003,11
2004,11
2005,64
2006,11
2007,64
2008,25
2009,33
2010,178
2011,64
2012,64
2013,64
2014,64
2015,64
2016,64
2017,64
2018,64
2019,218
2020,25
2021,11
2022,11
2023,25
2024,11
2025,64
2026,8
2027,64
2028,6
2029,4
2030,64
2031,33
2032,64
2033,64
2034,64
2035,11
2036,218
2037,64
2038,64
2039,11
2040,64
2041,11
2042,64
2043,178
2044,33
2045,11
2046,64
2047,64
2048,8
2049,0
2050,64
2051,64
2052,64
2053,85
2054,55
2055,25
2056,4
2057,11
2058,64
2059,64
2060,64
2061,11
2062,29
2063,33
2064,6
2065,64
2066,64
2067,64
2068,11
2069,64
2070,64
2071,11
2072,64
2073,33
2074,25
2075,64
2076,11
2077,178
2078,6
2079,64
2080,4
2081,6
2082,64
2083,25
2084,11
2085,64
2086,50
2087,64
2088,11
2089,64
2090,4
2091,4
2092,11
2093,8
2094,64
2095,0
2096,6
2097,25
2098,64
2099,33
2100,33
2101,64
2102,25
2103,11
2104,64
2105,64
2106,11
2107,11
2108,6
2109,8
2110,11
2111,11
2112,11
2113,64
2114,33
2115,64
2116,64
2117,0
2118,25
2119,16
2120,8
2121,64
2122,119
2123,29
2124,64
2125,8
2126,64
2127,64
2128,64
2129,33
2130,8
2131,33
2132,64
2133,11
2134,33
2135,29
2136,64
2137,4
2138,64
2139,25
2140,11
2141,6
2142,33
2143,138
2144,11
2145,11
2146,6
2147,64
2148,29
2149,64
2150,33
2151,55
2152,25
2153,33
2154,11
2155,25
2156,49
2157,64
2158,64
2159,4
2160,64
2161,64
2162,29
2163,64
2164,11
2165,11
2166,6
2167,64
2168,11
2169,64
2170,8
2171,50
2172,8
2173,8
2174,4
2175,50
2176,381
2177,8
2178,55
2179,50
2180,0
2181,177
2182,55
2183,8
2184,8
2185,55
2186,85
2187,132
2188,8
2189,51
2190,132
2191,177
2192,16
2193,146
2194,55
2195,8
2196,58
2197,51
2198,55
2199,64
2200,132
2201,58
2202,64
2203,58
2204,55
2205,132
2206,64
2207,55
2208,132
2209,129
2210,14
2211,58
2212,58
2213,0
2214,129
2215,132
2216,85
2217,8
2218,64
2219,4
2220,129
2221,55
2222,55
2223,8
2224,51
2225,51
2226,55
2227,64
2228,55
2229,132
2230,132
2231,58
2232,55
2233,132
2234,55
2235,0
2236,51
2237,51
2238,55
2239,64
2240,0
2241,55
2242,55
2243,129
2244,55
2245,0
2246,146
2247,52
2248,51
2249,0
2250,50
2251,8
2252,8
2253,4
2254,50
2255,14
2256,129
2257,50
2258,8
2259,8
2260,8
2261,55
2262,55
2263,55
2264,11
2265,11
2266,50
2267,373
2268,85
2269,129
2270,64
2271,14
2272,132
2273,50
2274,64
2275,8
2276,0
2277,8
2278,50
2279,146
2280,51
2281,51
2282,8
2283,51
2284,64
2285,51
2286,58
2287,8
2288,51
2289,58
2290,51
2291,146
2292,132
2293,51
2294,50
2295,58
2296,39
2297,64
2298,58
2299,55
2300,58
2301,51
2302,58
2303,50
2304,4
2305,8
2306,64
2307,85
2308,132
2309,85
2310,55
2311,55
2312,0
2313,64
2314,8
2315,50
2316,132
2317,50
2318,132
2319,8
2320,8
2321,132
2322,132
2323,0
2324,8
2325,0
2326,50
2327,51
2328,64
2329,64
2330,64
2331,132
2332,132
2333,132
2334,132
2335,8
2336,132
2337,58
2338,25
2339,25
2340,0
2341,50
2342,51
2343,4
2344,0
2345,177
2346,284
2347,132
2348,132
2349,0
2350,0
2351,58
2352,51
2353,8
2354,0
2355,50
2356,132
2357,8
2358,177
2359,177
2360,177
2361,132
2362,132
2363,132
2364,64
2365,0
2366,51
2367,50
2368,64
2369,132
2370,0
2371,132
2372,132
2373,64
2374,50
2375,85
2376,129
2377,132
2378,50
2379,132
2380,64
2381,177
2382,51
2383,51
2384,8
2385,284
2386,55
2387,64
2388,51
2389,55
2390,132
2391,0
2392,8
2393,8
2394,55
2395,64
2396,52
2397,373
2398,50
2399,58
2400,51
2401,58
2402,8
2403,51
2404,132
2405,58
2406,51
2407,51
2408,58
2409,58
2410,51
2411,132
2412,0
2413,132
2414,11
2415,64
2416,6
2417,4
2418,6
2419,132
2420,132
2421,51
2422,85
2423,16
2424,55
2425,16
2426,16
2427,129
2428,25
2429,64
2430,132
2431,50
2432,51
2433,64
2434,25
2435,52
2436,8
2437,129
2438,55
2439,85
2440,146
2441,51
2442,58
2443,51
2444,55
2445,58
2446,51
2447,8
2448,64
2449,64
2450,4
2451,138
2452,25
2453,64
2454,55
2455,11
2456,11
2457,0
2458,58
2459,55
2460,85
2461,64
2462,85
2463,8
2464,55
2465,64
2466,85
2467,55
2468,85
2469,55
2470,0
2471,55
2472,50
2473,52
2474,0
2475,58
2476,51
2477,132
2478,55
2479,55
2480,146
2481,6
2482,64
2483,58
2484,29
2485,146
2486,64
2487,50
2488,85
2489,8
2490,55
2491,64
2492,178
2493,11
2494,11
2495,55
2496,129
2497,220
2498,55
2499,85
2500,132
2501,80
2502,51
2503,55
2504,238
2505,55
2506,11
2507,64
2508,64
2509,55
2510,64
2511,11
2512,64
2513,11
2514,50
2515,406
2516,132
2517,373
2518,27
2519,8
2520,0
2521,64
2522,14
2523,12
2524,0
2525,10
2526,64
2527,11
2528,64
2529,51
2530,64
2531,51
2532,146
2533,132
2534,55
2535,58
2536,8
2537,55
2538,50
2539,8
2540,58
2541,6
2542,64
2543,85
2544,11
2545,51
2546,8
2547,51
2548,64
2549,4
2550,64
2551,55
2552,55
2553,4
2554,64
2555,55
2556,11
2557,64
2558,64
2559,85
2560,8
2561,8
2562,8
2563,55
2564,50
2565,50
2566,0
2567,373
2568,50
2569,284
2570,60
2571,58
2572,55
2573,58
2574,8
2575,58
2576,51
2577,51
2578,0
2579,8
2580,11
2581,11
2582,64
2583,64
2584,64
2585,25
2586,8
2587,51
2588,64
2589,64
2590,117
2591,51
2592,381
2593,14
2594,11
2595,51
2596,55
2597,64
2598,96
2599,51
2600,0
2601,8
2602,50
2603,55
2604,132
2605,64
2606,64
2607,64
2608,0
2609,55
2610,51
2611,64
2612,51
2613,64
2614,51
2615,0
2616,132
2617,64
2618,51
2619,64
2620,146
2621,64
2622,373
2623,373
2624,132
2625,64
2626,55
2627,52
2628,55
2629,8
2630,64
2631,64
2632,4
2633,64
2634,58
2635,373
2636,51
2637,4
2638,64
2639,132
2640,4
2641,64
2642,146
2643,51
2644,51
2645,64
2646,55
2647,51
2648,51
2649,373
2650,146
2651,51
2652,247
2653,64
2654,64
2655,51
2656,51
2657,64
2658,85
2659,58
2660,55
2661,58
2662,51
2663,382
2664,85
2665,55
2666,132
2667,51
2668,64
2669,55
2670,51
2671,51
2672,64
2673,64
2674,146
2675,55
2676,64
2677,0
2678,0
2679,64
2680,373
2681,51
2682,64
2683,85
2684,373
2685,132
2686,55
2687,8
2688,177
2689,10
2690,0
2691,85
2692,51
2693,8
2694,177
2695,220
2696,51
2697,55
2698,64
2699,132
2700,55
2701,51
2702,0
2703,8
2704,51
2705,177
2706,132
2707,64
2708,55
2709,64
2710,16
2711,51
2712,132
2713,64
2714,64
2715,129
2716,51
2717,55
2718,51
2719,49
2720,51
2721,55
2722,132
2723,64
2724,132
2725,119
2726,0
2727,64
2728,49
2729,132
2730,55
2731,25
2732,64
2733,11
2734,0
2735,58
2736,55
2737,55
2738,58
2739,16
2740,58
2741,58
2742,64
2743,132
2744,16
2745,132
2746,50
2747,51
2748,11
2749,64
2750,11
2751,178
2752,11
2753,55
2754,80
2755,58
2756,55
2757,55
2758,6
2759,140
2760,51
2761,51
2762,51
2763,373
2764,64
2765,132
2766,51
2767,55
2768,50
2769,50
2770,64
2771,55
2772,58
2773,373
2774,55
2775,0
2776,58
2777,64
2778,51
2779,51
2780,55
2781,49
2782,55
2783,49
2784,132
2785,64
2786,72
2787,132
2788,11
2789,64
2790,0
2791,55
2792,235
2793,58
2794,141
2795,64
2796,50
2797,58
2798,85
2799,146
2800,8
2801,8
2802,0
2803,132
2804,64
2805,220
2806,8
2807,146
2808,51
2809,55
2810,96
2811,51
2812,25
2813,25
2814,25
2815,25
2816,25
2817,64
2818,8
2819,218
2820,220
2821,50
2822,64
2823,49
2824,8
2825,50
2826,12
2827,179
2828,55
2829,55
2830,0
2831,27
2832,8
2833,0
2834,13
2835,50
2836,51
2837,55
2838,51
2839,55
2840,55
2841,51
2842,8
2843,51
2844,146
2845,64
2846,0
2847,64
2848,25
2849,64
2850,50
2851,64
2852,26
2853,64
2854,64
2855,51
2856,55
2857,64
2858,51
2859,64
2860,68
2861,51
2862,85
2863,51
2864,146
2865,64
2866,51
2867,51
2868,146
2869,132
2870,129
2871,4
2872,4
2873,132
2874,51
2875,64
2876,51
2877,146
2878,119
2879,16
2880,51
2881,64
2882,51
2883,49
2884,64
2885,55
2886,64
2887,50
2888,132
2889,50
2890,85
2891,6
2892,4
2893,64
2894,64
2895,129
2896,140
2897,55
2898,55
2899,64
2900,25
2901,51
2902,0
2903,49
2904,58
2905,12
2906,51
2907,51
2908,8
2909,64
2910,8
2911,11
2912,381
2913,64
2914,55
2915,25
2916,51
2917,64
2918,64
2919,50
2920,55
2921,11
2922,64
2923,8
2924,58
2925,55
2926,0
2927,58
2928,50
2929,50
2930,364
2931,64
2932,8
2933,8
2934,55
2935,50
2936,55
2937,177
2938,8
2939,8
2940,218
2941,64
2942,64
2943,11
2944,11
2945,64
2946,11
2947,11
2948,64
2949,64
2950,138
2951,5
2952,11
2953,11
2954,265
2955,25
2956,64
2957,11
2958,11
2959,25
2960,11
2961,64
2962,11
2963,64
2964,64
2965,11
2966,64
2967,64
2968,0
2969,64
2970,11
2971,64
2972,11
2973,8
2974,64
2975,0
2976,64
2977,11
2978,11
2979,11
2980,64
2981,132
2982,58
2983,51
2984,50
2985,64
2986,4
2987,25
2988,51
2989,0
2990,11
2991,16
2992,51
2993,64
2994,25
2995,58
2996,55
2997,11
2998,64
2999,58
3000,8
3001,178
3002,178
3003,51
3004,64
3005,58
3006,64
3007,0
3008,85
3009,51
3010,64
3011,64
3012,51
3013,25
3014,25
3015,8
3016,64
3017,64
3018,51
3019,64
3020,8
3021,64
3022,51
3023,0
3024,85
3025,64
3026,51
3027,8
3028,55
3029,51
3030,16
3031,132
3032,51
3033,64
3034,132
3035,55
3036,51
3037,58
3038,64
3039,64
3040,51
3041,29
3042,64
3043,51
3044,51
3045,25
3046,49
3047,8
3048,8
3049,8
3050,64
3051,132
3052,178
3053,64
3054,132
3055,0
3056,64
3057,51
3058,50
3059,64
3060,50
3061,64
3062,16
3063,51
3064,119
3065,51
3066,51
3067,51
3068,25
3069,0
3070,64
3071,132
3072,25
3073,14
3074,51
3075,51
3076,8
3077,55
3078,85
3079,51
3080,27
3081,51
3082,12
3083,4
3084,5
3085,64
3086,16
3087,132
3088,51
3089,51
3090,51
3091,55
3092,132
3093,51
3094,0
3095,51
3096,51
3097,51
3098,11
3099,64
3100,64
3101,64
3102,4
3103,64
3104,64
3105,0
3106,51
3107,373
3108,55
3109,51
3110,129
3111,51
3112,177
3113,58
3114,4
3115,178
3116,11
3117,11
3118,11
3119,12
3120,129
3121,146
3122,6
3123,52
3124,0
3125,64
3126,177
3127,51
3128,0
3129,64
3130,58
3131,50
3132,64
3133,11
3134,218
3135,8
3136,49
3137,55
3138,85
3139,58
3140,55
3141,55
3142,129
3143,64
3144,55
3145,55
3146,146
3147,51
3148,64
3149,55
3150,51
3151,132
3152,55
3153,55
3154,64
3155,8
3156,64
3157,51
3158,132
3159,85
3160,55
3161,55
3162,55
3163,55
3164,55
3165,119
3166,12
3167,64
3168,55
3169,55
3170,55
3171,50
3172,11
3173,64
3174,64
3175,0
3176,64
3177,8
3178,64
3179,64
3180,146
3181,51
3182,64
3183,50
3184,51
3185,64
3186,4
3187,64
3188,51
3189,51
3190,146
3191,55
3192,373
3193,55
3194,51
3195,25
3196,64
3197,55
3198,64
3199,373
3200,64
3201,51
3202,0
3203,51
3204,231
3205,51
3206,51
3207,55
3208,55
3209,64
3210,64
3211,84
3212,26
3213,146
3214,58
3215,0
3216,55
3217,51
3218,51
3219,64
3220,51
3221,51
3222,0
3223,51
3224,51
3225,11
3226,16
3227,146
3228,132
3229,132
3230,58
3231,51
3232,51
3233,64
3234,64
3235,64
3236,8
3237,51
3238,51
3239,64
3240,14
3241,51
3242,51
3243,51
3244,51
3245,64
3246,51
3247,64
3248,64
3249,8
3250,8
3251,146
3252,13
3253,51
3254,0
3255,0
3256,0
3257,51
3258,64
3259,64
3260,26
3261,51
3262,51
3263,55
3264,132
3265,51
3266,11
3267,51
3268,8
3269,51
3270,146
3271,64
3272,64
3273,8
3274,51
3275,64
3276,64
3277,64
3278,64
3279,51
3280,146
3281,129
3282,64
3283,55
3284,64
3285,64
3286,4
3287,4
3288,247
3289,64
3290,146
3291,146
3292,132
3293,55
3294,146
3295,51
3296,64
3297,51
3298,51
3299,64
3300,129
3301,64
3302,4
3303,138
3304,4
3305,51
3306,25
3307,25
3308,25
3309,51
3310,58
3311,64
3312,8
3313,64
3314,49
3315,51
3316,64
3317,64
3318,64
3319,182
3320,49
3321,49
3322,64
3323,49
3324,51
3325,51
3326,64
3327,51
3328,146
3329,51
3330,8
3331,64
3332,64
3333,51
3334,64
3335,64
3336,14
3337,64
3338,51
3339,64
3340,51
3341,51
3342,55
3343,55
3344,132
3345,132
3346,132
3347,58
3348,64
3349,51
3350,64
3351,0
3352,64
3353,0
3354,51
3355,64
3356,85
3357,25
3358,51
3359,58
3360,8
3361,85
3362,10
3363,64
3364,8
3365,51
3366,0
3367,11
3368,64
3369,129
3370,51
3371,58
3372,64
3373,178
3374,64
3375,55
3376,51
3377,51
3378,8
3379,64
3380,51
3381,0
3382,51
3383,55
3384,16
3385,146
3386,55
3387,64
3388,64
3389,51
3390,85
3391,12
3392,129
3393,64
3394,52
3395,85
3396,51
3397,51
3398,0
3399,51
3400,51
3401,51
3402,64
3403,58
3404,129
3405,64
3406,64
3407,51
3408,51
3409,51
3410,51
3411,58
3412,16
3413,51
3414,58
3415,51
3416,51
3417,64
3418,85
3419,51
3420,51
3421,64
3422,64
3423,51
3424,16
3425,146
3426,64
3427,51
3428,52
3429,50
3430,58
3431,85
3432,64
3433,8
3434,51
3435,52
3436,138
3437,64
3438,16
3439,64
3440,25
3441,16
3442,14
3443,49
3444,0
3445,0
3446,55
3447,50
3448,4
3449,39
3450,64
3451,64
3452,11
3453,64
3454,64
3455,11
3456,132
3457,146
3458,25
3459,4
3460,8
3461,132
3462,64
3463,85
3464,64
3465,51
3466,51
3467,85
3468,64
3469,0
3470,51
3471,51
3472,51
3473,0
3474,64
3475,51
3476,64
3477,51
3478,51
3479,129
3480,51
3481,64
3482,51
3483,25
3484,64
3485,137
3486,51
3487,51
3488,231
3489,50
3490,64
3491,8
3492,64
3493,50
3494,50
3495,64
3496,178
3497,50
3498,178
3499,14
3500,0
3501,58
3502,64
3503,8
3504,64
3505,64
3506,4
3507,11
3508,51
3509,177
3510,4
3511,16
3512,64
3513,51
3514,51
3515,11
3516,64
3517,51
3518,6
3519,51
3520,64
3521,132
3522,64
3523,220
3524,132
3525,64
3526,64
3527,51
3528,11
3529,0
3530,55
3531,55
3532,373
3533,51
3534,146
3535,64
3536,132
3537,64
3538,51
3539,132
3540,64
3541,64
3542,11
3543,11
3544,51
3545,55
3546,51
3547,8
3548,64
3549,51
3550,51
3551,4
3552,64
3553,0
3554,8
3555,0
3556,64
3557,55
3558,51
3559,64
3560,55
3561,64
3562,0
3563,0
3564,51
3565,51
3566,55
3567,64
3568,64
3569,0
3570,146
3571,55
3572,299
3573,64
3574,58
3575,51
3576,132
3577,64
3578,16
3579,220
3580,64
3581,49
3582,91
3583,64
3584,146
3585,58
3586,373
3587,64
3588,58
3589,51
3590,51
3591,64
3592,51
3593,58
3594,51
3595,64
3596,26
3597,0
3598,25
3599,64
3600,85
3601,64
3602,38
3603,132
3604,146
3605,8
3606,58
3607,64
3608,8
3609,50
3610,146
3611,25
3612,64
3613,64
3614,51
3615,0
3616,64
3617,64
3618,64
3619,64
3620,85
3621,16
3622,25
3623,0
3624,55
3625,16
3626,51
3627,146
3628,132
3629,146
3630,64
3631,25
3632,64
3633,25
3634,55
3635,51
3636,64
3637,284
3638,58
3639,64
3640,64
3641,64
3642,51
3643,16
3644,16
3645,0
3646,0
3647,51
3648,64
3649,137
3650,55
3651,51
3652,64
3653,64
3654,64
3655,51
3656,0
3657,11
3658,58
3659,51
3660,16
3661,0
3662,64
3663,55
3664,253
3665,85
3666,8
3667,6
3668,64
3669,64
3670,55
3671,8
3672,25
3673,231
3674,55
3675,64
3676,25
3677,25
3678,25
3679,25
3680,12
3681,64
3682,55
3683,0
3684,49
3685,64
3686,0
3687,64
3688,50
3689,132
3690,0
3691,55
3692,0
3693,64
3694,132
3695,146
3696,6
3697,64
3698,6
3699,51
3700,51
3701,51
3702,178
3703,64
3704,4
3705,247
3706,64
3707,64
3708,51
3709,51
3710,51
3711,64
3712,25
3713,64
3714,29
3715,129
3716,51
3717,64
3718,129
3719,4
3720,85
3721,129
3722,85
3723,91
3724,58
3725,0
3726,16
3727,51
3728,16
3729,50
3730,29
3731,52
3732,55
3733,64
3734,0
3735,51
3736,51
3737,51
3738,51
3739,64
3740,51
3741,132
3742,55
3743,51
3744,51
3745,8
3746,51
3747,25
3748,16
3749,51
3750,220
3751,220
3752,51
3753,25
3754,220
3755,58
3756,55
3757,85
3758,58
3759,64
3760,49
3761,51
3762,64
3763,64
3764,55
3765,51
3766,51
3767,51
3768,12
3769,64
3770,51
3771,25
3772,64
3773,25
3774,11
3775,25
3776,8
3777,25
3778,25
3779,25
3780,25
3781,51
3782,64
3783,51
3784,51
3785,16
3786,64
3787,51
3788,0
3789,85
3790,64
3791,49
3792,64
3793,64
3794,51
3795,64
3796,51
3797,64
3798,235
3799,58
3800,51
3801,64
3802,220
3803,51
3804,64
3805,51
3806,51
3807,25
3808,64
3809,96
3810,64
3811,29
3812,64
3813,52
3814,0
3815,64
3816,50
3817,64
3818,51
3819,0
3820,33
3821,51
3822,16
3823,51
3824,64
3825,238
3826,49
3827,49
3828,51
3829,51
3830,58
3831,218
3832,55
3833,52
3834,58
3835,50
3836,50
3837,177
3838,25
3839,64
3840,177
3841,178
3842,177
3843,146
3844,51
3845,64
3846,0
3847,64
3848,64
3849,6
3850,29
3851,64
3852,11
3853,25
3854,64
3855,52
3856,55
3857,0
3858,64
3859,51
3860,8
3861,8
3862,132
3863,64
3864,25
3865,64
3866,51
3867,64
3868,0
3869,0
3870,64
3871,64
3872,64
3873,51
3874,64
3875,64
3876,64
3877,25
3878,64
3879,48
3880,8
3881,64
3882,52
3883,64
3884,64
3885,55
3886,64
3887,72
3888,25
3889,51
3890,55
3891,85
3892,64
3893,50
3894,85
3895,64
3896,4
3897,64
3898,132
3899,51
3900,64
3901,25
3902,64
3903,51
3904,51
3905,11
3906,8
3907,64
3908,64
3909,64
3910,129
3911,55
3912,146
3913,51
3914,6
3915,50
3916,64
3917,50
3918,64
3919,51
3920,64
3921,64
3922,373
3923,58
3924,25
3925,64
3926,64
3927,0
3928,64
3929,64
3930,4
3931,6
3932,11
3933,6
3934,11
3935,4
3936,8
3937,64
3938,64
3939,64
3940,64
3941,146
3942,85
3943,64
3944,220
3945,64
3946,16
3947,0
3948,64
3949,64
3950,284
3951,64
3952,0
3953,64
3954,0
3955,373
3956,51
3957,146
3958,284
3959,51
3960,11
3961,0
3962,0
3963,58
3964,64
3965,64
3966,5
3967,39
3968,29
3969,4
3970,4
3971,6
3972,11
3973,4
3974,4
3975,64
3976,64
3977,8
3978,11
3979,64
3980,11
3981,64
3982,64
3983,51
3984,51
3985,55
3986,129
3987,33
3988,64
3989,4
3990,29
3991,11
3992,64
3993,11
3994,0
3995,33
3996,64
3997,64
3998,11
3999,33
4000,11
4001,11
4002,64
4003,138
4004,64
4005,85
4006,199
4007,33
4008,64
4009,11
4010,11
4011,11
4012,51
4013,64
4014,64
4015,64
4016,25
4017,64
4018,0
4019,11
4020,64
4021,49
4022,85
4023,64
4024,64
4025,64
4026,51
4027,84
4028,51
4029,178
4030,11
4031,11
4032,64
4033,51
4034,51
4035,51
4036,64
4037,51
4038,11
4039,129
4040,64
4041,25
4042,0
4043,58
4044,64
4045,11
4046,146
4047,0
4048,64
4049,0
4050,64
4051,129
4052,132
4053,8
4054,55
4055,64
4056,64
4057,58
4058,85
4059,58
4060,33
4061,58
4062,58
4063,85
4064,11
4065,55
4066,8
4067,64
4068,58
4069,51
4070,55
4071,64
4072,64
4073,64
4074,55
4075,64
4076,51
4077,55
4078,55
4079,129
4080,25
4081,55
4082,55
4083,132
4084,11
4085,55
4086,64
4087,51
4088,4
4089,4
4090,64
4091,64
4092,85
4093,64
4094,29
4095,58
4096,55
4097,64
4098,132
4099,129
4100,64
4101,4
4102,33
4103,64
4104,64
4105,64
4106,64
4107,29
4108,55
4109,58
4110,58
4111,55
4112,60
4113,58
4114,58
4115,64
4116,11
4117,64
4118,64
4119,132
4120,64
4121,51
4122,58
4123,55
4124,132
4125,51
4126,64
4127,64
4128,146
4129,11
4130,51
4131,14
4132,146
4133,55
4134,51
4135,64
4136,64
4137,49
4138,373
4139,85
4140,51
4141,6
4142,64
4143,8
4144,16
4145,25
4146,64
4147,8
4148,25
4149,132
4150,16
4151,8
4152,55
4153,16
4154,25
4155,64
4156,85
4157,55
4158,230
4159,64
4160,25
4161,132
4162,64
4163,373
4164,58
4165,64
4166,64
4167,373
4168,8
4169,64
4170,55
4171,64
4172,51
4173,16
4174,373
4175,51
4176,64
4177,64
4178,50
4179,235
4180,313
4181,11
4182,64
4183,85
4184,11
4185,11
4186,79
4187,4
4188,0
4189,64
4190,11
4191,10
4192,64
4193,64
4194,58
4195,55
4196,16
4197,64
4198,64
4199,64
4200,55
4201,51
4202,4
4203,64
4204,64
4205,85
4206,50
4207,52
4208,50
4209,64
4210,64
4211,11
4212,4
4213,64
4214,64
4215,64
4216,11
4217,11
4218,11
4219,14
4220,25
4221,25
4222,11
4223,10
4224,4
4225,25
4226,39
4227,64
4228,10
4229,64
4230,52
4231,58
4232,25
4233,85
4234,10
4235,14
4236,64
4237,51
4238,50
4239,25
4240,58
4241,64
4242,64
4243,16
4244,8
4245,64
4246,64
4247,85
4248,177
4249,177
4250,177
4251,6
4252,11
4253,11
4254,64
4255,51
4256,85
4257,64
4258,11
4259,11
4260,4
4261,11
4262,64
4263,85
4264,51
4265,58
4266,58
4267,55
4268,51
4269,64
4270,8
4271,51
4272,25
4273,50
4274,55
4275,55
4276,64
4277,25
4278,146
4279,64
4280,132
4281,64
4282,0
4283,64
4284,64
4285,64
4286,85
4287,64
4288,64
4289,132
4290,64
4291,64
4292,64
4293,64
4294,51
4295,64
4296,11
4297,33
4298,11
4299,64
4300,64
4301,64
4302,11
4303,11
4304,64
4305,11
4306,64
4307,11
4308,64
4309,64
4310,64
4311,8
4312,29
4313,64
4314,25
4315,11
4316,0
4317,4
4318,11
4319,220
4320,218
4321,6
4322,8
4323,64
4324,64
4325,178
4326,10
4327,50
4328,132
4329,50
4330,4
4331,64
4332,64
4333,11
4334,64
4335,64
4336,64
4337,64
4338,25
4339,33
4340,11
4341,4
4342,4
4343,25
4344,8
4345,51
4346,64
4347,25
4348,64
4349,11
4350,11
4351,11
4352,64
4353,8
4354,64
4355,11
4356,11
4357,119
4358,64
4359,0
4360,85
4361,55
4362,8
4363,58
4364,58
4365,58
4366,58
4367,64
4368,50
4369,132
4370,64
4371,64
4372,64
4373,64
4374,64
4375,11
4376,51
4377,64
4378,0
4379,0
4380,0
4381,11
4382,0
4383,64
4384,64
4385,132
4386,50
4387,232
4388,64
4389,0
4390,64
4391,64
4392,55
4393,25
4394,50
4395,64
4396,146
4397,129
4398,284
4399,50
4400,64
4401,64
4402,51
4403,52
4404,64
4405,58
4406,8
4407,55
4408,51
4409,64
4410,51
4411,146
4412,4
4413,4
4414,64
4415,55
4416,51
4417,16
4418,51
4419,64
4420,64
4421,51
4422,0
4423,64
4424,64
4425,64
4426,58
4427,64
4428,146
4429,51
4430,51
4431,146
4432,64
4433,146
4434,146
4435,220
4436,64
4437,17
4438,64
4439,58
4440,64
4441,25
4442,0
4443,132
4444,64
4445,6
4446,4
4447,64
4448,64
4449,64
4450,64
4451,64
4452,64
4453,4
4454,51
4455,64
4456,64
4457,51
4458,129
4459,64
4460,64
4461,16
4462,64
4463,64
4464,51
4465,64
4466,79
4467,55
4468,51
4469,55
4470,51
4471,84
4472,55
4473,51
4474,55
4475,51
4476,64
4477,26
4478,4
4479,64
4480,0
4481,51
4482,58
4483,51
4484,64
4485,132
4486,0
4487,11
4488,177
4489,64
4490,64
4491,64
4492,64
4493,64
4494,64
4495,4
4496,64
4497,64
4498,6
4499,51
4500,132
4501,64
4502,16
4503,51
4504,4
4505,51
4506,146
4507,51
4508,64
4509,51
4510,16
4511,55
4512,64
4513,55
4514,51
4515,52
4516,0
4517,64
4518,0
4519,55
4520,64
4521,16
4522,64
4523,235
4524,55
4525,5
4526,51
4527,11
4528,51
4529,4
4530,11
4531,11
4532,11
4533,64
4534,64
4535,64
4536,132
4537,64
4538,64
4539,178
4540,4
4541,132
4542,14
4543,64
4544,64
4545,64
4546,64
4547,8
4548,25
4549,25
4550,25
4551,25
4552,50
4553,64
4554,51
4555,4
4556,39
4557,64
4558,64
4559,51
4560,64
4561,188
4562,50
4563,50
4564,218
4565,64
4566,58
4567,5
4568,64
4569,51
4570,64
4571,51
4572,64
4573,64
4574,64
4575,64
4576,12
4577,8
4578,64
4579,64
4580,4
4581,64
4582,25
4583,64
4584,4
4585,8
4586,50
4587,50
4588,64
4589,11
4590,51
4591,64
4592,146
4593,0
4594,6
4595,50
4596,11
4597,64
4598,51
4599,55
4600,12
4601,64
4602,64
4603,51
4604,64
4605,51
4606,51
4607,16
4608,64
4609,64
4610,25
4611,230
4612,51
4613,64
4614,55
4615,64
4616,51
4617,12
4618,64
4619,132
4620,0
4621,4
4622,132
4623,4
4624,220
4625,64
4626,51
4627,64
4628,55
4629,64
4630,64
4631,26
4632,64
4633,64
4634,51
4635,11
4636,64
4637,64
4638,119
4639,25
4640,25
4641,55
4642,64
4643,25
4644,64
4645,64
4646,230
4647,25
4648,64
4649,132
4650,146
4651,64
4652,6
4653,64
4654,6
4655,64
4656,64
4657,51
4658,0
4659,51
4660,85
4661,177
4662,64
4663,51
4664,51
4665,220
4666,85
4667,55
4668,64
4669,50
4670,51
4671,0
4672,64
4673,64
4674,64
4675,51
4676,51
4677,64
4678,29
4679,64
4680,247
4681,4
4682,64
4683,64
4684,8
4685,115
4686,8
4687,58
4688,58
4689,85
4690,64
4691,51
4692,51
4693,64
4694,64
4695,18
4696,64
4697,16
4698,64
4699,51
4700,64
4701,64
4702,64
4703,51
4704,0
4705,51
4706,64
4707,64
4708,0
4709,64
4710,64
4711,129
4712,64
4713,64
4714,12
4715,0
4716,51
4717,11
4718,51
4719,64
4720,16
4721,64
4722,52
4723,51
4724,25
4725,64
4726,0
4727,64
4728,64
4729,51
4730,25
4731,25
4732,64
4733,8
4734,64
4735,25
4736,64
4737,64
4738,64
4739,64
4740,64
4741,64
4742,51
4743,8
4744,8
4745,64
4746,51
4747,64
4748,64
4749,64
4750,25
4751,64
4752,85
4753,64
4754,64
4755,137
4756,64
4757,55
4758,64
4759,140
4760,64
4761,64
4762,64
4763,51
4764,51
4765,64
4766,13
4767,64
4768,51
4769,8
4770,25
4771,64
4772,64
4773,0
4774,64
4775,146
4776,64
4777,64
4778,64
4779,146
4780,51
4781,64
4782,52
4783,64
4784,64
4785,64
4786,64
4787,0
4788,64
4789,64
4790,64
4791,64
4792,64
4793,64
4794,55
4795,119
4796,64
4797,64
4798,132
4799,64
4800,8
4801,132
4802,247
4803,58
4804,178
4805,11
4806,64
4807,64
4808,58
4809,6
4810,138
4811,64
4812,25
4813,11
4814,64
4815,11
4816,64
4817,55
4818,146
4819,231
4820,64
4821,58
4822,64
4823,51
4824,64
4825,12
4826,16
4827,64
4828,51
4829,8
4830,146
4831,64
4832,0
4833,146
4834,64
4835,64
4836,0
4837,119
4838,64
4839,146
4840,0
4841,51
4842,58
4843,0
4844,64
4845,64
4846,64
4847,64
4848,64
4849,0
4850,64
4851,64
4852,25
4853,64
4854,64
4855,0
4856,64
4857,146
4858,146
4859,85
4860,64
4861,64
4862,64
4863,8
4864,25
4865,64
4866,16
4867,64
4868,16
4869,64
4870,64
4871,146
4872,16
4873,64
4874,51
4875,25
4876,25
4877,11
4878,64
4879,11
4880,178
4881,11
4882,58
4883,178
4884,58
4885,132
4886,64
4887,8
4888,64
4889,64
4890,49
4891,64
4892,64
4893,5
4894,55
4895,64
4896,64
4897,12
4898,11
4899,0
4900,0
4901,64
4902,64
4903,64
4904,16
4905,0
4906,64
4907,50
4908,10
4909,51
4910,0
4911,12
4912,8
4913,51
4914,64
4915,0
4916,64
4917,64
4918,8
4919,64
4920,64
4921,64
4922,64
4923,0
4924,51
4925,64
4926,11
4927,33
4928,8
4929,64
4930,64
4931,11
4932,11
4933,64
4934,64
4935,159
4936,11
4937,11
4938,11
4939,64
4940,64
4941,11
4942,64
4943,11
4944,64
4945,4
4946,64
4947,58
4948,11
4949,85
4950,64
4951,64
4952,64
4953,6
4954,64
4955,6
4956,8
4957,64
4958,51
4959,11
4960,11
4961,11
4962,11
4963,64
4964,51
4965,51
4966,64
4967,64
4968,50
4969,177
4970,11
4971,64
4972,64
4973,14
4974,55
4975,55
4976,11
4977,64
4978,0
4979,0
4980,51
4981,0
4982,8
4983,25
4984,51
4985,64
4986,8
4987,25
4988,64
4989,58
4990,51
4991,25
4992,0
4993,51
4994,25
4995,178
4996,51
4997,51
4998,55
4999,55
5000,58
5001,11
5002,51
5003,64
5004,58
5005,51
5006,4
5007,4
5008,6
5009,4
5010,64
5011,11
5012,64
5013,64
5014,25
5015,11
5016,6
5017,64
5018,11
5019,64
5020,64
5021,4
5022,64
5023,64
5024,64
5025,64
5026,64
5027,0
5028,51
5029,11
5030,64
5031,25
5032,64
5033,14
5034,11
5035,11
5036,64
5037,6
5038,25
5039,55
5040,64
5041,64
5042,64
5043,64
5044,11
5045,11
5046,11
5047,10
5048,64
5049,11
5050,146
5051,64
5052,51
5053,64
5054,11
5055,64
5056,51
5057,10
5058,6
5059,64
5060,25
5061,64
5062,64
5063,58
5064,64
5065,178
5066,64
5067,64
5068,11
5069,4
5070,51
5071,64
5072,55
5073,64
5074,25
5075,11
5076,64
5077,11
5078,58
5079,85
5080,64
5081,10
5082,4
5083,6
5084,55
5085,55
5086,64
5087,10
5088,218
5089,11
5090,55
5091,64
5092,4
5093,51
5094,64
5095,51
5096,64
5097,25
5098,25
5099,51
5100,64
5101,64
5102,51
5103,58
5104,4
5105,64
5106,64
5107,51
5108,64
5109,16
5110,51
5111,64
5112,119
5113,64
5114,64
5115,39
5116,25
5117,55
5118,25
5119,25
5120,64
5121,146
5122,64
5123,51
5124,64
5125,51
5126,51
5127,51
5128,51
5129,51
5130,51
5131,55
5132,178
5133,0
5134,51
5135,146
5136,64
5137,8
5138,178
5139,51
5140,64
5141,51
5142,51
5143,64
5144,51
5145,0
5146,0
5147,11
5148,0
5149,64
5150,25
5151,51
5152,51
5153,25
5154,25
5155,0
5156,146
5157,64
5158,64
5159,26
5160,64
5161,64
5162,64
5163,146
5164,64
5165,58
5166,72
5167,64
5168,0
5169,16
5170,238
5171,146
5172,16
5173,11
5174,25
5175,55
5176,64
5177,72
5178,51
5179,64
5180,51
5181,49
5182,132
5183,129
5184,85
5185,51
5186,220
5187,64
5188,51
5189,0
5190,51
5191,64
5192,51
5193,51
5194,51
5195,51
5196,51
5197,51
5198,85
5199,64
5200,64
5201,4
5202,64
5203,64
5204,79
5205,16
5206,10
5207,64
5208,132
5209,64
5210,11
5211,64
5212,11
5213,11
5214,11
5215,64
5216,64
5217,64
5218,6
5219,58
5220,4
5221,0
5222,64
5223,64
5224,146
5225,51
5226,52
5227,64
5228,132
5229,11
5230,4
5231,64
5232,64
5233,51
5234,220
5235,4
5236,64
5237,64
5238,146
5239,4
5240,4
5241,55
5242,51
5243,64
5244,64
5245,25
5246,25
5247,51
5248,51
5249,11
5250,11
5251,11
5252,8
5253,11
5254,64
5255,218
5256,11
5257,4
5258,64
5259,8
5260,85
5261,11
5262,51
5263,85
5264,138
5265,64
5266,64
5267,64
5268,12
5269,6
5270,64
5271,96
5272,64
5273,55
5274,218
5275,0
5276,51
5277,51
5278,25
5279,11
5280,64
5281,64
5282,64
5283,64
5284,11
5285,64
5286,177
5287,64
5288,235
5289,132
5290,64
5291,51
5292,25
5293,58
5294,64
5295,51
5296,55
5297,51
5298,85
5299,140
5300,64
5301,25
5302,64
5303,6
5304,11
5305,0
5306,49
5307,49
5308,64
5309,51
5310,51
5311,16
5312,52
5313,58
5314,64
5315,132
5316,11
5317,64
5318,0
5319,64
5320,51
5321,72
5322,64
5323,64
5324,64
5325,236
5326,64
5327,64
5328,64
5329,25
5330,52
5331,64
5332,64
5333,64
5334,119
5335,64
5336,64
5337,85
5338,51
5339,85
5340,64
5341,51
5342,64
5343,51
5344,32
5345,51
5346,51
5347,4
5348,178
5349,49
5350,25
5351,64
5352,55
5353,64
5354,11
5355,64
5356,11
5357,64
5358,11
5359,51
5360,52
5361,51
5362,55
5363,64
5364,0
5365,10
5366,10
5367,64
5368,64
5369,64
5370,33
5371,11
5372,64
5373,64
5374,5
5375,64
5376,11
5377,11
5378,58
5379,55
5380,58
5381,52
5382,58
5383,64
5384,64
5385,64
5386,11
5387,25
5388,6
5389,64
5390,64
5391,64
5392,64
5393,251
5394,64
5395,220
5396,29
5397,64
5398,4
5399,64
5400,11
5401,51
5402,33
5403,129
5404,64
5405,51
5406,64
5407,0
5408,11
5409,64
5410,64
5411,129
5412,64
5413,11
5414,64
5415,51
5416,51
5417,51
5418,192
5419,192
5420,4
5421,10
5422,64
5423,4
5424,218
5425,10
5426,64
5427,64
5428,51
5429,64
5430,146
5431,4
5432,182
5433,64
5434,11
5435,53
5436,11
5437,4
5438,11
5439,64
5440,11
5441,4
5442,64
5443,11
5444,11
5445,11
5446,4
5447,64
5448,64
5449,146
5450,11
5451,64
5452,4
5453,64
5454,64
5455,6
5456,64
5457,25
5458,140
5459,64
5460,4
5461,11
5462,64
5463,6
5464,64
5465,64
5466,4
5467,178
5468,25
5469,64
5470,11
5471,11
5472,50
5473,64
5474,8
5475,4
5476,58
5477,51
5478,218
5479,6
5480,8
5481,58
5482,4
5483,50
5484,58
5485,129
5486,55
5487,64
5488,51
5489,11
5490,64
5491,64
5492,51
5493,64
5494,51
5495,25
5496,4
5497,11
5498,64
5499,129
5500,11
5501,11
5502,51
5503,17
5504,51
5505,55
5506,25
5507,64
5508,0
5509,64
5510,6
5511,64
5512,55
5513,50
5514,64
5515,220
5516,64
5517,25
5518,64
5519,64
5520,25
5521,8
5522,25
5523,64
5524,51
5525,51
5526,64
5527,64
5528,0
5529,119
5530,64
5531,64
5532,64
5533,51
5534,64
5535,64
5536,64
5537,0
5538,146
5539,25
5540,64
5541,64
5542,51
5543,64
5544,0
5545,0
5546,64
5547,85
5548,51
5549,25
5550,64
5551,64
5552,33
5553,11
5554,64
5555,11
5556,64
5557,55
5558,64
5559,29
5560,64
5561,64
5562,84
5563,64
5564,51
5565,51
5566,25
5567,146
5568,8
5569,55
5570,55
5571,10
5572,4
5573,58
5574,58
5575,49
5576,51
5577,64
5578,64
5579,64
5580,64
5581,64
5582,64
5583,64
5584,51
5585,64
5586,247
5587,247
5588,64
5589,25
5590,11
5591,51
5592,64
5593,64
5594,64
5595,64
5596,4
5597,138
5598,4
5599,51
5600,64
5601,64
5602,58
5603,64
5604,51
5605,11
5606,64
5607,51
5608,0
5609,51
5610,64
5611,51
5612,64
5613,231
5614,11
5615,64
5616,51
5617,11
5618,11
5619,11
5620,64
5621,16
5622,25
5623,58
5624,188
5625,25
5626,58
5627,85
5628,51
5629,188
5630,64
5631,51
5632,58
5633,16
5634,177
5635,58
5636,51
5637,51
5638,58
5639,51
5640,58
5641,51
5642,6
5643,51
5644,51
5645,4
5646,11
5647,64
5648,85
5649,64
5650,11
5651,29
5652,33
5653,38
5654,64
5655,16
5656,11
5657,11
5658,55
5659,6
5660,10
5661,51
5662,6
5663,11
5664,64
5665,64
5666,64
5667,119
5668,11
5669,11
5670,64
5671,64
5672,0
5673,64
5674,25
5675,0
5676,25
5677,25
5678,12
5679,11
5680,25
5681,25
5682,51
5683,11
5684,64
5685,64
5686,58
5687,64
5688,64
5689,29
5690,11
5691,64
5692,85
5693,58
5694,64
5695,64
5696,0
5697,64
5698,64
5699,64
5700,132
5701,64
5702,6
5703,25
5704,178
5705,129
5706,146
5707,64
5708,29
5709,4
5710,64
5711,146
5712,8
5713,85
5714,178
5715,178
5716,11
5717,6
5718,6
5719,11
5720,64
5721,11
5722,64
5723,11
5724,4
5725,64
5726,178
5727,11
5728,132
5729,64
5730,64
5731,11
5732,64
5733,64
5734,8
5735,64
5736,39
5737,64
5738,58
5739,51
5740,84
5741,64
5742,55
5743,25
5744,119
5745,64
5746,25
5747,178
5748,11
5749,64
5750,11
5751,85
5752,64
5753,58
5754,6
5755,64
5756,51
5757,51
5758,39
5759,64
5760,11
5761,25
5762,64
5763,64
5764,64
5765,64
5766,64
5767,64
5768,51
5769,64
5770,64
5771,146
5772,146
5773,178
5774,11
5775,64
5776,64
5777,64
5778,4
5779,64
5780,64
5781,64
5782,11
5783,64
5784,146
5785,146
5786,64
5787,51
5788,11
5789,6
5790,64
5791,58
5792,64
5793,11
5794,51
5795,64
5796,64
5797,33
5798,6
5799,51
5800,55
5801,11
5802,33
5803,11
5804,238
5805,64
5806,26
5807,64
5808,64
5809,64
5810,64
5811,64
5812,55
5813,4
5814,64
5815,58
5816,85
5817,64
5818,178
5819,64
5820,51
5821,64
5822,129
5823,115
5824,25
5825,52
5826,64
5827,64
5828,64
5829,58
5830,58
5831,64
5832,64
5833,11
5834,64
5835,85
5836,64
5837,10
5838,64
5839,25
5840,64
5841,25
5842,64
5843,11
5844,51
5845,85
5846,4
5847,5
5848,64
5849,25
5850,91
5851,178
5852,0
5853,51
5854,51
5855,8
5856,64
5857,64
5858,64
5859,64
5860,64
5861,8
5862,64
5863,64
5864,51
5865,64
5866,132
5867,64
5868,4
5869,64
5870,51
5871,51
5872,64
5873,4
5874,51
5875,64
5876,51
5877,51
5878,64
5879,51
5880,51
5881,51
5882,64
5883,146
5884,49
5885,4
5886,64
5887,8
5888,25
5889,64
5890,64
5891,64
5892,64
5893,64
5894,11
5895,64
5896,64
5897,64
5898,64
5899,146
5900,8
5901,64
5902,58
5903,51
5904,64
5905,64
5906,55
5907,55
5908,64
5909,6
5910,29
5911,11
5912,64
5913,8
5914,64
5915,64
5916,11
5917,64
5918,64
5919,64
5920,50
5921,25
5922,146
5923,0
5924,50
5925,247
5926,10
5927,64
5928,64
5929,64
5930,64
5931,55
5932,64
5933,4
5934,178
5935,11
5936,64
5937,11
5938,6
5939,11
5940,11
5941,11
5942,51
5943,132
5944,64
5945,64
5946,25
5947,64
5948,64
5949,64
5950,64
5951,64
5952,64
5953,4
5954,64
5955,64
5956,138
5957,25
5958,64
5959,11
5960,33
5961,33
5962,11
5963,11
5964,64
5965,64
5966,64
5967,11
5968,51
5969,50
5970,50
5971,64
5972,11
5973,11
5974,64
5975,64
5976,64
5977,64
5978,64
5979,33
5980,64
5981,7
5982,64
5983,55
5984,64
5985,58
5986,11
5987,64
5988,138
5989,4
5990,140
5991,64
5992,64
5993,51
5994,64
5995,51
5996,64
5997,64
5998,64
5999,64
6000,178
6001,64
6002,146
6003,64
6004,55
6005,6
6006,8
6007,51
6008,64
6009,64
6010,51
6011,51
6012,51
6013,51
6014,16
6015,0
6016,129
6017,178
6018,26
6019,55
6020,64
6021,27
6022,51
6023,58
6024,51
6025,178
6026,25
6027,6
6028,64
6029,247
6030,51
6031,51
6032,132
6033,11
6034,55
6035,64
6036,29
6037,64
6038,0
6039,4
6040,146
6041,29
6042,64
6043,64
6044,64
6045,6
6046,11
6047,51
6048,11
6049,11
6050,138
6051,64
6052,4
6053,51
6054,33
6055,6
6056,64
6057,64
6058,64
6059,51
6060,51
6061,64
6062,64
6063,51
6064,119
6065,6
6066,14
6067,64
6068,4
6069,33
6070,115
6071,33
6072,58
6073,5
6074,11
6075,64
6076,11
6077,64
6078,64
6079,84
6080,8
6081,4
6082,11
6083,11
6084,178
6085,64
6086,140
6087,64
6088,6
6089,11
6090,11
6091,64
6092,25
6093,11
6094,11
6095,8
6096,50
6097,6
6098,6
6099,64
6100,119
6101,25
6102,11
6103,64
6104,11
6105,29
6106,64
6107,4
6108,4
6109,11
6110,64
6111,4
6112,64
6113,64
6114,11
6115,4
6116,11
6117,11
6118,64
6119,11
6120,146
6121,64
6122,64
6123,49
6124,11
6125,64
6126,64
6127,11
6128,11
6129,25
6130,11
6131,247
6132,64
6133,26
6134,64
6135,64
6136,11
6137,11
6138,29
6139,140
6140,10
6141,25
6142,11
6143,8
6144,7
6145,64
6146,4
6147,5
6148,33
6149,25
6150,25
6151,64
6152,11
6153,64
6154,11
6155,11
6156,64
6157,11
6158,64
6159,64
6160,11
6161,4
6162,11
6163,11
6164,64
6165,11
6166,64
6167,64
6168,11
6169,29
6170,64
6171,11
6172,11
6173,11
6174,11
6175,11
6176,33
6177,11
6178,11
6179,64
6180,64
6181,11
6182,11
6183,64
6184,38
6185,6
6186,4
6187,11
6188,64
6189,11
6190,25
6191,51
6192,25
6193,11
6194,11
6195,55
6196,33
6197,91
6198,11
6199,4
6200,4
6201,64
6202,220
6203,51
6204,85
6205,64
6206,4
6207,64
6208,4
6209,64
6210,64
6211,5
6212,8
6213,4
6214,64
6215,64
6216,4
6217,64
6218,64
6219,129
6220,64
6221,64
6222,64
6223,64
6224,55
6225,51
6226,64
6227,55
6228,64
6229,132
6230,51
6231,4
6232,64
6233,64
6234,4
6235,64
6236,29
6237,64
6238,4
6239,64
6240,29
6241,117
6242,51
6243,50
6244,4
6245,64
6246,11
6247,64
6248,178
6249,64
6250,177
6251,33
6252,64
6253,51
6254,51
6255,11
6256,11
6257,11
6258,11
6259,64
6260,11
6261,11
6262,64
6263,11
6264,55
6265,4
6266,64
6267,64
6268,64
6269,64
6270,64
6271,6
6272,64
6273,132
6274,4
6275,11
6276,11
6277,64
6278,11
6279,11
6280,11
6281,11
6282,11
6283,64
6284,10
6285,4
6286,64
6287,64
6288,146
6289,177
6290,4
6291,146
6292,64
6293,51
6294,11
6295,11
6296,64
6297,11
6298,11
6299,64
6300,64
6301,33
6302,11
6303,64
6304,11
6305,51
6306,64
6307,11
6308,29
6309,11
6310,64
6311,29
6312,64
6313,51
6314,14
6315,51
6316,14
6317,26
6318,0
6319,11
6320,11
6321,58
6322,64
6323,146
6324,51
6325,64
6326,64
6327,64
6328,64
6329,64
6330,64
6331,6
6332,247
6333,64
6334,4
6335,4
6336,64
6337,0
6338,140
6339,64
6340,11
6341,58
6342,188
6343,64
6344,64
6345,51
6346,11
6347,64
6348,51
6349,6
6350,25
6351,51
6352,8
6353,64
6354,26
6355,64
6356,17
6357,64
6358,51
6359,64
6360,11
6361,64
6362,11
6363,11
6364,64
6365,11
6366,11
6367,4
6368,11
6369,11
6370,11
6371,8
6372,8
6373,4
6374,64
6375,11
6376,33
6377,8
6378,4
6379,29
6380,11
6381,11
6382,11
6383,64
6384,6
6385,11
6386,25
6387,4
6388,11
6389,11
6390,64
6391,64
6392,64
6393,64
6394,220
6395,146
6396,64
6397,25
6398,64
6399,64
6400,64
6401,64
6402,64
6403,25
6404,146
6405,64
6406,64
6407,64
6408,55
6409,51
6410,51
6411,64
6412,11
6413,64
6414,64
6415,64
6416,64
6417,4
6418,4
6419,4
6420,4
6421,4
6422,4
6423,4
6424,4
6425,4
6426,4
6427,64
6428,64
6429,25
6430,64
6431,64
6432,64
6433,64
6434,85
6435,132
6436,64
6437,0
6438,51
6439,64
6440,64
6441,64
6442,11
6443,64
6444,64
6445,64
6446,25
6447,51
6448,64
6449,119
6450,64
6451,64
6452,64
6453,52
6454,64
6455,11
6456,132
6457,64
6458,64
6459,64
6460,64
6461,64
6462,51
6463,64
6464,11
6465,11
6466,4
6467,64
6468,64
6469,6
6470,178
6471,178
6472,6
6473,11
6474,6
6475,55
6476,4
6477,64
6478,6
6479,11
6480,178
6481,64
6482,64
6483,64
6484,11
6485,11
6486,11
6487,11
6488,64
6489,11
6490,64
6491,64
6492,6
6493,64
6494,11
6495,11
6496,64
6497,10
6498,64
6499,11
6500,4
6501,25
6502,6
6503,64
6504,50
6505,51
6506,220
6507,218
6508,51
6509,6
6510,11
6511,11
6512,11
6513,6
6514,68
6515,64
6516,68
6517,4
6518,64
6519,129
6520,25
6521,85
6522,64
6523,4
6524,33
6525,11
6526,85
6527,6
6528,25
6529,4
6530,6
6531,51
6532,11
6533,64
6534,64
6535,52
6536,119
6537,25
6538,230
6539,64
6540,25
6541,25
6542,8
6543,25
6544,64
6545,51
6546,64
6547,64
6548,64
6549,220
6550,25
6551,64
6552,51
6553,64
6554,6
6555,51
6556,64
6557,64
6558,4
6559,64
6560,64
6561,49
6562,55
6563,51
6564,64
6565,64
6566,51
6567,64
6568,4
6569,64
6570,11
6571,6
6572,64
6573,50
6574,50
6575,64
6576,64
6577,4
6578,25
6579,6
6580,6
6581,6
6582,64
6583,85
6584,64
6585,85
6586,64
6587,64
6588,64
6589,64
6590,4
6591,50
6592,29
6593,64
6594,51
6595,11
6596,64
6597,64
6598,51
6599,11
6600,4
6601,11
6602,51
6603,33
6604,64
6605,49
6606,64
6607,51
6608,146
6609,11
6610,11
6611,11
6612,4
6613,11
6614,64
6615,64
6616,6
6617,55
6618,29
6619,64
6620,4
6621,11
6622,11
6623,6
6624,64
6625,11
6626,4
6627,6
6628,4
6629,6
6630,64
6631,4
6632,33
6633,33
6634,119
6635,11
6636,11
6637,126
6638,25
6639,64
6640,177
6641,6
6642,50
6643,51
6644,64
6645,64
6646,64
6647,51
6648,4
6649,64
6650,51
6651,64
6652,51
6653,64
6654,64
6655,64
6656,64
6657,146
6658,51
6659,64
6660,25
6661,137
6662,51
6663,64
6664,25
6665,64
6666,64
6667,11
6668,11
6669,138
6670,6
6671,132
6672,64
6673,51
6674,11
6675,11
6676,6
6677,64
6678,64
6679,64
6680,64
6681,64
6682,50
6683,64
6684,64
6685,11
6686,64
6687,51
6688,51
6689,55
6690,146
6691,64
6692,55
6693,132
6694,55
6695,14
6696,51
6697,55
6698,51
6699,51
6700,55
6701,64
6702,11
6703,64
6704,6
6705,51
6706,6
6707,64
6708,85
6709,55
6710,6
6711,11
6712,11
6713,64
6714,64
6715,6
6716,64
6717,220
6718,64
6719,16
6720,64
6721,64
6722,64
6723,64
6724,64
6725,64
6726,85
6727,64
6728,11
6729,64
6730,4
6731,4
6732,64
6733,64
6734,11
6735,50
6736,0
6737,51
6738,64
6739,64
6740,29
6741,6
6742,64
6743,11
6744,64
6745,4
6746,4
6747,4
6748,58
6749,51
6750,64
6751,51
6752,58
6753,64
6754,11
6755,4
6756,178
6757,11
6758,178
6759,178
6760,64
6761,178
6762,6
6763,64
6764,4
6765,4
6766,4
6767,64
6768,11
6769,64
6770,11
6771,8
6772,11
6773,64
6774,0
6775,64
6776,25
6777,64
6778,11
6779,64
6780,11
6781,140
6782,11
6783,11
6784,64
6785,64
6786,146
6787,10
6788,11
6789,11
6790,64
6791,11
6792,11
6793,64
6794,239
6795,0
6796,12
6797,220
6798,64
6799,119
6800,64
6801,4
6802,64
6803,10
6804,51
6805,4
6806,64
6807,64
6808,64
6809,51
6810,11
6811,6
6812,8
6813,64
6814,235
6815,51
6816,64
6817,6
6818,11
6819,64
6820,25
6821,51
6822,6
6823,64
6824,64
6825,64
6826,8
6827,64
6828,64
6829,64
6830,64
6831,64
6832,64
6833,4
6834,64
6835,64
6836,64
6837,64
6838,64
6839,220
6840,64
6841,64
6842,64
6843,64
6844,64
6845,64
6846,64
6847,64
6848,64
6849,11
6850,7
6851,64
6852,132
6853,64
6854,64
6855,64
6856,64
6857,188
6858,64
6859,64
6860,64
6861,64
6862,64
6863,64
6864,64
6865,8
6866,0
6867,146
6868,51
6869,64
6870,25
6871,25
6872,25
6873,188
6874,25
6875,64
6876,64
6877,64
6878,0
6879,64
6880,64
6881,64
6882,64
6883,52
6884,51
6885,64
6886,64
6887,4
6888,52
6889,64
6890,64
6891,64
6892,64
6893,29
6894,11
6895,6
6896,11
6897,64
6898,6
6899,64
6900,11
6901,64
6902,6
6903,11
6904,11
6905,138
6906,64
6907,4
6908,6
6909,64
6910,64
6911,25
6912,51
6913,188
6914,64
6915,247
6916,178
6917,64
6918,51
6919,64
6920,85
6921,11
6922,11
6923,51
6924,51
6925,146
6926,6
6927,64
6928,4
6929,6
6930,33
6931,64
6932,64
6933,64
6934,64
6935,64
6936,51
6937,64
6938,51
6939,64
6940,64
6941,64
6942,64
6943,64
6944,51
6945,64
6946,64
6947,64
6948,64
6949,146
6950,0
6951,119
6952,25
6953,64
6954,25
6955,8
6956,16
6957,25
6958,119
6959,8
6960,64
6961,64
6962,25
6963,64
6964,0
6965,64
6966,64
6967,64
6968,64
6969,64
6970,64
6971,64
6972,64
6973,64
6974,64
6975,64
6976,64
6977,64
6978,119
6979,64
6980,25
6981,8
6982,51
6983,11
6984,64
6985,64
6986,64
6987,16
6988,64
6989,12
6990,115
6991,64
6992,64
6993,64
6994,4
6995,64
6996,64
6997,64
6998,119
6999,51
7000,11
7001,11
7002,64
7003,0
7004,2
7005,25
7006,11
7007,11
7008,11
7009,64
7010,138
7011,132
7012,52
7013,64
7014,64
7015,16
7016,64
7017,25
7018,51
7019,25
7020,58
7021,51
7022,10
7023,51
7024,25
7025,51
7026,25
7027,64
7028,146
7029,64
7030,51
7031,64
7032,138
7033,4
7034,29
7035,64
7036,4
7037,64
7038,25
7039,64
7040,64
7041,64
7042,64
7043,29
7044,10
7045,51
7046,11
7047,11
7048,64
7049,51
7050,51
7051,51
7052,11
7053,11
7054,64
7055,146
7056,132
7057,64
7058,11
7059,55
7060,11
7061,129
7062,51
7063,4
7064,64
7065,16
7066,33
7067,6
7068,11
7069,52
7070,138
7071,64
7072,64
7073,10
7074,64
7075,11
7076,11
7077,64
7078,64
7079,146
7080,64
7081,51
7082,64
7083,64
7084,64
7085,0
7086,8
7087,64
7088,64
7089,25
7090,64
7091,16
7092,64
7093,51
7094,64
7095,64
7096,51
7097,64
7098,0
7099,0
7100,11
7101,64
7102,64
7103,51
7104,55
7105,64
7106,51
7107,51
7108,64
7109,25
7110,0
7111,25
7112,51
7113,64
7114,64
7115,55
7116,4
7117,4
7118,51
7119,8
7120,16
7121,51
7122,64
7123,51
7124,0
7125,51
7126,17
7127,16
7128,64
7129,17
7130,64
7131,51
7132,178
7133,11
7134,64
7135,25
7136,64
7137,238
7138,64
7139,64
7140,64
7141,64
7142,64
7143,16
7144,64
7145,64
7146,64
7147,64
7148,220
7149,51
7150,64
7151,64
7152,64
7153,178
7154,51
7155,64
7156,64
7157,25
7158,64
7159,64
7160,64
7161,25
7162,64
7163,64
7164,64
7165,64
7166,8
7167,64
7168,64
7169,146
7170,64
7171,64
7172,64
7173,51
7174,64
7175,0
7176,64
7177,51
7178,64
7179,64
7180,64
7181,64
7182,64
7183,16
7184,25
7185,238
7186,64
7187,64
7188,64
7189,16
7190,25
7191,16
7192,51
7193,64
7194,51
7195,64
7196,64
7197,51
7198,16
7199,64
7200,64
7201,64
7202,64
7203,64
7204,11
7205,51
7206,51
7207,64
7208,64
7209,146
7210,26
7211,64
7212,64
7213,11
7214,64
7215,64
7216,256
7217,51
7218,51
7219,2
7220,64
7221,14
7222,51
7223,51
7224,51
7225,64
7226,64
7227,64
7228,64
7229,25
7230,64
7231,25
7232,220
7233,4
7234,64
7235,64
7236,64
7237,64
7238,64
7239,64
7240,64
7241,51
7242,64
7243,64
7244,25
7245,64
7246,64
7247,64
7248,64
7249,64
7250,64
7251,178
7252,51
7253,64
7254,11
7255,64
7256,11
7257,25
7258,64
7259,55
7260,64
7261,4
7262,11
7263,6
7264,64
7265,11
7266,64
7267,132
7268,146
7269,64
7270,64
7271,25
7272,64
7273,220
7274,230
7275,64
7276,11
7277,64
7278,146
7279,64
7280,64
7281,25
7282,129
7283,11
7284,50
7285,8
7286,64
7287,64
7288,11
7289,64
7290,11
7291,11
7292,64
7293,6
7294,64
7295,64
7296,4
7297,4
7298,6
7299,4
7300,64
7301,6
7302,14
7303,64
7304,64
7305,64
7306,64
7307,0
7308,11
7309,11
7310,37
7311,11
7312,11
7313,11
7314,6
7315,64
7316,11
7317,64
7318,64
7319,29
7320,132
7321,51
7322,64
7323,8
7324,64
7325,6
7326,64
7327,4
7328,29
7329,64
7330,146
7331,64
7332,4
7333,64
7334,64
7335,64
7336,5
7337,64
7338,0
7339,247
7340,0
7341,64
7342,64
7343,64
7344,0
7345,64
7346,11
7347,4
7348,4
7349,4
7350,4
7351,0
7352,4
7353,51
7354,64
7355,178
7356,64
7357,64
7358,64
7359,64
7360,55
7361,64
7362,0
7363,64
7364,11
7365,51
7366,64
7367,11
7368,64
7369,247
7370,64
7371,0
7372,119
7373,64
7374,64
7375,64
7376,39
7377,0
7378,25
7379,8
7380,64
7381,64
7382,146
7383,64
7384,64
7385,11
7386,64
7387,64
7388,64
7389,25
7390,64
7391,247
7392,64
7393,64
7394,64
7395,64
7396,64
7397,132
7398,64
7399,64
7400,64
7401,25
7402,64
7403,11
7404,11
7405,64
7406,64
7407,64
7408,64
7409,119
7410,64
7411,64
7412,64
7413,64
7414,159
7415,6
7416,85
7417,64
7418,11
7419,11
7420,64
7421,51
7422,146
7423,64
7424,64
7425,64
7426,64
7427,64
7428,51
7429,146
7430,64
7431,64
7432,16
7433,11
7434,11
7435,64
7436,64
7437,64
7438,178
7439,51
7440,64
7441,64
7442,72
7443,64
7444,26
7445,64
7446,51
7447,64
7448,271
7449,64
7450,64
7451,132
7452,64
7453,51
7454,64
7455,178
7456,55
7457,11
7458,64
7459,51
7460,13
7461,51
7462,51
7463,129
7464,137
7465,51
7466,6
7467,177
7468,64
7469,64
7470,25
7471,4
7472,64
7473,8
7474,146
7475,247
7476,64
7477,64
7478,64
7479,6
7480,33
7481,6
7482,33
7483,11
7484,4
7485,64
7486,11
7487,146
7488,11
7489,11
7490,51
7491,11
7492,6
7493,146
7494,4
7495,4
7496,11
7497,64
7498,64
7499,64
7500,25
7501,64
7502,146
7503,25
7504,64
7505,64
7506,64
7507,64
7508,64
7509,64
7510,64
7511,64
7512,146
7513,64
7514,178
7515,72
7516,119
7517,64
7518,64
7519,64
7520,51
7521,51
7522,64
7523,64
7524,64
7525,12
7526,64
7527,64
7528,64
7529,16
7530,51
7531,64
7532,10
7533,64
7534,11
7535,11
7536,11
7537,146
7538,25
7539,64
7540,64
7541,55
7542,64
7543,64
7544,84
7545,64
7546,64
7547,64
7548,11
7549,64
7550,64
7551,64
7552,16
7553,55
7554,25
7555,85
7556,6
7557,60
7558,64
7559,11
7560,64
7561,119
7562,11
7563,64
7564,64
7565,64
7566,51
7567,55
7568,85
7569,64
7570,64
7571,64
7572,39
7573,64
7574,64
7575,51
7576,64
7577,64
7578,25
7579,64
7580,64
7581,51
7582,64
7583,64
7584,6
7585,64
7586,64
7587,6
7588,25
7589,64
7590,0
7591,4
7592,178
7593,11
7594,64
7595,0
7596,0
7597,11
7598,11
7599,4
7600,64
7601,64
7602,64
7603,51
7604,229
7605,64
7606,51
7607,11
7608,55
7609,52
7610,64
7611,64
7612,11
7613,11
7614,4
7615,64
7616,51
7617,50
7618,64
7619,132
7620,64
7621,11
7622,11
7623,11
7624,11
7625,51
7626,4
7627,64
7628,25
7629,64
7630,64
7631,64
7632,0
7633,64
7634,64
7635,64
7636,64
7637,64
7638,64
7639,64
7640,64
7641,146
7642,64
7643,64
7644,11
7645,64
7646,6
7647,64
7648,11
7649,64
7650,64
7651,64
7652,64
7653,64
7654,132
7655,6
7656,64
7657,29
7658,11
7659,64
7660,11
7661,11
7662,11
7663,64
7664,11
7665,11
7666,11
7667,11
7668,119
7669,51
7670,50
7671,64
7672,11
7673,11
7674,11
7675,4
7676,7
7677,29
7678,4
7679,64
7680,4
7681,64
7682,4
7683,4
7684,33
7685,64
7686,64
7687,64
7688,4
7689,11
7690,11
7691,4
7692,11
7693,29
7694,33
7695,6
7696,29
7697,11
7698,64
7699,4
7700,4
7701,6
7702,6
7703,230
7704,64
7705,4
7706,64
7707,64
7708,0
7709,58
7710,11
7711,6
7712,64
7713,64
7714,115
7715,64
7716,4
7717,4
7718,64
7719,64
7720,52
7721,64
7722,12
7723,33
7724,11
7725,64
7726,11
7727,11
7728,6
7729,11
7730,11
7731,64
7732,12
7733,11
7734,64
7735,64
7736,64
7737,51
7738,64
7739,64
7740,25
7741,25
7742,64
7743,51
7744,64
7745,64
7746,64
7747,51
7748,64
7749,64
7750,64
7751,64
7752,29
7753,64
7754,6
7755,11
7756,64
7757,11
7758,64
7759,6
7760,58
7761,11
7762,11
7763,6
7764,4
7765,11
7766,64
7767,64
7768,64
7769,64
7770,4
7771,64
7772,11
7773,11
7774,11
7775,11
7776,64
7777,4
7778,25
7779,64
7780,64
7781,64
7782,64
7783,64
7784,51
7785,49
7786,11
7787,64
7788,49
7789,8
7790,11
7791,64
7792,4
7793,11
7794,11
7795,11
7796,64
7797,64
7798,178
7799,64
7800,25
7801,58
7802,64
7803,64
7804,4
7805,4
7806,6
7807,140
7808,51
7809,85
7810,4
7811,6
7812,11
7813,64
7814,64
7815,140
7816,119
7817,64
7818,4
7819,51
7820,11
7821,11
7822,64
7823,4
7824,29
7825,64
7826,0
7827,64
7828,64
7829,0
7830,51
7831,146
7832,29
7833,64
7834,58
7835,64
7836,6
7837,4
7838,41
7839,137
7840,10
7841,6
7842,25
7843,64
7844,0
7845,51
7846,52
7847,11
7848,11
7849,11
7850,29
7851,4
7852,11
7853,11
7854,64
7855,11
7856,64
7857,64
7858,29
7859,33
7860,33
7861,11
7862,6
7863,6
7864,11
7865,64
7866,4
7867,64
7868,4
7869,64
7870,6
7871,64
7872,29
7873,64
7874,11
7875,11
7876,11
7877,11
7878,11
7879,11
7880,11
7881,64
7882,11
7883,11
7884,11
7885,11
7886,11
7887,51
7888,138
7889,64
7890,52
7891,4
7892,64
7893,6
7894,39
7895,64
7896,6
7897,64
7898,11
7899,6
7900,11
7901,64
7902,299
7903,6
7904,11
7905,64
7906,11
7907,64
7908,11
7909,11
7910,51
7911,146
7912,64
7913,6
7914,64
7915,146
7916,51
7917,146
7918,64
7919,11
7920,11
7921,64
7922,64
7923,64
7924,64
7925,64
7926,64
7927,64
7928,64
7929,64
7930,64
7931,64
7932,64
7933,85
7934,64
7935,64
7936,64
7937,64
7938,11
7939,64
7940,64
7941,11
7942,4
7943,64
7944,64
7945,64
7946,64
7947,64
7948,64
7949,64
7950,64
7951,64
7952,4
7953,64
7954,64
7955,64
7956,51
7957,146
7958,0
7959,64
7960,64
7961,64
7962,0
7963,8
7964,146
7965,6
7966,64
7967,146
7968,50
7969,4
7970,247
7971,247
7972,7
7973,64
7974,247
7975,29
7976,132
7977,11
7978,231
7979,4
7980,64
7981,6
7982,64
7983,64
7984,11
7985,64
7986,11
7987,64
7988,64
7989,64
7990,64
7991,64
7992,26
7993,64
7994,6
7995,52
7996,51
7997,6
7998,64
7999,11
8000,11
8001,11
8002,4
8003,64
8004,64
8005,6
8006,11
8007,11
8008,11
8009,6
8010,64
8011,6
8012,11
8013,4
8014,64
8015,16
8016,25
8017,64
8018,25
8019,25
8020,64
8021,64
8022,146
8023,146
8024,177
8025,64
8026,64
8027,64
8028,64
8029,16
8030,64
8031,64
8032,64
8033,11
8034,51
8035,25
8036,64
8037,64
8038,25
8039,64
8040,64
8041,25
8042,64
8043,64
8044,64
8045,64
8046,64
8047,64
8048,11
8049,11
8050,64
8051,64
8052,64
8053,64
8054,25
8055,64
8056,3
8057,51
8058,6
8059,64
8060,64
8061,64
8062,64
8063,4
8064,6
8065,64
8066,16
8067,64
8068,64
8069,39
8070,64
8071,64
8072,32
8073,231
8074,64
8075,64
8076,6
8077,4
8078,11
8079,0
8080,11
8081,11
8082,6
8083,11
8084,6
8085,11
8086,11
8087,11
8088,11
8089,11
8090,11
8091,11
8092,11
8093,11
8094,11
8095,11
8096,11
8097,11
8098,33
8099,11
8100,11
8101,11
8102,11
8103,11
8104,64
8105,11
8106,11
8107,11
8108,11
8109,64
8110,11
8111,64
8112,11
8113,55
8114,64
8115,64
8116,64
8117,4
8118,50
8119,11
8120,64
8121,11
8122,11
8123,64
8124,6
8125,64
8126,64
8127,4
8128,146
8129,11
8130,11
8131,132
8132,64
8133,64
8134,178
8135,64
8136,64
8137,26
8138,64
8139,64
8140,64
8141,51
8142,64
8143,0
8144,64
8145,196
8146,64
8147,64
8148,12
8149,64
8150,64
8151,4
8152,64
8153,64
8154,64
8155,64
8156,64
8157,51
8158,25
8159,64
8160,64
8161,0
8162,64
8163,64
8164,64
8165,64
8166,64
8167,64
8168,64
8169,11
8170,11
8171,64
8172,4
8173,25
8174,64
8175,64
8176,220
8177,33
8178,64
8179,64
8180,64
8181,64
8182,64
8183,64
8184,64
8185,4
8186,132
8187,64
8188,64
8189,64
8190,64
8191,64
8192,64
8193,64
8194,146
8195,64
8196,146
8197,64
8198,51
8199,5
8200,64
8201,64
8202,25
8203,64
8204,64
8205,17
8206,64
8207,64
8208,16
8209,64
8210,64
8211,25
8212,178
8213,11
8214,51
8215,25
8216,4
8217,4
8218,64
8219,51
8220,64
8221,64
8222,0
8223,25
8224,64
8225,11
8226,64
8227,64
8228,220
8229,64
8230,51
8231,64
8232,64
8233,132
8234,64
8235,64
8236,231
8237,64
8238,266
8239,64
8240,64
8241,64
8242,188
8243,16
8244,64
8245,64
8246,4
8247,11
8248,11
8249,11
8250,29
8251,64
8252,64
8253,64
8254,26
8255,64
8256,64
8257,64
8258,64
8259,64
8260,64
8261,64
8262,8
8263,0
8264,0
8265,64
8266,4
8267,64
8268,64
8269,0
8270,64
8271,64
8272,64
8273,247
8274,64
8275,51
8276,25
8277,64
8278,64
8279,4
8280,17
8281,64
8282,64
8283,8
8284,64
8285,64
8286,64
8287,8
8288,51
8289,51
8290,64
8291,64
8292,64
8293,64
8294,64
8295,51
8296,64
8297,4
8298,4
8299,4
8300,220
8301,64
8302,64
8303,64
8304,64
8305,51
8306,64
8307,64
8308,0
8309,6
8310,6
8311,11
8312,11
8313,247
8314,64
8315,26
8316,0
8317,4
8318,8
8319,64
8320,64
8321,51
8322,11
8323,11
8324,64
8325,26
8326,25
8327,11
8328,11
8329,11
8330,11
8331,11
8332,11
8333,64
8334,64
8335,11
8336,6
8337,11
8338,11
8339,11
8340,11
8341,6
8342,64
8343,33
8344,11
8345,8
8346,11
8347,64
8348,11
8349,33
8350,11
8351,11
8352,64
8353,6
8354,11
8355,64
8356,64
8357,11
8358,11
8359,64
8360,51
8361,25
8362,64
8363,29
8364,6
8365,6
8366,6
8367,33
8368,64
8369,11
8370,11
8371,11
8372,178
8373,11
8374,11
8375,10
8376,64
8377,11
8378,11
8379,6
8380,11
8381,11
8382,11
8383,11
8384,11
8385,11
8386,11
8387,6
8388,64
8389,11
8390,11
8391,11
8392,11
8393,11
8394,11
8395,11
8396,11
8397,11
8398,25
8399,4
8400,11
8401,6
8402,64
8403,11
8404,11
8405,11
8406,11
8407,11
8408,11
8409,11
8410,11
8411,11
8412,64
8413,6
8414,6
8415,11
8416,11
8417,11
8418,11
8419,64
8420,64
8421,50
8422,64
8423,146
8424,64
8425,64
8426,64
8427,64
8428,64
8429,64
8430,64
8431,64
8432,64
8433,178
8434,11
8435,11
8436,11
8437,11
8438,4
8439,64
8440,64
8441,11
8442,64
8443,0
8444,11
8445,138
8446,11
8447,11
8448,51
8449,14
8450,64
8451,178
8452,64
8453,178
8454,247
8455,247
8456,247
8457,51
8458,64
8459,16
8460,11
8461,64
8462,25
8463,4
8464,64
8465,6
8466,11
8467,6
8468,51
8469,64
8470,64
8471,52
8472,253
8473,178
8474,64
8475,64
8476,64
8477,64
8478,64
8479,64
8480,64
8481,29
8482,64
8483,64
8484,25
8485,64
8486,64
8487,247
8488,25
8489,64
8490,51
8491,64
8492,64
8493,0
8494,64
8495,11
8496,4
8497,64
8498,64
8499,64
8500,51
8501,64
8502,64
8503,64
8504,64
8505,64
8506,64
8507,11
8508,64
8509,11
8510,64
8511,64
8512,220
8513,12
8514,4
8515,238
8516,64
8517,64
8518,11
8519,11
8520,64
8521,11
8522,6
8523,11
8524,64
8525,64
8526,6
8527,64
8528,64
8529,64
8530,64
8531,64
8532,11
8533,64
8534,129
8535,64
8536,11
8537,11
8538,11
8539,11
8540,11
8541,64
8542,64
8543,0
8544,64
8545,11
8546,4
8547,39
8548,64
8549,64
8550,6
8551,46
8552,11
8553,11
8554,4
8555,64
8556,64
8557,64
8558,64
8559,64
8560,8
8561,64
8562,64
8563,64
8564,64
8565,64
8566,0
8567,64
8568,16
8569,0
8570,64
8571,4
8572,25
8573,64
8574,64
8575,0
8576,64
8577,64
8578,64
8579,12
8580,64
8581,64
8582,64
8583,64
8584,64
8585,11
8586,11
8587,64
8588,16
8589,8
8590,64
8591,64
8592,64
8593,4
8594,64
8595,4
8596,11
8597,64
8598,220
8599,4
8600,64
8601,64
8602,64
8603,64
8604,64
8605,220
8606,64
8607,64
8608,64
8609,64
8610,64
8611,64
8612,4
8613,64
8614,4
8615,64
8616,25
8617,64
8618,11
8619,11
8620,11
8621,4
8622,11
8623,11
8624,51
8625,64
8626,10
8627,64
8628,6
8629,64
8630,11
8631,33
8632,51
8633,11
8634,11
8635,11
8636,11
8637,33
8638,64
8639,52
8640,64
8641,64
8642,64
8643,11
8644,64
8645,11
8646,6
8647,11
8648,11
8649,11
8650,64
8651,11
8652,6
8653,11
8654,4
8655,11
8656,6
8657,64
8658,129
8659,11
8660,64
8661,64
8662,11
8663,64
8664,11
8665,11
8666,25
8667,64
8668,64
8669,64
8670,64
8671,64
8672,4
8673,11
8674,64
8675,64
8676,25
8677,64
8678,11
8679,51
8680,64
8681,25
8682,11
8683,64
8684,11
8685,4
8686,7
8687,11
8688,64
8689,11
8690,11
8691,11
8692,11
8693,64
8694,11
8695,64
8696,33
8697,11
8698,11
8699,4
8700,64
8701,129
8702,64
8703,64
8704,64
8705,64
8706,64
8707,52
8708,64
8709,51
8710,64
8711,64
8712,25
8713,64
8714,64
8715,64
8716,49
8717,64
8718,64
8719,64
8720,64
8721,64
8722,64
8723,64
8724,64
8725,26
8726,51
8727,25
8728,64
8729,64
8730,64
8731,64
8732,64
8733,85
8734,4
8735,64
8736,64
8737,64
8738,64
8739,11
8740,6
8741,11
8742,6
8743,64
8744,64
8745,25
8746,64
8747,6
8748,64
8749,247
8750,64
8751,64
8752,64
8753,64
8754,64
8755,11
8756,64
8757,11
8758,64
8759,64
8760,64
8761,64
8762,64
8763,64
8764,51
8765,0
8766,8
8767,8
8768,51
8769,64
8770,64
8771,64
8772,64
8773,64
8774,64
8775,64
8776,64
8777,64
8778,38
8779,26
8780,64
8781,64
8782,64
8783,64
8784,0
8785,64
8786,64
8787,64
8788,64
8789,146
8790,146
8791,64
8792,64
8793,64
8794,64
8795,64
8796,64
8797,64
8798,25
8799,64
8800,11
8801,64
8802,146
8803,11
8804,6
8805,11
8806,64
8807,6
8808,51
8809,64
8810,64
8811,11
8812,64
8813,11
8814,64
8815,64
8816,64
8817,64
8818,64
8819,64
8820,64
8821,6
8822,6
8823,6
8824,64
8825,6
8826,6
8827,85
8828,4
8829,64
8830,6
8831,64
8832,6
8833,6
8834,178
8835,178
8836,55
8837,6
8838,64
8839,33
8840,11
8841,64
8842,6
8843,6
8844,30
8845,138
8846,6
8847,14
8848,2
8849,64
8850,39
8851,11
8852,10
8853,11
8854,11
8855,64
8856,11
8857,11
8858,11
8859,11
8860,11
8861,64
8862,11
8863,11
8864,64
8865,11
8866,11
8867,11
8868,29
8869,11
8870,11
8871,11
8872,11
8873,64
8874,33
8875,11
8876,11
8877,11
8878,11
8879,11
8880,11
8881,64
8882,4
8883,64
8884,64
8885,64
8886,6
8887,11
8888,29
8889,6
8890,25
8891,11
8892,11
8893,64
8894,11
8895,8
8896,64
8897,4
8898,4
8899,25
8900,64
8901,16
8902,0
8903,64
8904,33
8905,146
8906,51
8907,4
8908,11
8909,64
8910,64
8911,8
8912,64
8913,64
8914,230
8915,0
8916,64
8917,11
8918,64
8919,11
8920,11
8921,146
8922,6
8923,11
8924,64
8925,64
8926,11
8927,129
8928,64
8929,11
8930,11
8931,29
8932,64
8933,25
8934,29
8935,64
8936,33
8937,64
8938,64
8939,64
8940,64
8941,64
8942,64
8943,64
8944,64
8945,64
8946,25
8947,146
8948,64
8949,64
8950,55
8951,64
8952,146
8953,11
8954,64
8955,64
8956,64
8957,16
8958,25
8959,64
8960,64
8961,64
8962,0
8963,11
8964,146
8965,64
8966,51
8967,25
8968,64
8969,64
8970,64
8971,64
8972,64
8973,33
8974,64
8975,64
8976,64
8977,11
8978,64
8979,6
8980,64
8981,11
8982,11
8983,6
8984,4
8985,11
8986,64
8987,177
8988,51
8989,6
8990,64
8991,6
8992,55
8993,6
8994,64
8995,64
8996,46
8997,46
8998,64
8999,64
9000,5
9001,64
9002,64
9003,64
9004,4
9005,64
9006,64
9007,64
9008,64
9009,12
9010,52
9011,4
9012,64
9013,27
9014,51
9015,64
9016,64
9017,64
9018,64
9019,64
9020,64
9021,25
9022,25
9023,64
9024,6
9025,11
9026,11
9027,64
9028,64
9029,64
9030,64
9031,64
9032,25
9033,64
9034,64
9035,64
9036,64
9037,64
9038,64
9039,64
9040,64
9041,64
9042,51
9043,64
9044,16
9045,64
9046,0
9047,137
9048,132
9049,64
9050,25
9051,8
9052,234
9053,16
9054,64
9055,137
9056,64
9057,64
9058,64
9059,64
9060,64
9061,11
9062,64
9063,64
9064,29
9065,64
9066,64
9067,29
9068,64
9069,64
9070,64
9071,64
9072,64
9073,64
9074,64
9075,51
9076,64
9077,16
9078,64
9079,161
9080,51
9081,146
9082,25
9083,25
9084,234
9085,64
9086,64
9087,64
9088,64
9089,64
9090,64
9091,51
9092,25
9093,238
9094,64
9095,12
9096,16
9097,64
9098,25
9099,64
9100,64
9101,64
9102,64
9103,64
9104,64
9105,51
9106,64
9107,188
9108,64
9109,64
9110,64
9111,64
9112,64
9113,25
9114,64
9115,64
9116,64
9117,64
9118,64
9119,16
9120,146
9121,64
9122,16
9123,64
9124,64
9125,64
9126,64
9127,64
9128,64
9129,64
9130,220
9131,29
9132,64
9133,25
9134,11
9135,64
9136,64
9137,11
9138,64
9139,64
9140,64
9141,64
9142,64
9143,230
9144,64
9145,119
9146,64
9147,178
9148,178
9149,11
9150,84
9151,64
9152,64
9153,11
9154,64
9155,64
9156,52
9157,25
9158,64
9159,64
9160,64
9161,64
9162,4
9163,64
9164,64
9165,11
9166,4
9167,178
9168,11
9169,64
9170,64
9171,64
9172,64
9173,146
9174,64
9175,64
9176,11
9177,64
9178,64
9179,64
9180,51
9181,25
9182,64
9183,25
9184,64
9185,64
9186,64
9187,64
9188,11
9189,64
9190,64
9191,64
9192,64
9193,64
9194,64
9195,11
9196,6
9197,11
9198,64
9199,11
9200,11
9201,11
9202,64
9203,0
9204,4
9205,55
9206,64
9207,0
9208,220
9209,64
9210,11
9211,64
9212,64
9213,25
9214,64
9215,64
9216,373
9217,64
9218,4
9219,64
9220,64
9221,25
9222,64
9223,64
9224,64
9225,231
9226,25
9227,64
9228,64
9229,64
9230,11
9231,4
9232,11
9233,11
9234,64
9235,64
9236,64
9237,64
9238,64
9239,64
9240,64
9241,64
9242,13
9243,64
9244,64
9245,64
9246,64
9247,64
9248,220
9249,64
9250,64
9251,64
9252,64
9253,0
9254,64
9255,64
9256,64
9257,8
9258,64
9259,119
9260,64
9261,64
9262,64
9263,0
9264,11
9265,11
9266,11
9267,11
9268,64
9269,64
9270,58
9271,64
9272,64
9273,52
9274,11
9275,64
9276,16
9277,0
9278,0
9279,0
9280,64
9281,64
9282,64
9283,64
9284,64
9285,51
9286,64
9287,64
9288,51
9289,25
9290,64
9291,51
9292,64
9293,64
9294,64
9295,25
9296,64
9297,64
9298,64
9299,25
9300,64
9301,64
9302,64
9303,253
9304,64
9305,64
9306,16
9307,64
9308,64
9309,16
9310,25
9311,64
9312,64
9313,64
9314,64
9315,8
9316,64
9317,64
9318,64
9319,16
9320,51
9321,64
9322,64
9323,64
9324,27
9325,64
9326,64
9327,132
9328,64
9329,51
9330,64
9331,137
9332,51
9333,51
9334,64
9335,64
9336,51
9337,64
9338,0
9339,64
9340,12
9341,64
9342,220
9343,64
9344,64
9345,11
9346,64
9347,64
9348,64
9349,16
9350,64
9351,64
9352,64
9353,11
9354,64
9355,25
9356,11
9357,8
9358,64
9359,51
9360,8
9361,64
9362,8
9363,64
9364,64
9365,64
9366,64
9367,64
9368,29
9369,64
9370,51
9371,64
9372,8
9373,64
9374,64
9375,11
9376,64
9377,64
9378,26
9379,16
9380,64
9381,64
9382,51
9383,25
9384,64
9385,11
9386,64
9387,6
9388,64
9389,64
9390,51
9391,6
9392,138
9393,64
9394,11
9395,64
9396,11
9397,64
9398,64
9399,64
9400,16
9401,64
9402,11
9403,11
9404,11
9405,64
9406,25
9407,64
9408,25
9409,64
9410,51
9411,64
9412,64
9413,64
9414,178
9415,178
9416,25
9417,64
9418,25
9419,64
9420,8
9421,64
9422,85
9423,64
9424,64
9425,25
9426,64
9427,64
9428,64
9429,64
9430,64
9431,64
9432,6
9433,52
9434,64
9435,16
9436,132
9437,0
9438,64
9439,25
9440,64
9441,64
9442,25
9443,64
9444,25
9445,64
9446,64
9447,64
9448,64
9449,64
9450,64
9451,11
9452,26
9453,64
9454,64
9455,64
9456,12
9457,64
9458,64
9459,11
9460,33
9461,11
9462,64
9463,25
9464,11
9465,64
9466,11
9467,64
9468,11
9469,6
9470,6
9471,25
9472,11
9473,4
9474,29
9475,6
9476,11
9477,11
9478,64
9479,11
9480,11
9481,64
9482,11
9483,11
9484,11
9485,25
9486,6
9487,64
9488,33
9489,0
9490,64
9491,64
9492,4
9493,29
9494,11
9495,11
9496,11
9497,64
9498,16
9499,51
9500,11
9501,64
9502,4
9503,4
9504,4
9505,64
9506,64
9507,55
9508,64
9509,64
9510,0
9511,64
9512,64
9513,64
9514,64
9515,64
9516,64
9517,64
9518,51
9519,64
9520,64
9521,178
9522,64
9523,11
9524,64
9525,64
9526,64
9527,5
9528,64
9529,64
9530,64
9531,64
9532,64
9533,64
9534,64
9535,64
9536,64
9537,11
9538,4
9539,51
9540,64
9541,64
9542,51
9543,64
9544,64
9545,64
9546,64
9547,64
9548,11
9549,64
9550,51
9551,6
9552,64
9553,11
9554,64
9555,64
9556,29
9557,11
9558,11
9559,11
9560,6
9561,6
9562,6
9563,11
9564,64
9565,6
9566,16
9567,4
9568,6
9569,51
9570,4
9571,64
9572,64
9573,51
9574,64
9575,64
9576,64
9577,64
9578,64
9579,0
9580,64
9581,64
9582,64
9583,25
9584,64
9585,64
9586,64
9587,64
9588,64
9589,64
9590,51
9591,11
9592,11
9593,64
9594,64
9595,64
9596,64
9597,64
9598,64
9599,129
9600,64
9601,64
9602,11
9603,64
9604,4
9605,0
9606,25
9607,64
9608,64
9609,64
9610,64
9611,64
9612,64
9613,25
9614,6
9615,64
9616,11
9617,11
9618,178
9619,64
9620,11
9621,64
9622,64
9623,11
9624,25
9625,64
9626,8
9627,64
9628,64
9629,25
9630,64
9631,64
9632,64
9633,11
9634,64
9635,11
9636,25
9637,64
9638,11
9639,6
9640,11
9641,11
9642,11
9643,64
9644,50
9645,64
9646,4
9647,6
9648,51
9649,51
9650,33
9651,6
9652,33
9653,11
9654,4
9655,14
9656,6
9657,64
9658,11
9659,11
9660,33
9661,11
9662,11
9663,64
9664,11
9665,33
9666,11
9667,11
9668,11
9669,6
9670,33
9671,11
9672,11
9673,64
9674,64
9675,64
9676,64
9677,51
9678,64
9679,8
9680,64
9681,51
9682,10
9683,11
9684,11
9685,11
9686,64
9687,64
9688,11
9689,11
9690,11
9691,11
9692,11
9693,52
9694,178
9695,178
9696,11
9697,11
9698,11
9699,6
9700,11
9701,64
9702,33
9703,11
9704,11
9705,11
9706,11
9707,11
9708,33
9709,64
9710,4
9711,11
9712,6
9713,11
9714,11
9715,0
9716,11
9717,11
9718,33
9719,138
9720,64
9721,6
9722,4
9723,4
9724,11
9725,4
9726,11
9727,8
9728,64
9729,64
9730,64
9731,6
9732,25
9733,64
9734,64
9735,16
9736,25
9737,25
9738,51
9739,11
9740,6
9741,64
9742,64
9743,6
9744,138
9745,64
9746,11
9747,6
9748,146
9749,178
9750,11
9751,64
9752,14
9753,11
9754,4
9755,4
9756,4
9757,6
9758,11
9759,11
9760,33
9761,64
9762,6
9763,64
9764,6
9765,11
9766,11
9767,119
9768,10
9769,64
9770,11
9771,11
9772,64
9773,11
9774,11
9775,64
9776,11
9777,11
9778,11
9779,11
9780,33
9781,64
9782,64
9783,52
9784,64
9785,25
9786,6
9787,0
9788,129
9789,64
9790,11
9791,16
9792,6
9793,14
9794,11
9795,64
9796,64
9797,64
9798,55
9799,64
9800,64
9801,64
9802,51
9803,51
9804,4
9805,64
9806,64
9807,11
9808,115
9809,64
9810,6
9811,11
9812,11
9813,11
9814,4
9815,4
9816,4
9817,14
9818,11
9819,6
9820,64
9821,64
9822,11
9823,6
9824,11
9825,4
9826,4
9827,6
9828,11
9829,64
9830,64
9831,64
9832,64
9833,64
9834,64
9835,64
9836,64
9837,10
9838,11
9839,11
9840,64
9841,11
9842,64
9843,4
9844,140
9845,11
9846,64
9847,6
9848,11
9849,64
9850,178
9851,29
9852,11
9853,11
9854,11
9855,6
9856,265
9857,33
9858,64
9859,11
9860,11
9861,11
9862,11
9863,11
9864,11
9865,64
9866,11
9867,64
9868,11
9869,11
9870,29
9871,6
9872,11
9873,33
9874,64
9875,6
9876,11
9877,64
9878,11
9879,64
9880,6
9881,11
9882,11
9883,51
9884,51
9885,64
9886,11
9887,6
9888,64
9889,16
9890,26
9891,64
9892,64
9893,64
9894,64
9895,25
9896,64
9897,25
9898,25
9899,64
9900,64
9901,64
9902,64
9903,64
9904,64
9905,64
9906,64
9907,11
9908,11
9909,6
9910,11
9911,11
9912,64
9913,11
9914,138
9915,138
9916,11
9917,51
9918,140
9919,64
9920,14
9921,4
9922,230
9923,6
9924,11
9925,51
9926,6
9927,64
9928,64
9929,4
9930,11
9931,11
9932,4
9933,6
9934,11
9935,33
9936,119
9937,25
9938,16
9939,6
9940,4
9941,11
9942,11
9943,6
9944,64
9945,11
9946,64
9947,64
9948,85
9949,4
9950,6
9951,64
9952,6
9953,64
9954,11
9955,64
9956,51
9957,51
9958,11
9959,11
9960,11
9961,11
9962,4
9963,11
9964,11
9965,11
9966,11
9967,11
9968,11
9969,11
9970,11
9971,64
9972,11
9973,64
9974,11
9975,4
9976,4
9977,33
9978,6
9979,4
9980,64
9981,64
9982,64
9983,64
9984,64
9985,64
9986,64
9987,64
9988,0
9989,64
9990,64
9991,64
9992,64
9993,8
9994,25
9995,25
9996,64
9997,64
9998,64
9999,8
10000,64
10001,64
10002,64
10003,64
10004,64
10005,64
10006,64
10007,64
10008,64
10009,64
10010,64
10011,64
10012,64
10013,64
10014,64
10015,0
10016,64
10017,64
10018,16
10019,178
10020,64
10021,64
10022,64
10023,64
10024,64
10025,10
10026,64
10027,64
10028,51
10029,64
10030,29
10031,64
10032,25
10033,16
10034,64
10035,16
10036,64
10037,0
10038,64
10039,64
10040,4
10041,25
10042,64
10043,64
10044,51
10045,64
10046,64
10047,220
10048,64
10049,64
10050,64
10051,64
10052,51
10053,64
10054,64
10055,64
10056,51
10057,64
10058,64
10059,64
10060,64
10061,64
10062,64
10063,25
10064,51
10065,64
10066,51
10067,64
10068,25
10069,64
10070,64
10071,64
10072,188
10073,64
10074,64
10075,64
10076,64
10077,64
10078,64
10079,2
10080,64
10081,64
10082,29
10083,64
10084,64
10085,64
10086,64
10087,64
10088,220
10089,64
10090,64
10091,64
10092,4
10093,11
10094,64
10095,64
10096,26
10097,64
10098,64
10099,5
10100,64
10101,64
10102,64
10103,64
10104,178
10105,178
10106,64
10107,64
10108,64
10109,251
10110,64
10111,64
10112,64
10113,64
10114,64
10115,11
10116,178
10117,16
10118,11
10119,64
10120,64
10121,64
10122,64
10123,25
10124,64
10125,51
10126,64
10127,64
10128,64
10129,16
10130,51
10131,64
10132,16
10133,220
10134,64
10135,64
10136,64
10137,11
10138,64
10139,64
10140,64
10141,11
10142,4
10143,11
10144,14
10145,6
10146,6
10147,11
10148,11
10149,0
10150,64
10151,64
10152,11
10153,64
10154,11
10155,52
10156,6
10157,29
10158,11
10159,64
10160,6
10161,64
10162,11
10163,4
10164,119
10165,220
10166,146
10167,6
10168,4
10169,64
10170,33
10171,11
10172,33
10173,64
10174,11
10175,64
10176,64
10177,25
10178,6
10179,4
10180,64
10181,7
10182,64
10183,6
10184,11
10185,4
10186,11
10187,4
10188,6
10189,64
10190,11
10191,11
10192,11
10193,64
10194,53
10195,64
10196,64
10197,64
10198,64
10199,25
10200,64
10201,64
10202,64
10203,64
10204,64
10205,64
10206,64
10207,64
10208,6
10209,4
10210,64
10211,6
10212,64
10213,85
10214,51
10215,64
10216,64
10217,64
10218,51
10219,4
10220,64
10221,64
10222,64
10223,55
10224,11
10225,11
10226,29
10227,64
10228,4
10229,6
10230,11
10231,4
10232,4
10233,64
10234,6
10235,64
10236,0
10237,11
10238,11
10239,64
10240,64
10241,64
10242,64
10243,64
10244,52
10245,64
10246,64
10247,146
10248,64
10249,64
10250,0
10251,64
10252,64
10253,51
10254,64
10255,51
10256,11
10257,64
10258,64
10259,64
10260,64
10261,64
10262,64
10263,64
10264,25
10265,11
10266,64
10267,64
10268,64
10269,29
10270,64
10271,4
10272,64
10273,64
10274,64
10275,64
10276,64
10277,64
10278,64
10279,25
10280,64
10281,146
10282,64
10283,64
10284,64
10285,11
10286,64
10287,64
10288,64
10289,64
10290,51
10291,64
10292,11
10293,6
10294,64
10295,64
10296,5
10297,25
10298,64
10299,64
10300,64
10301,64
10302,64
10303,64
10304,25
10305,51
10306,64
10307,64
10308,64
10309,16
10310,64
10311,25
10312,64
10313,64
10314,64
10315,16
10316,64
10317,64
10318,64
10319,51
10320,64
10321,13
10322,64
10323,299
10324,16
10325,64
10326,252
10327,64
10328,64
10329,64
10330,64
10331,64
10332,51
10333,64
10334,64
10335,64
10336,64
10337,64
10338,8
10339,11
10340,220
10341,64
10342,64
10343,64
10344,6
10345,64
10346,51
10347,64
10348,64
10349,25
10350,64
10351,51
10352,0
10353,64
10354,64
10355,64
10356,64
10357,64
10358,51
10359,64
10360,64
10361,64
10362,51
10363,64
10364,64
10365,64
10366,64
10367,51
10368,0
10369,64
10370,64
10371,8
10372,51
10373,64
10374,247
10375,11
10376,64
10377,64
10378,64
10379,64
10380,16
10381,64
10382,25
10383,64
10384,25
10385,64
10386,4
10387,52
10388,51
10389,64
10390,64
10391,64
10392,64
10393,64
10394,64
10395,25
10396,64
10397,26
10398,64
10399,64
10400,25
10401,146
10402,64
10403,64
10404,25
10405,64
10406,64
10407,64
10408,16
10409,64
10410,64
10411,64
10412,16
10413,64
10414,51
10415,64
10416,16
10417,25
10418,64
10419,64
10420,64
10421,64
10422,64
10423,64
10424,64
10425,4
10426,64
10427,25
10428,33
10429,64
10430,64
10431,64
10432,64
10433,64
10434,64
10435,64
10436,25
10437,25
10438,64
10439,64
10440,64
10441,64
10442,25
10443,64
10444,64
10445,64
10446,64
10447,64
10448,26
10449,64
10450,64
10451,64
10452,64
10453,64
10454,51
10455,26
10456,64
10457,138
10458,64
10459,64
10460,64
10461,119
10462,64
10463,64
10464,119
10465,64
10466,51
10467,64
10468,11
10469,4
10470,64
10471,64
10472,64
10473,64
10474,64
10475,29
10476,64
10477,64
10478,64
10479,64
10480,64
10481,0
10482,64
10483,6
10484,4
10485,6
10486,64
10487,4
10488,11
10489,64
10490,6
10491,33
10492,29
10493,33
10494,11
10495,4
10496,6
10497,64
10498,11
10499,6
10500,64
10501,6
10502,64
10503,64
10504,14
10505,33
10506,85
10507,64
10508,0
10509,29
10510,12
10511,51
10512,64
10513,64
10514,64
10515,64
10516,64
10517,25
10518,11
10519,11
10520,64
10521,64
10522,11
10523,11
10524,11
10525,64
10526,64
10527,64
10528,64
10529,64
10530,64
10531,64
10532,49
10533,64
10534,4
10535,6
10536,64
10537,64
10538,11
10539,50
10540,11
10541,11
10542,6
10543,11
10544,64
10545,11
10546,6
10547,64
10548,11
10549,25
10550,178
10551,6
10552,4
10553,29
10554,64
10555,146
10556,64
10557,11
10558,64
10559,64
10560,11
10561,52
10562,4
10563,64
10564,11
10565,11
10566,6
10567,64
10568,25
10569,64
10570,64
10571,64
10572,146
10573,11
10574,64
10575,11
10576,6
10577,33
10578,64
10579,11
10580,11
10581,11
10582,64
10583,178
10584,178
10585,64
10586,85
10587,11
10588,11
10589,64
10590,11
10591,11
10592,11
10593,64
10594,11
10595,4
10596,11
10597,8
10598,11
10599,64
10600,0
10601,11
10602,11
10603,11
10604,11
10605,6
10606,11
10607,29
10608,64
10609,11
10610,11
10611,6
10612,64
10613,11
10614,11
10615,6
10616,33
10617,6
10618,11
10619,11
10620,64
10621,33
10622,11
10623,4
10624,11
10625,11
10626,11
10627,4
10628,4
10629,64
10630,4
10631,8
10632,64
10633,64
10634,64
10635,64
10636,247
10637,247
10638,64
10639,64
10640,64
10641,146
10642,64
10643,6
10644,4
10645,64
10646,146
10647,4
10648,4
10649,64
10650,178
10651,64
10652,64
10653,64
10654,64
10655,64
10656,64
10657,64
10658,64
10659,25
10660,12
10661,85
10662,64
10663,64
10664,64
10665,64
10666,64
10667,64
10668,64
10669,64
10670,64
10671,4
10672,12
10673,64
10674,64
10675,0
10676,64
10677,11
10678,4
10679,29
10680,51
10681,4
10682,11
10683,119
10684,64
10685,64
10686,39
10687,4
10688,64
10689,4
10690,11
10691,64
10692,6
10693,64
10694,33
10695,25
10696,29
10697,64
10698,29
10699,64
10700,64
10701,29
10702,4
10703,11
10704,6
10705,11
10706,64
10707,11
10708,11
10709,11
10710,6
10711,33
10712,11
10713,11
10714,11
10715,4
10716,64
10717,11
10718,64
10719,33
10720,11
10721,85
10722,64
10723,0
10724,64
10725,64
10726,64
10727,64
10728,64
10729,64
10730,11
10731,11
10732,64
10733,64
10734,64
10735,11
10736,64
10737,64
10738,25
10739,51
10740,0
10741,64
10742,64
10743,64
10744,6
10745,64
10746,6
10747,11
10748,64
10749,178
10750,11
10751,4
10752,64
10753,64
10754,51
10755,64
10756,11
10757,51
10758,11
10759,178
10760,11
10761,11
10762,11
10763,51
10764,11
10765,33
10766,39
10767,4
10768,64
10769,11
10770,64
10771,64
10772,11
10773,4
10774,6
10775,64
10776,64
10777,64
10778,64
10779,64
10780,64
10781,11
10782,64
10783,64
10784,64
10785,11
10786,11
10787,64
10788,51
10789,64
10790,64
10791,64
10792,64
10793,64
10794,25
10795,51
10796,64
10797,64
10798,64
10799,0
10800,64
10801,25
10802,64
10803,64
10804,64
10805,0
10806,0
10807,64
10808,64
10809,33
10810,11
10811,11
10812,8
10813,33
10814,11
10815,11
10816,0
10817,64
10818,64
10819,64
10820,64
10821,64
10822,64
10823,64
10824,64
10825,0
10826,11
10827,11
10828,0
10829,64
10830,64
10831,64
10832,64
10833,64
10834,64
10835,11
10836,4
10837,64
10838,51
10839,6
10840,64
10841,64
10842,220
10843,64
10844,64
10845,33
10846,33
10847,64
10848,11
10849,64
10850,11
10851,4
10852,2
10853,11
10854,16
10855,11
10856,11
10857,188
10858,11
10859,51
10860,64
10861,64
10862,51
10863,64
10864,11
10865,64
10866,6
10867,11
10868,11
10869,11
10870,4
10871,11
10872,64
10873,64
10874,64
10875,11
10876,11
10877,11
10878,64
10879,64
10880,4
10881,7
10882,64
10883,64
10884,51
10885,64
10886,64
10887,64
10888,64
10889,0
10890,64
10891,64
10892,51
10893,64
10894,64
10895,6
10896,64
10897,64
10898,64
10899,4
10900,4
10901,4
10902,11
10903,11
10904,11
10905,64
10906,11
10907,4
10908,4
10909,25
10910,64
10911,4
10912,64
10913,64
10914,64
10915,49
10916,64
10917,64
10918,0
10919,0
10920,64
10921,64
10922,11
10923,11
10924,64
10925,64
10926,64
10927,64
10928,64
10929,188
10930,11
10931,25
10932,220
10933,64
10934,64
10935,64
10936,64
10937,11
10938,64
10939,11
10940,51
10941,4
10942,64
10943,11
10944,64
10945,64
10946,64
10947,64
10948,51
10949,64
10950,64
10951,49
10952,64
10953,178
10954,64
10955,10
10956,11
10957,11
10958,64
10959,64
10960,64
10961,64
10962,51
10963,51
10964,33
10965,6
10966,11
10967,29
10968,64
10969,64
10970,178
10971,51
10972,4
10973,64
10974,64
10975,11
10976,29
10977,25
10978,4
10979,11
10980,33
10981,6
10982,33
10983,11
10984,11
10985,64
10986,64
10987,64
10988,64
10989,64
10990,11
10991,64
10992,4
10993,11
10994,11
10995,39
10996,64
10997,33
10998,4
10999,4
11000,14
11001,64
11002,11
11003,11
11004,11
11005,6
11006,11
11007,64
11008,247
11009,64
11010,64
11011,51
11012,6
11013,4
11014,11
11015,6
11016,64
11017,29
11018,64
11019,220
11020,11
11021,29
11022,64
11023,11
11024,10
11025,25
11026,64
11027,64
11028,229
11029,64
11030,119
11031,64
11032,64
11033,64
11034,64
11035,8
11036,64
11037,64
11038,11
11039,64
11040,64
11041,64
11042,51
11043,64
11044,64
11045,64
11046,64
11047,64
11048,25
11049,64
11050,25
11051,178
11052,64
11053,6
11054,11
11055,6
11056,11
11057,11
11058,11
11059,11
11060,64
11061,132
11062,29
11063,51
11064,29
11065,64
11066,64
11067,146
11068,64
11069,64
11070,64
11071,26
11072,8
11073,64
11074,64
11075,64
11076,64
11077,51
11078,64
11079,64
11080,64
11081,51
11082,64
11083,51
11084,25
11085,64
11086,25
11087,64
11088,146
11089,64
11090,64
11091,64
11092,220
11093,64
11094,64
11095,64
11096,33
11097,64
11098,64
11099,16
11100,64
11101,0
11102,64
11103,64
11104,64
11105,64
11106,64
11107,64
11108,64
11109,64
11110,16
11111,64
11112,64
11113,25
11114,64
11115,16
11116,64
11117,51
11118,64
11119,64
11120,25
11121,64
11122,16
11123,64
11124,64
11125,64
11126,64
11127,64
11128,11
11129,64
11130,25
11131,52
11132,64
11133,25
11134,27
11135,64
11136,64
11137,64
11138,64
11139,64
11140,64
11141,64
11142,51
11143,64
11144,64
11145,11
11146,11
11147,11
11148,11
11149,11
11150,64
11151,11
11152,4
11153,33
11154,11
11155,64
11156,64
11157,51
11158,64
11159,6
11160,4
11161,29
11162,220
11163,64
11164,64
11165,64
11166,51
11167,11
11168,11
11169,11
11170,11
11171,64
11172,4
11173,4
11174,64
11175,51
11176,4
11177,11
11178,11
11179,11
11180,11
11181,64
11182,11
11183,11
11184,11
11185,11
11186,6
11187,11
11188,51
11189,4
11190,64
11191,6
11192,11
11193,11
11194,6
11195,11
11196,64
11197,16
11198,64
11199,64
11200,64
11201,64
11202,64
11203,64
11204,51
11205,64
11206,33
11207,33
11208,64
11209,11
11210,6
11211,64
11212,33
11213,64
11214,64
11215,29
11216,11
11217,11
11218,6
11219,64
11220,11
11221,11
11222,8
11223,0
11224,64
11225,50
11226,11
11227,11
11228,64
11229,6
11230,64
11231,146
11232,4
11233,4
11234,64
11235,4
11236,64
11237,64
11238,64
11239,14
11240,64
11241,42
11242,146
11243,64
11244,11
11245,11
11246,29
11247,4
11248,64
11249,29
11250,138
11251,64
11252,11
11253,11
11254,11
11255,64
11256,64
11257,11
11258,64
11259,11
11260,11
11261,6
11262,64
11263,178
11264,64
11265,64
11266,64
11267,64
11268,64
11269,33
11270,51
11271,33
11272,4
11273,11
11274,64
11275,11
11276,6
11277,64
11278,64
11279,6
11280,64
11281,7
11282,4
11283,6
11284,11
11285,4
11286,64
11287,11
11288,29
11289,6
11290,11
11291,64
11292,11
11293,11
11294,4
11295,11
11296,11
11297,11
11298,11
11299,11
11300,11
11301,11
11302,64
11303,64
11304,11
11305,11
11306,11
11307,64
11308,4
11309,33
11310,64
11311,64
11312,64
11313,64
11314,64
11315,64
11316,64
11317,64
11318,64
11319,4
11320,64
11321,64
11322,4
11323,64
11324,64
11325,64
11326,64
11327,6
11328,6
11329,6
11330,33
11331,51
11332,64
11333,64
11334,64
11335,64
11336,188
11337,16
11338,64
11339,64
11340,5
11341,25
11342,64
11343,64
11344,64
11345,64
11346,64
11347,64
11348,64
11349,64
11350,64
11351,11
11352,4
11353,4
11354,11
11355,11
11356,64
11357,11
11358,51
11359,64
11360,11
11361,64
11362,64
11363,4
11364,64
11365,4
11366,138
11367,55
11368,6
11369,23
11370,64
11371,64
11372,25
11373,6
11374,6
11375,11
11376,6
11377,11
11378,6
11379,11
11380,4
11381,11
11382,33
11383,64
11384,64
11385,64
11386,64
11387,188
11388,64
11389,11
11390,11
11391,11
11392,11
11393,11
11394,6
11395,11
11396,11
11397,4
11398,4
11399,4
11400,283
11401,4
11402,4
11403,6
11404,11
11405,6
11406,4
11407,6
11408,11
11409,29
11410,4
11411,5
11412,64
11413,64
11414,64
11415,0
11416,64
11417,146
11418,10
11419,4
11420,64
11421,64
11422,64
11423,64
11424,64
11425,64
11426,64
11427,230
11428,64
11429,4
11430,64
11431,64
11432,64
11433,0
11434,0
11435,64
11436,64
11437,64
11438,64
11439,64
11440,64
11441,53
11442,11
11443,247
11444,64
11445,64
11446,51
11447,8
11448,6
11449,29
11450,33
11451,25
11452,0
11453,41
11454,64
11455,6
11456,11
11457,29
11458,11
11459,11
11460,64
11461,11
11462,33
11463,6
11464,11
11465,64
11466,64
11467,64
11468,25
11469,64
11470,4
11471,6
11472,64
11473,11
11474,6
11475,11
11476,4
11477,33
11478,11
11479,29
11480,33
11481,39
11482,29
11483,11
11484,11
11485,11
11486,64
11487,64
11488,6
11489,6
11490,64
11491,11
11492,11
11493,11
11494,11
11495,6
11496,33
11497,11
11498,11
11499,11
11500,11
11501,11
11502,11
11503,11
11504,64
11505,11
11506,11
11507,33
11508,11
11509,11
11510,11
11511,11
11512,4
11513,6
11514,11
11515,6
11516,11
11517,6
11518,6
11519,11
11520,64
11521,11
11522,4
11523,64
11524,39
11525,64
11526,6
11527,64
11528,11
11529,64
11530,64
11531,64
11532,11
11533,29
11534,64
11535,11
11536,11
11537,11
11538,11
11539,6
11540,64
11541,11
11542,64
11543,6
11544,4
11545,11
11546,11
11547,11
11548,11
11549,11
11550,64
11551,4
11552,6
11553,39
11554,64
11555,11
11556,55
11557,11
11558,64
11559,64
11560,6
11561,64
11562,4
11563,11
11564,29
11565,11
11566,64
11567,64
11568,64
11569,64
11570,64
11571,64
11572,64
11573,64
11574,64
11575,10
11576,64
11577,4
11578,11
11579,11
11580,6
11581,6
11582,11
11583,64
11584,11
11585,64
11586,64
11587,25
11588,64
11589,64
11590,64
11591,64
11592,64
11593,25
11594,64
11595,64
11596,6
11597,64
11598,64
11599,64
11600,64
11601,11
11602,11
11603,33
11604,4
11605,4
11606,64
11607,33
11608,6
11609,64
11610,29
11611,11
11612,11
11613,11
11614,6
11615,4
11616,6
11617,64
11618,64
11619,64
11620,11
11621,4
11622,64
11623,64
11624,25
11625,64
11626,64
11627,25
11628,119
11629,64
11630,52
11631,64
11632,64
11633,64
11634,8
11635,64
11636,55
11637,64
11638,64
11639,64
11640,64
11641,64
11642,64
11643,64
11644,26
11645,64
11646,64
11647,64
11648,5
11649,64
11650,64
11651,64
11652,25
11653,64
11654,64
11655,64
11656,178
11657,51
11658,64
11659,0
11660,146
11661,26
11662,119
11663,33
11664,64
11665,64
11666,64
11667,64
11668,64
11669,64
11670,64
11671,4
11672,64
11673,64
11674,51
11675,64
11676,0
11677,25
11678,25
11679,64
11680,11
11681,64
11682,64
11683,178
11684,64
11685,4
11686,64
11687,178
11688,6
11689,247
11690,11
11691,11
11692,64
11693,64
11694,25
11695,25
11696,11
11697,64
11698,220
11699,10
11700,64
11701,64
11702,64
11703,64
11704,64
11705,178
11706,247
11707,51
11708,220
11709,178
11710,51
11711,146
11712,64
11713,64
11714,64
11715,64
11716,64
11717,26
11718,64
11719,64
11720,64
11721,25
11722,64
11723,64
11724,64
11725,5
11726,64
11727,64
11728,64
11729,64
11730,119
11731,64
11732,64
11733,64
11734,16
11735,64
11736,64
11737,64
11738,16
11739,64
11740,64
11741,4
11742,17
11743,64
11744,64
11745,64
11746,64
11747,64
11748,64
11749,25
11750,64
11751,64
11752,25
11753,220
11754,64
11755,64
11756,64
11757,64
11758,64
11759,64
11760,11
11761,11
11762,64
11763,51
11764,64
11765,64
11766,64
11767,64
11768,25
11769,72
11770,64
11771,64
11772,64
11773,64
11774,64
11775,64
11776,64
11777,64
11778,64
11779,51
11780,16
11781,64
11782,4
11783,4
11784,64
11785,64
11786,64
11787,25
11788,64
11789,64
11790,64
11791,64
11792,64
11793,0
11794,64
11795,64
11796,64
11797,0
11798,64
11799,0
11800,0
11801,64
11802,64
11803,0
11804,64
11805,64
11806,25
11807,64
11808,64
11809,16
11810,220
11811,64
11812,64
11813,64
11814,6
11815,25
11816,64
11817,64
11818,64
11819,64
11820,0
11821,64
11822,64
11823,64
11824,64
11825,11
11826,64
11827,64
11828,64
11829,64
11830,64
11831,4
11832,64
11833,64
11834,64
11835,64
11836,4
11837,26
11838,64
11839,4
11840,64
11841,64
11842,64
11843,64
11844,64
11845,64
11846,25
11847,64
11848,64
11849,64
11850,0
11851,64
11852,64
11853,64
11854,64
11855,284
11856,64
11857,64
11858,64
11859,64
11860,10
11861,64
11862,64
11863,64
11864,137
11865,64
11866,64
11867,25
11868,64
11869,25
11870,64
11871,64
11872,64
11873,4
11874,64
11875,64
11876,64
11877,64
11878,64
11879,64
11880,64
11881,64
11882,64
11883,64
11884,11
11885,64
11886,64
11887,64
11888,64
11889,64
11890,64
11891,64
11892,64
11893,64
11894,64
11895,64
11896,64
11897,220
11898,64
11899,64
11900,25
11901,25
11902,64
11903,25
11904,64
11905,6
11906,64
11907,11
11908,64
11909,64
11910,64
11911,64
11912,64
11913,64
11914,64
11915,64
11916,6
11917,64
11918,64
11919,64
11920,64
11921,64
11922,64
11923,265
11924,64
11925,64
11926,64
11927,11
11928,4
11929,6
11930,64
11931,64
11932,64
11933,64
11934,11
11935,64
11936,11
11937,178
11938,64
11939,0
11940,64
11941,0
11942,0
11943,6
11944,64
11945,64
11946,11
11947,64
11948,64
11949,64
11950,11
11951,64
11952,64
11953,64
11954,64
11955,64
11956,64
11957,64
11958,64
11959,64
11960,8
11961,64
11962,64
11963,29
11964,64
11965,64
11966,64
11967,64
11968,0
11969,64
11970,64
11971,64
11972,64
11973,64
11974,64
11975,64
11976,50
11977,16
11978,64
11979,64
11980,64
11981,64
11982,64
11983,64
11984,64
11985,11
11986,64
11987,64
11988,64
11989,6
11990,26
11991,64
11992,64
11993,132
11994,64
11995,64
11996,64
11997,33
11998,64
11999,64
12000,6
12001,64
12002,178
12003,64
12004,64
12005,64
12006,26
12007,64
12008,64
12009,64
12010,64
12011,11
12012,64
12013,64
12014,64
12015,64
12016,25
12017,64
12018,64
12019,64
12020,64
12021,64
12022,64
12023,64
12024,64
12025,16
12026,25
12027,64
12028,220
12029,64
12030,11
12031,64
12032,64
12033,51
12034,64
12035,64
12036,64
12037,0
12038,4
12039,64
12040,64
12041,64
12042,64
12043,64
12044,64
12045,64
12046,25
12047,12
12048,64
12049,64
12050,11
12051,29
12052,64
12053,64
12054,25
12055,11
12056,64
12057,79
12058,64
12059,64
12060,64
12061,11
12062,25
12063,11
12064,64
12065,64
12066,4
12067,64
12068,64
12069,64
12070,64
12071,64
12072,64
12073,64
12074,64
12075,64
12076,64
12077,64
12078,232
12079,64
12080,64
12081,64
12082,11
12083,29
12084,29
12085,11
12086,11
12087,64
12088,64
12089,64
12090,64
12091,64
12092,64
12093,25
12094,64
12095,0
12096,51
12097,0
12098,25
12099,64
12100,64
12101,51
12102,64
12103,64
12104,64
12105,11
12106,64
12107,178
12108,178
12109,64
12110,64
12111,129
12112,178
12113,64
12114,4
12115,64
12116,64
12117,64
12118,64
12119,64
12120,11
12121,64
12122,64
12123,64
12124,64
12125,11
12126,64
12127,64
12128,64
12129,64
12130,64
12131,0
12132,64
12133,64
12134,0
12135,64
12136,64
12137,64
12138,64
12139,64
12140,64
12141,64
12142,11
12143,64
12144,11
12145,11
12146,64
12147,64
12148,64
12149,11
12150,64
12151,11
12152,11
12153,64
12154,64
12155,64
12156,64
12157,64
12158,26
12159,64
12160,64
12161,146
12162,64
12163,64
12164,64
12165,64
12166,64
12167,0
12168,64
12169,132
12170,4
12171,64
12172,64
12173,64
12174,64
12175,64
12176,4
12177,64
12178,64
12179,64
12180,64
12181,11
12182,64
12183,64
12184,64
12185,64
12186,132
12187,25
12188,25
12189,64
12190,64
12191,64
12192,49
12193,11
12194,64
12195,29
12196,64
12197,16
12198,64
12199,64
12200,64
12201,0
12202,16
12203,64
12204,64
12205,64
12206,64
12207,64
12208,51
12209,29
12210,29
12211,64
12212,16
12213,64
12214,64
12215,16
12216,64
12217,51
12218,64
12219,64
12220,64
12221,64
12222,64
12223,64
12224,0
12225,64
12226,64
12227,64
12228,64
12229,16
12230,25
12231,64
12232,64
12233,64
12234,64
12235,64
12236,16
12237,64
12238,25
12239,64
12240,64
12241,64
12242,64
12243,64
12244,64
12245,64
12246,51
12247,11
12248,64
12249,178
12250,64
12251,64
12252,64
12253,64
12254,64
12255,0
12256,64
12257,64
12258,64
12259,16
12260,64
12261,0
12262,64
12263,178
12264,64
12265,64
12266,0
12267,64
12268,52
12269,64
12270,64
12271,64
12272,64
12273,64
12274,64
12275,16
12276,64
12277,64
12278,64
12279,64
12280,64
12281,64
12282,64
12283,64
12284,64
12285,64
12286,64
12287,64
12288,64
12289,51
12290,64
12291,6
12292,64
12293,146
12294,64
12295,64
12296,64
12297,64
12298,64
12299,64
12300,64
12301,64
12302,72
12303,64
12304,64
12305,64
12306,64
12307,64
12308,64
12309,64
12310,64
12311,64
12312,64
12313,64
12314,11
12315,0
12316,64
12317,64
12318,64
12319,64
12320,64
12321,64
12322,64
12323,64
12324,64
12325,64
12326,188
12327,64
12328,64
12329,64
12330,64
12331,64
12332,64
12333,25
12334,64
12335,64
12336,64
12337,64
12338,64
12339,64
12340,64
12341,64
12342,178
12343,64
12344,64
12345,119
12346,8
12347,8
12348,137
12349,64
12350,64
12351,64
12352,64
12353,64
12354,64
12355,64
12356,64
12357,11
12358,11
12359,64
12360,64
12361,64
12362,0
12363,64
12364,64
12365,6
12366,0
12367,64
12368,64
12369,0
12370,64
12371,64
12372,137
12373,64
12374,64
12375,64
12376,64
12377,64
12378,64
12379,4
12380,16
12381,64
12382,64
12383,64
12384,64
12385,64
12386,64
12387,64
12388,29
12389,8
12390,64
12391,64
12392,64
12393,64
12394,64
12395,64
12396,64
12397,64
12398,64
12399,64
12400,25
12401,25
12402,25
12403,64
12404,231
12405,64
12406,137
12407,64
12408,51
12409,220
12410,64
12411,64
12412,64
12413,64
12414,64
12415,64
12416,64
12417,235
12418,64
12419,64
12420,64
12421,64
12422,64
12423,64
12424,64
12425,16
12426,64
12427,64
12428,64
12429,64
12430,64
12431,64
12432,64
12433,4
12434,4
12435,64
12436,64
12437,64
12438,25
12439,64
12440,64
12441,64
12442,64
12443,64
12444,64
12445,64
12446,64
12447,64
12448,64
12449,64
12450,64
12451,64
12452,16
12453,64
12454,29
12455,11
12456,64
12457,5
12458,64
12459,6
12460,6
12461,64
12462,51
12463,64
12464,64
12465,64
12466,51
12467,64
12468,64
12469,4
12470,64
12471,64
12472,64
12473,64
12474,64
12475,11
12476,64
12477,64
12478,64
12479,64
12480,64
12481,64
12482,64
12483,64
12484,178
12485,178
12486,64
12487,64
12488,64
12489,6
12490,64
12491,64
12492,16
12493,64
12494,64
12495,64
12496,64
12497,220
12498,64
12499,64
12500,64
12501,64
12502,64
12503,64
12504,64
12505,64
12506,64
12507,64
12508,11
12509,6
12510,64
12511,64
12512,64
12513,64
12514,64
12515,50
12516,64
12517,64
12518,132
12519,64
12520,64
12521,64
12522,17
12523,64
12524,64
12525,6
12526,64
12527,11
12528,11
12529,64
12530,64
12531,64
12532,64
12533,64
12534,64
12535,49
12536,64
12537,17
12538,64
12539,64
12540,64
12541,51
12542,17
12543,64
12544,64
12545,25
12546,6
12547,11
12548,64
12549,64
12550,16
12551,25
12552,64
12553,64
12554,4
12555,64
12556,64
12557,64
12558,17
12559,64
12560,64
12561,64
12562,64
12563,64
12564,115
12565,11
12566,11
12567,11
12568,11
12569,64
12570,64
12571,64
12572,64
12573,64
12574,64
12575,64
12576,64
12577,64
12578,64
12579,64
12580,64
12581,64
12582,64
12583,64
12584,64
12585,64
12586,64
12587,11
12588,33
12589,11
12590,64
12591,64
12592,64
12593,64
12594,64
12595,25
12596,64
12597,64
12598,64
12599,25
12600,16
12601,64
12602,64
12603,64
12604,64
12605,64
12606,64
12607,64
12608,64
12609,11
12610,25
12611,64
12612,64
12613,8
12614,64
12615,64
12616,64
12617,64
12618,64
12619,64
12620,0
12621,11
12622,11
12623,64
12624,64
12625,64
12626,8
12627,25
12628,25
12629,64
12630,16
12631,64
12632,64
12633,64
12634,25
12635,8
12636,25
12637,64
12638,64
12639,64
12640,64
12641,64
12642,64
12643,64
12644,64
12645,64
12646,64
12647,64
12648,64
12649,64
12650,64
12651,26
12652,64
12653,64
12654,64
12655,4
12656,64
12657,64
12658,64
12659,64
12660,64
12661,51
12662,64
12663,11
12664,11
12665,11
12666,11
12667,64
12668,6
12669,14
12670,64
12671,64
12672,64
12673,25
12674,220
12675,64
12676,6
12677,64
12678,178
12679,64
12680,64
12681,4
12682,64
12683,7
12684,6
12685,182
12686,64
12687,64
12688,4
12689,4
12690,4
12691,11
12692,14
12693,64
12694,64
12695,64
12696,64
12697,64
12698,64
12699,64
12700,64
12701,64
12702,0
12703,64
12704,64
12705,64
12706,64
12707,64
12708,64
12709,64
12710,11
12711,64
12712,64
12713,64
12714,64
12715,64
12716,220
12717,64
12718,64
12719,26
12720,64
12721,64
12722,64
12723,64
12724,64
12725,64
12726,64
12727,11
12728,64
12729,64
12730,64
12731,64
12732,64
12733,64
12734,64
12735,11
12736,64
12737,25
12738,64
12739,64
12740,64
12741,64
12742,64
12743,64
12744,64
12745,64
12746,64
12747,64
12748,64
12749,64
12750,51
12751,64
12752,64
12753,64
12754,11
12755,64
12756,0
12757,64
12758,4
12759,64
12760,64
12761,64
12762,11
12763,64
12764,64
12765,64
12766,64
12767,64
12768,0
12769,64
12770,64
12771,6
12772,64
12773,64
12774,64
12775,64
12776,64
12777,25
12778,11
12779,64
12780,64
12781,64
12782,64
12783,25
12784,64
12785,64
12786,64
12787,64
12788,64
12789,64
12790,64
12791,0
12792,64
12793,64
12794,64
12795,64
12796,64
12797,64
12798,4
12799,247
12800,64
12801,4
12802,64
12803,64
12804,0
12805,64
12806,64
12807,64
12808,64
12809,11
12810,64
12811,64
12812,64
12813,52
12814,64
12815,6
12816,6
12817,6
12818,6
12819,4
12820,4
12821,53
12822,64
12823,64
12824,64
12825,64
12826,64
12827,64
12828,64
12829,64
12830,11
12831,64
12832,64
12833,64
12834,64
12835,247
12836,64
12837,64
12838,12
12839,64
12840,64
12841,146
12842,64
12843,4
12844,132
12845,11
12846,25
12847,64
12848,64
12849,64
12850,64
12851,6
12852,64
12853,64
12854,64
12855,64
12856,11
12857,64
12858,64
12859,64
12860,64
12861,146
12862,64
12863,64
12864,84
12865,64
12866,64
12867,64
12868,64
12869,64
12870,64
12871,64
12872,64
12873,64
12874,64
12875,51
12876,64
12877,64
12878,178
12879,64
12880,64
12881,64
12882,64
12883,64
12884,6
12885,33
12886,4
12887,64
12888,64
12889,6
12890,4
12891,33
12892,85
12893,64
12894,64
12895,64
12896,64
12897,64
12898,64
12899,64
12900,64
12901,64
12902,64
12903,33
12904,4
12905,14
12906,64
12907,4
12908,29
12909,11
12910,146
12911,11
12912,4
12913,11
12914,6
12915,6
12916,64
12917,138
12918,138
12919,11
12920,4
12921,11
12922,11
12923,4
12924,0
12925,11
12926,64
12927,64
12928,33
12929,51
12930,64
12931,64
12932,11
12933,64
12934,64
12935,235
12936,64
12937,64
12938,64
12939,0
12940,25
12941,11
12942,6
12943,11
12944,11
12945,11
12946,11
12947,11
12948,14
12949,64
12950,11
12951,64
12952,64
12953,64
12954,64
12955,64
12956,11
12957,11
12958,64
12959,11
12960,64
12961,64
12962,64
12963,64
12964,64
12965,64
12966,25
12967,4
12968,64
12969,64
12970,11
12971,64
12972,64
12973,64
12974,247
12975,64
12976,64
12977,64
12978,64
12979,64
12980,64
12981,11
12982,29
12983,29
12984,64
12985,11
12986,64
12987,11
12988,64
12989,51
12990,4
12991,64
12992,52
12993,4
12994,29
12995,29
12996,6
12997,11
12998,6
12999,33
13000,4
13001,4
13002,64
13003,64
13004,64
13005,64
13006,11
13007,11
13008,11
13009,64
13010,64
13011,188
13012,11
13013,25
13014,64
13015,11
13016,6
13017,6
13018,11
13019,64
13020,64
13021,51
13022,51
13023,64
13024,64
13025,11
13026,6
13027,11
13028,64
13029,6
13030,11
13031,11
13032,64
13033,64
13034,33
13035,64
13036,11
13037,64
13038,11
13039,11
13040,64
13041,11
13042,11
13043,64
13044,178
13045,6
13046,64
13047,64
13048,26
13049,0
13050,64
13051,16
13052,64
13053,64
13054,64
13055,64
13056,64
13057,64
13058,64
13059,64
13060,11
13061,64
13062,64
13063,64
13064,6
13065,6
13066,33
13067,11
13068,6
13069,6
13070,11
13071,51
13072,6
13073,6
13074,6
13075,64
13076,64
13077,64
13078,64
13079,64
13080,64
13081,64
13082,64
13083,178
13084,64
13085,64
13086,64
13087,11
13088,11
13089,64
13090,0
13091,64
13092,25
13093,64
13094,64
13095,64
13096,4
13097,4
13098,11
13099,64
13100,64
13101,64
13102,0
13103,8
13104,64
13105,64
13106,64
13107,64
13108,64
13109,58
13110,11
13111,64
13112,6
13113,4
13114,25
13115,64
13116,64
13117,0
13118,64
13119,11
13120,64
13121,64
13122,64
13123,64
13124,64
13125,11
13126,0
13127,64
13128,11
13129,6
13130,64
13131,11
13132,11
13133,33
13134,11
13135,14
13136,64
13137,64
13138,49
13139,64
13140,11
13141,33
13142,6
13143,10
13144,33
13145,33
13146,11
13147,11
13148,11
13149,11
13150,115
13151,4
13152,6
13153,51
13154,51
13155,64
13156,64
13157,64
13158,64
13159,64
13160,64
13161,64
13162,64
13163,64
13164,64
13165,4
13166,64
13167,247
13168,64
13169,64
13170,4
13171,26
13172,4
13173,4
13174,220
13175,64
13176,64
13177,64
13178,64
13179,51
13180,64
13181,64
13182,64
13183,11
13184,51
13185,64
13186,64
13187,235
13188,247
13189,64
13190,64
13191,220
13192,64
13193,64
13194,64
13195,11
13196,64
13197,64
13198,64
13199,6
13200,64
13201,64
13202,0
13203,64
13204,64
13205,64
13206,64
13207,25
13208,64
13209,64
13210,64
13211,64
13212,11
13213,33
13214,64
13215,6
13216,6
13217,6
13218,33
13219,64
13220,11
13221,11
13222,11
13223,64
13224,64
13225,51
13226,64
13227,11
13228,64
13229,4
13230,64
13231,64
13232,64
13233,64
13234,6
13235,6
13236,64
13237,247
13238,64
13239,64
13240,64
13241,4
13242,4
13243,33
13244,8
13245,33
13246,10
13247,129
13248,64
13249,64
13250,64
13251,4
13252,11
13253,4
13254,29
13255,64
13256,4
13257,29
13258,11
13259,11
13260,11
13261,64
13262,11
13263,11
13264,64
13265,11
13266,64
13267,25
13268,64
13269,64
13270,64
13271,64
13272,64
13273,64
13274,64
13275,11
13276,11
13277,6
13278,11
13279,11
13280,64
13281,4
13282,64
13283,64
13284,6
13285,64
13286,64
13287,64
13288,11
13289,64
13290,64
13291,64
13292,64
13293,64
13294,64
13295,64
13296,64
13297,247
13298,64
13299,64
13300,64
13301,64
13302,64
13303,64
13304,64
13305,64
13306,64
13307,64
13308,64
13309,64
13310,64
13311,64
13312,64
13313,119
13314,64
13315,64
13316,0
13317,64
13318,64
13319,64
13320,11
13321,178
13322,178
13323,247
13324,247
13325,247
13326,247
13327,247
13328,247
13329,247
13330,247
13331,247
13332,247
13333,247
13334,247
13335,247
13336,247
13337,247
13338,247
13339,247
13340,247
13341,247
13342,247
13343,247
13344,247
13345,247
13346,247
13347,247
13348,247
13349,247
13350,247
13351,247
13352,247
13353,247
13354,247
13355,247
13356,247
13357,247
13358,247
13359,247
13360,247
13361,247
13362,247
13363,247
13364,247
13365,247
13366,247
13367,247
13368,247
13369,247
13370,247
13371,247
13372,247
13373,247
13374,178
13375,64
13376,11
13377,11
13378,11
13379,11
13380,247
13381,247
13382,178
13383,178
13384,178
13385,178
13386,178
13387,178
13388,178
13389,178
13390,178
13391,11
13392,178
13393,178
13394,178
13395,178
13396,178
13397,4
13398,178
13399,178
13400,178
13401,178
13402,178
13403,178
13404,178
13405,178
13406,178
13407,178
13408,178
13409,178
13410,178
13411,178
13412,11
13413,178
13414,178
13415,4
13416,178
13417,178
13418,178
13419,178
13420,178
13421,178
13422,178
13423,178
13424,178
13425,178
13426,178
13427,178
13428,247
13429,247
13430,247
13431,178
13432,6
13433,178
13434,178
13435,178
13436,8
13437,11
13438,14
13439,138
13440,11
13441,11
13442,64
13443,11
13444,247
13445,11
13446,64
13447,11
13448,4
13449,33
13450,64
13451,64
13452,178
13453,64
13454,64
13455,11
13456,64
13457,4
13458,33
13459,64
13460,64
13461,64
13462,64
13463,64
13464,64
13465,64
13466,64
13467,51
13468,64
13469,64
13470,64
13471,64
13472,64
13473,64
13474,266
13475,29
13476,64
13477,11
13478,6
13479,64
13480,37
13481,64
13482,64
13483,64
13484,11
13485,4
13486,11
13487,64
13488,6
13489,4
13490,11
13491,64
13492,64
13493,11
13494,11
13495,178
13496,11
13497,11
13498,51
13499,6
13500,6
13501,4
13502,11
13503,11
13504,11
13505,11
13506,11
13507,4
13508,11
13509,64
13510,64
13511,6
13512,64
13513,11
13514,11
13515,11
13516,11
13517,64
13518,11
13519,11
13520,64
13521,64
13522,64
13523,64
13524,64
13525,0
13526,64
13527,26
13528,146
13529,11
13530,11
13531,11
13532,11
13533,11
13534,11
13535,11
13536,11
13537,11
13538,4
13539,64
13540,4
13541,132
13542,64
13543,64
13544,64
13545,64
13546,84
13547,64
13548,64
13549,146
13550,64
13551,64
13552,51
13553,64
13554,178
13555,64
13556,64
13557,64
13558,64
13559,64
13560,64
13561,64
13562,64
13563,64
13564,29
13565,6
13566,11
13567,64
13568,64
13569,4
13570,4
13571,11
13572,6
13573,11
13574,11
13575,64
13576,11
13577,11
13578,64
13579,11
13580,6
13581,11
13582,4
13583,64
13584,64
13585,11
13586,6
13587,4
13588,4
13589,11
13590,11
13591,29
13592,64
13593,64
13594,64
13595,25
13596,64
13597,64
13598,11
13599,11
13600,4
13601,11
13602,64
13603,25
13604,64
13605,64
13606,25
13607,25
13608,64
13609,64
13610,64
13611,64
13612,51
13613,64
13614,64
13615,0
13616,178
13617,29
13618,11
13619,64
13620,64
13621,49
13622,64
13623,64
13624,64
13625,11
13626,64
13627,51
13628,11
13629,29
13630,29
13631,64
13632,64
13633,64
13634,64
13635,64
13636,64
13637,26
13638,64
13639,26
13640,119
13641,64
13642,64
13643,64
13644,64
13645,64
13646,10
13647,25
13648,64
13649,11
13650,51
13651,11
13652,64
13653,64
13654,4
13655,64
13656,64
13657,64
13658,64
13659,64
13660,64
13661,25
13662,64
13663,64
13664,10
13665,11
13666,64
13667,64
13668,11
13669,11
13670,64
13671,64
13672,64
13673,25
13674,64
13675,64
13676,29
13677,11
13678,178
13679,11
13680,6
13681,4
13682,29
13683,247
13684,68
13685,11
13686,64
13687,64
13688,64
13689,64
13690,4
13691,64
13692,64
13693,4
13694,64
13695,0
13696,11
13697,64
13698,64
13699,25
13700,4
13701,11
13702,64
13703,64
13704,64
13705,11
13706,64
13707,64
13708,4
13709,11
13710,64
13711,64
13712,64
13713,6
13714,11
13715,4
13716,11
13717,4
13718,64
13719,64
13720,6
13721,64
13722,64
13723,64
13724,64
13725,64
13726,64
13727,64
13728,4
13729,25
13730,64
13731,6
13732,11
13733,64
13734,64
13735,4
13736,11
13737,6
13738,4
13739,64
13740,25
13741,4
13742,33
13743,11
13744,4
13745,6
13746,64
13747,29
13748,11
13749,64
13750,4
13751,6
13752,178
13753,64
13754,64
13755,4
13756,64
13757,11
13758,64
13759,4
13760,64
13761,6
13762,64
13763,25
13764,25
13765,11
13766,6
13767,51
13768,11
13769,64
13770,178
13771,220
13772,6
13773,11
13774,64
13775,11
13776,33
13777,64
13778,64
13779,64
13780,11
13781,64
13782,64
13783,64
13784,64
13785,64
13786,64
13787,64
13788,64
13789,64
13790,64
13791,64
13792,64
13793,25
13794,64
13795,64
13796,64
13797,11
13798,0
13799,11
13800,64
13801,64
13802,64
13803,64
13804,64
13805,64
13806,8
13807,25
13808,64
13809,64
13810,64
13811,64
13812,64
13813,25
13814,64
13815,64
13816,64
13817,11
13818,64
13819,64
13820,64
13821,64
13822,64
13823,64
13824,64
13825,64
13826,64
13827,8
13828,64
13829,64
13830,64
13831,64
13832,8
13833,64
13834,64
13835,64
13836,64
13837,25
13838,64
13839,64
13840,64
13841,16
13842,64
13843,64
13844,64
13845,29
13846,64
13847,64
13848,11
13849,64
13850,64
13851,11
13852,64
13853,64
13854,64
13855,0
13856,64
13857,64
13858,11
13859,64
13860,64
13861,64
13862,64
13863,64
13864,64
13865,64
13866,64
13867,64
13868,64
13869,64
13870,25
13871,64
13872,64
13873,64
13874,64
13875,64
13876,64
13877,64
13878,33
13879,64
13880,64
13881,64
13882,64
13883,64
13884,64
13885,64
13886,64
13887,64
13888,64
13889,64
13890,64
13891,64
13892,64
13893,64
13894,64
13895,229
13896,64
13897,64
13898,64
13899,64
13900,64
13901,64
13902,64
13903,64
13904,11
13905,6
13906,64
13907,64
13908,64
13909,64
13910,64
13911,64
13912,64
13913,64
13914,11
13915,64
13916,25
13917,64
13918,64
13919,64
13920,6
13921,33
13922,64
13923,11
13924,138
13925,64
13926,6
13927,11
13928,6
13929,33
13930,64
13931,64
13932,64
13933,64
13934,64
13935,51
13936,64
13937,64
13938,64
13939,64
13940,64
13941,64
13942,231
13943,64
13944,64
13945,64
13946,33
13947,6
13948,188
13949,4
13950,64
13951,51
13952,49
13953,11
13954,26
13955,64
13956,64
13957,51
13958,64
13959,64
13960,64
13961,64
13962,64
13963,64
13964,64
13965,10
13966,64
13967,51
13968,64
13969,64
13970,64
13971,64
13972,64
13973,64
13974,64
13975,25
13976,25
13977,64
13978,64
13979,64
13980,64
13981,55
13982,25
13983,64
13984,64
13985,64
13986,64
13987,64
13988,64
13989,64
13990,64
13991,64
13992,64
13993,64
13994,64
13995,64
13996,64
13997,64
13998,64
13999,64
14000,64
14001,25
14002,64
14003,64
14004,64
14005,64
14006,64
14007,11
14008,64
14009,64
14010,6
14011,64
14012,64
14013,64
14014,64
14015,64
14016,64
14017,64
14018,64
14019,64
14020,64
14021,64
14022,64
14023,64
14024,64
14025,25
14026,132
14027,64
14028,0
14029,64
14030,64
14031,64
14032,64
14033,64
14034,178
14035,25
14036,220
14037,64
14038,64
14039,64
14040,64
14041,51
14042,64
14043,64
14044,64
14045,64
14046,64
14047,64
14048,64
14049,64
14050,53
14051,64
14052,64
14053,11
14054,11
14055,11
14056,11
14057,11
14058,64
14059,64
14060,64
14061,178
14062,25
14063,64
14064,64
14065,64
14066,178
14067,11
14068,64
14069,64
14070,64
14071,64
14072,64
14073,64
14074,64
14075,64
14076,25
14077,64
14078,64
14079,0
14080,64
14081,0
14082,64
14083,64
14084,64
14085,0
14086,178
14087,25
14088,64
14089,64
14090,64
14091,64
14092,64
14093,64
14094,0
14095,64
14096,26
14097,64
14098,64
14099,64
14100,64
14101,64
14102,16
14103,29
14104,11
14105,29
14106,177
14107,64
14108,247
14109,247
14110,64
14111,64
14112,64
14113,64
14114,64
14115,64
14116,11
14117,178
14118,64
14119,64
14120,33
14121,64
14122,64
14123,64
14124,64
14125,64
14126,64
14127,4
14128,11
14129,11
14130,64
14131,11
14132,64
14133,6
14134,10
14135,4
14136,64
14137,64
14138,64
14139,64
14140,247
14141,64
14142,64
14143,64
14144,51
14145,64
14146,64
14147,64
14148,25
14149,11
14150,64
14151,11
14152,33
14153,11
14154,11
14155,11
14156,11
14157,11
14158,64
14159,64
14160,64
14161,64
14162,11
14163,11
14164,11
14165,11
14166,11
14167,33
14168,26
14169,11
14170,4
14171,10
14172,64
14173,25
14174,6
14175,4
14176,64
14177,64
14178,64
14179,64
14180,64
14181,64
14182,11
14183,4
14184,64
14185,64
14186,29
14187,64
14188,64
14189,51
14190,64
14191,0
14192,25
14193,64
14194,64
14195,26
14196,64
14197,64
14198,64
14199,6
14200,64
14201,64
14202,4
14203,64
14204,0
14205,0
14206,64
14207,11
14208,64
14209,64
14210,64
14211,64
14212,64
14213,64
14214,64
14215,64
14216,64
14217,64
14218,64
14219,11
14220,64
14221,64
14222,64
14223,64
14224,0
14225,4
14226,146
14227,64
14228,64
14229,26
14230,64
14231,11
14232,4
14233,11
14234,11
14235,11
14236,64
14237,85
14238,64
14239,64
14240,64
14241,11
14242,64
14243,247
14244,247
14245,64
14246,52
14247,64
14248,64
14249,0
14250,64
14251,64
14252,64
14253,0
14254,64
14255,119
14256,178
14257,6
14258,11
14259,11
14260,6
14261,6
14262,64
14263,64
14264,25
14265,64
14266,0
14267,11
14268,64
14269,6
14270,11
14271,64
14272,178
14273,51
14274,11
14275,64
14276,64
14277,64
14278,8
14279,39
14280,64
14281,64
14282,64
14283,64
14284,64
14285,6
14286,6
14287,11
14288,178
14289,33
14290,178
14291,4
14292,11
14293,11
14294,64
14295,4
14296,119
14297,11
14298,10
14299,64
14300,64
14301,220
14302,4
14303,4
14304,64
14305,64
14306,4
14307,25
14308,64
14309,11
14310,64
14311,64
14312,4
14313,11
14314,64
14315,11
14316,11
14317,64
14318,4
14319,64
14320,64
14321,64
14322,119
14323,64
14324,11
14325,11
14326,4
14327,11
14328,64
14329,11
14330,178
14331,29
14332,29
14333,4
14334,11
14335,11
14336,29
14337,64
14338,11
14339,11
14340,11
14341,11
14342,64
14343,11
14344,4
14345,64
14346,11
14347,64
14348,4
14349,64
14350,0
14351,4
14352,4
14353,6
14354,64
14355,33
14356,11
14357,11
14358,178
14359,178
14360,11
14361,11
14362,11
14363,11
14364,178
14365,6
14366,11
14367,6
14368,33
14369,11
14370,4
14371,178
14372,11
14373,11
14374,11
14375,11
14376,64
14377,178
14378,64
14379,11
14380,11
14381,64
14382,64
14383,178
14384,64
14385,11
14386,6
14387,33
14388,64
14389,178
14390,11
14391,6
14392,6
14393,64
14394,64
14395,64
14396,11
14397,11
14398,178
14399,6
14400,4
14401,6
14402,11
14403,6
14404,6
14405,11
14406,11
14407,11
14408,64
14409,0
14410,64
14411,64
14412,4
14413,4
14414,64
14415,64
14416,10
14417,64
14418,64
14419,64
14420,4
14421,11
14422,11
14423,64
14424,11
14425,11
14426,11
14427,11
14428,4
14429,11
14430,64
14431,6
14432,11
14433,11
14434,11
14435,11
14436,138
14437,6
14438,29
14439,4
14440,29
14441,6
14442,29
14443,138
14444,178
14445,64
14446,64
14447,11
14448,11
14449,6
14450,11
14451,11
14452,11
14453,11
14454,11
14455,11
14456,64
14457,26
14458,23
14459,64
14460,64
14461,64
14462,64
14463,64
14464,11
14465,64
14466,11
14467,11
14468,64
14469,6
14470,64
14471,25
14472,64
14473,11
14474,64
14475,72
14476,11
14477,4
14478,4
14479,25
14480,64
14481,64
14482,11
14483,25
14484,64
14485,4
14486,64
14487,0
14488,64
14489,0
14490,178
14491,247
14492,64
14493,0
14494,64
14495,64
14496,64
14497,64
14498,64
14499,247
14500,64
14501,29
14502,64
14503,25
14504,220
14505,146
14506,64
14507,64
14508,64
14509,178
14510,64
14511,64
14512,64
14513,0
14514,11
14515,11
14516,178
14517,79
14518,11
14519,11
14520,11
14521,64
14522,64
14523,64
14524,8
14525,11
14526,64
14527,11
14528,64
14529,64
14530,11
14531,64
14532,29
14533,64
14534,64
14535,64
14536,64
14537,29
14538,64
14539,29
14540,11
14541,8
14542,25
14543,6
14544,64
14545,64
14546,64
14547,64
14548,11
14549,11
14550,11
14551,11
14552,64
14553,138
14554,11
14555,11
14556,64
14557,64
14558,6
14559,4
14560,11
14561,6
14562,64
14563,11
14564,11
14565,64
14566,64
14567,64
14568,51
14569,11
14570,11
14571,10
14572,64
14573,64
14574,4
14575,4
14576,64
14577,11
14578,29
14579,64
14580,64
14581,64
14582,64
14583,64
14584,64
14585,64
14586,25
14587,64
14588,64
14589,64
14590,64
14591,0
14592,26
14593,64
14594,64
14595,64
14596,64
14597,64
14598,64
14599,4
14600,4
14601,64
14602,220
14603,64
14604,64
14605,26
14606,64
14607,11
14608,64
14609,64
14610,0
14611,64
14612,64
14613,4
14614,64
14615,10
14616,64
14617,64
14618,64
14619,11
14620,64
14621,64
14622,64
14623,51
14624,64
14625,64
14626,64
14627,64
14628,0
14629,64
14630,11
14631,11
14632,11
14633,11
14634,11
14635,11
14636,33
14637,6
14638,6
14639,11
14640,11
14641,64
14642,11
14643,4
14644,64
14645,29
14646,29
14647,64
14648,64
14649,64
14650,0
14651,220
14652,64
14653,119
14654,6
14655,33
14656,4
14657,11
14658,11
14659,64
14660,64
14661,4
14662,4
14663,29
14664,138
14665,11
14666,4
14667,11
14668,11
14669,4
14670,6
14671,4
14672,11
14673,11
14674,11
14675,4
14676,64
14677,64
14678,4
14679,64
14680,64
14681,64
14682,29
14683,64
14684,64
14685,64
14686,4
14687,64
14688,64
14689,64
14690,11
14691,64
14692,64
14693,64
14694,64
14695,64
14696,64
14697,26
14698,4
14699,64
14700,64
14701,64
14702,64
14703,51
14704,11
14705,51
14706,33
14707,4
14708,4
14709,6
14710,29
14711,6
14712,4
14713,11
14714,11
14715,33
14716,33
14717,64
14718,11
14719,11
14720,33
14721,11
14722,11
14723,64
14724,64
14725,178
14726,4
14727,178
14728,6
14729,64
14730,4
14731,64
14732,11
14733,64
14734,11
14735,64
14736,25
14737,11
14738,11
14739,33
14740,64
14741,11
14742,11
14743,4
14744,11
14745,11
14746,11
14747,138
14748,11
14749,0
14750,51
14751,4
14752,4
14753,4
14754,64
14755,11
14756,64
14757,11
14758,11
14759,11
14760,11
14761,6
14762,11
14763,11
14764,33
14765,6
14766,29
14767,11
14768,64
14769,64
14770,64
14771,29
14772,11
14773,64
14774,64
14775,64
14776,4
14777,178
14778,64
14779,64
14780,11
14781,178
14782,10
14783,11
14784,33
14785,64
14786,4
14787,64
14788,6
14789,6
14790,11
14791,11
14792,11
14793,11
14794,11
14795,4
14796,11
14797,11
14798,6
14799,29
14800,4
14801,11
14802,11
14803,11
14804,2
14805,11
14806,4
14807,11
14808,178
14809,29
14810,64
14811,146
14812,68
14813,25
14814,11
14815,11
14816,64
14817,11
14818,64
14819,11
14820,4
14821,138
14822,4
14823,29
14824,11
14825,6
14826,11
14827,64
14828,11
14829,4
14830,6
14831,29
14832,4
14833,29
14834,11
14835,4
14836,11
14837,11
14838,7
14839,11
14840,11
14841,6
14842,64
14843,64
14844,64
14845,64
14846,64
14847,64
14848,0
14849,11
14850,10
14851,64
14852,64
14853,64
14854,64
14855,64
14856,25
14857,178
14858,4
14859,64
14860,4
14861,64
14862,4
14863,64
14864,8
14865,11
14866,64
14867,11
14868,11
14869,11
14870,64
14871,64
14872,64
14873,64
14874,26
14875,64
14876,64
14877,64
14878,64
14879,178
14880,64
14881,64
14882,64
14883,11
14884,64
14885,11
14886,115
14887,11
14888,6
14889,6
14890,4
14891,11
14892,33
14893,4
14894,4
14895,64
14896,11
14897,11
14898,33
14899,11
14900,11
14901,178
14902,64
14903,4
14904,4
14905,64
14906,64
14907,64
14908,11
14909,6
14910,2
14911,64
14912,64
14913,64
14914,64
14915,64
14916,64
14917,64
14918,64
14919,11
14920,64
14921,64
14922,0
14923,64
14924,64
14925,0
14926,0
14927,64
14928,25
14929,64
14930,64
14931,64
14932,64
14933,64
14934,64
14935,64
14936,64
14937,26
14938,64
14939,64
14940,64
14941,64
14942,64
14943,64
14944,64
14945,64
14946,64
14947,64
14948,64
14949,64
14950,64
14951,64
14952,4
14953,64
14954,64
14955,26
14956,64
14957,64
14958,64
14959,119
14960,64
14961,64
14962,11
14963,64
14964,64
14965,64
14966,64
14967,11
14968,138
14969,11
14970,11
14971,119
14972,64
14973,64
14974,64
14975,69
14976,64
14977,6
14978,51
14979,64
14980,0
14981,64
14982,11
14983,4
14984,11
14985,11
14986,4
14987,64
14988,64
14989,11
14990,64
14991,64
14992,64
14993,64
14994,25
14995,11
14996,64
14997,6
14998,6
14999,64
15000,64
15001,0
15002,64
15003,0
15004,64
15005,64
15006,64
15007,64
15008,8
15009,64
15010,64
15011,64
15012,64
15013,64
15014,64
15015,8
15016,64
15017,146
15018,64
15019,16
15020,64
15021,64
15022,64
15023,64
15024,64
15025,64
15026,64
15027,64
15028,64
15029,146
15030,64
15031,178
15032,64
15033,64
15034,64
15035,64
15036,0
15037,64
15038,64
15039,64
15040,64
15041,247
15042,64
15043,11
15044,11
15045,64
15046,11
15047,11
15048,64
15049,25
15050,64
15051,64
15052,64
15053,4
15054,4
15055,0
15056,138
15057,64
15058,64
15059,64
15060,64
15061,64
15062,64
15063,64
15064,64
15065,64
15066,64
15067,64
15068,64
15069,11
15070,64
15071,64
15072,64
15073,64
15074,64
15075,64
15076,64
15077,64
15078,115
15079,64
15080,64
15081,64
15082,11
15083,25
15084,11
15085,11
15086,64
15087,64
15088,64
15089,26
15090,64
15091,11
15092,11
15093,4
15094,6
15095,25
15096,6
15097,64
15098,6
15099,4
15100,64
15101,11
15102,11
15103,64
15104,11
15105,64
15106,4
15107,29
15108,11
15109,64
15110,4
15111,64
15112,14
15113,11
15114,11
15115,11
15116,11
15117,11
15118,10
15119,64
15120,11
15121,11
15122,11
15123,64
15124,29
15125,64
15126,64
15127,33
15128,11
15129,6
15130,11
15131,11
15132,11
15133,11
15134,11
15135,64
15136,4
15137,4
15138,11
15139,29
15140,138
15141,13
15142,6
15143,4
15144,4
15145,11
15146,11
15147,11
15148,64
15149,64
15150,64
15151,25
15152,64
15153,11
15154,6
15155,29
15156,11
15157,43
15158,11
15159,6
15160,11
15161,64
15162,11
15163,4
15164,11
15165,11
15166,11
15167,11
15168,11
15169,11
15170,64
15171,11
15172,11
15173,29
15174,11
15175,11
15176,33
15177,178
15178,6
15179,11
15180,33
15181,29
15182,64
15183,4
15184,4
15185,6
15186,6
15187,64
15188,6
15189,64
15190,4
15191,11
15192,11
15193,11
15194,132
15195,64
15196,6
15197,11
15198,11
15199,11
15200,64
15201,11
15202,11
15203,11
15204,11
15205,11
15206,11
15207,11
15208,11
15209,6
15210,6
15211,64
15212,64
15213,64
15214,25
15215,64
15216,64
15217,64
15218,64
15219,64
15220,6
15221,64
15222,64
15223,4
15224,4
15225,64
15226,64
15227,64
15228,64
15229,64
15230,64
15231,11
15232,64
15233,0
15234,64
15235,11
15236,64
15237,64
15238,64
15239,29
15240,11
15241,11
15242,64
15243,11
15244,11
15245,11
15246,11
15247,11
15248,64
15249,119
15250,64
15251,6
15252,49
15253,11
15254,25
15255,33
15256,11
15257,11
15258,11
15259,29
15260,11
15261,64
15262,64
15263,11
15264,64
15265,64
15266,4
15267,64
15268,6
15269,4
15270,64
15271,64
15272,64
15273,8
15274,64
15275,64
15276,64
15277,29
15278,64
15279,33
15280,11
15281,11
15282,11
15283,4
15284,11
15285,11
15286,11
15287,11
15288,10
15289,11
15290,64
15291,11
15292,11
15293,11
15294,4
15295,11
15296,11
15297,64
15298,64
15299,64
15300,26
15301,279
15302,11
15303,11
15304,283
15305,64
15306,0
15307,0
15308,11
15309,11
15310,11
15311,11
15312,11
15313,29
15314,64
15315,11
15316,0
15317,33
15318,33
15319,11
15320,11
15321,6
15322,4
15323,4
15324,6
15325,11
15326,64
15327,6
15328,11
15329,4
15330,64
15331,4
15332,11
15333,6
15334,64
15335,64
15336,11
15337,0
15338,11
15339,11
15340,64
15341,0
15342,64
15343,0
15344,64
15345,178
15346,6
15347,64
15348,64
15349,64
15350,8
15351,64
15352,64
15353,64
15354,64
15355,64
15356,64
15357,64
15358,64
15359,64
15360,64
15361,64
15362,64
15363,64
15364,64
15365,64
15366,64
15367,64
15368,64
15369,64
15370,64
15371,64
15372,64
15373,64
15374,25
15375,64
15376,64
15377,64
15378,64
15379,64
15380,64
15381,64
15382,64
15383,64
15384,64
15385,146
15386,6
15387,64
15388,64
15389,64
15390,17
15391,64
15392,64
15393,64
15394,51
15395,64
15396,14
15397,64
15398,29
15399,64
15400,11
15401,33
15402,6
15403,64
15404,64
15405,64
15406,64
15407,29
15408,6
15409,11
15410,11
15411,64
15412,64
15413,199
15414,64
15415,4
15416,26
15417,64
15418,247
15419,64
15420,4
15421,64
15422,64
15423,64
15424,64
15425,64
15426,64
15427,64
15428,64
15429,64
15430,64
15431,0
15432,0
15433,11
15434,37
15435,64
15436,11
15437,11
15438,64
15439,64
15440,64
15441,64
15442,25
15443,64
15444,33
15445,11
15446,64
15447,11
15448,11
15449,11
15450,64
15451,64
15452,64
15453,64
15454,64
15455,64
15456,64
15457,11
15458,11
15459,11
15460,11
15461,64
15462,64
15463,64
15464,64
15465,64
15466,8
15467,0
15468,64
15469,64
15470,64
15471,64
15472,64
15473,64
15474,33
15475,64
15476,64
15477,64
15478,64
15479,64
15480,64
15481,64
15482,64
15483,26
15484,64
15485,64
15486,4
15487,64
15488,64
15489,0
15490,64
15491,64
15492,64
15493,0
15494,0
15495,64
15496,64
15497,64
15498,64
15499,64
15500,26
15501,0
15502,64
15503,64
15504,64
15505,39
15506,64
15507,64
15508,64
15509,11
15510,4
15511,10
15512,11
15513,4
15514,138
15515,6
15516,64
15517,25
15518,64
15519,64
15520,64
15521,4
15522,64
15523,64
15524,64
15525,64
15526,64
15527,64
15528,64
15529,4
15530,4
15531,11
15532,64
15533,0
15534,64
15535,64
15536,64
15537,64
15538,64
15539,64
15540,29
15541,11
15542,33
15543,11
15544,64
15545,64
15546,64
15547,64
15548,64
15549,64
15550,64
15551,11
15552,64
15553,4
15554,178
15555,4
15556,11
15557,4
15558,4
15559,4
15560,64
15561,64
15562,16
15563,64
15564,0
15565,0
15566,64
15567,64
15568,64
15569,64
15570,0
15571,11
15572,64
15573,64
15574,64
15575,64
15576,11
15577,64
15578,4
15579,64
15580,64
15581,64
15582,64
15583,8
15584,25
15585,64
15586,64
15587,11
15588,6
15589,64
15590,64
15591,26
15592,64
15593,4
15594,64
15595,0
15596,64
15597,64
15598,64
15599,247
15600,11
15601,64
15602,64
15603,11
15604,26
15605,51
15606,64
15607,6
15608,64
15609,6
15610,11
15611,11
15612,11
15613,11
15614,11
15615,11
15616,11
15617,11
15618,64
15619,11
15620,11
15621,11
15622,6
15623,4
15624,11
15625,11
15626,11
15627,11
15628,11
15629,16
15630,64
15631,11
15632,64
15633,64
15634,11
15635,64
15636,11
15637,64
15638,64
15639,64
15640,64
15641,64
15642,64
15643,64
15644,11
15645,64
15646,64
15647,6
15648,64
15649,6
15650,25
15651,25
15652,64
15653,11
15654,11
15655,11
15656,64
15657,11
15658,6
15659,11
15660,64
15661,11
15662,64
15663,64
15664,64
15665,6
15666,6
15667,11
15668,11
15669,11
15670,64
15671,64
15672,64
15673,0
15674,0
15675,64
15676,64
15677,64
15678,64
15679,11
15680,11
15681,64
15682,64
15683,64
15684,64
15685,25
15686,64
15687,64
15688,49
15689,64
15690,64
15691,64
15692,64
15693,178
15694,64
15695,64
15696,6
15697,64
15698,11
15699,64
15700,64
15701,64
15702,11
15703,11
15704,4
15705,25
15706,64
15707,8
15708,64
15709,64
15710,4
15711,11
15712,64
15713,64
15714,64
15715,64
15716,64
15717,64
15718,25
15719,64
15720,64
15721,64
15722,64
15723,64
15724,64
15725,64
15726,64
15727,11
15728,11
15729,64
15730,64
15731,64
15732,64
15733,11
15734,11
15735,132
15736,29
15737,11
15738,11
15739,0
15740,11
15741,0
15742,33
15743,4
15744,7
15745,11
15746,4
15747,11
15748,4
15749,64
15750,64
15751,64
15752,64
15753,4
15754,6
15755,11
15756,11
15757,6
15758,64
15759,64
15760,29
15761,29
15762,64
15763,11
15764,6
15765,29
15766,11
15767,11
15768,64
15769,6
15770,11
15771,11
15772,4
15773,6
15774,4
15775,64
15776,64
15777,64
15778,64
15779,64
15780,0
15781,64
15782,64
15783,11
15784,6
15785,64
15786,64
15787,0
15788,11
15789,11
15790,11
15791,4
15792,4
15793,11
15794,11
15795,4
15796,6
15797,64
15798,0
15799,0
15800,64
15801,64
15802,64
15803,11
15804,6
15805,11
15806,4
15807,11
15808,11
15809,6
15810,64
15811,4
15812,33
15813,11
15814,11
15815,64
15816,11
15817,64
15818,64
15819,11
15820,64
15821,64
15822,11
15823,64
15824,25
15825,64
15826,11
15827,64
15828,64
15829,64
15830,4
15831,33
15832,11
15833,4
15834,4
15835,64
15836,64
15837,4
15838,6
15839,11
15840,11
15841,6
15842,29
15843,11
15844,64
15845,4
15846,4
15847,64
15848,64
15849,247
15850,64
15851,64
15852,64
15853,64
15854,11
15855,11
15856,64
15857,64
15858,64
15859,64
15860,11
15861,7
15862,11
15863,6
15864,6
15865,11
15866,64
15867,64
15868,29
15869,8
15870,64
15871,64
15872,4
15873,4
15874,33
15875,11
15876,64
15877,6
15878,11
15879,29
15880,64
15881,11
15882,11
15883,64
15884,64
15885,4
15886,4
15887,64
15888,4
15889,178
15890,11
15891,11
15892,33
15893,64
15894,64
15895,11
15896,11
15897,64
15898,11
15899,11
15900,29
15901,11
15902,2
15903,64
15904,6
15905,11
15906,26
15907,64
15908,64
15909,29
15910,64
15911,64
15912,64
15913,64
15914,64
15915,64
15916,64
15917,26
15918,0
15919,64
15920,64
15921,25
15922,64
15923,64
15924,64
15925,247
15926,11
15927,4
15928,11
15929,11
15930,64
15931,11
15932,64
15933,64
15934,64
15935,11
15936,33
15937,16
15938,11
15939,64
15940,64
15941,4
15942,64
15943,64
15944,178
15945,33
15946,4
15947,11
15948,4
15949,6
15950,6
15951,64
15952,6
15953,6
15954,29
15955,6
15956,29
15957,11
15958,29
15959,4
15960,11
15961,11
15962,4
15963,11
15964,4
15965,6
15966,6
15967,11
15968,64
15969,4
15970,11
15971,11
15972,11
15973,29
15974,6
15975,64
15976,64
15977,11
15978,4
15979,64
15980,6
15981,11
15982,11
15983,11
15984,4
15985,11
15986,6
15987,11
15988,11
15989,11
15990,11
15991,6
15992,33
15993,11
15994,8
15995,64
15996,64
15997,64
15998,0
15999,0
16000,0
16001,64
16002,64
16003,64
16004,11
16005,11
16006,11
16007,11
16008,11
16009,64
16010,4
16011,4
16012,11
16013,64
16014,33
16015,4
16016,6
16017,11
16018,64
16019,64
16020,4
16021,33
16022,4
16023,27
16024,11
16025,11
16026,33
16027,11
16028,11
16029,33
16030,11
16031,6
16032,11
16033,4
16034,6
16035,11
16036,11
16037,4
16038,178
16039,137
16040,137
16041,29
16042,6
16043,11
16044,11
16045,64
16046,64
16047,11
16048,11
16049,64
16050,29
16051,64
16052,64
16053,11
16054,33
16055,6
16056,11
16057,11
16058,11
16059,10
16060,6
16061,4
16062,4
16063,29
16064,4
16065,11
16066,64
16067,64
16068,11
16069,64
16070,64
16071,64
16072,64
16073,64
16074,5
16075,64
16076,26
16077,64
16078,64
16079,25
16080,64
16081,64
16082,64
16083,29
16084,64
16085,64
16086,64
16087,64
16088,64
16089,64
16090,64
16091,11
16092,64
16093,64
16094,64
16095,64
16096,64
16097,0
16098,64
16099,64
16100,64
16101,6
16102,4
16103,4
16104,11
16105,6
16106,11
16107,11
16108,11
16109,33
16110,11
16111,14
16112,29
16113,29
16114,11
16115,29
16116,30
16117,6
16118,138
16119,2
16120,11
16121,11
16122,11
16123,6
16124,4
16125,11
16126,64
16127,64
16128,64
16129,64
16130,64
16131,29
16132,33
16133,6
16134,64
16135,64
16136,0
16137,64
16138,64
16139,64
16140,29
16141,11
16142,64
16143,11
16144,29
16145,178
16146,33
16147,11
16148,4
16149,11
16150,11
16151,64
16152,6
16153,33
16154,6
16155,39
16156,53
16157,11
16158,64
16159,64
16160,64
16161,64
16162,25
16163,64
16164,64
16165,64
16166,64
16167,11
16168,64
16169,64
16170,64
16171,64
16172,64
16173,64
16174,64
16175,247
16176,64
16177,64
16178,64
16179,231
16180,0
16181,64
16182,6
16183,64
16184,64
16185,64
16186,64
16187,64
16188,64
16189,64
16190,64
16191,64
16192,64
16193,11
16194,4
16195,11
16196,33
16197,6
16198,29
16199,11
16200,11
16201,4
16202,11
16203,11
16204,11
16205,64
16206,64
16207,64
16208,64
16209,64
16210,64
16211,64
16212,29
16213,64
16214,64
16215,64
16216,64
16217,64
16218,64
16219,64
16220,64
16221,4
16222,64
16223,26
16224,11
16225,25
16226,0
16227,64
16228,64
16229,64
16230,0
16231,178
16232,11
16233,11
16234,11
16235,64
16236,11
16237,138
16238,7
16239,11
16240,4
16241,29
16242,64
16243,11
16244,11
16245,0
16246,64
16247,23
16248,6
16249,6
16250,64
16251,64
16252,11
16253,11
16254,29
16255,64
16256,64
16257,64
16258,64
16259,4
16260,11
16261,11
16262,64
16263,6
16264,64
16265,64
16266,4
16267,4
16268,11
16269,33
16270,64
16271,64
16272,247
16273,11
16274,4
16275,25
16276,11
16277,11
16278,11
16279,11
16280,11
16281,64
16282,64
16283,11
16284,11
16285,11
16286,11
16287,11
16288,64
16289,4
16290,64
16291,64
16292,64
16293,64
16294,11
16295,6
16296,64
16297,64
16298,33
16299,4
16300,138
16301,11
16302,4
16303,7
16304,6
16305,33
16306,11
16307,11
16308,4
16309,4
16310,33
16311,11
16312,11
16313,4
16314,11
16315,4
16316,6
16317,64
16318,11
16319,4
16320,11
16321,11
16322,4
16323,64
16324,29
16325,6
16326,11
16327,11
16328,138
16329,11
16330,11
16331,11
16332,138
16333,11
16334,6
16335,6
16336,29
16337,11
16338,6
16339,11
16340,11
16341,11
16342,11
16343,8
16344,29
16345,11
16346,11
16347,33
16348,11
16349,33
16350,6
16351,4
16352,11
16353,33
16354,33
16355,11
16356,11
16357,29
16358,11
16359,79
16360,6
16361,4
16362,11
16363,6
16364,6
16365,11
16366,11
16367,4
16368,4
16369,11
16370,29
16371,11
16372,11
16373,11
16374,29
16375,11
16376,6
16377,11
16378,4
16379,6
16380,33
16381,11
16382,11
16383,11
16384,11
16385,11
16386,29
16387,4
16388,4
16389,4
16390,6
16391,33
16392,11
16393,6
16394,11
16395,33
16396,6
16397,4
16398,11
16399,11
16400,6
16401,11
16402,11
16403,6
16404,33
16405,11
16406,11
16407,11
16408,33
16409,11
16410,11
16411,11
16412,11
16413,11
16414,11
16415,6
16416,6
16417,11
16418,6
16419,11
16420,4
16421,33
16422,11
16423,11
16424,4
16425,11
16426,11
16427,11
16428,11
16429,11
16430,11
16431,11
16432,11
16433,11
16434,11
16435,29
16436,6
16437,11
16438,6
16439,11
16440,11
16441,6
16442,11
16443,11
16444,11
16445,11
16446,11
16447,11
16448,11
16449,4
16450,33
16451,11
16452,11
16453,6
16454,11
16455,11
16456,11
16457,11
16458,6
16459,6
16460,6
16461,6
16462,4
16463,4
16464,11
16465,6
16466,4
16467,11
16468,29
16469,6
16470,11
16471,6
16472,6
16473,11
16474,11
16475,11
16476,11
16477,64
16478,4
16479,11
16480,6
16481,64
16482,11
16483,29
16484,6
16485,29
16486,4
16487,11
16488,6
16489,11
16490,4
16491,11
16492,7
16493,11
16494,11
16495,33
16496,4
16497,11
16498,29
16499,29
16500,33
16501,11
16502,11
16503,11
16504,11
16505,11
16506,11
16507,11
16508,11
16509,11
16510,11
16511,11
16512,11
16513,11
16514,11
16515,11
16516,6
16517,29
16518,6
16519,4
16520,64
16521,11
16522,11
16523,11
16524,6
16525,33
16526,29
16527,11
16528,11
16529,6
16530,6
16531,11
16532,33
16533,11
16534,11
16535,29
16536,6
16537,6
16538,11
16539,11
16540,11
16541,10
16542,11
16543,11
16544,4
16545,11
16546,4
16547,4
16548,33
16549,6
16550,11
16551,11
16552,6
16553,11
16554,11
16555,11
16556,11
16557,6
16558,11
16559,11
16560,33
16561,11
16562,64
16563,29
16564,11
16565,84
16566,84
16567,11
16568,11
16569,6
16570,11
16571,6
16572,11
16573,11
16574,33
16575,11
16576,11
16577,6
16578,11
16579,138
16580,11
16581,33
16582,4
16583,6
16584,33
16585,11
16586,6
16587,33
16588,4
16589,11
16590,11
16591,6
16592,4
16593,64
16594,11
16595,33
16596,11
16597,33
16598,29
16599,33
16600,4
16601,11
16602,6
16603,29
16604,11
16605,33
16606,33
16607,33
16608,4
16609,64
16610,64
16611,29
16612,11
16613,33
16614,11
16615,11
16616,11
16617,11
16618,11
16619,11
16620,6
16621,11
16622,6
16623,11
16624,11
16625,11
16626,11
16627,11
16628,4
16629,6
16630,6
16631,6
16632,29
16633,6
16634,4
16635,138
16636,11
16637,11
16638,6
16639,29
16640,11
16641,6
16642,33
16643,4
16644,29
16645,6
16646,11
16647,11
16648,6
16649,29
16650,11
16651,11
16652,29
16653,6
16654,6
16655,29
16656,33
16657,33
16658,11
16659,11
16660,6
16661,11
16662,64
16663,11
16664,11
16665,11
16666,11
16667,79
16668,11
16669,6
16670,11
16671,33
16672,11
16673,4
16674,11
16675,11
16676,11
16677,11
16678,11
16679,11
16680,11
16681,11
16682,11
16683,11
16684,11
16685,11
16686,11
16687,6
16688,11
16689,11
16690,11
16691,6
16692,6
16693,29
16694,11
16695,4
16696,29
16697,29
16698,29
16699,11
16700,11
16701,11
16702,33
16703,11
16704,29
16705,33
16706,11
16707,6
16708,33
16709,11
16710,11
16711,29
16712,11
16713,6
16714,11
16715,11
16716,29
16717,4
16718,11
16719,11
16720,4
16721,11
16722,11
16723,33
16724,6
16725,11
16726,6
16727,6
16728,4
16729,6
16730,11
16731,6
16732,11
16733,6
16734,4
16735,4
16736,11
16737,11
16738,29
16739,6
16740,4
16741,11
16742,6
16743,6
16744,11
16745,4
16746,29
16747,11
16748,33
16749,33
16750,11
16751,6
16752,11
16753,4
16754,11
16755,11
16756,33
16757,11
16758,29
16759,10
16760,11
16761,11
16762,11
16763,11
16764,11
16765,11
16766,11
16767,6
16768,11
16769,11
16770,6
16771,29
16772,33
16773,11
16774,6
16775,11
16776,11
16777,6
16778,6
16779,11
16780,6
16781,11
16782,6
16783,11
16784,11
16785,11
16786,11
16787,4
16788,11
16789,33
16790,11
16791,11
16792,11
16793,11
16794,11
16795,11
16796,6
16797,4
16798,11
16799,11
16800,11
16801,29
16802,11
16803,11
16804,6
16805,11
16806,11
16807,11
16808,11
16809,11
16810,33
16811,6
16812,11
16813,11
16814,64
16815,11
16816,11
16817,33
16818,6
16819,11
16820,29
16821,6
16822,6
16823,6
16824,11
16825,6
16826,11
16827,4
16828,11
16829,11
16830,11
16831,4
16832,4
16833,6
16834,11
16835,11
16836,11
16837,11
16838,11
16839,6
16840,11
16841,11
16842,11
16843,11
16844,6
16845,6
16846,6
16847,11
16848,4
16849,33
16850,11
16851,6
16852,4
16853,6
16854,6
16855,6
16856,6
16857,11
16858,33
16859,11
16860,33
16861,11
16862,6
16863,11
16864,11
16865,6
16866,6
16867,33
16868,11
16869,11
16870,6
16871,11
16872,33
16873,4
16874,138
16875,11
16876,11
16877,11
16878,11
16879,29
16880,6
16881,11
16882,4
16883,4
16884,11
16885,29
16886,6
16887,4
16888,6
16889,138
16890,11
16891,11
16892,11
16893,11
16894,11
16895,11
16896,11
16897,4
16898,11
16899,11
16900,11
16901,11
16902,11
16903,4
16904,33
16905,11
16906,10
16907,29
16908,11
16909,11
16910,11
16911,11
16912,11
16913,6
16914,11
16915,11
16916,11
16917,4
16918,29
16919,11
16920,11
16921,11
16922,11
16923,11
16924,11
16925,11
16926,6
16927,11
16928,6
16929,11
16930,11
16931,11
16932,33
16933,4
16934,33
16935,11
16936,11
16937,11
16938,6
16939,11
16940,33
16941,11
16942,11
16943,4
16944,6
16945,4
16946,11
16947,11
16948,6
16949,11
16950,33
16951,6
16952,11
16953,11
16954,11
16955,33
16956,11
16957,11
16958,10
16959,11
16960,6
16961,4
16962,11
16963,11
16964,6
16965,11
16966,11
16967,6
16968,6
16969,11
16970,11
16971,4
16972,11
16973,11
16974,84
16975,6
16976,11
16977,33
16978,4
16979,11
16980,11
16981,11
16982,6
16983,11
16984,4
16985,4
16986,11
16987,64
16988,33
16989,4
16990,11
16991,64
16992,4
16993,4
16994,11
16995,11
16996,29
16997,11
16998,6
16999,4
17000,11
17001,33
17002,11
17003,4
17004,11
17005,6
17006,4
17007,138
17008,11
17009,11
17010,6
17011,11
17012,11
17013,6
17014,29
17015,29
17016,4
17017,11
17018,29
17019,11
17020,6
17021,11
17022,6
17023,6
17024,6
17025,11
17026,11
17027,138
17028,11
17029,6
17030,6
17031,6
17032,6
17033,33
17034,11
17035,6
17036,6
17037,11
17038,33
17039,6
17040,29
17041,33
17042,6
17043,6
17044,11
17045,11
17046,6
17047,6
17048,29
17049,11
17050,11
17051,11
17052,11
17053,11
17054,6
17055,11
17056,11
17057,11
17058,33
17059,11
17060,11
17061,2
17062,33
17063,29
17064,11
17065,29
17066,11
17067,11
17068,11
17069,6
17070,6
17071,11
17072,11
17073,29
17074,11
17075,33
17076,29
17077,29
17078,6
17079,11
17080,11
17081,6
17082,11
17083,11
17084,33
17085,33
17086,4
17087,11
17088,29
17089,6
17090,6
17091,64
17092,4
17093,11
17094,11
17095,11
17096,11
17097,11
17098,11
17099,29
17100,11
17101,11
17102,11
17103,11
17104,11
17105,4
17106,4
17107,11
17108,11
17109,4
17110,11
17111,11
17112,11
17113,29
17114,11
17115,4
17116,33
17117,11
17118,4
17119,33
17120,11
17121,33
17122,6
17123,11
17124,11
17125,11
17126,11
17127,11
17128,11
17129,6
17130,4
17131,33
17132,11
17133,11
17134,10
17135,11
17136,4
17137,11
17138,4
17139,11
17140,4
17141,6
17142,11
17143,4
17144,64
17145,11
17146,11
17147,11
17148,33
17149,11
17150,11
17151,11
17152,6
17153,6
17154,11
17155,64
17156,33
17157,64
17158,33
17159,11
17160,4
17161,4
17162,11
17163,0
17164,4
17165,11
17166,33
17167,11
17168,11
17169,11
17170,11
17171,11
17172,11
17173,11
17174,33
17175,29
17176,11
17177,11
17178,29
17179,11
17180,11
17181,11
17182,11
17183,11
17184,4
17185,11
17186,11
17187,11
17188,29
17189,6
17190,11
17191,6
17192,11
17193,6
17194,6
17195,11
17196,33
17197,11
17198,11
17199,6
17200,10
17201,6
17202,11
17203,11
17204,33
17205,6
17206,4
17207,29
17208,33
17209,33
17210,6
17211,11
17212,11
17213,33
17214,11
17215,11
17216,4
17217,138
17218,6
17219,33
17220,11
17221,6
17222,4
17223,29
17224,11
17225,33
17226,11
17227,11
17228,6
17229,64
17230,29
17231,6
17232,11
17233,11
17234,29
17235,6
17236,11
17237,29
17238,4
17239,11
17240,33
17241,11
17242,11
17243,6
17244,6
17245,11
17246,29
17247,29
17248,11
17249,11
17250,11
17251,11
17252,11
17253,11
17254,33
17255,11
17256,29
17257,11
17258,11
17259,29
17260,11
17261,6
17262,4
17263,33
17264,33
17265,11
17266,11
17267,11
17268,6
17269,6
17270,6
17271,11
17272,6
17273,11
17274,11
17275,6
17276,11
17277,11
17278,29
17279,29
17280,11
17281,11
17282,29
17283,33
17284,11
17285,11
17286,11
17287,11
17288,11
17289,11
17290,6
17291,11
17292,11
17293,11
17294,11
17295,11
17296,11
17297,11
17298,11
17299,0
17300,6
17301,11
17302,6
17303,11
17304,33
17305,4
17306,33
17307,11
17308,11
17309,4
17310,29
17311,11
17312,33
17313,11
17314,29
17315,6
17316,4
17317,11
17318,11
17319,11
17320,11
17321,11
17322,11
17323,11
17324,4
17325,11
17326,11
17327,11
17328,29
17329,6
17330,11
17331,11
17332,6
17333,6
17334,11
17335,29
17336,11
17337,11
17338,11
17339,11
17340,33
17341,11
17342,2
17343,11
17344,11
17345,11
17346,64
17347,11
17348,11
17349,6
17350,64
17351,11
17352,6
17353,33
17354,11
17355,11
17356,29
17357,29
17358,4
17359,0
17360,11
17361,6
17362,11
17363,11
17364,4
17365,11
17366,6
17367,4
17368,6
17369,11
17370,11
17371,11
17372,33
17373,11
17374,11
17375,6
17376,11
17377,11
17378,33
17379,33
17380,11
17381,11
17382,2
17383,11
17384,33
17385,33
17386,11
17387,138
17388,11
17389,11
17390,6
17391,11
17392,33
17393,29
17394,11
17395,11
17396,11
17397,11
17398,29
17399,4
17400,11
17401,11
17402,33
17403,11
17404,11
17405,11
17406,11
17407,11
17408,11
17409,33
17410,11
17411,11
17412,11
17413,6
17414,11
17415,11
17416,11
17417,6
17418,11
17419,33
17420,11
17421,4
17422,6
17423,2
17424,11
17425,4
17426,6
17427,4
17428,11
17429,6
17430,33
17431,10
17432,11
17433,6
17434,11
17435,11
17436,4
17437,11
17438,11
17439,11
17440,6
17441,11
17442,11
17443,33
17444,29
17445,4
17446,29
17447,11
17448,4
17449,11
17450,29
17451,11
17452,6
17453,6
17454,29
17455,11
17456,11
17457,4
17458,6
17459,33
17460,11
17461,11
17462,11
17463,11
17464,33
17465,11
17466,11
17467,11
17468,4
17469,33
17470,29
17471,11
17472,6
17473,11
17474,11
17475,11
17476,11
17477,29
17478,11
17479,29
17480,11
17481,33
17482,11
17483,11
17484,11
17485,4
17486,11
17487,29
17488,138
17489,11
17490,6
17491,11
17492,11
17493,11
17494,11
17495,6
17496,33
17497,11
17498,11
17499,11
17500,6
17501,6
17502,33
17503,11
17504,11
17505,11
17506,11
17507,4
17508,11
17509,11
17510,33
17511,33
17512,11
17513,11
17514,6
17515,4
17516,11
17517,4
17518,11
17519,11
17520,11
17521,6
17522,4
17523,4
17524,4
17525,11
17526,29
17527,11
17528,6
17529,6
17530,6
17531,2
17532,11
17533,4
17534,4
17535,6
17536,11
17537,11
17538,11
17539,132
17540,29
17541,11
17542,11
17543,11
17544,33
17545,11
17546,11
17547,29
17548,11
17549,6
17550,11
17551,11
17552,6
17553,11
17554,11
17555,11
17556,11
17557,4
17558,29
17559,11
17560,11
17561,11
17562,64
17563,25
17564,4
17565,64
17566,64
17567,64
17568,64
17569,11
17570,6
17571,4
17572,4
17573,11
17574,6
17575,11
17576,11
17577,29
17578,6
17579,6
17580,6
17581,138
17582,33
17583,6
17584,11
17585,10
17586,11
17587,11
17588,11
17589,29
17590,6
17591,29
17592,11
17593,11
17594,6
17595,11
17596,11
17597,6
17598,64
17599,64
17600,64
17601,64
17602,64
17603,64
17604,64
17605,64
17606,64
17607,51
17608,64
17609,64
17610,64
17611,64
17612,64
17613,64
17614,26
17615,64
17616,64
17617,64
17618,64
17619,64
17620,64
17621,64
17622,64
17623,64
17624,8
17625,64
17626,64
17627,64
17628,64
17629,64
17630,64
17631,64
17632,37
17633,49
17634,64
17635,64
17636,64
17637,64
17638,64
17639,64
17640,64
17641,64
17642,64
17643,64
17644,16
17645,64
17646,25
17647,64
17648,11
17649,4
17650,11
17651,33
17652,11
17653,11
17654,4
17655,64
17656,33
17657,33
17658,33
17659,64
17660,26
17661,64
17662,64
17663,64
17664,64
17665,64
17666,33
17667,6
17668,11
17669,6
17670,11
17671,7
17672,11
17673,11
17674,6
17675,11
17676,11
17677,11
17678,64
17679,64
17680,10
17681,4
17682,64
17683,29
17684,4
17685,11
17686,11
17687,33
17688,11
17689,29
17690,11
17691,11
17692,4
17693,6
17694,11
17695,4
17696,11
17697,64
17698,64
17699,64
17700,16
17701,4
17702,178
17703,11
17704,64
17705,64
17706,4
17707,26
17708,8
17709,64
17710,64
17711,25
17712,64
17713,64
17714,64
17715,64
17716,64
17717,26
17718,64
17719,138
17720,6
17721,64
17722,7
17723,6
17724,11
17725,6
17726,4
17727,64
17728,64
17729,26
17730,64
17731,29
17732,64
17733,64
17734,64
17735,64
17736,64
17737,33
17738,64
17739,4
17740,64
17741,14
17742,6
17743,64
17744,11
17745,6
17746,64
17747,178
17748,11
17749,29
17750,33
17751,64
17752,6
17753,4
17754,64
17755,11
17756,11
17757,11
17758,11
17759,64
17760,64
17761,64
17762,11
17763,11
17764,11
17765,11
17766,33
17767,4
17768,4
17769,4
17770,6
17771,4
17772,4
17773,4
17774,64
17775,11
17776,11
17777,11
17778,6
17779,11
17780,11
17781,4
17782,11
17783,6
17784,11
17785,4
17786,11
17787,29
17788,4
17789,64
17790,64
17791,11
17792,6
17793,64
17794,25
17795,11
17796,6
17797,11
17798,4
17799,11
17800,4
17801,11
17802,6
17803,29
17804,6
17805,6
17806,11
17807,11
17808,11
17809,11
17810,11
17811,23
17812,33
17813,11
17814,33
17815,11
17816,6
17817,11
17818,11
17819,11
17820,6
17821,11
17822,4
17823,11
17824,4
17825,64
17826,64
17827,4
17828,25
17829,64
17830,11
17831,4
17832,64
17833,64
17834,6
17835,64
17836,64
17837,4
17838,64
17839,64
17840,0
17841,0
17842,6
17843,64
17844,11
17845,6
17846,4
17847,4
17848,11
17849,11
17850,11
17851,11
17852,33
17853,10
17854,6
17855,11
17856,64
17857,29
17858,33
17859,11
17860,64
17861,64
17862,11
17863,64
17864,64
17865,64
17866,26
17867,64
17868,29
17869,4
17870,64
17871,64
17872,26
17873,11
17874,16
17875,64
17876,4
17877,64
17878,64
17879,33
17880,11
17881,64
17882,64
17883,64
17884,64
17885,64
17886,64
17887,25
17888,64
17889,8
17890,64
17891,64
17892,0
17893,29
17894,64
17895,25
17896,64
17897,64
17898,64
17899,26
17900,11
17901,64
17902,64
17903,64
17904,64
17905,64
17906,64
17907,64
17908,0
17909,64
17910,64
17911,64
17912,4
17913,11
17914,11
17915,4
17916,11
17917,11
17918,6
17919,64
17920,64
17921,64
17922,64
17923,64
17924,64
17925,64
17926,64
17927,64
17928,64
17929,64
17930,64
17931,64
17932,33
17933,6
17934,11
17935,11
17936,6
17937,64
17938,64
17939,4
17940,64
17941,6
17942,4
17943,4
17944,11
17945,11
17946,11
17947,33
17948,11
17949,4
17950,11
17951,6
17952,11
17953,64
17954,64
17955,11
17956,6
17957,29
17958,11
17959,11
17960,11
17961,64
17962,138
17963,64
17964,64
17965,64
17966,64
17967,4
17968,6
17969,25
17970,64
17971,64
17972,64
17973,33
17974,4
17975,11
17976,11
17977,138
17978,29
17979,11
17980,29
17981,4
17982,11
17983,11
17984,4
17985,6
17986,11
17987,6
17988,11
17989,6
17990,6
17991,4
17992,11
17993,11
17994,4
17995,4
17996,6
17997,4
17998,29
17999,6
18000,6
18001,64
18002,4
18003,11
18004,6
18005,4
18006,64
18007,25
18008,29
18009,6
18010,4
18011,64
18012,64
18013,26
18014,64
18015,64
18016,64
18017,64
18018,64
18019,0
18020,0
18021,8
18022,25
18023,64
18024,64
18025,64
18026,64
18027,64
18028,64
18029,64
18030,64
18031,64
18032,64
18033,64
18034,64
18035,64
18036,64
18037,64
18038,64
18039,64
18040,64
18041,64
18042,64
18043,64
18044,64
18045,64
18046,64
18047,64
18048,64
18049,64
18050,64
18051,64
18052,64
18053,64
18054,64
18055,16
18056,64
18057,64
18058,64
18059,64
18060,64
18061,64
18062,64
18063,64
18064,64
18065,64
18066,64
18067,64
18068,64
18069,64
18070,64
18071,64
18072,64
18073,64
18074,64
18075,64
18076,64
18077,64
18078,26
18079,64
18080,64
18081,64
18082,64
18083,64
18084,16
18085,64
18086,64
18087,0
18088,64
18089,0
18090,64
18091,64
18092,25
18093,64
18094,64
18095,64
18096,64
18097,64
18098,33
18099,64
18100,64
18101,64
18102,64
18103,64
18104,4
18105,4
18106,11
18107,11
18108,64
18109,64
18110,33
18111,11
18112,64
18113,11
18114,11
18115,6
18116,11
18117,138
18118,33
18119,11
18120,130
18121,6
18122,29
18123,4
18124,4
18125,6
18126,29
18127,6
18128,11
18129,11
18130,4
18131,11
18132,64
18133,64
18134,4
18135,4
18136,11
18137,64
18138,4
18139,64
18140,41
18141,64
18142,64
18143,64
18144,6
18145,4
18146,64
18147,11
18148,4
18149,4
18150,4
18151,33
18152,6
18153,6
18154,64
18155,64
18156,11
18157,33
18158,4
18159,4
18160,4
18161,29
18162,7
18163,4
18164,6
18165,11
18166,64
18167,29
18168,4
18169,4
18170,6
18171,6
18172,64
18173,4
18174,64
18175,64
18176,64
18177,64
18178,29
18179,64
18180,64
18181,30
18182,64
18183,64
18184,11
18185,64
18186,64
18187,10
18188,178
18189,33
18190,64
18191,4
