node_id,attr,value
0,label,California
1,label,"Sacramento, California"
2,label,England
3,label,London
4,label,Germany
5,label,Berlin
6,label,Action fiction
7,label,Horror fiction
8,label,Pennsylvania
9,label,Philadelphia
10,label,United States
11,label,Australia
12,label,$h*! My Dad Says
13,label,Sitcom
14,label,Ghana
15,label,Feminism
16,label,Italy
17,label,Mystery fiction
18,label,Louisiana
19,label,Latvia
20,label,"Long Beach, California"
21,label,"Lynn, Massachusetts"
22,label,New Zealand
23,label,Poland
24,label,Warsaw
25,label,"""Repent, Harlequin!"" Said the Ticktockman"
26,label,Harlan Ellison
27,label,English language
28,label,Science fiction
29,label,Satire
30,label,Los Angeles
31,label,"Helena, Arkansas"
32,label,Egypt
33,label,Cairo
34,label,Romance novel
35,label,Art Institute of Chicago
36,label,"Lynwood, California"
37,label,Indie rock
38,label,India
39,label,"New York City, New York"
40,label,Author
41,label,Naturalist
42,label,New York (state)
43,label,Rock music
44,label,Pop music
45,label,France
46,label,Hong Kong
47,label,William Shakespeare
48,label,Mumbai
49,label,Tamil language
50,label,Hip hop music
51,label,Canada
52,label,'48 (novel)
53,label,James Herbert
54,label,United Kingdom
55,label,Alternative history
56,label,Gregory Burke
57,label,Bengali language
58,label,Nepal
59,label,Kuwait
60,label,Mandatory Palestine
61,label,Islam
62,label,Afghanistan
63,label,'Allo 'Allo!
64,label,Jeremy Lloyd
65,label,BBC
66,label,Tonga
67,label,Jordan
68,label,Israel
69,label,Saudi Arabia
70,label,Libya
71,label,Jazz
72,label,Philippines
73,label,Fiction
74,label,"'Hello,' Said the Stick"
75,label,British Columbia
76,label,Filipino language
77,label,"'Oh, Whistle, and I'll Come to You, My Lad'"
78,label,M. R. James
79,label,United Kingdom of Great Britain and Ireland
80,label,"Acton, London"
81,label,Cook Islands
82,label,Fiji
83,label,Drama
84,label,Comedy drama
85,label,Boston
86,label,Massachusetts
87,label,Tragedy
88,label,Larz Bourne
89,label,Japan
90,label,Roald Dahl
91,label,Horror film
92,label,New York City
93,label,Dutch language
94,label,Netherlands
95,label,South Africa
96,label,South Holland
97,label,Suriname
98,label,"San Jose, California"
99,label,Psychedelic rock
100,label,Seoul
101,label,Film director
102,label,Chumbawamba
103,label,Bali Rai
104,label,Young adult fiction
105,label,Chicago
106,label,Illinois
107,label,Sheffield
108,label,The Kinks
109,label,"Ascot, Berkshire"
110,label,Berkshire
111,label,"Richmond, Virginia"
112,label,Virginia
113,label,Postmodern literature
114,label,Portugal
115,label,Switzerland
116,label,Journalist
117,label,Documentary film
118,label,Situation comedy
119,label,Wendy Craig
120,label,Children's literature
121,label,Soviet Union
122,label,Norway
123,label,Norwegian language
124,label,Fantasy
125,label,Austria
126,label,Clive James
127,label,.007
128,label,Rudyard Kipling
129,label,German language
130,label,Slovakia
131,label,Japanese language
132,label,Ontario
133,label,Chile
134,label,Iran
135,label,Ohio
136,label,"Surrey, British Columbia"
137,label,Spain
138,label,Spanish language
139,label,Nairobi
140,label,Ukraine
141,label,Ukrainian language
142,label,Atlanta
143,label,Nevada
144,label,Mass media
145,label,Everett Freeman
146,label,Jim Henson
147,label,Children's television series
148,label,"Oakland, California"
149,label,Denmark
150,label,New South Wales
151,label,"San Francisco, California"
152,label,World War II
153,label,Budapest
154,label,Iceland
155,label,Greece
156,label,Belgium
157,label,10^16 to 1
158,label,Catalan language
159,label,Nottingham
160,label,Jorge Zamacona
161,label,Police procedural
162,label,American Civil War
163,label,Austria-Hungary
164,label,German Empire
165,label,Nazi Germany
166,label,Czechoslovakia
167,label,Venezuela
168,label,Taiwan
169,label,Taipei
170,label,Comedy
171,label,China
172,label,"Washington, D.C."
173,label,Education
174,label,"Newmarket, Suffolk"
175,label,Houston
176,label,Texas
177,label,West Germany
178,label,Milwaukee
179,label,Wisconsin
180,label,Montreal
181,label,Quebec
182,label,Docudrama
183,label,Nonfiction
184,label,Non-fiction
185,label,Film
186,label,Sandi Toksvig
187,label,Detroit
188,label,Michigan
189,label,"Wilmington, Delaware"
190,label,Humour
191,label,Finland
192,label,Edmonton
193,label,Georgia (U.S. state)
194,label,"Oxford, England"
195,label,Crime drama
196,label,Contemporary art
197,label,Fantasy genre
198,label,Crime
199,label,Thriller (genre)
200,label,Korean language
201,label,Religion
202,label,Connecticut
203,label,Turkey
204,label,Maryland
205,label,Manhattan
206,label,San Francisco
207,label,"Worcester, Massachusetts"
208,label,St. Louis
209,label,Wales
210,label,Biography
211,label,City of Salford
212,label,Croatia
213,label,"Winston-Salem, North Carolina"
214,label,"Tampa, Florida"
215,label,Life (magazine)
216,label,Scotland
217,label,Audiobook
218,label,History
219,label,Literary magazine
220,label,Argentina
221,label,Comedy film
222,label,Sweden
223,label,Malaysia
224,label,Singapore
225,label,Luton
226,label,"Victoria, British Columbia"
227,label,Norfolk
228,label,Alabama
229,label,Motherwell
230,label,British Empire
231,label,British Raj
232,label,Kentucky
233,label,British Army
234,label,Cold War
235,label,Sydney
236,label,Florida
237,label,Miami
238,label,Victoria (Australia)
239,label,Adventure fiction
240,label,Dodie Smith
241,label,Samuel West
242,label,Oklahoma City
243,label,Black comedy
244,label,Gateshead
245,label,Maine
246,label,Commonwealth of the Philippines
247,label,Kingdom of England
248,label,Kingdom of Great Britain
249,label,Thirteen Colonies
250,label,Aberdeen
251,label,Inverness
252,label,Russia
253,label,Greater London
254,label,West Midlands (region)
255,label,Yorkshire
256,label,Pembrokeshire
257,label,County Durham
258,label,Kingdom of Italy
259,label,Greek language
260,label,News
261,label,September 11 attacks
262,label,Documentary
263,label,Newtownards
264,label,Northern Ireland
265,label,Belfast
266,label,Birmingham
267,label,New Hampshire
268,label,Rhode Island
269,label,Vermont
270,label,Cheshire
271,label,Derbyshire
272,label,Greater Manchester
273,label,Stockport
274,label,Polish Underground State
275,label,Algeria
276,label,British India
277,label,Canning Town
278,label,Brazil
279,label,Prince Edward Island
280,label,United States of America
281,label,Edinburgh
282,label,West Riding of Yorkshire
283,label,Chorley
284,label,"Preston, Lancashire"
285,label,Parody
286,label,"Rugby, Warwickshire"
287,label,Barrow-in-Furness
288,label,Devon
289,label,Dorset
290,label,Exeter
291,label,Wolverhampton
292,label,Surrey
293,label,Adelaide
294,label,South Australia
295,label,"Reading, Berkshire"
296,label,Forest Row
297,label,"Lingfield, Surrey"
298,label,USSR
299,label,Russian Empire
300,label,Chichester
301,label,French language
302,label,Kansas
303,label,Minnesota
304,label,Iraq
305,label,Liverpool
306,label,Toxteth
307,label,City of Westminster
308,label,Bolton
309,label,Mockumentary
310,label,"Buffalo, New York"
311,label,Knightsbridge
312,label,Peterhead
313,label,North Yorkshire
314,label,York
315,label,Dhaka
316,label,Bangladesh
317,label,Bosnians
318,label,Hobart
319,label,Current affairs (news format)
320,label,Ipswich
321,label,Czech language
322,label,Liberalism
323,label,Jamie Linden (writer)
324,label,J. Lee Thompson
325,label,Tara Sharma
326,label,Istanbul
327,label,Leeds
328,label,Arkansas
329,label,Pakistan
330,label,Lisburn
331,label,Oxford
332,label,Wellington
333,label,Royal Navy
334,label,Colorado
335,label,Lithuania
336,label,Mississippi
337,label,North Carolina
338,label,Quetta
339,label,Quebec City
340,label,Malta
341,label,"La Crosse, Wisconsin"
342,label,Beijing
343,label,Benin
344,label,Chester
345,label,Aardman Animations
346,label,Mystery film
347,label,Alternate history
348,label,"Cleveland, Ohio"
349,label,"Dayton, Ohio"
350,label,"Fort Lauderdale, Florida"
351,label,Oklahoma
352,label,Seine
353,label,Port Glasgow
354,label,The United States
355,label,Melbourne
356,label,Manchester
357,label,Arizona
358,label,"Springfield, Missouri"
359,label,Indiana
360,label,Prague
361,label,Oregon
362,label,South Dakota
363,label,"Savannah, Georgia"
364,label,"Silver Spring, Maryland"
365,label,Greg Marcks
366,label,Johannesburg
367,label,Brighton
368,label,East Sussex
369,label,"Jacksonville, Florida"
370,label,Cardiff
371,label,Beverley
372,label,Angola
373,label,Belgrade
374,label,Occupation of Japan
375,label,Alaska
376,label,"Chelsea, London"
377,label,James Patterson
378,label,Thriller novel
379,label,Tunisia
380,label,Thailand
381,label,Samuel W. Ferguson
382,label,Shropshire
383,label,"Philadelphia, Pennsylvania"
384,label,The Beatles
385,label,Montana
386,label,"Marietta, Georgia"
387,label,Mortlake
388,label,Vienna
389,label,Iowa
390,label,Idaho
391,label,Galway
392,label,Ireland
393,label,Bristol
394,label,Richard A. Lupoff
395,label,Catalonia
396,label,Romance fiction
397,label,Dominican Republic
398,label,Toronto
399,label,American English
400,label,Romantic comedy
401,label,Television
402,label,Miranda Hart
403,label,Psychological thriller
404,label,DeWitt Bodeen
405,label,Ashton-under-Lyne
406,label,Distinguished Service Order
407,label,Glasgow
408,label,Leicester
409,label,Trieste
410,label,São Paulo
411,label,North-West Rebellion
412,label,Lebanon
413,label,Gloucester
414,label,Kilmarnock
415,label,West Virginia
416,label,"Augusta, Maine"
417,label,Hemel Hempstead
418,label,Hertfordshire
419,label,Greenwich Village
420,label,Hanover
421,label,Hugh MacDiarmid
422,label,Medical
423,label,The Bronx
424,label,Art
425,label,Penzance
426,label,Nebraska
427,label,Dover
428,label,Bernard Cornwell
429,label,Historical novel
430,label,Hitchin
431,label,Tynemouth
432,label,"Birmingham, Alabama"
433,label,Dagestan
434,label,Adventure novel
435,label,Fantasy novel
436,label,Kathryn Tucker Windham
437,label,Economics
438,label,Anthology
439,label,Robb White
440,label,13 Hours: The Secret Soldiers of Benghazi
441,label,Kensington
442,label,Bloemfontein
443,label,The Ice-Shirt
444,label,Science
445,label,Polish language
446,label,Dunedin
447,label,Tibetan people
448,label,Somaliland
449,label,Shimla
450,label,President of Pakistan
451,label,Athens
452,label,Munich
453,label,Hungary
454,label,Slavery in the United States
455,label,Sunderland
456,label,Shrewsbury
457,label,"Orlando, Florida"
458,label,Utah
459,label,Mexico
460,label,San Diego
461,label,Harwich
462,label,Sketch comedy
463,label,Newcastle upon Tyne
464,label,"Salinas, California"
465,label,Patrick Leonard
466,label,Richard Jefferies
467,label,Dublin
468,label,Republic of Ireland
469,label,Kingdom of Iraq
470,label,Arabic language
471,label,Gabriel Clarke
472,label,Buddhism
473,label,Gujarat
474,label,Lyon
475,label,Assam
476,label,Wiltshire
477,label,"Norfolk, Virginia"
478,label,New Mexico
479,label,Wyoming
480,label,"Colorado Springs, Colorado"
481,label,Ottoman Empire
482,label,Mandarin Chinese
483,label,Colchester
484,label,Cesar Romero
485,label,Cologne
486,label,East Timor
487,label,Romania
488,label,Dominion of Pakistan
489,label,"Dallas, Texas"
490,label,Venice
491,label,Southwark
492,label,Bedford
493,label,Grantham
494,label,"Inglewood, California"
495,label,Bedfordshire
496,label,"Newark, New Jersey"
497,label,Aviation
498,label,Simon Bradstreet
499,label,"Vicksburg, Mississippi"
500,label,Cuba
501,label,United Arab Emirates
502,label,"Bayonne, New Jersey"
503,label,"Perth, Scotland"
504,label,Walthamstow
505,label,"Pacific Grove, California"
506,label,Poetry
507,label,"Falmouth, Cornwall"
508,label,"Weymouth, Dorset"
509,label,Kingdom of Ireland
510,label,"North Hollywood, Los Angeles"
511,label,Modernism
512,label,Ronald D. Moore
513,label,Crime novel
514,label,Portuguese language
515,label,"Escondido, California"
516,label,Thornton M. Niven
517,label,Costa Rica
518,label,"Modesto, California"
519,label,Henry Sewell
520,label,Historical drama
521,label,"Ashland, Oregon"
522,label,South African Republic
523,label,Guatemala
524,label,St Andrews
525,label,East Lothian
526,label,Random House
527,label,"Wimbledon, London"
528,label,Oswestry
529,label,Dumbarton
530,label,"Hayward, California"
531,label,Wrexham
532,label,Western (genre)
533,label,"South Orange, New Jersey"
534,label,Salzburg
535,label,Western Australia
536,label,"Helena, Montana"
537,label,18 to Life
538,label,Ned Bouhalassa
539,label,"Kansas City, Missouri"
540,label,Action (fiction)
541,label,"Melbourne, Florida"
542,label,Tasmania
543,label,Govan
544,label,Cork (city)
545,label,Paris
546,label,"Garden City, New York"
547,label,Sunningdale
548,label,"Richmond, London"
549,label,"Sandwich, Kent"
550,label,Nottinghamshire
551,label,Great Britain
552,label,Fulham
553,label,"Deal, Kent"
554,label,"Elmont, New York"
555,label,Liberal Party (UK)
556,label,Historical fiction
557,label,"Santa Monica, California"
558,label,"Bronxville, New York"
559,label,Krysty Wilson-Cairns
560,label,Tokyo
561,label,Kingdom of Yugoslavia
562,label,Bradford
563,label,"Toledo, Ohio"
564,label,Radio
565,label,Keith Herber
566,label,Burma
567,label,H. H. Asquith
568,label,Tottenham
569,label,State of Syria (1925–1930)
570,label,Cyprus
571,label,Valencia
572,label,"East Meadow, New York"
573,label,"Bangor, Gwynedd"
574,label,Middlesex
575,label,"Flushing, Queens"
576,label,"Angus, Scotland"
577,label,Carnoustie
578,label,Fife
579,label,"Augusta, Georgia"
580,label,Morocco
581,label,Bern
582,label,Bolivia
583,label,Genoa
584,label,Weybridge
585,label,Leicestershire
586,label,Swedish language
587,label,Algiers
588,label,Belarus
589,label,"Hershey, Pennsylvania"
590,label,"Boulder, Colorado"
591,label,Blackburn
592,label,"South Bend, Indiana"
593,label,Stuttgart
594,label,West Sussex
595,label,Arabic
596,label,Northamptonshire
597,label,UK
598,label,Retford
599,label,Barbados
600,label,County Antrim
601,label,Essex
602,label,Ayrshire
603,label,Berwickshire
604,label,Paraguay
605,label,Merseyside
606,label,Cornwall
607,label,"Wilmette, Illinois"
608,label,Beirut
609,label,"Annapolis, Maryland"
610,label,"Weehawken, New Jersey"
611,label,South Vietnam
612,label,Monaco
613,label,"Sebring, Florida"
614,label,"Manchester, New Hampshire"
615,label,Burnley
616,label,Madagascar
617,label,"Riverside, California"
618,label,Kent
619,label,Cape Town
620,label,Alan Moore
621,label,Porto Alegre
622,label,Latin America
623,label,Gabon
624,label,"Chula Vista, California"
625,label,Niger
626,label,Rwanda
627,label,Jamaica
628,label,"Kingston, Jamaica"
629,label,Nigeria
630,label,British English
631,label,Thetford
632,label,Bournemouth
633,label,Guyana
634,label,"Las Cruces, New Mexico"
635,label,"Berkeley, California"
636,label,Chiang Mai
637,label,Buckinghamshire
638,label,Myanmar
639,label,"Pensacola, Florida"
640,label,Tanzania
641,label,Dominion of Ceylon
642,label,"St. Petersburg, Florida"
643,label,"Winchester, Massachusetts"
644,label,Khmer Republic
645,label,Miami Dade College
646,label,"Salisbury, Maryland"
647,label,Cumbria
648,label,Eastbourne
649,label,Lancashire
650,label,"Fairfax, Virginia"
651,label,County Tipperary
652,label,"Rancho Mirage, California"
653,label,Grenada
654,label,Aix-en-Provence
655,label,"Ponte Vedra Beach, Florida"
656,label,Accra
657,label,County Armagh
658,label,Luxembourg
659,label,Democratic Republic of Afghanistan
660,label,"Fairfield, Connecticut"
661,label,Europe
662,label,Dundee
663,label,"Santa Clara, California"
664,label,Alasdair Gray
665,label,Andalusia
666,label,Mauritius
667,label,"Bakersfield, California"
668,label,"Palm Beach, Florida"
669,label,"Fresno, California"
670,label,"Broken Arrow, Oklahoma"
671,label,Duncan Macmillan (playwright)
672,label,Kingston upon Hull
673,label,Scottish people
674,label,Hampshire
675,label,"Lincoln, England"
676,label,Anthony Burgess
677,label,Hutchinson (publisher)
678,label,"Largo, Florida"
679,label,"Delray Beach, Florida"
680,label,"Amherst, Massachusetts"
681,label,"Fort Myers, Florida"
682,label,Norwich
683,label,"Rye Brook, New York"
684,label,"Edison, New Jersey"
685,label,"Boca Raton, Florida"
686,label,Crewe
687,label,Porthcawl
688,label,Michael Manley
689,label,"Gainesville, Florida"
690,label,Wilfred Greatorex
691,label,Derby
692,label,Maharashtra
693,label,Birkenhead
694,label,Portsmouth
695,label,Malawi
696,label,"Paisley, Renfrewshire"
697,label,Sierra Leone
698,label,County Tyrone
699,label,European Union
700,label,Scunthorpe
701,label,"Bath, Somerset"
702,label,Madras
703,label,Long Island
704,label,Madeira
705,label,"Miami-Dade County, Florida"
706,label,"Tallahassee, Florida"
707,label,Bertie Ahern
708,label,Antananarivo
709,label,Pago Pago
710,label,"Clones, County Monaghan"
711,label,Singaporeans
712,label,Gareth Powell
713,label,"Airdrie, North Lanarkshire"
714,label,"Raleigh, North Carolina"
715,label,Gregg Godfrey
716,label,Pretoria
717,label,Naomi Shihab Nye
718,label,Military Cross
719,label,"Mobile, Alabama"
720,label,Warrington
721,label,Japanese people
722,label,Video game
723,label,Family
724,label,Paris Hilton
725,label,Postmodernism
726,label,Dunfermline
727,label,Oban
728,label,Argyll
729,label,"Fayetteville, Arkansas"
730,label,Penang
731,label,Ayr
732,label,"Irvine, North Ayrshire"
733,label,"Banff, Aberdeenshire"
734,label,Thurso
735,label,Distinguished Conduct Medal
736,label,Hastings
737,label,Kingdom of Denmark
738,label,Plymouth
739,label,Torquay
740,label,Stockton-on-Tees
741,label,Hartlepool
742,label,"Scarborough, North Yorkshire"
743,label,Rhyl
744,label,Swansea
745,label,Cheltenham
746,label,Kingdom of Prussia
747,label,"London, Ontario"
748,label,Albania
749,label,Gravesend
750,label,Linlithgow
751,label,Bethnal Green
752,label,Leith
753,label,"Newport, Wales"
754,label,Mao Zedong
755,label,Great Yarmouth
756,label,Order of St Michael and St George
757,label,Order of the British Empire
758,label,Guisborough
759,label,Middlesbrough
760,label,Greenock
761,label,"Lancaster, Lancashire"
762,label,Weston-super-Mare
763,label,Salisbury
764,label,Lowestoft
765,label,Camberwell
766,label,Southsea
767,label,Swindon
768,label,"Worcester, England"
769,label,Women's Murder Club (TV series)
770,label,Publisher
771,label,Hawick
772,label,Catholic Church
773,label,Art history
774,label,Suffolk
775,label,"Corvallis, Oregon"
776,label,"Libertyville, Illinois"
777,label,Ornithology
778,label,Arthur C. Clarke
779,label,Popular culture
780,label,Jerusalem
781,label,"Daytona Beach, Florida"
782,label,"Anchorage, Alaska"
783,label,Staffordshire
784,label,Palestinian territories
785,label,"College Station, Texas"
786,label,"Sarasota, Florida"
787,label,"Hutchinson, Kansas"
788,label,"Victoria, Australia"
789,label,"Ogden, Utah"
790,label,Cameroon
791,label,Guildford
792,label,Invercargill
793,label,"Santa Ynez, California"
794,label,Crawley
795,label,University of Texas
796,label,Lawyer
797,label,"Eastwood, Nottinghamshire"
798,label,Brasília
799,label,"Longboat Key, Florida"
800,label,Gaza City
801,label,"Calabasas, California"
802,label,Cambridgeshire
803,label,Conwy
804,label,Censorship
805,label,Tarō Asō
806,label,Khyber Pakhtunkhwa
807,label,Lincolnshire
808,label,Coventry
809,label,"Norman, Oklahoma"
810,label,"Monroe, Louisiana"
811,label,Rochdale
812,label,Courtney Love
813,label,Hebrew language
814,label,Mashhad
815,label,"West Chester, Pennsylvania"
816,label,Tallahassee
817,label,"Ojai, California"
818,label,Llanelli
819,label,"Lake Charles, Louisiana"
820,label,"Jackson, Mississippi"
821,label,Canadians
822,label,Barnstaple
823,label,Quanzhou
824,label,Ningbo
825,label,Guadeloupe
826,label,Recife
827,label,"Shreveport, Louisiana"
828,label,"Stockton, California"
829,label,Florida Atlantic University
830,label,Blackpool
831,label,Stoke Poges
832,label,"Naples, Florida"
833,label,Civil liberties
834,label,Dagenham
835,label,Podgorica
836,label,"Windsor, Ontario"
837,label,"Stockholm, Sweden"
838,label,"Anaheim, California"
839,label,King's Lynn
840,label,Rotherham
841,label,"Beaumont, Texas"
842,label,"Somerville, Massachusetts"
843,label,Eritrea
844,label,Doncaster
845,label,"Hialeah, Florida"
846,label,Isle of Wight
847,label,Tangier
848,label,"Napa, California"
849,label,Vanuatu
850,label,"Irvine, California"
851,label,"Visalia, California"
852,label,"Bethlehem, Pennsylvania"
853,label,"Temecula, California"
854,label,"Lewiston, Maine"
855,label,"London, England"
856,label,Halesowen
857,label,Milton Keynes
858,label,"Killeen, Texas"
859,label,"Reno, Nevada"
860,label,South Sudan
861,label,"Brownsville, Texas"
862,label,Ilkley
863,label,"Fairfield, California"
864,label,Battersea
865,label,County Dublin
866,label,David Irving
867,label,"Lancaster, Pennsylvania"
868,label,"Mission Viejo, California"
869,label,Politics
870,label,Mythology
871,label,Solihull
872,label,Chris Hoy
873,label,"Templeton, California"
874,label,City of London
875,label,Widnes
876,label,Wembley
877,label,Human rights
878,label,Brechin
879,label,"Glasgow, Scotland"
880,label,Watford
881,label,"Santa Barbara, California"
882,label,"Chandler, Arizona"
883,label,"Cheyenne, Wyoming"
884,label,Romford
885,label,"2019, After the Fall of New York"
886,label,Indian people
887,label,Ross-shire
888,label,Ballarat
889,label,Filmfare
890,label,"Salina, Kansas"
891,label,"Pembroke Pines, Florida"
892,label,Walsall
893,label,"Chesterfield, Derbyshire"
894,label,County Down
895,label,"Rome, Georgia"
896,label,Gloucestershire
897,label,"Henderson, Nevada"
898,label,Tallaght
899,label,"Rancho Santa Fe, California"
900,label,"Lakeland, Florida"
901,label,"Billings, Montana"
902,label,Central America
903,label,Africa
904,label,North America
905,label,"Arcadia, California"
906,label,"Redwood City, California"
907,label,Association football
908,label,"Saint Paul, Minnesota"
909,label,"Toronto, Ontario"
910,label,"Salvador, Bahia"
911,label,Michael Green (writer)
912,label,"Blyth, Northumberland"
913,label,Northumberland
914,label,South Shields
915,label,RLJE Films
916,label,Heinemann (publisher)
917,label,Spider Bones
918,label,"Russellville, Arkansas"
919,label,Futures studies
920,label,Simon & Schuster
921,label,Social science fiction
922,label,Memoir
923,label,Travel literature
924,label,Composer
925,label,20th Century Vampire
926,label,Joe Turner (writer)
927,label,Truro
928,label,Allan Loeb
929,label,Peter Steinfeld
930,label,21 Days
931,label,Alexander Korda
932,label,Graham Greene
933,label,"Lewiston, Idaho"
934,label,Edgbaston
935,label,Dudley
936,label,Sleaford
937,label,Oxfordshire
938,label,"Fredericksburg, Virginia"
939,label,Punjabi language
940,label,Publishing
941,label,"Hammond, Louisiana"
942,label,Horror novel
943,label,Nigel Balchin
944,label,"Woodbridge, Suffolk"
945,label,West Midlands (county)
946,label,Welwyn Garden City
947,label,24: Legacy
948,label,Manny Coto
949,label,Howard Gordon
950,label,24 (TV series)
951,label,24: Live Another Day
952,label,David Fury
953,label,Spy fiction
954,label,Alex Gansa
955,label,Tampa
956,label,24 Hours (TV programme)
957,label,Kenneth Allsop
958,label,Canadian French
959,label,Danish language
960,label,Cambridge
961,label,"Seaford, East Sussex"
962,label,Natasha Wimmer
963,label,"26 Monkeys, Also the Abyss"
964,label,Alex Garland
965,label,Rowan Joffé
966,label,"Brentwood, Essex"
967,label,Wakefield
968,label,Sydney Box
969,label,"Barking, London"
970,label,Worcestershire
971,label,Sport
972,label,Physics
973,label,Australian English
974,label,"Camarillo, California"
975,label,Songwriter
976,label,Ruthin
977,label,2 B R 0 2 B
978,label,Beaconsfield
979,label,Novel
980,label,Textbook
981,label,Hampstead
982,label,"Washington Heights, Manhattan"
983,label,Lichfield
984,label,Peterborough
985,label,St Leonards-on-Sea
986,label,Lewisham
987,label,Macclesfield
988,label,Elizabeth I
989,label,Worthing
990,label,Ryde
991,label,Columbia University
992,label,Highgate
993,label,London Borough of Camden
994,label,3-South
995,label,Fantasy fiction
996,label,"Chicopee, Massachusetts"
997,label,Danny Huston
998,label,Farce
999,label,Tragicomedy
1000,label,Kingston upon Thames
1001,label,"Grand Forks, North Dakota"
1002,label,"Providence, Rhode Island"
1003,label,J. B. Priestley
1004,label,Hammersmith
1005,label,Falkirk
1006,label,Perth and Kinross
1007,label,Runcorn
1008,label,Kiev
1009,label,"Greenbrae, California"
1010,label,Marylebone
1011,label,"Magna, Utah"
1012,label,Sutton Coldfield
1013,label,Fareham
1014,label,"Miami Beach, Florida"
1015,label,Peter Morgan
1016,label,Blanka Lipińska
1017,label,Edgware
1018,label,Hendon
1019,label,Ginger and Fred
1020,label,Winchester
1021,label,"Edmonton, London"
1022,label,"Dorchester, Dorset"
1023,label,Science fantasy
1024,label,Chinese language
1025,label,Superhero
1026,label,Electronics
1027,label,University of Minnesota
1028,label,Malcolm Stuart Boylan
1029,label,Abingdon-on-Thames
1030,label,3 Sisters on Hope Street
1031,label,Diane Samuels
1032,label,Sally Beauman
1033,label,Paddington
1034,label,"St Pancras, London"
1035,label,Bury St Edmunds
1036,label,St John's Wood
1037,label,Mystery novel
1038,label,Vilkaviškis
1039,label,London Borough of Lambeth
1040,label,Westminster
1041,label,English Channel
1042,label,Sarah Kane
1043,label,Agatha Christie
1044,label,Crime fiction
1045,label,Somerset
1046,label,Taunton
1047,label,University of Edinburgh
1048,label,Marion Hargrove
1049,label,"New Windsor, New York"
1050,label,Will Ferguson
1051,label,Krugersdorp
1052,label,Chess
1053,label,"New Brunswick, New Jersey"
1054,label,"Hell's Kitchen, Manhattan"
1055,label,Laurence Olivier Award
1056,label,Bridgwater
1057,label,"Newport, Isle of Wight"
1058,label,Sheerness
1059,label,Harvard University
1060,label,Gujarati language
1061,label,48 Shades of Brown
1062,label,Nick Earls
1063,label,Young adult novel
1064,label,Northampton
1065,label,Belgravia
1066,label,Silicon Valley
1067,label,Mayfair
1068,label,Doc Brown (rapper)
1069,label,Paul Rose (writer)
1070,label,"Studio City, Los Angeles"
1071,label,Catford
1072,label,Hoxton
1073,label,Croydon
1074,label,Erith
1075,label,Sidcup
1076,label,Gilan Province
1077,label,Anthony Wayne
1078,label,"Los Angeles County, California"
1079,label,Christianity
1080,label,Anjelica Huston
1081,label,Southern California
1082,label,"Richmond, North Yorkshire"
1083,label,Darlington
1084,label,"Peterborough, Ontario"
1085,label,"Penrith, Cumbria"
1086,label,Stirling
1087,label,Shetland
1088,label,Putney
1089,label,Bille August
1090,label,Tunbridge Wells
1091,label,Dulwich
1092,label,Southall
1093,label,West Ham
1094,label,Spitalfields
1095,label,Ulverston
1096,label,Boston University
1097,label,Clapham
1098,label,Chess variant
1099,label,"Hawthorne, California"
1100,label,Denise Fleming
1101,label,Kingdom of Portugal
1102,label,Dumfries
1103,label,Romanian language
1104,label,Lee Child
1105,label,Thriller fiction
1106,label,Jack Reacher
1107,label,Woolwich
1108,label,Devizes
1109,label,James Clavell
1110,label,West Yorkshire
1111,label,East Anglia
1112,label,North Shields
1113,label,"Needles, California"
1114,label,Chelmsford
1115,label,Stalybridge
1116,label,Brixton
1117,label,Dalbeattie
1118,label,Essay
1119,label,Archie Bunker's Place
1120,label,Good Times
1121,label,The Jeffersons
1122,label,"Barnes, London"
1123,label,Romanians
1124,label,Bexleyheath
1125,label,Failsworth
1126,label,Rusholme
1127,label,Heston
1128,label,Twickenham
1129,label,West Bromwich
1130,label,"Bangor, County Down"
1131,label,Hove
1132,label,"East New York, Brooklyn"
1133,label,Ford Foundation
1134,label,Chipping Barnet
1135,label,Walton-on-Thames
1136,label,"Racine, Wisconsin"
1137,label,Urdu
1138,label,Pakistani
1139,label,Ilford
1140,label,B. P. Schulberg
1141,label,Mac Barnett
1142,label,Charles Gidley Wheeler
1143,label,Willesden
1144,label,"Westminster, Maryland"
1145,label,Finsbury
1146,label,Ramsgate
1147,label,Kazumasa Hirai (author)
1148,label,Holland Park
1149,label,"Ventura, California"
1150,label,"Beverly Hills, California"
1151,label,Harrogate
1152,label,Journalism
1153,label,"Hackney, London"
1154,label,Horror (fiction)
1155,label,"Burlington, Vermont"
1156,label,"University of California, Los Angeles"
1157,label,9tail Fox
1158,label,Jon Courtenay Grimwood
1159,label,Speculative fiction
1160,label,"John Dickson-Poynder, 1st Baron Islington"
1161,label,Role-playing game
1162,label,Broadcasting
1163,label,Human sexuality
1164,label,Columbia University Graduate School of Journalism
1165,label,Harvard College
1166,label,"Long Branch, New Jersey"
1167,label,Worksop
1168,label,Scottish Gaelic
1169,label,English (language)
1170,label,A.B.C. Whipple
1171,label,Historian
1172,label,Basingstoke
1173,label,Aberdare
1174,label,"Newbury, Berkshire"
1175,label,Portchester
1176,label,Porth
1177,label,St Austell
1178,label,Eastleigh
1179,label,"Sudbury, Suffolk"
1180,label,Uckfield
1181,label,Americans
1182,label,"Walnut Creek, California"
1183,label,"Hilo, Hawaii"
1184,label,Allahabad
1185,label,London School of Economics
1186,label,"El Monte, California"
1187,label,"Kannapolis, North Carolina"
1188,label,Kingdom of Cochin
1189,label,Kansas State University
1190,label,East End of London
1191,label,A.R Capetta
1192,label,Stanford University
1193,label,George Washington University
1194,label,Physician
1195,label,"Auburn, Maine"
1196,label,A. A. Gill
1197,label,Punjab Province (British India)
1198,label,Pakistanis
1199,label,Professor
1200,label,A. A. Milne
1201,label,"Trinity College, Cambridge"
1202,label,"Kilburn, London"
1203,label,Christopher Robin Milne
1204,label,Hartfield
1205,label,Sussex
1206,label,Westminster School
1207,label,Cambridge University
1208,label,Lyricist
1209,label,Poet
1210,label,Political activist
1211,label,Translator
1212,label,Politician
1213,label,"Charles City, Iowa"
1214,label,Gold Coast (British colony)
1215,label,"Newton, Massachusetts"
1216,label,Painting
1217,label,Epsom
1218,label,Actor
1219,label,"Redlands, California"
1220,label,Bangladeshis
1221,label,Alexandra Stoddard
1222,label,Sorbonne
1223,label,Physicist
1224,label,Fantasy literature
1225,label,"Elizabeth, New Jersey"
1226,label,University of Miami
1227,label,Brigham Young University
1228,label,Dartmouth College
1229,label,Librarian
1230,label,Scholar
1231,label,"Morganton, North Carolina"
1232,label,A. C. Benson
1233,label,"King's College, Cambridge"
1234,label,Eton College
1235,label,Edward White Benson
1236,label,Mary Benson (hostess)
1237,label,A. C. Bhaktivedanta Swami Prabhupada
1238,label,Hinduism
1239,label,"Fluvanna County, Virginia"
1240,label,Epistemology
1241,label,Western philosophy
1242,label,"Cattaraugus County, New York"
1243,label,British people
1244,label,Penarth
1245,label,"Magdalen College, Oxford"
1246,label,University of London
1247,label,University of Sussex
1248,label,University of Oxford
1249,label,"Bell County, Texas"
1250,label,Kew
1251,label,Civil servant
1252,label,"Fairmont, West Virginia"
1253,label,Teacher
1254,label,Writer
1255,label,"Lafayette, California"
1256,label,University of Glasgow
1257,label,Johns Hopkins University
1258,label,"Columbus, Georgia"
1259,label,University of East Anglia
1260,label,"Fullerton, California"
1261,label,Judaism
1262,label,Ethics
1263,label,"University College, Oxford"
1264,label,Lecturer
1265,label,University of Cambridge
1266,label,New York University
1267,label,"Wakefield, Massachusetts"
1268,label,Wokingham
1269,label,"Fort Pierce, Florida"
1270,label,Film actor
1271,label,Screenwriter
1272,label,Hartford
1273,label,"Windsor, Vermont"
1274,label,"Santa Cruz, California"
1275,label,"Chino, California"
1276,label,A. E. Housman
1277,label,"St John's College, Oxford"
1278,label,Bromsgrove
1279,label,Laurence Housman
1280,label,East Riding of Yorkshire
1281,label,Purdue University
1282,label,"Decatur, Illinois"
1283,label,Geology
1284,label,List of works by A. E. W. Mason
1285,label,Anglicanism
1286,label,"Rochester, Minnesota"
1287,label,University of Stirling
1288,label,Barrister
1289,label,A. Flowerdew
1290,label,"Whitton, Ipswich"
1291,label,Hymnwriter
1292,label,"Highland Park, Illinois"
1293,label,"Glendale, California"
1294,label,Gwynedd
1295,label,Queen Mary University of London
1296,label,Novelist
1297,label,West Derby
1298,label,Kensal Green Cemetery
1299,label,"Lebanon County, Pennsylvania"
1300,label,Zoology
1301,label,Master of Arts
1302,label,Diplomat
1303,label,Metaphysics
1304,label,"Chico, California"
1305,label,University College London
1306,label,"Astoria, Queens"
1307,label,A. Hamilton Gibbs
1308,label,"Norwalk, Connecticut"
1309,label,"Janesville, Wisconsin"
1310,label,University of Rochester
1311,label,Archaeology
1312,label,A. J. Ayer
1313,label,Bertrand Russell
1314,label,David Hume
1315,label,Ludwig Wittgenstein
1316,label,Voltaire
1317,label,Philosophy of language
1318,label,Philosophy of science
1319,label,Australians
1320,label,Philosopher
1321,label,Television presenter
1322,label,Screenwriting
1323,label,A. J. Butcher
1324,label,Playwright
1325,label,Dunbartonshire
1326,label,A. J. Dalton
1327,label,University of Warwick
1328,label,Filipinos
1329,label,Duke University
1330,label,"Missoula, Montana"
1331,label,University of Montana
1332,label,"Peoria, Illinois"
1333,label,Radio personality
1334,label,A. J. Healy
1335,label,"Waverly, Iowa"
1336,label,Jean Stafford
1337,label,Fellow of the British Academy
1338,label,"Key Largo, Florida"
1339,label,"Orange, New Jersey"
1340,label,A. J. Quinnell
1341,label,Nuneaton
1342,label,Warwickshire
1343,label,Scientist
1344,label,Irish people
1345,label,English cricket team
1346,label,Doctor of Philosophy
1347,label,University of Hawaii
1348,label,"Fountain Hill, Pennsylvania"
1349,label,A. K. Chesterton
1350,label,Cecil Chesterton
1351,label,G. K. Chesterton
1352,label,Film producer
1353,label,Indiana University
1354,label,Kingdom of Mysore
1355,label,Wandsworth
1356,label,Greenwich
1357,label,Rasht
1358,label,"Peterhouse, Cambridge"
1359,label,A. L. Rees
1360,label,A. L. Rowse
1361,label,Academic
1362,label,Photography
1363,label,"Orangeburg, South Carolina"
1364,label,Comic fantasy
1365,label,Urban fantasy
1366,label,"Paris, Texas"
1367,label,A. M. Howell
1368,label,A. M. Klein
1369,label,"Palatka, Florida"
1370,label,Presbyterianism
1371,label,A. M. W. Stirling
1372,label,Evelyn De Morgan
1373,label,John Roddam Spencer Stanhope
1374,label,Percival Pickering
1375,label,A. M. Williamson
1376,label,Bath Abbey
1377,label,Sherborne School
1378,label,Cornell University
1379,label,University of York
1380,label,A. Maurice Low
1381,label,Barbara Low (psychoanalyst)
1382,label,Ivy Low Litvinov
1383,label,Sidney Low
1384,label,Congressional Cemetery
1385,label,"Beverly, New Jersey"
1386,label,"Oneida County, New York"
1387,label,University of Chicago
1388,label,Harrow School
1389,label,Oxford University
1390,label,Trinidadians and Tobagonians
1391,label,"Merchant Taylors' School, Northwood"
1392,label,"New College, Oxford"
1393,label,Malvern College
1394,label,Rugby School
1395,label,Pride of Performance
1396,label,"Maywood, Illinois"
1397,label,Ashtead
1399,label,Charles Oman
1400,label,"Gloucester, Massachusetts"
1401,label,Methodism
1402,label,Imperial College London
1403,label,Wake Forest University
1404,label,New Zealanders
1405,label,Wilson Harris
1406,label,Theatre
1407,label,Slade School of Fine Art
1408,label,"Ladysmith, Wisconsin"
1409,label,Malayan Union
1410,label,PhD
1411,label,The Hindu
1412,label,Bachelor of Science
1413,label,"Port Chester, New York"
1414,label,Iowa State University
1415,label,Pennsylvania State University
1416,label,"Newnham College, Cambridge"
1417,label,"Somerville College, Oxford"
1418,label,A. S. J. Tessimond
1419,label,University of Liverpool
1420,label,Birkenhead School
1421,label,Charterhouse School
1422,label,A. S. M. Hutchinson
1423,label,Aldeburgh
1424,label,Miles Franklin Award
1425,label,Black Rock White City
1426,label,"Christ Church, Oxford"
1427,label,"Camden, New Jersey"
1428,label,A. Samad Said
1429,label,Malaysians
1430,label,Palisades Charter High School
1431,label,Turkish people
1432,label,Pawnee people
1433,label,"Casa Grande, Arizona"
1434,label,Designer
1435,label,Master of Science
1436,label,Literary criticism
1437,label,Educator
1438,label,Trinity College Dublin
1439,label,Pimlico
1440,label,"Rock Island, Illinois"
1441,label,"Emmanuel College, Cambridge"
1442,label,Durham University
1443,label,Kidderminster
1444,label,"Santa Maria, California"
1445,label,Kettering
1446,label,A. de Herz
1447,label,Libretto
1448,label,Short story
1449,label,Hornsey
1450,label,Enfield Town
1451,label,Alnwick
1452,label,Whitechapel
1453,label,Southwold
1454,label,"Wrentham, Suffolk"
1455,label,Stowmarket
1456,label,"Stamford, Lincolnshire"
1457,label,Southend-on-Sea
1458,label,Canvey Island
1459,label,Shoeburyness
1460,label,Cromer
1461,label,Bungay
1462,label,Felixstowe
1463,label,Holbeach
1464,label,"Louth, Lincolnshire"
1465,label,"Gainsborough, Lincolnshire"
1466,label,Northallerton
1467,label,Whitby
1468,label,"Malton, North Yorkshire"
1469,label,Cleethorpes
1470,label,"Morpeth, Northumberland"
1471,label,West Wickham
1472,label,Vauxhall
1473,label,"Sydenham, London"
1474,label,Denmark Hill
1475,label,Pembury
1476,label,Orpington
1477,label,Beckenham
1478,label,Maidstone
1479,label,Littlehampton
1480,label,Margate
1481,label,Emsworth
1482,label,Folkestone
1483,label,Coleraine
1484,label,"Battle, East Sussex"
1485,label,County Londonderry
1486,label,"Waterloo, London"
1487,label,Honiton
1488,label,Totland
1489,label,"Brompton, London"
1490,label,"Harrow, London"
1491,label,Sunbury-on-Thames
1492,label,Chiswick
1493,label,Clapham Junction
1494,label,"Alton, Hampshire"
1495,label,Gosport
1496,label,Omagh
1497,label,Poole
1498,label,Pangbourne
1499,label,"Marlborough, Wiltshire"
1500,label,Ilfracombe
1501,label,Paignton
1502,label,Teignmouth
1503,label,Bodmin
1504,label,Strabane
1505,label,County Fermanagh
1506,label,County Monaghan
1507,label,Charing Cross
1508,label,"Barry, Vale of Glamorgan"
1509,label,Merthyr Tydfil
1510,label,St Albans
1511,label,Bridgend
1512,label,Llandovery
1513,label,Haverfordwest
1514,label,Bicester
1515,label,Cwmparc
1516,label,Tetbury
1517,label,Gerrards Cross
1518,label,Loughor
1519,label,Market Harborough
1520,label,Chippenham
1521,label,Cirencester
1522,label,Aberystwyth
1523,label,Herefordshire
1524,label,Enniskillen
1525,label,Newcastle Emlyn
1526,label,Machynlleth
1527,label,Blaenau Ffestiniog
1528,label,Llanfairpwllgwyngyll
1529,label,Bootle
1530,label,Aston
1531,label,Hazel Grove
1532,label,Congleton
1533,label,"Whitchurch, Shropshire"
1534,label,Knutsford
1535,label,Metropolitan Borough of Wirral
1536,label,Denbighshire
1537,label,Holyhead
1538,label,Worsley
1539,label,Salford
1540,label,Carlisle
1541,label,Workington
1542,label,Monaghan
1543,label,"Ware, Hertfordshire"
1544,label,Hexham
1545,label,Ripon
1546,label,Glossop
1547,label,Pontefract
1548,label,Cleckheaton
1549,label,Keighley
1550,label,Kendal
1551,label,Pendlebury
1552,label,Oldham
1553,label,East Kilbride
1554,label,Coatbridge
1555,label,Galashiels
1556,label,Stranraer
1557,label,Campbeltown
1558,label,Kirkcaldy
1559,label,Dunkeld
1560,label,Kathy Acker
1561,label,Neil Gaiman
1562,label,Roz Kaveney
1563,label,Artist
1564,label,Marian Hemar
1565,label,"Montclair, New Jersey"
1566,label,Middle East
1567,label,Food
1568,label,Uttlesford
1569,label,"Hollywood, Los Angeles"
1570,label,"Sioux City, Iowa"
1571,label,"London, UK"
1572,label,Neuroscience
1573,label,"Alameda County, California"
1574,label,"Florence, Colorado"
1575,label,Alexander Graham Bell
1576,label,"Coral Gables, Florida"
1577,label,"Garland, Texas"
1578,label,Thornton Heath
1579,label,"Ukiah, California"
1580,label,American Film Institute
1581,label,Hollywood Hills
1582,label,AGNI (magazine)
1583,label,"Ashford, Kent"
1584,label,Detective fiction
1585,label,University of Iowa
1586,label,Greg Shaw
1587,label,Radio drama
1588,label,"Framingham, Massachusetts"
1589,label,"West Palm Beach, Florida"
1590,label,"Torrance, California"
1591,label,"Belleville, Illinois"
1592,label,Motivational speaker
1593,label,Réunion
1594,label,University of Nottingham
1595,label,University of Bologna
1596,label,Chicago metropolitan area
1597,label,"Martinez, California"
1598,label,Nepali language
1599,label,Aberdeenshire
1600,label,Adventure
1601,label,Manaus
1602,label,"Manhattan, Kansas"
1603,label,Martial arts
1604,label,"Windsor, Berkshire"
1605,label,Erotica
1606,label,Matthieu Ricard
1607,label,"Leavenworth, Kansas"
1608,label,University of St Andrews
1609,label,A Bachelor Husband
1610,label,Ruby M. Ayres
1611,label,Autobiographical novel
1612,label,Tim Asch
1613,label,A Banquet for Hungry Ghosts
1614,label,Ying Chang Compestine
1615,label,Short stories
1616,label,Children's novel
1617,label,Geoff Wisner
1618,label,Dennis Potter
1619,label,Martin McDonagh
1620,label,War novel
1621,label,Guy Boothby
1622,label,Clemence Dane
1623,label,Susan Hill
1624,label,A Bit of a Do
1625,label,William Trevor
1626,label,John Mills
1627,label,Macmillan Publishers
1628,label,Terry Pratchett
1629,label,A Blot in the 'Scutcheon
1630,label,Robert Browning
1631,label,Lindsey Davis
1632,label,John Lehmann
1633,label,Swami Vivekananda
1634,label,Robert Frost
1635,label,"A Boy, a Girl and a Bike"
1636,label,Ralph Smart
1637,label,A Breath of French Air
1638,label,H. E. Bates
1639,label,When the Green Woods Laugh
1640,label,Baroness Orczy
1641,label,A Bridge to Wiseman's Cove
1642,label,Philip Caveney
1643,label,Tawfiq al-Hakim
1644,label,Henry James
1645,label,A Burlesque on Carmen
1646,label,Charlie Chaplin
1647,label,Anthony Powell
1648,label,A Cabin on the Coast
1649,label,Brian Caswell
1650,label,A Captive in the Land (novel)
1651,label,James Aldridge
1652,label,The Last Exile
1653,label,Robert Shaw (actor)
1654,label,Seduced by Moonlight
1655,label,"William Collins, Sons"
1656,label,A Casa (play)
1657,label,Allan King
1658,label,A Case of Exploding Mangoes
1659,label,Arthur Conan Doyle
1660,label,"John Bingham, 7th Baron Clanmorris"
1661,label,Michael Crichton
1662,label,Early Modern English
1663,label,A Century of Dishonor
1664,label,Hilary Mantel
1665,label,Erich Segal
1666,label,Robert Louis Stevenson
1667,label,Charles Dickens
1668,label,Arthur Morrison
1669,label,A Children's Bible
1670,label,Mordecai Richler
1671,label,Alan Ayckbourn
1672,label,A Chorus of Disapproval (play)
1673,label,A Christmas Carol (1988 play)
1674,label,Mirfield
1675,label,A Christmas Carol (2000 film)
1676,label,Peter Bowker
1677,label,Geraldine Chaplin
1678,label,Steven Moffat
1679,label,Tom Hardy
1680,label,Alastair Sim
1681,label,Richard Mark Elson
1682,label,Nat Mauldin
1683,label,Harry Engholm
1684,label,A Circle in the Fire
1685,label,Eric Taylor (screenwriter)
1686,label,Nick Park
1687,label,Bob Baker (scriptwriter)
1688,label,A Closed Book (film)
1689,label,Gilbert Adair
1690,label,A Closed Book (novel)
1691,label,Novella
1692,label,Philip Gourevitch
1693,label,J. R. R. Tolkien
1694,label,A Confederacy of Dunces
1695,label,Trout Fishing in America
1696,label,Young adult literature
1697,label,Social liberalism
1698,label,Edmund Beloin
1699,label,A Constellation of Vital Phenomena
1700,label,Ian Rankin
1701,label,A Counterfeit Silence: Selected Poems
1702,label,Randolph Stow
1703,label,The Merry-Go-Round in the Sea
1704,label,Margaret Rutherford
1705,label,Brian Lumley
1706,label,A Crime of One's Own
1707,label,Edward Grierson
1708,label,Raymond E. Feist
1709,label,A Cuckoo in the Nest (film)
1710,label,Angus MacPhail
1711,label,Michael Boddy
1712,label,Michael Moorcock
1713,label,A Cure for the Heart Ache
1714,label,Thomas Morton (playwright)
1715,label,Derek Marlowe
1716,label,Keira Knightley
1717,label,David Ambrose
1718,label,Kit Denton
1719,label,Ruth Rendell
1720,label,Elizabeth Gaskell
1721,label,Jack Higgins
1722,label,Steampunk
1723,label,Silverthorn (novel)
1724,label,A Date with Judy (film)
1725,label,Alicia Ramsey
1726,label,Rudolph de Cordova
1727,label,Jack London
1728,label,J. L. Carr
1729,label,Roger Fournier
1730,label,Isaac Bashevis Singer
1731,label,A Deal in Ostriches
1732,label,H. G. Wells
1733,label,"Humboldt County, California"
1734,label,Ethel M. Dell
1735,label,Irvine Welsh
1736,label,Porno (novel)
1737,label,Peter Robinson (novelist)
1738,label,Gallows View
1739,label,A Necessary End
1740,label,John le Carré
1741,label,The Cosby Show
1742,label,The Stupidest Angel
1743,label,Jonathan Edwards (theologian)
1744,label,Patricia Highsmith
1745,label,A Dream of Armageddon
1746,label,Historical fantasy
1747,label,A Dream of Kings (novel)
1748,label,Christopher Priest (novelist)
1749,label,John Everett Millais
1750,label,John Christopher
1751,label,A Dutiful Daughter
1752,label,Occult
1753,label,A Dying Fall
1754,label,"Sir Henry Aubrey-Fletcher, 6th Baronet"
1755,label,Historical mystery
1756,label,Karin Slaughter
1757,label,A Fair Impostor (novel)
1758,label,Ellen Douglas
1759,label,Please Pass the Guilt
1760,label,Crispian Mills
1761,label,Gary Cooper
1762,label,A Farmer's Year
1763,label,H. Rider Haggard
1764,label,A Fear of Strangers
1765,label,Leon Griffiths
1766,label,Edgar Rice Burroughs
1767,label,Rohinton Mistry
1768,label,Spy novel
1769,label,Michael Barringer
1770,label,A Fire in the Sky
1771,label,E. R. Eddison
1772,label,Marion Zimmer Bradley
1773,label,DAW Books
1774,label,Rex Harrison
1775,label,John Mortimer
1776,label,A Flight of Chariots
1777,label,A Flight of Pigeons
1778,label,Bruce Marshall
1779,label,Ernest Tidyman
1780,label,Emily Mortimer
1781,label,A Foreign Field
1782,label,Roy Clarke
1783,label,John Trumbull
1784,label,International relations
1786,label,Frank O'Connor
1787,label,John Guare
1788,label,Rumer Godden
1789,label,John Davidson (poet)
1790,label,Comedy novel
1791,label,Michael Colton
1792,label,Naturalism (literature)
1793,label,A Gardener's Year
1794,label,Joan Blos
1795,label,Daniel Hahn
1796,label,Auguste Comte
1797,label,Western fiction
1798,label,Frederick Robert Buckley
1799,label,Stanley J. Weyman
1800,label,Hugh Williams
1801,label,Philip Kerr
1802,label,The Pale Criminal
1803,label,Medievalism
1804,label,South Yorkshire
1805,label,Romantic novel
1806,label,Caroline Graham
1807,label,Larry Niven
1808,label,Peter Wildeblood
1809,label,A Gipsy Cavalier
1810,label,Andrew Soutar
1811,label,Bildungsroman
1812,label,Lilli Palmer
1813,label,Persian language
1814,label,A Girl in Every Port (1928 film)
1815,label,A Girl in a Million
1816,label,The Judgment of Caesar
1817,label,A Glimpse of Paradise
1818,label,Arthur Marx
1819,label,"Bangor, Maine"
1820,label,Tahmima Anam
1821,label,The Good Muslim
1822,label,Henry Hardy Heins
1823,label,A Good Clean Fight
1824,label,Derek Robinson (novelist)
1825,label,Damned Good Show
1826,label,Bonnie Burnard
1827,label,A Grain of Wheat
1828,label,Ngũgĩ wa Thiong'o
1829,label,National Film and Television School
1830,label,Laurie R. King
1831,label,John Dickson Carr
1832,label,C. S. Lewis
1833,label,The Crime Club
1834,label,Evelyn Waugh
1835,label,Carl Foreman
1836,label,A Haunted House and Other Short Stories
1837,label,Virginia Woolf
1838,label,Vanessa Bell
1839,label,Hogarth Press
1840,label,Paranormal
1841,label,Terence Feely
1842,label,Literary realism
1843,label,Baháʼí Faith
1844,label,Irish language
1845,label,Geography
1846,label,A History of Britain (TV series)
1847,label,Intellectual history
1848,label,A History of New York
1849,label,G. D. H. Cole
1850,label,Albert Hourani
1851,label,A History of the Life and Voyages of Christopher Columbus
1852,label,A History of the Peninsular War
1853,label,Raj Patel
1854,label,Leah Bodine Drake
1855,label,A Horseman in the Sky
1856,label,Children's books
1857,label,Paul Kohner
1858,label,John Huston
1859,label,A House Through Time
1860,label,David Olusoga
1861,label,Edwin Muir
1862,label,A Hymn Before Battle
1863,label,Military science fiction
1864,label,Westminster School of Art
1865,label,A Journal of the Plague Year
1866,label,Social realism
1867,label,A Killing Frost
1868,label,R. D. Wingfield
1869,label,Jack Frost (detective)
1870,label,A Kind of Anger
1871,label,Eric Ambler
1872,label,The Light of Day (Eric Ambler novel)
1873,label,Stan Barstow
1874,label,The 39 Clues
1875,label,Lela Lee
1876,label,Play (theatre)
1877,label,Dark fantasy
1878,label,A Late Encounter with the Enemy
1879,label,A Legacy
1880,label,Sybille Bedford
1881,label,A Legend of Montrose
1882,label,Scots language
1883,label,A Letter from the Clearys
1884,label,A Letter to a Young Poet
1885,label,Swallowing Darkness
1886,label,George Gissing
1887,label,Russ Bender
1888,label,Doctor Who
1889,label,London Borough of Tower Hamlets
1890,label,Chris Westwood (author)
1891,label,Son of a Witch
1892,label,Out of Oz
1893,label,A Lion in the Meadow
1894,label,Hanya Yanagihara
1895,label,Virginia Sorensen
1896,label,Frances Hodgson Burnett
1897,label,Maureen Lipman
1898,label,A Little Something for Us Tempunauts
1899,label,George F. Kerr
1900,label,The People with the Dogs
1901,label,A Logic Named Joe
1902,label,Murray Leinster
1903,label,Michael Dibdin
1904,label,Cosi Fan Tutti
1905,label,Blood Rain (novel)
1906,label,A Long Long Way
1907,label,Christopher Hitchens
1908,label,Nick Hornby
1909,label,A Long Way Gone
1910,label,Lionel Davidson
1911,label,E. Phillips Oppenheim
1912,label,Ion Luca Caragiale
1913,label,A Lotus for Miss Quon
1914,label,James Hadley Chase
1915,label,S. R. Crockett
1916,label,John Fowles
1917,label,William Arthur Dunkerley
1918,label,A Maid of the Silver Sea (novel)
1919,label,Constance Garnett
1920,label,Robert Burns
1921,label,Robert Williams Buchanan
1922,label,A Man Called Jones
1923,label,Julian Symons
1924,label,The Immaterial Murder Case
1925,label,Bland Beginning
1926,label,Ford Madox Ford
1927,label,Royston Ellis
1928,label,Wendy Hiller
1929,label,Robert Bolt
1930,label,Tom Wolfe
1931,label,A Man of the People (short story)
1932,label,A Man to Remember
1933,label,Han Suyin
1934,label,Lindsay Hardy
1935,label,W. W. Jacobs
1936,label,Terry Nation
1937,label,A Matter of Fact
1938,label,Bernadette Caulfield
1939,label,A Mere Interlude
1940,label,Thomas Hardy
1941,label,Welsh language
1942,label,Robert Quackenbush
1943,label,Marie Corelli
1944,label,A Modern Utopia
1945,label,Jonathan Swift
1946,label,Laurie Lee
1947,label,Milton Friedman
1948,label,Patrick Ness
1949,label,A Monster Calls (film)
1950,label,A Monster Calls (play)
1951,label,Bristol Old Vic
1952,label,Simon Gray
1953,label,A Mother's Son
1954,label,Chris Lang
1955,label,The Venus Throw
1956,label,The Act of Roger Murgatroyd
1957,label,And Then There Was No One
1958,label,A Natural History of Hell
1959,label,List of awards
1960,label,A New Leaf (short story)
1961,label,A New Way of Life
1962,label,Robert Hichens (writer)
1963,label,Harold Pinter
1964,label,A Night at Greenway Court
1965,label,Jaroslav Vrchlický
1966,label,Stand-up comedy
1968,label,Thomas Dekker (actor)
1969,label,John Skipp
1970,label,A Note in Music
1971,label,Rosamond Lehmann
1972,label,Corinne Marrinan
1973,label,Anne Fine
1974,label,Christina Rossetti
1975,label,A Pail of Air
1976,label,Michael Craig (actor)
1977,label,A Pair of Spectacles
1978,label,Obie Award
1979,label,English literature
1980,label,John Betjeman
1981,label,A Passionate Pilgrim
1982,label,Murray Silverstein
1983,label,Cecil Day-Lewis
1984,label,A Perfect Hero
1985,label,Allan Prior
1986,label,Christopher Matthew
1987,label,Joanna Lumley
1988,label,A Perfect Spy (TV series)
1989,label,Arthur Hopcraft
1990,label,A Perfumed Scorpion
1991,label,Idries Shah
1992,label,Edmund Burke
1994,label,Jon Pertwee
1995,label,A Piece of Steak
1996,label,A Pin to See the Peepshow
1997,label,F. Tennyson Jesse
1998,label,W. G. Sebald
1999,label,A Place in the Country (novel)
2000,label,Sarah Gainham
2001,label,Night Falls on the City
2002,label,Private Worlds (Gainham novel)
2004,label,Faithful unto Death
2005,label,Andrew Davies (writer)
2006,label,A Political Romance
2007,label,Laurence Sterne
2008,label,B. W. Huebsch
2009,label,A Positive
2010,label,Solar Pons
2011,label,Martin Lynch (writer)
2012,label,James Bamford
2013,label,William Nicholson (writer)
2014,label,Doris Lessing
2015,label,Christopher Kelly (author)
2016,label,Christopher Fry
2017,label,Deborah Moggach
2018,label,Beryl Bainbridge
2019,label,American Sign Language
2020,label,Mary Ure
2021,label,A Room Called Remember
2022,label,A Room of One's Own
2023,label,Daniel Day-Lewis
2024,label,A Rose Beyond the Thames
2025,label,Michael de Larrabeiti
2026,label,Sociology
2027,label,Diana Morgan (screenwriter)
2028,label,A Safe Proposition
2029,label,A Salute to the Beatles: Once upon a Time
2030,label,Derek Taylor
2031,label,A School Story
2032,label,Joshua Bryant
2033,label,Marie-Claire Blais
2034,label,Peter F. Hamilton
2035,label,A Sentimental Journey Through France and Italy
2036,label,Yiddish
2037,label,Dick Clement
2038,label,Vince Powell
2039,label,A Shilling for Candles
2040,label,Josephine Tey
2041,label,The Man in the Queue
2042,label,C. S. Forester
2043,label,Horatio Hornblower
2044,label,A Short Guide to the City
2045,label,A Short History of the World (Wells book)
2046,label,Eric Newby
2047,label,Evan Jones (writer)
2048,label,Gothic fiction
2049,label,Murder mystery
2050,label,Gustave Flaubert
2051,label,Elizabeth Inchbald
2052,label,Christopher Isherwood
2053,label,Stevenage
2054,label,"Lodi, California"
2055,label,Nan A. Talese
2056,label,Have a Little Faith (film)
2057,label,A Smuggler's Bible
2058,label,Bernice Rubens
2059,label,Iain Banks
2060,label,Roseanne A. Brown
2061,label,A Sort of Traitors
2062,label,A Soul's Tragedy
2063,label,A Sound of Thunder
2064,label,A South Sea Bubble
2065,label,Helen Dunmore
2066,label,Mark Haddon
2067,label,Anita Brookner
2068,label,A Start in Life (Sillitoe novel)
2069,label,Alan Sillitoe
2070,label,Penelope Lively
2071,label,A Stop in a Desert
2072,label,M. John Harrison
2073,label,A Story of the Stone Age
2074,label,Paulette Goddard
2075,label,Margaret Pokiak-Fenton
2076,label,Fatty Legs
2077,label,Sherlock Holmes
2078,label,A Study in Scarlet (1914 British film)
2079,label,Vikram Seth
2080,label,A Suitable Boy (TV series)
2082,label,John Galsworthy
2083,label,Penelope Mortimer
2084,label,A Survey
2085,label,Max Beerbohm
2086,label,English people
2087,label,Patrick Kirwan
2088,label,A Tale of Time City
2089,label,Diana Wynne Jones
2090,label,A Tale of Two Cities (1989 TV series)
2091,label,The Wind in the Willows (TV series)
2092,label,A Tale of a Tub
2093,label,Prose
2094,label,Lewis Carroll
2095,label,Children's fiction
2096,label,A Taste of Honey (film)
2097,label,Paul Danquah
2098,label,Shelagh Delaney
2099,label,A Temple of the Holy Ghost
2100,label,A Terribly Strange Bed
2101,label,Wilkie Collins
2102,label,Olivia d'Abo
2103,label,A Thousand Lies
2104,label,Khaled Hosseini
2105,label,Richard English
2106,label,A Three-Pipe Problem
2107,label,The Kentish Manor Murders
2108,label,A Tight Corner
2109,label,Chick lit
2110,label,A Touch of Frost (novel)
2111,label,Frost at Christmas
2112,label,Night Frost
2113,label,Rosemary Anne Sisson
2114,label,A Toy for Juliette
2115,label,Primo Levi
2116,label,Janice May Udry
2117,label,Genesis (band)
2118,label,Hayley Mills
2119,label,Thomas Shadwell
2120,label,Cultural history
2121,label,Robert Girardi
2122,label,Damian Le Bas
2123,label,A Very Good Wife
2124,label,George Powell (playwright)
2125,label,Harry Potter
2126,label,J. K. Rowling
2127,label,Martin Booth
2128,label,Michael Frayn
2129,label,A View of the Woods
2130,label,Political satire
2131,label,A Vision of Judgment
2132,label,Roland Pertwee
2133,label,A Void
2134,label,A Walk in the Sun (short story)
2135,label,A Walk in the Woods (play)
2136,label,Nelson Algren
2137,label,A Waltz Through the Hills
2138,label,Laurie Stone
2139,label,Vivien Merchant
2141,label,A Warm Corner
2142,label,A Warning to the Curious
2143,label,A Way with Words
2144,label,A Week in Winter
2145,label,Minding Frankie
2146,label,A Weekend with Lulu
2147,label,Val Valentine
2148,label,A Whistle in the Dark
2149,label,Tom Murphy (playwright)
2150,label,A White Heron
2151,label,"New Bedford, Massachusetts"
2152,label,Herbert Mason
2153,label,Jewels of Gwahlur
2154,label,A Woman's Liberation
2155,label,Zoltan Korda
2156,label,Aldous Huxley
2157,label,Nalbro Bartley
2158,label,Jorge Semprún
2159,label,A Woman in Love and War: Vera Brittain
2160,label,Vera Brittain
2161,label,Oscar Wilde
2162,label,A Word for Nature
2163,label,Richard Cumberland (dramatist)
2164,label,A World Apart (book)
2165,label,A World of Other People
2166,label,A Yank at Oxford
2167,label,Michael Hogan (screenwriter)
2168,label,A Year of Prophesying
2169,label,John Elliot (author)
2170,label,Television producer
2171,label,Danes
2172,label,Sculptor
2173,label,Ghazal
2174,label,Aaj Robibar
2175,label,Dutch people
2176,label,Indian subcontinent
2177,label,Theatre director
2178,label,"East Orange, New Jersey"
2179,label,Estonians
2180,label,Healthcare
2181,label,Byzantine Empire
2182,label,"Nevada City, California"
2183,label,"Orange County, California"
2184,label,Smyrna
2185,label,"Corsicana, Texas"
2186,label,"Redding, Connecticut"
2187,label,"Royal Holloway, University of London"
2188,label,Illustrator
2189,label,Larne
2190,label,Loyola University New Orleans
2191,label,British America
2192,label,Thomas Jefferson
2193,label,Tauranga Boys' College
2194,label,"Lancaster, California"
2195,label,Biology
2196,label,County Galway
2197,label,Caerphilly
2198,label,"Peekskill, New York"
2199,label,Aaron Covington
2200,label,Eckerd College
2201,label,"Washtenaw County, Michigan"
2202,label,Aaron Dignan
2203,label,"New London County, Connecticut"
2204,label,"Cupertino, California"
2205,label,Stanford Graduate School of Business
2206,label,Aaron Gervais
2207,label,"San Bernardino, California"
2208,label,University of Vermont
2209,label,"Matawan, New Jersey"
2210,label,Royal Society of Arts
2211,label,"Warren County, Ohio"
2212,label,"Greene County, Ohio"
2213,label,Columnist
2214,label,"Encino, Los Angeles"
2215,label,University of Cape Town
2216,label,"Cherry Hill, New Jersey"
2217,label,Oberlin College
2218,label,Aaron Liebermann
2219,label,Emmerdale
2220,label,"Westwood, Los Angeles"
2221,label,"Aurora, Illinois"
2222,label,"Alexandria, Louisiana"
2223,label,Lincoln's Inn
2224,label,Trowbridge
2225,label,"Bury, Greater Manchester"
2226,label,"Gardena, California"
2227,label,Aaron Paquette
2228,label,"Covina, California"
2229,label,"University of California, Santa Cruz"
2230,label,University of Leicester
2231,label,"San Mateo County, California"
2232,label,"Salem, Massachusetts"
2233,label,Biola University
2234,label,"Barstow, California"
2235,label,"Essex, England"
2236,label,Leigh-on-Sea
2237,label,Canterbury
2238,label,"Oxnard, California"
2239,label,Aaron Smith (author)
2240,label,Master of Fine Arts
2241,label,"Marion, Indiana"
2242,label,"Wichita Falls, Texas"
2243,label,London Borough of Harrow
2244,label,"Springfield, Massachusetts"
2245,label,University of Berlin
2246,label,Bassaleg School
2247,label,"Ossining (village), New York"
2248,label,Hereford
2249,label,Roman Catholic Church
2250,label,Ukrainians
2251,label,Baroque
2252,label,Television director
2253,label,The Big Bang Theory
2254,label,Nepalis
2255,label,UNESCO
2256,label,London Borough of Hackney
2257,label,Mongols
2258,label,Atheism
2259,label,African studies
2260,label,Economist
2261,label,Freetown
2262,label,"Webster City, Iowa"
2263,label,"Murfreesboro, Tennessee"
2264,label,Abattoir Blues (novel)
2265,label,When the Music's Over (novel)
2266,label,Albanians
2267,label,"Queens' College, Cambridge"
2268,label,"Mansfield, Connecticut"
2269,label,"Charlestown, Boston"
2270,label,Abbad Yahya
2271,label,Index on Censorship
2272,label,Lancaster University
2273,label,Egyptians
2274,label,Abbas Zaryab
2275,label,Translation
2276,label,Lebanese nationality law
2277,label,Caliphate
2278,label,Swedes
2279,label,Abberley Hall School
2280,label,Yeovil
2281,label,Notting Hill
2282,label,Church of England
2283,label,Dumfries and Galloway
2284,label,Elsie J. Oxenham
2285,label,Scottish Borders
2286,label,County Donegal
2287,label,"Santa Clarita, California"
2288,label,Powys
2289,label,North Wales
2290,label,"Wayne, Pennsylvania"
2291,label,Southwestern Law School
2292,label,University of Leeds
2293,label,"Fond du Lac, Wisconsin"
2294,label,Welsh people
2295,label,Huntingdonshire
2296,label,AbbottVision
2297,label,Paul Abbott
2298,label,"Potter County, Pennsylvania"
2299,label,"St. Augustine, Florida"
2300,label,"Marin County, California"
2301,label,Hornchurch
2302,label,"Tazewell County, Virginia"
2303,label,Telugu people
2304,label,Hollyoaks
2305,label,Radcliffe College
2306,label,Abby McDonald
2307,label,"Plymouth, Massachusetts"
2308,label,Sarah Lawrence College
2309,label,"West Hartford, Connecticut"
2310,label,"Grinnell, Iowa"
2311,label,"Laguna Beach, California"
2312,label,Contemporary philosophy
2313,label,Octave Mirbeau
2314,label,Critic
2315,label,Lebanese people
2316,label,Al-Azhar University
2317,label,Iraqis
2318,label,King's College London
2319,label,Muslims
2320,label,Sufism
2321,label,University of Manchester
2322,label,American University in Cairo
2323,label,Roman Catholicism
2324,label,Opera
2325,label,"Cairo, Egypt"
2326,label,Emiratis
2327,label,Port Said
2328,label,Abdi Ismail Samatar
2329,label,Ahmed Ismail Samatar
2330,label,Abdi Nazemian
2331,label,Middlesex University
2332,label,University of Greenwich
2333,label,University of Exeter
2334,label,Open University
2335,label,Philosophy of religion
2336,label,University of Paris
2337,label,Mayotte
2338,label,Abdul Ali Khan
2339,label,Abdul Ghaffar Khan
2340,label,British Punjab
2341,label,Afghans
2342,label,Moseley
2343,label,Ainak Wala Jin
2344,label,Short story writer
2345,label,Straits Settlements
2346,label,"Saint Thomas, U.S. Virgin Islands"
2347,label,University of Bristol
2348,label,University of Adelaide
2349,label,London University
2350,label,Fellow of the Royal Society of Arts
2351,label,Tyne and Wear
2352,label,Habiganj District
2353,label,Illustration
2354,label,Linguist
2355,label,Saudis
2356,label,University of Southampton
2357,label,Newcastle University
2358,label,Mandatory Iraq
2359,label,Sierra Leone Colony and Protectorate
2360,label,Second Syrian Republic
2361,label,Haas School of Business
2362,label,Heriot-Watt University
2363,label,University of Sheffield
2364,label,Abdullah Aymaz
2365,label,Activist
2366,label,Bloomsbury
2367,label,Syrians
2368,label,Abdullah bin Idris
2369,label,University of Reading
2370,label,Nigerian people
2371,label,Royal Military Academy Sandhurst
2372,label,University of Essex
2373,label,Abdussalam Puthige
2374,label,Nigerians
2375,label,"Front Royal, Virginia"
2376,label,Van Nuys
2377,label,Mississippi State University
2378,label,Israelis
2379,label,"Birkbeck, University of London"
2380,label,Abeer Hamza
2381,label,Nyasaland
2382,label,Lot-et-Garonne
2383,label,Bishopwearmouth
2384,label,Legion of Honour
2385,label,Martha's Vineyard
2386,label,"Norwich, Connecticut"
2387,label,Abel J. Jones
2388,label,"Staveley, Derbyshire"
2389,label,"Wilkes-Barre, Pennsylvania"
2390,label,Fourah Bay College
2391,label,South African people
2392,label,Orientalism
2393,label,Conducting
2394,label,"Saratoga, California"
2395,label,Abelardo Delgado
2396,label,La Jolla
2397,label,"St Anne's College, Oxford"
2398,label,Penobscot
2399,label,Clwyd
2400,label,Carmarthenshire
2401,label,West Glamorgan
2402,label,Germanic languages
2403,label,Aberdalgie
2404,label,University of Aberdeen
2405,label,Kincardineshire
2406,label,Aberdyfi
2407,label,Anglesey
2408,label,Flintshire
2409,label,Caernarfonshire
2410,label,"Comrie, Perth and Kinross"
2411,label,Royal Academy of Dramatic Art
2412,label,Vocalist
2413,label,University of Wolverhampton
2414,label,The Girl with the Louding Voice
2415,label,Abi Morgan
2416,label,Brick Lane (2007 film)
2417,label,The Hour (2011 TV series)
2418,label,The Iron Lady (film)
2419,label,"City, University of London"
2420,label,Royal Central School of Speech and Drama
2421,label,Lambeth
2422,label,Nantucket
2423,label,Benjamin Franklin
2424,label,"Taunton, Massachusetts"
2425,label,John Quincy Adams
2426,label,John Adams
2427,label,"Dorchester, Boston"
2428,label,Joss Whedon
2429,label,Abigail Garner
2430,label,"University of Maryland, College Park"
2431,label,Maltese people
2432,label,Islington
2433,label,Abigail Padgett
2434,label,Abigail Savage
2435,label,"Groveland, Illinois"
2436,label,Women's suffrage
2437,label,"Red Bank, New Jersey"
2438,label,"Santa Ana, California"
2439,label,"Abingdon, Virginia"
2440,label,Abingdon School
2441,label,South Lanarkshire
2442,label,Lanarkshire
2443,label,East Midlands
2444,label,"Covington, Louisiana"
2445,label,"Prince Edward County, Virginia"
2446,label,"Cheadle, Greater Manchester"
2447,label,Viola
2448,label,Leslye Headland
2449,label,Richard Curtis
2450,label,About a Boy (TV series)
2451,label,About a Dog
2452,label,Jack Huston
2453,label,Lynda La Plante
2454,label,"Pomona, California"
2455,label,Above the Veil
2456,label,Aenir
2457,label,Afrikaans language
2458,label,"Bergen County, New Jersey"
2459,label,"Bennington, Vermont"
2460,label,"Guilford, Connecticut"
2461,label,Abraham Benisch
2462,label,Strážov (Klatovy District)
2463,label,Printmaker
2464,label,"Rahway, New Jersey"
2465,label,Abraham Cohen (editor)
2466,label,"Scotch Plains, New Jersey"
2467,label,"Monterey, California"
2468,label,"Glastonbury, Connecticut"
2469,label,"Carson City, Nevada"
2470,label,British Cape Colony
2471,label,"Paterson, New Jersey"
2472,label,Armenians
2473,label,"Fishkill, New York"
2474,label,Antiquary
2475,label,Minsk Governorate
2476,label,Tipton
2477,label,Kenyon College
2478,label,"Beverly, Massachusetts"
2479,label,"Paris, Illinois"
2480,label,The Albany Academy
2481,label,Abraham Lincoln (1924 film short)
2482,label,John Drinkwater (playwright)
2483,label,"Berks County, Pennsylvania"
2484,label,Abraham Lincoln (play)
2485,label,UCLA School of Law
2486,label,Colin Wilson
2487,label,Poles
2488,label,"Southampton (village), New York"
2489,label,British nationality law
2490,label,"Plant City, Florida"
2491,label,Bram Stoker
2492,label,Abraham Van Helsing
2493,label,Dracula
2494,label,Cutting for Stone
2495,label,"Garden Grove, California"
2496,label,Lower East Side
2497,label,Isaac Newton
2498,label,"Winchester, Virginia"
2499,label,"Brattleboro, Vermont"
2500,label,Saint Martin's School of Art
2501,label,Schizophrenia
2502,label,Chipping Norton
2503,label,"Lexington, Virginia"
2504,label,Gordon P. Robertson
2505,label,"Cody, Wyoming"
2506,label,Absolute Monarchs
2507,label,John Julius Norwich
2508,label,Mark Tavener
2509,label,"Emeryville, California"
2510,label,Anthony Shaffer (writer)
2511,label,Absolution Gap
2512,label,Alastair Reynolds
2513,label,The Prefect
2514,label,Palestinians
2515,label,Pediatrics
2516,label,University of Hull
2517,label,"Exeter College, Oxford"
2518,label,Middle Temple
2519,label,Protestantism
2520,label,British Bangladeshi
2521,label,Abul Kashem Fazlul Haq
2522,label,Basel Mission
2523,label,Order of Friendship of Peoples
2524,label,Art historian
2525,label,Abyss (magazine)
2526,label,Dave Nalle
2527,label,Marked by Fire
2528,label,Moses Isegawa
2529,label,"Montecito, California"
2530,label,Richard Arum
2531,label,Broadstairs
2532,label,Academy of Contemporary Music
2533,label,Trinity College London
2534,label,"Petaluma, California"
2535,label,"Suffolk County, New York"
2536,label,Romance languages
2537,label,"New Iberia, Louisiana"
2538,label,Berbers
2539,label,Ancient Greece
2540,label,"Pima County, Arizona"
2541,label,Accidental Death (film)
2542,label,Arthur La Bern
2543,label,"Norwell, Massachusetts"
2544,label,According to Queeney
2545,label,"Springfield, Virginia"
2546,label,Medical school
2547,label,Accrington
2548,label,Daniel J. Flynn
2549,label,Accused (2010 TV series)
2550,label,Alice Nutter (writer)
2551,label,"Willows, California"
2552,label,"Sebastopol, California"
2553,label,"Ace Crawford, Private Eye"
2554,label,Ron Clark (writer)
2555,label,"Plymouth, Minnesota"
2556,label,Ace of Spades (novel)
2557,label,Faridah Àbíké-Íyímídé
2558,label,David Wood (actor)
2559,label,Phillaur
2560,label,Theravada
2561,label,Classics
2562,label,Editing
2563,label,"Dunedin, Florida"
2564,label,Italians
2565,label,Malagasy people
2566,label,Dramatist
2567,label,"Worcester College, Oxford"
2568,label,Brazilians
2569,label,Outer Hebrides
2570,label,Yosemite National Park
2571,label,"Wilcox County, Alabama"
2572,label,"Mountain View, California"
2573,label,"St. Clair County, Alabama"
2574,label,Caricature
2575,label,Thanet District
2576,label,"Acomb, Northumberland"
2577,label,South West England
2578,label,Folkestone and Hythe (District)
2579,label,Aerobatics
2580,label,Across the Black Waters
2581,label,The Village (Anand novel)
2582,label,Ian La Frenais
2583,label,Samuel Beckett
2584,label,Nicholas Evans
2585,label,Jo Ann Harris
2586,label,Oriental studies
2587,label,Lanark
2588,label,Mary Borden
2589,label,John Howard Lawson
2590,label,Delaware Bay
2591,label,Funchal
2592,label,Caribbean
2593,label,Actors Studio
2594,label,Actress in the House
2595,label,Brixham
2596,label,"Alameda, California"
2597,label,Ada Ballin
2598,label,Portman Square
2599,label,Golders Green
2600,label,Golders Green Jewish Cemetery
2601,label,Royal Academy of Music
2602,label,Austrians
2603,label,"Mill Valley, California"
2604,label,Smith College
2605,label,Ada Elizabeth Chesterton
2606,label,Ada F. Kay
2607,label,Ada Galsworthy
2608,label,Urdu poet
2609,label,"Dubuque, Iowa"
2610,label,"West Hoboken, New Jersey"
2611,label,Ada Maria Jenyns
2612,label,"Leigh, Greater Manchester"
2613,label,Ada Sudeley
2614,label,Royal Tunbridge Wells
2615,label,Goldsmiths College
2616,label,Royal College of Art
2617,label,Andrea Beaty
2618,label,"Clifton, Bristol"
2619,label,Ada Wallas
2620,label,Plymouth High School for Girls
2621,label,Hitoma Iruma
2622,label,"Wadham College, Oxford"
2623,label,"Gonville and Caius College, Cambridge"
2624,label,University of California
2625,label,Adalbert Stifter
2626,label,"Winter Park, Florida"
2627,label,"Kane, Illinois"
2628,label,"Encinitas, California"
2629,label,Mormonism
2630,label,Brett Johnson (writer)
2631,label,Adam Abdullah Al-Ilory
2632,label,Adam Adamant Lives!
2633,label,Richard Harris (television writer)
2634,label,"Arapahoe County, Colorado"
2635,label,"The Queen's College, Oxford"
2636,label,Newarthill
2637,label,Glee (TV series)
2638,label,Adam Anderson (economist)
2639,label,Murdoch University
2640,label,Coronation Street
2641,label,George Eliot
2642,label,"Royal High School, Edinburgh"
2643,label,North Berwick
2644,label,"Denny, Falkirk"
2645,label,Adam Blackwood
2646,label,"Meridian, Mississippi"
2647,label,Johnstone
2648,label,Renfrewshire
2649,label,"Balliol College, Oxford"
2650,label,Glenalmond College
2651,label,"Wellington, Shropshire"
2653,label,Sallie Patrick
2654,label,Adam Chamberlain
2655,label,"Altadena, California"
2656,label,Chinnor
2657,label,Eleanor Clymer
2658,label,"Leesburg, Virginia"
2659,label,"Bourbon County, Kentucky"
2660,label,"Harvey, Illinois"
2661,label,Glamorgan
2662,label,"Hewlett, New York"
2663,label,Gross-Rosen concentration camp
2664,label,"Huntington, New York"
2665,label,"Monroe, Wisconsin"
2666,label,Griffith University
2667,label,Stourbridge
2668,label,Adam Foulds
2669,label,"Carmel-by-the-Sea, California"
2670,label,"Epping, Essex"
2671,label,Amersham
2672,label,Adam Goldstein (author)
2673,label,Adam Gollner
2674,label,Royal West Academy
2675,label,"Merced, California"
2676,label,Adam Hamdy
2678,label,Methodist
2679,label,Adam Hargreaves
2680,label,"Merton College, Oxford"
2681,label,Henley-on-Thames
2682,label,Adam Higginbotham
2683,label,"Guilderland, New York"
2684,label,"Magdalene College, Cambridge"
2685,label,Virginia Tech
2686,label,"Piedmont, California"
2687,label,Blue Mountains (New South Wales)
2688,label,Transvaal Colony
2689,label,Popular Science
2690,label,Visual artist
2691,label,"Kent, Connecticut"
2692,label,Aylesbury
2693,label,San Francisco State University
2694,label,Colony of Natal
2695,label,Adam Kuper
2696,label,Penkridge
2697,label,"Eau Claire, Wisconsin"
2698,label,Adam Lowe (writer)
2699,label,The New School for Social Research
2700,label,"Hot Springs, Arkansas"
2701,label,Stornoway
2702,label,School of Oriental and African Studies
2703,label,Romanticism
2704,label,Stratford-upon-Avon
2705,label,Austrian Empire
2706,label,National War College
2707,label,Adam Nevill
2708,label,"Pewaukee, Wisconsin"
2709,label,Adam Nicolson
2710,label,Nigel Nicolson
2711,label,"Montrose, Angus"
2712,label,"Goldsmiths, University of London"
2713,label,Adam Rittenberg
2714,label,Adam Roberts (British writer)
2715,label,"Panorama City, Los Angeles"
2716,label,"Syosset, New York"
2717,label,"El Cerrito, California"
2718,label,"Royston, Hertfordshire"
2719,label,Adam Smith
2720,label,Leytonstone
2721,label,"Bradford, Pennsylvania"
2722,label,Florida International University
2723,label,Adam Thorpe
2724,label,"University of California, Riverside"
2725,label,Adam Van Doren
2726,label,University of Lancaster
2727,label,Percy Bysshe Shelley
2728,label,Robert Anton Wilson
2729,label,Full Sail University
2730,label,"Oak Ridge, Tennessee"
2731,label,Adam Yarmolinsky
2732,label,Lesley Storm
2733,label,Adam of the Road
2734,label,Feminist
2735,label,"Jefferson County, New York"
2736,label,"Spencer, Iowa"
2737,label,"Hartwell, Georgia"
2738,label,"Adams County, Ohio"
2739,label,"Frederick Hamilton-Temple-Blackwood, 1st Marquess of Dufferin and Ava"
2740,label,"Cass County, Michigan"
2741,label,"Harrison County, West Virginia"
2742,label,Adania Shibli
2743,label,University of East London
2744,label,Julian Huxley
2745,label,University of Westminster
2746,label,Yoruba people
2747,label,Adderbury
2748,label,Adders on the Heath
2749,label,Gladys Mitchell
2750,label,My Bones Will Keep
2751,label,Mrs Bradley
2752,label,Death of a Delft Blue
2753,label,City of Bradford
2754,label,Parapsychology
2755,label,"Volusia County, Florida"
2756,label,"Benicia, California"
2757,label,"Wooster, Ohio"
2758,label,I.O.U.S.A.
2759,label,Gnome Press
2760,label,Bromley
2761,label,Isleworth
2762,label,Perivale
2763,label,"Lincoln College, Oxford"
2764,label,Adebola Williams
2765,label,London School of Journalism
2766,label,"Adel, Leeds"
2767,label,"Hackensack, New Jersey"
2768,label,Uruguayans
2769,label,Mexicans
2770,label,James Adam (classicist)
2771,label,"Arroyo Grande, California"
2772,label,San Francisco Bay Area
2773,label,"St Hilda's College, Oxford"
2774,label,"Pipestone, Minnesota"
2775,label,Girton College
2776,label,"Middlesex County, Ontario"
2777,label,Adelaide Phillpotts
2778,label,Ealing
2779,label,Poughill
2780,label,"Roseville, California"
2781,label,Plato
2782,label,"Lowell, Massachusetts"
2783,label,Ralph Waldo Emerson
2784,label,Utah State University
2785,label,Adele Faber
2786,label,Royal Free Hospital
2787,label,Barnard College
2788,label,Adeline's Dream
2789,label,Adeline Margaret Tesky
2790,label,Order of Agricultural Merit
2791,label,"Marshall, Texas"
2792,label,Steve Randy Waldman
2793,label,"Ross County, Ohio"
2794,label,Adelphi Theatre
2795,label,Jane Scott (theatre manager)
2796,label,Greeks
2797,label,"Doña Ana County, New Mexico"
2798,label,Fortaleza
2799,label,Sierra Leone Grammar School
2800,label,Accountant
2801,label,Islamism
2802,label,Anglican
2803,label,Soka University of America
2804,label,Srinivas Rayaprol
2805,label,Aditi Shankardass
2806,label,Indian Civil Service
2807,label,Lycée Henri-IV
2808,label,Soho
2809,label,"Huntington, West Virginia"
2810,label,Whitehall
2811,label,Haslemere
2812,label,Adnan Khashoggi
2813,label,Nabila Khashoggi
2814,label,Dodi Fayed
2815,label,Emad Khashoggi
2816,label,Samira Khashoggi
2817,label,Soheir Khashoggi
2818,label,Bureaucrat
2819,label,Hausa language
2820,label,Carl Jung
2821,label,Slovaks
2822,label,Adolf Fierla
2823,label,Hans Reichenbach
2824,label,Logic
2825,label,Czechs
2826,label,Miguel de Cervantes Prize
2827,label,Big band
2828,label,"Des Plaines, Illinois"
2829,label,"Palm Desert, California"
2830,label,Zoologist
2831,label,Graceland Cemetery
2832,label,Archaeologist
2833,label,École Normale Supérieure
2834,label,Hollywood Forever Cemetery
2835,label,Belgians
2836,label,Alverstoke
2837,label,"Columbus, Wisconsin"
2838,label,Ulster
2839,label,"Westminster, California"
2840,label,"Batavia, New York"
2841,label,Ballymoney
2842,label,Royal College of Music
2843,label,Rowley Regis
2844,label,Dragon School
2845,label,Adrian Caesar
2846,label,The Nettie Palmer Prize for Non-fiction
2847,label,Adrian Cole (writer)
2848,label,Ethel Turner
2849,label,Adrian Dawson
2850,label,Manx people
2851,label,Adrian Flanagan
2853,label,Adrian Gilbert
2854,label,Adrian Greenwood
2855,label,Stoke Newington
2856,label,"Durham, England"
2857,label,Adrian Henri
2858,label,"Charlton, London"
2859,label,Adrian Hon
2860,label,"Zombies, Run!"
2861,label,Redruth
2862,label,Woking
2863,label,Ludlow
2864,label,Highgate School
2865,label,Adrian McKinty
2866,label,Carrickfergus
2867,label,Yate
2868,label,Repton School
2869,label,Kingston University
2870,label,London Borough of Enfield
2871,label,Family Tools
2872,label,Trollied
2873,label,Manchester Metropolitan University
2874,label,Melton Mowbray
2875,label,Adrian Seligman
2876,label,Leatherhead
2877,label,Rokeby Preparatory School
2878,label,Audrey Blackman
2879,label,Madron Seligman
2880,label,Neath
2881,label,Adrian Tchaikovsky
2882,label,Woodhall Spa
2883,label,Bernard Williams
2884,label,Adriana E. Ramírez
2885,label,"San Rafael, California"
2886,label,Adriana Maggs
2887,label,Slovenes
2888,label,"California State University, Northridge"
2889,label,Colombians
2890,label,"Islip, New York"
2891,label,Creepshow
2892,label,Logan's Run (TV series)
2893,label,Frances Liardet
2894,label,Ann-Marie MacDonald
2895,label,"Sheepshead Bay, Brooklyn"
2896,label,Advent:Publishers
2897,label,"Lake Wales, Florida"
2898,label,"Hanford, California"
2899,label,Cyril Campion
2900,label,Olivia Olson
2901,label,Pontypridd
2902,label,High fantasy
2903,label,Jean-Paul Sartre
2904,label,"Perry County, Indiana"
2905,label,Drama Desk Award
2906,label,Sturry
2907,label,Agen
2908,label,Elegy
2909,label,Aelfrida Tillyard
2910,label,Chaplain
2911,label,Castle (novel)
2912,label,West Indies
2913,label,Rufus Travis Amis
2914,label,"Middletown, Ohio"
2915,label,Aeronwy Thomas
2916,label,New Malden
2917,label,Caitlin Thomas
2918,label,Dylan Thomas
2919,label,Flemish people
2920,label,"Dover, Delaware"
2921,label,Aesop's Fables (Pinkney book)
2922,label,Aesop
2923,label,Art criticism
2924,label,"Napa County, California"
2925,label,"Wheeling, West Virginia"
2926,label,Principal Edwards Magic Theatre
2927,label,"St. Louis County, Missouri"
2928,label,Tajiks
2929,label,Afghans in India
2930,label,Irish Sea
2931,label,Albert Maltz
2932,label,Film criticism
2933,label,Marriage
2934,label,"DeLand, Florida"
2935,label,African diaspora
2936,label,"Vallejo, California"
2937,label,Italian Tripolitania
2938,label,Agnosticism
2939,label,Guyanese Creole
2940,label,Balochi language
2941,label,John Birmingham
2942,label,George Steiner
2943,label,After China
2944,label,Double-Wolf
2945,label,Dion Boucicault
2946,label,After Dark (short story collection)
2947,label,After Darkness (novel)
2948,label,Ben Shephard (historian)
2949,label,Simon Brett
2950,label,After Henry (radio series)
2951,label,Pete Atkin
2952,label,After Hours (novel)
2953,label,Carnival of Souls (Buffy novel)
2954,label,Ricky Gervais
2955,label,Bryan Elsley
2956,label,Alma De Groen
2957,label,After Silence
2958,label,After This
2959,label,Beryl Vertue
2960,label,After Worlds Collide
2961,label,Maggie O'Farrell
2962,label,After the Act
2963,label,Winston Graham
2964,label,J. O. C. Orton
2965,label,After the Bomb (novel)
2966,label,Gloria D. Miklowitz
2967,label,Dennis Kelly
2968,label,In-yer-face theatre
2969,label,Evie Wyld
2970,label,After the Verdict (novel)
2971,label,Stephen Volk
2972,label,Aftermath (Robinson novel)
2973,label,Islamophobia
2974,label,Steven Emerson
2975,label,Software engineer
2976,label,Alois Jirásek
2977,label,Against All Odds (novel)
2978,label,Dangerous Games (Steel novel)
2979,label,The Last Dark
2980,label,"James Thomson (poet, born 1700)"
2981,label,University of La Verne
2982,label,"Lac qui Parle County, Minnesota"
2983,label,Locarno
2984,label,Latvians
2985,label,Agata Tuszyńska
2986,label,H. G. Wells: War with the World
2987,label,Rosalind Hicks
2988,label,"Wallingford, Oxfordshire"
2989,label,Golden Age of Detective Fiction
2990,label,The Murder of Roger Ackroyd
2991,label,James Watts (British politician)
2992,label,Cholsey
2993,label,Marion Chesney
2994,label,Helen Baxendale
2995,label,"Hampden County, Massachusetts"
2996,label,Kristiansand
2997,label,Age of Iron
2998,label,Stephen Turnbull (historian)
2999,label,County Borough of Salford
3000,label,Criticism
3001,label,Agent J
3002,label,Agent K
3003,label,Balham
3004,label,Agha Saleem
3005,label,County Wicklow
3006,label,John Home
3007,label,Food writer
3008,label,"Hanover, New Hampshire"
3009,label,Harrow on the Hill
3010,label,Agnes Allen (author)
3011,label,Agnes Beaumont
3012,label,Edworth
3013,label,Agnes Boulton
3014,label,Oona O'Neill
3015,label,"Point Pleasant, New Jersey"
3016,label,Eugene O'Neill
3017,label,Agnes Bulmer
3018,label,Alloway
3019,label,Anne Brontë
3020,label,Victorian literature
3021,label,Agnes Herbert
3022,label,Godalming
3023,label,Genealogist
3024,label,Spanish Town
3025,label,Agnes Macdonell
3026,label,Pinner
3027,label,"Bedford College, London"
3028,label,"Farmington Hills, Michigan"
3029,label,Laugharne
3030,label,James Ryan (Irish politician)
3031,label,Royal University of Ireland
3032,label,Timperley
3033,label,Agnes Porter
3034,label,Glasgow School of Art
3035,label,"Decatur, Georgia"
3036,label,Rapallo
3037,label,Westmorland
3038,label,Agnes Vanderburg
3039,label,Agnes Wheeler
3040,label,Beetham
3041,label,Agnes de Castro (play)
3042,label,Catharine Trotter Cockburn
3043,label,Streatham
3044,label,"Antony, Hauts-de-Seine"
3045,label,Simon Williams (actor)
3046,label,Muhammad Iqbal
3047,label,Philosophy of history
3048,label,Film critic
3049,label,Torah
3050,label,Ahasuerus Fromanteel
3051,label,University of Massachusetts Boston
3052,label,Ahmad Kamal Faridi
3053,label,Ahmad Muhammad Jamal
3054,label,Britannia Royal Naval College
3055,label,"Freetown, Sierra Leone"
3056,label,Ahmed Khaled Tawfik
3057,label,Zagazig
3058,label,Koreans
3059,label,Ahren Warner
3060,label,Crimean Tatars
3061,label,Mercedes de Acosta
3062,label,Aidan Crawley
3063,label,Sedgefield
3064,label,Patrick Scott (artist)
3065,label,Wallasey
3066,label,Helensburgh
3067,label,Bamburgh
3068,label,Aileen Armitage
3069,label,Hull University
3070,label,Deric Longden
3071,label,University of Central Lancashire
3072,label,Maureen Constance Guinness
3073,label,Faculty of Advocates
3074,label,"Elgin, Moray"
3075,label,"Portobello, Edinburgh"
3076,label,"Trinity Hall, Cambridge"
3077,label,"Antioch, California"
3078,label,"Loveland, Colorado"
3079,label,"Versailles, Yvelines"
3080,label,Denville Hall
3081,label,"Northwood, London"
3082,label,Jane Addams Children's Book Award
3083,label,Ain't Misbehavin' (TV series)
3084,label,Jez Williams
3085,label,Ann Grifalconi
3086,label,Thomas Teevan (attorney general)
3087,label,University of North Carolina School of the Arts
3088,label,Chingford
3089,label,"San Juan, Metro Manila"
3090,label,"Redhill, Surrey"
3091,label,"Johnstown, Pennsylvania"
3092,label,Cranfield University
3093,label,Bishop's Stortford
3094,label,Military History
3095,label,Shotts
3096,label,Steeton with Eastburn
3097,label,Skipton
3098,label,Airing in a Closed Carriage
3099,label,Marjorie Bowen
3100,label,Arthur Hailey
3101,label,Aisha Gray Henry
3102,label,Parks and Recreation
3103,label,Mohammed Abdul-Hayy
3104,label,Aisha Sasha John
3105,label,Reporter
3106,label,"Moston, Manchester"
3107,label,"Downing College, Cambridge"
3108,label,"Hamilton, Bermuda"
3109,label,Taplow
3110,label,"Hawthorne, New Jersey"
3111,label,Kentish Town
3112,label,Sikh Empire
3113,label,"Richland County, Wisconsin"
3114,label,Akasya Durağı
3115,label,Akela (The Jungle Book)
3116,label,The Jungle Book
3117,label,Akhenaten: Son of the Sun
3118,label,Tutankhamun and the Daughter of Ra
3119,label,International Dublin Literary Award
3120,label,"Jackson Heights, Queens"
3121,label,Bogra Zilla School
3122,label,You Only Live Twice (film)
3123,label,"Mount Morris, Illinois"
3124,label,Scriptwriter
3125,label,Akiko Itoyama
3126,label,Pudukkottai State
3127,label,Crumpsall
3128,label,Travel writer
3129,label,Akira Hori
3130,label,South Texas
3131,label,Turkmens
3132,label,Akshay Chandra Sharma
3133,label,Freshwater (novel)
3134,label,Mohawk language
3135,label,Religious pluralism
3136,label,Leo Strauss
3137,label,"Laguna Woods, California"
3138,label,"Windsor, Connecticut"
3139,label,"McDonald County, Missouri"
3140,label,"Lawrence, Massachusetts"
3141,label,"Beatrice, Nebraska"
3142,label,"Allendale, New Jersey"
3143,label,Gennifer Choldenko
3144,label,"Oceanside, California"
3145,label,"Geneva, Illinois"
3146,label,Coral Gables Senior High School
3147,label,Witham
3148,label,Al Hinkle
3149,label,"Culver City, California"
3150,label,Pwllheli
3151,label,United States Merchant Marine Academy
3152,label,"Stratford, Ontario"
3153,label,"Green Bay, Wisconsin"
3154,label,Mario Puzo
3155,label,"Cocoa Beach, Florida"
3156,label,Al Perkins (children's writer)
3157,label,"Broughton, Salford"
3158,label,Los Angeles City College
3159,label,"Irvington, New Jersey"
3160,label,"Waterbury, Connecticut"
3161,label,"Passaic, New Jersey"
3162,label,"Westerville, Ohio"
3163,label,"Port Washington, Wisconsin"
3164,label,"Concord, California"
3165,label,Ala Ebtekar
3166,label,Ordre des Arts et des Lettres
3167,label,Watt Key
3168,label,"Enterprise, Alabama"
3169,label,"Daphne, Alabama"
3170,label,"Anniston, Alabama"
3171,label,Choctaw
3172,label,Aladore
3173,label,Henry Newbolt
3174,label,Alain Anderton
3175,label,Criminologist
3176,label,Alain Bergeron
3177,label,Knokke
3178,label,Alain Elkann
3179,label,Alain Farah
3180,label,Central High School (Philadelphia)
3181,label,Camden Town
3182,label,Alain de Botton
3183,label,Belarusians
3184,label,"Valhalla, New York"
3185,label,Keith Douglas
3186,label,Guiding Light
3187,label,Alan Abelson
3188,label,"Stony Brook, New York"
3189,label,Midlothian
3190,label,Fettes College
3191,label,"Montebello, California"
3192,label,"Corpus Christi College, Oxford"
3193,label,"Jonesboro, Arkansas"
3194,label,Northwich
3195,label,Alan Best (filmmaker)
3196,label,Katrina Best
3197,label,"Auburn, California"
3198,label,Alan Bissett
3199,label,"St Catherine's College, Oxford"
3200,label,Alan Booth
3201,label,Finchley
3202,label,Courtauld Institute of Art
3203,label,Witney
3204,label,Alan Brien
3205,label,Seaton Delaval
3206,label,Lewes
3207,label,"Sedona, Arizona"
3208,label,"Biddeford, Maine"
3209,label,Alan Clarke
3210,label,Alan Cochrane
3211,label,The Daily Telegraph
3213,label,University of Oregon School of Law
3214,label,"Tillamook County, Oregon"
3215,label,Hampstead Cemetery
3216,label,"Los Altos, California"
3217,label,Forest Gate
3218,label,Coulsdon
3219,label,Alan Dapre
3220,label,Loughton
3221,label,Gower Peninsula
3222,label,City University London
3223,label,Kennington
3224,label,Bermondsey
3225,label,Once Were Warriors
3226,label,Bill Cash
3227,label,High School of Dundee
3228,label,University of Dundee
3229,label,San Jose State University
3230,label,"Great Neck, New York"
3231,label,"Holywell, Flintshire"
3232,label,Eltham
3233,label,Alan Garner
3234,label,Alan Gibbons
3235,label,Dione Venables
3236,label,"Wellington College, Berkshire"
3237,label,Ashby-de-la-Zouch
3238,label,"Dollar, Clackmannanshire"
3239,label,Alan Gratz
3240,label,Rockefeller Foundation
3241,label,Royton
3242,label,Dorking
3243,label,"Eccles, Greater Manchester"
3244,label,Wednesbury
3245,label,Alan Hollinghurst
3246,label,Hanworth
3247,label,Alan Hyman
3248,label,Anthony Hyman
3249,label,Miranda Miller
3250,label,Timothy Hyman
3251,label,St Cyprian's School
3252,label,Brompton Cemetery
3253,label,"Sale, Greater Manchester"
3254,label,Cholmondeley Award
3255,label,Eric Gregory Award
3256,label,Forward Poetry Prize
3257,label,Sissinghurst
3259,label,Alan Kennington
3261,label,Muswell Hill
3262,label,"Belvedere, London"
3263,label,"Medford, Massachusetts"
3264,label,Stanford University School of Medicine
3265,label,Peckham
3266,label,The Hoopster
3267,label,Duston
3268,label,Creative writing
3269,label,Bellshill
3270,label,Winchester College
3271,label,Alan MacDonald (writer)
3272,label,Alan Mahar
3273,label,"Clare College, Cambridge"
3274,label,Barrhead
3275,label,Alan Melville (writer)
3276,label,Alan Monaghan
3277,label,Alan Moorehead
3278,label,Caroline Moorehead
3279,label,"Boston, Lincolnshire"
3280,label,Clifton College
3281,label,"Pacific Palisades, Los Angeles"
3282,label,Alan Noel Latimer Munby
3283,label,"Tupelo, Mississippi"
3285,label,Alan Parks (writer)
3286,label,Alan Partridge: Welcome to the Places of My Life
3287,label,The Thick of It
3288,label,Alan Partridge (Brookside)
3289,label,Phil Redmond
3290,label,Rossall School
3291,label,University of Miami School of Law
3292,label,"California State University, Fullerton"
3293,label,"Beloit, Wisconsin"
3294,label,University of Wisconsin Law School
3295,label,Harpenden
3296,label,Alan Sharp
3297,label,Alyth
3298,label,"Keswick, Cumbria"
3299,label,Alan Sheridan
3300,label,London Borough of Bromley
3301,label,Alan Simpson (scriptwriter)
3302,label,Comedy Playhouse
3303,label,Hancock's Half Hour
3304,label,Steptoe and Son
3305,label,Dalston
3306,label,Alan Stevenson
3307,label,Robert Stevenson (civil engineer)
3308,label,Thomas Stevenson
3309,label,Houghton-le-Spring
3310,label,Cumberland
3311,label,Alan Titley
3312,label,Philosophy of mind
3313,label,Alan Villiers
3314,label,Alan Watts
3315,label,Chislehurst
3316,label,Allen Ginsberg
3317,label,Gary Snyder
3318,label,Monica Furlong
3319,label,Seraphim Rose
3320,label,Alfred Korzybski
3321,label,Dimitrije Mitrinović
3322,label,Jean Burden
3323,label,Jiddu Krishnamurti
3324,label,Colne
3325,label,Tolworth
3326,label,Alan White (novelist)
3327,label,Hunslet
3328,label,Manchester Grammar School
3329,label,"Topanga, California"
3330,label,Highgate Cemetery
3332,label,Alan Woo
3333,label,Stepney
3334,label,Alana Massey
3335,label,Alane Ferguson
3336,label,Chatham House
3337,label,Alasdair Caimbeul (writer)
3338,label,"Ness, Lewis"
3339,label,Catrìona Lexy Chaimbeul
3340,label,Riddrie
3341,label,Isle of Lewis
3342,label,"Kenai, Alaska"
3343,label,"Warren, Ohio"
3344,label,UCL Medical School
3345,label,Graduate Theological Union
3346,label,"Heythrop College, University of London"
3347,label,Renfrewshire (historic)
3348,label,Alastair Dunnett
3349,label,Kilmacolm
3350,label,Dorothy Dunnett
3351,label,Camberwell School of Art
3352,label,Alastair Hamilton
3353,label,History of philosophy
3354,label,"Ely, Cambridgeshire"
3355,label,Alastair Swinnerton
3356,label,"Edenton, North Carolina"
3357,label,Simon Cowell
3358,label,Wood Green
3359,label,"Pepin County, Wisconsin"
3360,label,Piccadilly
3361,label,"Colonie, New York"
3362,label,Albedo One
3363,label,Juliet E. McKenna
3364,label,Gray's Inn
3365,label,Holborn
3366,label,African history
3367,label,Albert Angelo
3368,label,B. S. Johnson
3369,label,"Lansdale, Pennsylvania"
3370,label,Ton Pentre
3371,label,"Herkimer County, New York"
3372,label,Albert Butz
3373,label,Albert Campion
3374,label,Margery Allingham
3375,label,"Gloversville, New York"
3376,label,"Manhasset, New York"
3377,label,Goring-by-Sea
3378,label,"Parnell, New Zealand"
3379,label,Albert Dormer
3380,label,Ruislip
3381,label,Edinburgh University
3382,label,"Glen Ellen, California"
3383,label,"Monrovia, California"
3384,label,John Buchan
3385,label,Cheltenham College
3386,label,"San Fernando, California"
3387,label,Albert Flynn
3388,label,Albert Flynn DeSilver
3389,label,Rotherhithe
3390,label,"Geneseo, New York"
3391,label,Laetare Medal
3392,label,Jamaica Plain
3393,label,Albert Gamse
3394,label,"Amityville, New York"
3395,label,"Nutley, New Jersey"
3396,label,Hanwell
3397,label,Bexhill-on-Sea
3398,label,Grocer
3399,label,Frinton-on-Sea
3400,label,"Blackheath, London"
3401,label,Belper
3402,label,Albert Huffstickler
3403,label,"Anson County, North Carolina"
3404,label,"Paramus, New Jersey"
3405,label,Albert Jay Nock
3406,label,Joseph McCabe
3407,label,"Waukesha, Wisconsin"
3408,label,Inverclyde
3409,label,Bilston
3410,label,Mile End
3411,label,"Morgan County, Alabama"
3412,label,Albert P. Crary
3413,label,"Stapleford, Nottinghamshire"
3414,label,"Clarion County, Pennsylvania"
3415,label,"Tiverton, Devon"
3416,label,Hindhead
3417,label,Albert R. Lyman
3418,label,"Browning, Montana"
3419,label,Chertsey
3420,label,"Chatham, Kent"
3421,label,Albert Russo
3422,label,Albert Saijo
3423,label,Mexborough
3424,label,"Max Aitken, 1st Baron Beaverbrook"
3425,label,Royal Belfast Academical Institution
3426,label,Tony Warren
3427,label,"Handsworth, West Midlands"
3428,label,"West Salem, Wisconsin"
3429,label,Italian Americans
3430,label,"DeSoto County, Florida"
3431,label,"Moorestown, New Jersey"
3432,label,Albert Whiggs Easmon
3433,label,Tailor
3434,label,Caerleon
3435,label,"Fox Point, Wisconsin"
3436,label,Albert and Me
3437,label,Jim Eldridge
3438,label,"Alberta Montagu, Countess of Sandwich"
3439,label,Lady Elizabeth Montagu
3440,label,Lady Mary Faith Montagu
3441,label,"George Montagu, 9th Earl of Sandwich"
3442,label,Alberta Playwrights Network
3443,label,Charles Maurras
3444,label,Post-apocalyptic fiction
3445,label,Suspense fiction
3446,label,Colonia del Sacramento
3447,label,Cubans
3448,label,Albie (TV series)
3449,label,Cosgrove Hall Films
3450,label,Mark Hall (animator)
3451,label,Albigence Waldo Putnam
3452,label,Albion's Seed
3453,label,David Hackett Fischer
3454,label,Albrecht Behmel
3455,label,Album Leaf (novel)
3456,label,Paris Dauphine University
3457,label,Alcester Grammar School
3458,label,Joan Harrison (screenwriter)
3459,label,Alcock and Gander
3460,label,University of Costa Rica
3461,label,"California State University, Chico"
3462,label,Alden Nowlan
3463,label,"Fort Collins, Colorado"
3464,label,Alden Todd
3465,label,Tewkesbury
3466,label,Farnham
3467,label,"Silver City, New Mexico"
3468,label,Aldona Jonaitis
3469,label,Huxley family
3470,label,"Nelson, Lancashire"
3471,label,"March, Cambridgeshire"
3472,label,West Kirby
3473,label,Clergyman
3474,label,Alec Greven
3475,label,Midhurst
3476,label,Alec John Dawson
3477,label,Bathgate
3478,label,"Castro Valley, California"
3479,label,"Clontarf, Dublin"
3480,label,Peebles
3481,label,Alec Robertson (music critic)
3482,label,Darvel
3483,label,Alec Waugh
3484,label,Arthur Waugh
3485,label,St John-at-Hampstead
3486,label,Brockley
3487,label,Llanbrynmair
3488,label,Jacques Leslie
3489,label,Mexican Americans
3490,label,Ben Hammersley
3491,label,Belgrade New Cemetery
3492,label,Aleksandar Hemon
3493,label,Macedonians (ethnic group)
3494,label,Yugoslavs
3495,label,Mircea Eliade
3496,label,Aleksandra Billewiczówna
3497,label,Lithuanians
3498,label,Andrzej Kmicic
3499,label,Pollock-Krasner Foundation
3500,label,Russian Academy of Theatre Arts
3501,label,"Greene County, Pennsylvania"
3502,label,W. S. Lach-Szyrma
3503,label,Egyptology
3504,label,Michael Specter
3505,label,Alessandro Defilippi
3506,label,"Alex, Inc."
3507,label,Irene (Verhœven series)
3508,label,Monifieth
3509,label,British Cameroon
3510,label,The Magic Key
3511,label,Alex Burghart
3512,label,Alex Buzo
3513,label,Gorebridge
3514,label,Bebington
3515,label,Alex Cross's Trial
3516,label,Richard DiLallo
3517,label,Langholm
3518,label,Cash McCall
3519,label,Shanklin
3520,label,Alex Espinoza (writer)
3521,label,"California Polytechnic State University, San Luis Obispo"
3522,label,Jean Medawar
3523,label,Peter Medawar
3524,label,"University of the West of England, Bristol"
3525,label,Alex Gilvarry
3526,label,Alex Grant (poet)
3527,label,"Roslyn Heights, New York"
3528,label,Roots: The Saga of an American Family
3529,label,Editorial cartoon
3530,label,"Marianna, Florida"
3531,label,"Corona, California"
3532,label,"Keble College, Oxford"
3533,label,Boscombe
3534,label,University College School
3535,label,Alex Kershaw
3536,label,University of Winchester
3537,label,Alex Leslie
3538,label,Saltcoats
3539,label,"California State University, Long Beach"
3540,label,Alex Michaelides
3541,label,Alex Miller (writer)
3542,label,Journey to the Stone Country
3543,label,The Ancestor Game
3544,label,Bo'ness
3545,label,"Apopka, Florida"
3546,label,Dalkeith
3547,label,Animal rights
3548,label,Alex Pheby
3549,label,"Burlington, New Jersey"
3550,label,"Poplar, London"
3551,label,Alex Rider (TV series)
3552,label,Anthony Horowitz
3553,label,Alex Rider
3554,label,Wicca
3555,label,"Norwich, Norfolk"
3556,label,Alex Shearer
3557,label,"Boynton Beach, Florida"
3558,label,East Renfrewshire
3559,label,Alex Tizon
3560,label,"Roswell, Georgia"
3561,label,Alex Wheatle
3562,label,Shirley Oaks Children's Home
3563,label,Guardian Children's Fiction Prize
3564,label,Pine Ridge Indian Reservation
3565,label,Roehampton
3566,label,"Venice, Florida"
3567,label,Alexander King (author)
3568,label,Alex von Tunzelmann
3569,label,Brighton and Hove High School
3570,label,Peter Symonds College
3571,label,"Summit, New Jersey"
3572,label,"Alexander, Margrave of Brandenburg-Ansbach"
3573,label,Elizabeth Craven
3574,label,"Buncombe County, North Carolina"
3575,label,Parkstone
3576,label,University of North London
3577,label,Chike Obi
3578,label,M. E. Grant Duff
3579,label,Alexander Bain (philosopher)
3580,label,George Grote
3581,label,George Henry Lewes
3582,label,"Royal Military College, Sandhurst"
3583,label,Alexander Baron
3584,label,Hackney Downs School
3585,label,St George Hanover Square
3586,label,"Brasenose College, Oxford"
3587,label,Alexander Brome
3588,label,"Clearfield County, Pennsylvania"
3589,label,Banchory
3590,label,Petersfield
3591,label,Alexander Carlyle
3592,label,Cummertrees
3593,label,Dumfriesshire
3594,label,Inveresk
3595,label,Alexander Chalmers
3597,label,"Trinity College, Dublin"
3598,label,Claud Cockburn
3599,label,Alexander Cordell
3600,label,Donegal (town)
3601,label,Alexander Crawford Lamb
3602,label,Regent's Park
3603,label,Stevens Institute of Technology
3604,label,Groton School
3605,label,Optician
3606,label,"Columbia County, New York"
3607,label,Alexander Drummond (consul)
3608,label,Westminster Abbey
3609,label,Ossetians
3610,label,Milton Academy
3611,label,Alexander Ewing (composer)
3612,label,Juliana Horatia Ewing
3613,label,Alexander Faulkner Shand
3614,label,Leamington Spa
3615,label,"South Glengarry, Ontario"
3616,label,Alexander Gault MacGowan
3617,label,Daniel Genis
3618,label,Alexander Gordon Smith
3619,label,Alexander Graydon
3620,label,"Salisbury, Connecticut"
3621,label,George Washington
3622,label,Ebenezer Stevens
3623,label,"Kensington, London"
3624,label,"Salida, Colorado"
3625,label,William Cranch
3626,label,"Glengarry County, Ontario"
3627,label,Shrewsbury School
3628,label,Azusa Pacific University
3629,label,City of London School
3630,label,Alexander Knox (theologian)
3631,label,Chris Korda
3632,label,Michael Korda
3633,label,Vincent Korda
3634,label,"Neenah, Wisconsin"
3635,label,Northrepps
3636,label,Alexander Lernet-Holenia
3637,label,Cape Breton Island
3638,label,Inverness-shire
3639,label,Alexander Maitland Stephen
3640,label,Alexander Masters
3641,label,Alexander McLachlan (poet)
3642,label,Leyton
3643,label,Alexander Mitchell (Wisconsin politician)
3644,label,"Alexander Moncrieff, Lord Moncrieff"
3645,label,Golders Green Crematorium
3646,label,Blogger
3647,label,Wisbech
3648,label,Homer
3649,label,"St Mary's Church, Twickenham"
3650,label,"Eufaula, Oklahoma"
3651,label,Oakington
3652,label,Alexander Reid (playwright)
3653,label,Alexander Robertson MacEwen
3654,label,Alexander Ross (writer)
3655,label,Bramshill
3656,label,"Hammersmith, London"
3657,label,Robinson Crusoe
3658,label,"Franklin County, Pennsylvania"
3659,label,Earley
3660,label,Alexander Tilloch Galt
3661,label,Theorist
3662,label,Alexander Weinstein (author)
3663,label,"Presque Isle, Maine"
3664,label,Alexander Wood (surgeon)
3665,label,"Colts Neck Township, New Jersey"
3666,label,Espionage
3667,label,Alexander the Great (1980 film)
3668,label,Alexandra Brown
3670,label,"Northfield, Minnesota"
3671,label,"Santa Clara County, California"
3672,label,Alexandra Orr
3673,label,Stephen Stromberg
3674,label,"Collinsville, Illinois"
3675,label,Alexandra Robbins
3676,label,Alexandra Shulman
3677,label,Jason Shulman
3678,label,Nicola Shulman
3679,label,Paul Spike
3680,label,Philip Leverhulme Prize
3681,label,Alexandra Sviridova
3682,label,"Enid, Oklahoma"
3683,label,Romantic poetry
3684,label,Baruch Spinoza
3685,label,Alexandros Pallis
3686,label,Hymns
3687,label,Alexandru Macedonski
3688,label,Moldovans
3689,label,University of Brighton
3690,label,O. Henry Prize
3691,label,"Boulder City, Nevada"
3692,label,James Beard Foundation Award
3693,label,Alexis Stamatis
3694,label,Architectural Association School of Architecture
3695,label,Institut Le Rosey
3696,label,Alf's Button (1920 film)
3697,label,Blanche McIntosh
3698,label,Alf's Carpet
3699,label,"Forest Hill, London"
3700,label,Ilkeston
3701,label,Alfreton
3703,label,Johnny Speight
3704,label,Till Death Us Do Part
3705,label,Alf Roberts
3706,label,H. V. Kershaw
3707,label,Leslie Duxbury
3708,label,Bolsover
3709,label,Cowbridge
3710,label,"Wingate, County Durham"
3711,label,Sadiqa de Meijer
3712,label,Julia Foster
3713,label,Bill Naughton
3714,label,Alfie (play)
3715,label,London Borough of Barnet
3716,label,Billericay
3717,label,Tony Jordan
3718,label,London Borough of Islington
3719,label,Peaky Blinders (TV series)
3720,label,"Orono, Maine"
3721,label,"Richmond Hill, Queens"
3722,label,"Windham, Connecticut"
3723,label,Tuskegee Airmen
3724,label,"Pike County, Indiana"
3725,label,"Bury, Lancashire"
3726,label,"Alfred, Lord Tennyson"
3727,label,"Somersby, Lincolnshire"
3728,label,William Wordsworth
3729,label,Cuban Americans
3730,label,Alfred (play)
3731,label,"Roslyn, New York"
3732,label,"Easton, Pennsylvania"
3733,label,Alfred Ainger
3734,label,Biographer
3735,label,"Manningham, Bradford"
3736,label,"Arnold, Nottinghamshire"
3737,label,West Norwood
3738,label,"Middleton, Greater Manchester"
3739,label,Alfred Beesley
3740,label,Porthmadog
3741,label,Central School of Art and Design
3742,label,"Ottawa, Illinois"
3743,label,"Malvern, Worcestershire"
3744,label,Evesham
3745,label,"Corpus Christi College, Cambridge"
3746,label,"Amagansett, New York"
3747,label,Alfred Cooper
3748,label,Duff Cooper
3749,label,Menton
3750,label,W. H. R. Rivers
3751,label,Thomas Henry Huxley
3752,label,Fairford
3753,label,Alfred D'Orsay Tennyson Dickens
3754,label,Frederick Merk
3755,label,"Wake County, North Carolina"
3756,label,"Fargo, North Dakota"
3757,label,"Ashland, Virginia"
3758,label,"Hanover County, Virginia"
3759,label,Alfred Duclos DeCelles
3760,label,F. H. Bradley
3761,label,Bridgnorth
3762,label,Alfred Elwes
3763,label,Alfred Farag
3764,label,"Oberlin, Ohio"
3765,label,"White Hills, Victoria"
3766,label,Hipperholme
3767,label,Okehampton
3768,label,Alfred I. duPont–Columbia University Award
3769,label,Alfred John Brown (writer)
3770,label,Sleights
3771,label,Alfred Kerr
3772,label,Judith Kerr
3773,label,Michael Kerr (judge)
3774,label,The Extraordinary Adventures of Alfred Kropp
3775,label,Alfred Lamert Dickens
3776,label,English novel
3777,label,Elizabeth Dickens
3778,label,John Dickens
3779,label,Augustus Dickens
3780,label,Frederick Dickens
3781,label,"Harewood, West Yorkshire"
3782,label,Alfred Machin (writer)
3783,label,Esher
3784,label,Berkhamsted
3786,label,"Violet Milner, Viscountess Milner"
3787,label,"Dedham, Essex"
3788,label,Newlyn School
3789,label,"Darien, Connecticut"
3790,label,Alfred Neobard Palmer
3791,label,Eric Voegelin
3792,label,Alfred Noyes
3793,label,Alfred Nutt
3794,label,"Bowdon, Greater Manchester"
3795,label,Alfred Perceval Graves
3796,label,Harlech
3797,label,Alfred Percy Sinnett
3798,label,Karl Polanyi
3799,label,County of London
3800,label,"Somers Town, London"
3801,label,Alfred Slote
3802,label,Julia Robinson
3803,label,Haywards Heath
3804,label,Alfred Wainwright
3805,label,Teddington
3806,label,Newton Heath
3807,label,Alfred William Hunt
3808,label,Violet Hunt
3809,label,"Strand, London"
3810,label,Alfred of Malmesbury
3811,label,Alfred the Great (play)
3812,label,James Sheridan Knowles
3813,label,"Sleepy Hollow, New York"
3814,label,Emmy Award
3815,label,Alfredo Co
3816,label,Icelanders
3817,label,Algernon Blackwood
3818,label,Shooter's Hill
3819,label,Weird fiction
3820,label,The Willows (story)
3821,label,Minehead
3822,label,"David Freeman-Mitford, 2nd Baron Redesdale"
3823,label,"Lyndhurst, Hampshire"
3824,label,Hilaire Belloc
3825,label,Robert Hugh Benson
3826,label,Russell Kirk
3827,label,Thomas Paine
3828,label,Worcester Park
3829,label,Greasbrough
3830,label,"Johnston County, North Carolina"
3831,label,Lithuanian language
3832,label,"Orinda, California"
3833,label,"Algonquin, Illinois"
3834,label,"Dorchester County, Maryland"
3835,label,Anishinaabe
3836,label,Saulteaux
3837,label,Timurid Empire
3838,label,Ali Abdo
3839,label,Ali Abdolrezaei
3840,label,First Syrian Republic
3841,label,Ali Imran
3842,label,Kenya Colony
3843,label,Wisbech Grammar School
3844,label,Hertford
3845,label,Ali Sparkes
3846,label,The Shapeshifter
3847,label,Margaret Atwood
3848,label,Leslie Charteris
3849,label,Alibi (1942 film)
3850,label,Alibi (play)
3851,label,Michael Morton (dramatist)
3852,label,"Alice, I Think (novel)"
3853,label,Nick Willing
3854,label,Alice Alison Lide
3855,label,"Richmond, Alabama"
3856,label,"Russellville, Kentucky"
3857,label,George Devine Award
3858,label,Alice Blanchard
3859,label,"Bay Shore, New York"
3860,label,British West Indies
3861,label,Socialite
3862,label,Pembroke College in Brown University
3863,label,Alice Dudeney
3864,label,Henry Dudeney
3865,label,Alice E. Gillington
3866,label,Audlem
3867,label,Alice Elizabeth Burton
3868,label,Owens College
3869,label,Rose Mary Crawshay Prize
3870,label,Alice Geer Kelsey
3871,label,Alice Glaser
3872,label,Geoffrey Hill
3873,label,"Upton, Northamptonshire"
3874,label,Alice Guillermo
3875,label,Jean Pedrick
3876,label,Alice Jones (author)
3877,label,Alice Keppel
3878,label,Violet Trefusis
3879,label,"Camilla, Queen Consort"
3880,label,Cimitero degli Allori
3881,label,Alice Kuipers
3882,label,"Barrington, Illinois"
3883,label,Alice Loane
3884,label,R. D. Blackmore
3885,label,"Coshocton, Ohio"
3886,label,Alice Major
3887,label,Glasgow Royal Infirmary
3888,label,Alice Marriott (actress)
3889,label,Ottery St Mary
3890,label,"Bath, Maine"
3891,label,"Glenwood Springs, Colorado"
3892,label,Alice Moore McComas
3893,label,Chinese Australians
3894,label,"Farmington, Connecticut"
3895,label,Alice Robb
3896,label,Coast (TV series)
3897,label,Alice Rohe
3898,label,"University of California, Irvine"
3899,label,Malmesbury
3900,label,Alice Steinbach
3901,label,Henry Browne Blackwell
3902,label,Alice Thornton
3903,label,"Kirklington, North Yorkshire"
3904,label,Stonegrave
3905,label,Alice Through the Needle's Eye
3906,label,National Taiwan University
3907,label,Alice Werner
3908,label,Alice Wexler
3909,label,Alice White (writer)
3910,label,"Rumson, New Jersey"
3911,label,"Nauvoo, Illinois"
3912,label,"Woodward High School (Cincinnati, Ohio)"
3913,label,Denbigh
3914,label,Alice in Wonderland (1966 TV play)
3915,label,Jamaicans
3916,label,Alicia Catherine Mant
3917,label,Hispanic and Latino Americans
3918,label,Alicia D'Anvers
3919,label,"Holywell, Oxford"
3920,label,Alicia Eler
3921,label,Alicia Ghiragossian
3922,label,"Fitzwilliam College, Cambridge"
3923,label,Rutland
3924,label,Alicia Le Fanu
3925,label,Alicia Little
3926,label,Alicia Moore (British novelist)
3927,label,Portrait painter
3928,label,Alicia Tindal Palmer
3929,label,Dan Abnett
3930,label,Alien Nation: The Enemy Within
3931,label,Aliens Ate My Homework (2018 film)
3932,label,Aliens Stole My Body
3933,label,Aliens Stole My Body (2020 film)
3934,label,Feelings (Aliki book)
3935,label,Phineas and Ferb
3936,label,Psychoanalyst
3937,label,Alisa Palmer
3938,label,Leo Butler
3939,label,Alison Croggon
3940,label,Alison Desir
3941,label,Horace Mann School
3942,label,"Tewksbury Township, New Jersey"
3943,label,Alison Hume
3944,label,Alison Jolly
3945,label,Arthur M. Jolly
3946,label,Alison Lowe
3947,label,Pulitzer Prize for Fiction
3948,label,Alison Pick
3949,label,Alison Prince
3950,label,Isle of Arran
3951,label,Alison Sinclair (author)
3952,label,"Blackburn, Lancashire"
3953,label,Clive Holden
3954,label,Psychotherapist
3955,label,"Jesus College, Cambridge"
3956,label,"Bishopton, Renfrewshire"
3957,label,Inverness Royal Academy
3958,label,Hayling Island
3959,label,"Broomfield, Essex"
3960,label,Aliwa!
3961,label,British Fantasy Award
3962,label,Roehampton University
3963,label,"Washoe County, Nevada"
3964,label,Alki Zei
3965,label,Cortland Fitzsimmons
3966,label,Jeff Beck
3967,label,Lime Pictures
3968,label,The Skin of Our Teeth
3969,label,All About the Washingtons
3970,label,All Along the Watchtower (TV series)
3971,label,All Coppers Are...
3972,label,Hey Nostradamus!
3973,label,Rugrats
3974,label,All Hail King Julien
3975,label,Charles Hart (lyricist)
3976,label,Paula Broadwell
3977,label,World Peace Council
3978,label,All Marketers Are Liars
3979,label,Olwen Wymark
3980,label,All Music Guide to the Blues
3981,label,Jane Austen
3982,label,Jerome K. Jerome
3983,label,Daresbury
3984,label,Earls Barton
3985,label,City of Sunderland
3986,label,London Borough of Richmond upon Thames
3987,label,All Seated on the Ground
3988,label,Ed Greenwood
3989,label,All Souls (TV series)
3990,label,All That Fall
3991,label,All That Remains (novel)
3992,label,Gwyn Thomas (novelist)
3993,label,All Tomorrow's Parties (novel)
3994,label,Postcyberpunk
3995,label,All You Zombies
3996,label,Robert Farnon
3997,label,Rupert Hughes
3998,label,"All the Birds, Singing"
3999,label,All the King's Horses (short story)
4000,label,All the Pretty Horses (novel)
4001,label,The Crossing (McCarthy novel)
4002,label,Robert Schenkkan
4003,label,All the Way from Memphis (radio show)
4004,label,Andrew Collins (broadcaster)
4005,label,"Allagash, Maine"
4006,label,Ganges
4007,label,Allamagoosa
4008,label,Eric Frank Russell
4009,label,Allan's Wife and Other Tales
4010,label,Marie (novel)
4011,label,Child of Storm
4012,label,Beccles
4013,label,Jean Racine
4014,label,Allan Cameron (author)
4015,label,Allan Carpenter
4016,label,Allan Chappelow
4017,label,Allan Frewin Jones
4018,label,Talisman (book series)
4019,label,The Faerie Path
4020,label,Allan Gilliland
4021,label,Allan Gotthelf
4022,label,"Littleton, Colorado"
4023,label,Colleen Murphy
4024,label,Allan MacKinnon
4025,label,Allan Mallinson
4026,label,Giffnock
4027,label,The Scotsman
4028,label,St Mary Cray
4029,label,Allan Quatermain
4030,label,Allan Quatermain (novel)
4031,label,Allan and the Ice-gods
4032,label,Allan Ramsay (poet)
4033,label,Leadhills
4034,label,"San Gabriel, California"
4035,label,"Farnborough, Hampshire"
4036,label,Allan Turpin
4037,label,East Finchley
4038,label,Allanon's Quest
4039,label,"Foxburg, Pennsylvania"
4040,label,Allegra Huston
4041,label,Tony Huston
4043,label,"Todd County, Kentucky"
4044,label,Allen Carr
4045,label,The Easy Way to Stop Smoking
4046,label,Holland Park School
4047,label,Headmaster
4048,label,Allen French
4049,label,Confessional poetry
4051,label,"Crown Heights, Brooklyn"
4052,label,Upsala College
4053,label,"New Port Richey, Florida"
4054,label,"New Bern, North Carolina"
4055,label,Allen Raine
4056,label,Allen Sangree
4057,label,"Chester County, Pennsylvania"
4058,label,"Marion, Louisiana"
4059,label,"Tazewell County, Illinois"
4060,label,Alleys of Peril
4061,label,"Stark County, Ohio"
4062,label,"Clay County, Minnesota"
4063,label,"Littleton, Massachusetts"
4064,label,Allie Finkle's Rules for Girls
4065,label,"Cape May, New Jersey"
4066,label,The Saga of Darren Shan
4067,label,Dennis Lee (author)
4068,label,"Hyde County, North Carolina"
4069,label,"Cowley, Oxfordshire"
4070,label,"San Carlos, California"
4071,label,David Shore
4072,label,Allison Glock
4073,label,Allison Joseph
4074,label,"St. Helena, California"
4075,label,Karen Traviss
4076,label,Currie
4077,label,"Kilgore, Texas"
4078,label,"Brigham City, Utah"
4079,label,"Far Rockaway, Queens"
4080,label,Marcia Davenport
4081,label,"Superior, Wisconsin"
4082,label,"Burlington, Wisconsin"
4083,label,Black Mountain College
4084,label,Alma and How She Got Her Name
4085,label,"Madera, California"
4086,label,Joseph Conrad
4087,label,Selby
4088,label,Almost Never (TV series)
4089,label,Almost Royal
4090,label,Piers Torday
4091,label,Ryū Murakami
4092,label,"Stoneham, Massachusetts"
4093,label,Jamie Brittain
4094,label,Alonzo (play)
4095,label,"Portage County, Ohio"
4096,label,"Grass Valley, California"
4097,label,Alootook Ipellie
4098,label,Stonyhurst College
4099,label,London Borough of Brent
4100,label,Leigh Brackett
4101,label,Alpha House
4102,label,Alpha Ralpha Boulevard
4103,label,Anthony Bell (director)
4104,label,Susan Fletcher (American author)
4105,label,Alphie McCourt
4106,label,Malachy McCourt
4107,label,"Alphonso, King of Naples"
4108,label,Masvingo
4109,label,"Custer County, Idaho"
4110,label,"Placer County, California"
4111,label,"Elkhorn, Wisconsin"
4112,label,Peak District
4113,label,"Spotsylvania County, Virginia"
4114,label,"Calaveras County, California"
4115,label,Michael Rogers (publisher)
4116,label,Altered Carbon
4117,label,Richard K. Morgan
4118,label,Althea Braithwaite
4119,label,National University (California)
4120,label,Althea Urn
4121,label,Biggleswade
4122,label,"Halifax County, Virginia"
4123,label,"Logan, Utah"
4124,label,Bangor University
4125,label,Menai Bridge
4126,label,Alun Richards
4127,label,Alun Williams
4128,label,"St Paul's School, London"
4129,label,Macbeth
4130,label,"Bala, Gwynedd"
4131,label,American Institute of Architects
4132,label,King's College School
4133,label,"Sierra Madre, California"
4134,label,"Alveston, Warwickshire"
4135,label,Alvin F. Harlow
4136,label,Alvin M. Fountain
4137,label,Thomas Reid
4138,label,"Selwyn College, Cambridge"
4139,label,"Bloomsburg, Pennsylvania"
4140,label,Alwalton
4141,label,Always a Bride (1953 film)
4142,label,Alwyn Hamilton
4143,label,Lecture
4144,label,Edwin Morgan (poet)
4145,label,Hannah Whitall Smith
4146,label,Logan Pearsall Smith
4147,label,Mary Berenson
4148,label,Llewelyn Powys
4149,label,Florida Institute of Technology
4150,label,Alyssa Farah Griffin
4151,label,"Woodland, California"
4152,label,"Surprise, Arizona"
4153,label,"Thomas de Grey, 2nd Earl de Grey"
4154,label,Peter Shaffer
4155,label,Amanda Alcantara
4156,label,"Freehold Township, New Jersey"
4157,label,"Victorville, California"
4158,label,Amanda Boxer
4159,label,C. R. Boxer
4160,label,Emily Hahn
4161,label,Fashion Institute of Design & Merchandising
4162,label,Amanda Coe
4163,label,"St Edmund Hall, Oxford"
4164,label,"McDowell County, North Carolina"
4165,label,Joey Mellen
4166,label,Amanda Foreman (historian)
4167,label,"Lady Margaret Hall, Oxford"
4168,label,Jonathan Foreman (journalist)
4169,label,Amanda Hodgkinson
4170,label,"Belvidere, Illinois"
4171,label,Amanda McKittrick Ros
4172,label,Drumaness
4173,label,Zac Goldsmith
4174,label,"St Catharine's College, Cambridge"
4175,label,Rochford
4176,label,Amando Osório
4177,label,David Walker (author)
4178,label,Samoans
4179,label,Amartya Sen
4180,label,Gordon Ramsay
4181,label,Amaryllis Night and Day
4182,label,Russell Hoban
4183,label,"Killingly, Connecticut"
4184,label,Amaze Your Friends
4185,label,Get Rich Quick (novel)
4186,label,Goodreads
4187,label,Ambassadors (TV series)
4188,label,Gothic horror
4189,label,Amber Share
4190,label,Terraplane (novel)
4191,label,Ambit (magazine)
4192,label,Martin Bax
4193,label,Ambrose Bebb
4194,label,"Meigs County, Ohio"
4195,label,"Louisville, Georgia"
4196,label,DeWitt Clinton
4197,label,James White (author)
4198,label,Amelia Edith Huddleston Barr
4199,label,Amelia Gere Mason
4200,label,"East Providence, Rhode Island"
4201,label,"Kenton, London"
4202,label,America: A Personal History of the United States
4203,label,Michael Gill
4204,label,Chris Regan
4205,label,"Pima, Arizona"
4206,label,Overseas Chinese
4207,label,"Lakewood Ranch, Florida"
4208,label,Australian Americans
4209,label,Will D. Howe
4210,label,Zoey Dean
4211,label,Heart of Glass (novel)
4212,label,American Crime Story
4213,label,Tom Rob Smith
4214,label,Jeff Goode
4215,label,David Greenwalt
4216,label,The Great War: Breakthroughs
4217,label,American Empire: The Victorious Opposition
4218,label,Settling Accounts: Return Engagement
4219,label,American Enterprise Institute
4220,label,Tristram Powell
4221,label,Connie Booth
4222,label,American Gods
4223,label,American Heritage (magazine)
4224,label,American Horror Story
4225,label,Jennifer Salt
4226,label,American Letter Mail Company
4227,label,Howard Blum
4228,label,American Literary Review
4229,label,Daryn Tufts
4230,label,"Freeport, New York"
4231,label,Western United States
4232,label,Jenji Kohan
4233,label,"Newington, Connecticut"
4234,label,American Short Fiction
4235,label,American Vegan Society
4236,label,Freya Dinshah
4237,label,"Bodega Bay, California"
4238,label,Americans in the United Kingdom
4239,label,Monica Johnson
4240,label,"Tippecanoe County, Indiana"
4241,label,Amichai Chasson
4242,label,Amin Sweeney
4243,label,Ras Baraka
4244,label,Postcolonialism
4245,label,Amina Shah
4246,label,Aminatta Forna
4247,label,"East Brunswick, New Jersey"
4248,label,Sultanate of Langkat
4249,label,Chagatai Khanate
4250,label,Oudh State
4251,label,Man of Steel (film)
4252,label,The Glass Palace
4253,label,The Great Derangement: Climate Change and the Unthinkable
4254,label,Amlan Das Gupta
4255,label,Kilmersdon
4256,label,"North Yarmouth, Maine"
4257,label,Ammon Shea
4258,label,Amnesia (Carey novel)
4259,label,Amnesia (Cooper novel)
4260,label,Amnesia (TV series)
4261,label,"Gun, with Occasional Music"
4262,label,Hansol Jung
4263,label,"Norfolk, Connecticut"
4264,label,Chalvington with Ripe
4265,label,"Juniata County, Pennsylvania"
4266,label,"Guilford County, North Carolina"
4267,label,"Cartersville, Georgia"
4268,label,"Appledore, Torridge"
4269,label,Plautus
4270,label,Hearing aid
4271,label,Ampton
4272,label,David Duchovny
4273,label,Trinidadian and Tobagonian British
4274,label,"New Castle, Delaware"
4275,label,"Oconomowoc, Wisconsin"
4276,label,David Hare (playwright)
4277,label,Ben Mendelsohn
4278,label,North London Collegiate School
4279,label,Amy Cripps Vernon
4280,label,Des Moines University
4281,label,Amy Levy
4282,label,Balls Pond Road Cemetery
4283,label,Amy Monticello
4284,label,Amy Odell (author)
4285,label,Amy Parkinson
4286,label,"Scarsdale, New York"
4287,label,Amy Sackville
4288,label,Amy Stewart (writer)
4289,label,College of the Atlantic
4290,label,Irving Wallace
4291,label,Amy Willcock
4292,label,Amy Zerner and Monte Farber
4293,label,Amyas Northcote
4294,label,Letterkenny
4295,label,James Boswell
4296,label,Hang a Thousand Trees with Ribbons
4297,label,An Afternoon in the Woods
4298,label,An Angel in Australia
4299,label,Brian Moore (novelist)
4300,label,Frances Cashel Hoey
4301,label,Henry Fielding
4302,label,Joseph Andrews
4303,label,An Australian Girl in London
4304,label,Janet Millett
4305,label,The Birthday Boys
4306,label,Flann O'Brien
4307,label,The Hard Life
4308,label,An Clasach Ó Cobhthaigh
4309,label,Maeleachlainn Ó Cobhthaigh
4310,label,Cyril Hare
4311,label,Vegetarianism
4312,label,An Experiment with an Air Pump
4313,label,Shelagh Stephenson
4314,label,Anthony Trollope
4315,label,An Imaginative Man
4316,label,Slipstream (genre)
4317,label,An Inspector Calls (TV series)
4318,label,The Pure Weight of the Heart
4319,label,E. V. Gordon
4320,label,Old Norse
4321,label,An Obsolete Altar
4322,label,British literature
4323,label,Robert Harris (novelist)
4324,label,Kat Howard
4325,label,Cordelia Gray
4326,label,Playboy
4327,label,Chileans
4328,label,College of the Canyons
4329,label,Venezuelans
4330,label,Ehd-e-Wafa
4331,label,Anabel Jensen
4332,label,Jonathan Morris (author)
4333,label,The Rise of Sivagami
4334,label,George Woodcock
4335,label,Neal Stephenson
4336,label,Eve Titus
4337,label,Anatoly Kuznetsov
4338,label,Rupert Pole
4339,label,Ancient Engines
4340,label,Ancient History (novel)
4341,label,Ancient Rome: The Rise and Fall of an Empire
4342,label,Heroes and Villains (TV series)
4343,label,Sean Pertwee
4344,label,Fairy tale
4345,label,Ancrum
4346,label,Basil Copper
4347,label,Spalding Gray
4348,label,Maurice Walsh
4349,label,And So to Murder
4350,label,Murder in the Submarine Zone
4351,label,And Then You Die (novel)
4352,label,David Nicholls (writer)
4353,label,And did those feet in ancient time
4354,label,William Blake
4355,label,And the Last Trump Shall Sound
4356,label,And the Rain My Drink
4357,label,Anda Skadmane
4358,label,Elie Wiesel
4359,label,"Georgetown, British Guiana"
4360,label,Soria
4361,label,"Holladay, Utah"
4362,label,Anglia Ruskin University
4363,label,"Cass County, Illinois"
4364,label,"Franklin County, Indiana"
4365,label,"Yazoo County, Mississippi"
4366,label,"Ashtabula County, Ohio"
4367,label,Andre Jordan
4368,label,Guyanese people
4369,label,Bakersfield College
4370,label,Andrea Ashworth
4371,label,Andrea Barnet
4372,label,Andrea Barnwell Brownlee
4373,label,Andrea Cagan
4374,label,Andrea Dunbar
4375,label,The Prosperous Thief
4376,label,"Pierre, South Dakota"
4377,label,Andrea Levy
4378,label,Commonwealth Writers Prize
4379,label,Orange Prize for Fiction
4380,label,Walter Scott Prize
4381,label,The Long Song
4383,label,Andrea Phillips
4384,label,Andrea Seigel
4385,label,"California State University, Fresno"
4386,label,Greek Cypriots
4387,label,Andreas Loewe
4388,label,Katherine Firth
4389,label,Lutheran
4390,label,Karen Blixen
4391,label,Andree Connors
4392,label,"Pine Bluff, Arkansas"
4393,label,Ben Horowitz
4394,label,Romani people
4395,label,Andrew A. Smith
4396,label,Durban High School
4397,label,"Cliffside Park, New Jersey"
4398,label,Orkney
4399,label,Scottish Canadians
4400,label,Andrew Barrow
4401,label,Andrew Battershill
4402,label,"Bromham, Wiltshire"
4403,label,"Winfield, Illinois"
4404,label,Andrew Brereton
4405,label,Metropolitan Borough of Hackney
4406,label,Orwell Prize
4407,label,"Beardstown, Illinois"
4408,label,Crowborough
4409,label,Andrew Dallmeyer
4410,label,St Boswells
4411,label,St. Thomas Aquinas High School (Florida)
4412,label,Little Dorrit (TV series)
4413,label,War & Peace (2016 TV series)
4414,label,Andrew Drummond (author)
4415,label,"Vermillion, South Dakota"
4416,label,Jedburgh
4417,label,"Sir Gilbert Elliot, 2nd Baronet, of Minto"
4418,label,South Kensington
4419,label,Andrew Geddes Bain
4420,label,Andrew Glaister
4421,label,"Marlow, Buckinghamshire"
4423,label,Andrew Gordon (naval historian)
4424,label,Andrew Grant (writer)
4425,label,Andrew Gray (writer)
4426,label,"Lawrence County, Mississippi"
4427,label,Andrew Hallam
4428,label,Radley College
4429,label,"Errol, Perth and Kinross"
4430,label,"Selkirk, Scottish Borders"
4431,label,Christ's Hospital
4433,label,Cary High School
4434,label,Bolton School
4435,label,Andrew Huxley
4436,label,Andrew J. McKiernan
4438,label,Henry Josiah Lightfoot Boston
4439,label,County Offaly
4440,label,Andrew Lang
4441,label,Leonora Blanche Alleyne
4442,label,English translations of Homer
4443,label,Royal Conservatoire of Scotland
4444,label,Andrew Leggatt
4445,label,Love Actually
4446,label,The Walking Dead (TV series)
4447,label,Andrew Lownie
4448,label,Andrew Lycett
4449,label,Andrew Macphail
4450,label,Andrew Malcolm (author)
4451,label,Andrew Marantz
4452,label,Andrew Marshall (screenwriter)
4453,label,Hot Metal
4454,label,Winestead
4455,label,Andrew Matthews (author)
4456,label,Andrew McClurg
4457,label,Cambuslang
4458,label,"Jamaica, Queens"
4459,label,Andrew Michael Hurley
4460,label,Andrew Miller (novelist)
4461,label,Ted Hughes
4462,label,Andrew Murray Scott
4463,label,Andrew Nagorski
4464,label,Calow
4465,label,Andrew O'Dell
4466,label,The Register
4467,label,"Pompano Beach, Florida"
4468,label,Newport Pagnell
4469,label,"Monticello, Illinois"
4470,label,Long Melford
4471,label,The Times
4472,label,"Stoughton, Wisconsin"
4473,label,"Ramsey, Isle of Man"
4474,label,"Marshfield, Wisconsin"
4475,label,"Annan, Dumfries and Galloway"
4476,label,Andrew Smith (author)
4478,label,Desperate Housewives
4479,label,Andrew Verity
4480,label,U.K.
4481,label,"Eton, Berkshire"
4482,label,"Hennepin County, Minnesota"
4483,label,"Wells, Somerset"
4484,label,Andrew Wojtanik
4485,label,Santa Rosa Junior College
4486,label,Food critic
4487,label,Darkness at Noon
4488,label,Ming dynasty
4489,label,Andrus Kivirähk
4490,label,Mikołaj Rej
4491,label,András Gerevich
4492,label,André Roy (writer)
4493,label,André Schiffrin
4494,label,Andrée A. Michaud
4495,label,"Andy Barker, P.I."
4496,label,Jonathan Groff (writer)
4497,label,Andy Benoit
4498,label,I.Q. (film)
4499,label,Millom
4500,label,Byam Shaw School of Art
4501,label,Andy Chambers
4502,label,John Franklin
4503,label,"Shipley, West Yorkshire"
4504,label,Torchwood
4505,label,Lenzie
4506,label,"Queen Elizabeth Grammar School, Wakefield"
4507,label,Whitstable
4508,label,Andy Hamilton (author)
4509,label,"Maltby, South Yorkshire"
4510,label,Tom McCabe
4511,label,"Millville, New Jersey"
4512,label,Andy McSmith
4513,label,"Mattoon, Illinois"
4514,label,Coxhoe
4515,label,"New Vernon, New Jersey"
4516,label,Bradford on Avon
4517,label,Andy Riley
4518,label,The Scaffold
4519,label,"Redding, California"
4520,label,Emily Rooney
4521,label,Louise Mensch
4522,label,Andy Sinclair
4523,label,Nicholas Kaldor
4524,label,"Inverness, Florida"
4525,label,Andy Williams (drummer)
4526,label,"Holloway, London"
4527,label,Lumayo Ka Nga Sa Akin
4528,label,"Ashburton, Devon"
4529,label,Dexter (TV series)
4530,label,Angel Rock
4531,label,Of Love and Evil
4532,label,Angela's Kitchen
4533,label,Hilary Bell (writer)
4534,label,Rebecca Miller
4535,label,Angela Brazil
4536,label,University of West London
4537,label,Angela Carter
4538,label,Angela Heywood
4539,label,Angela Martin
4540,label,The Office (American TV series)
4541,label,University of Mount Union
4542,label,Chinese American Librarians Association
4543,label,Angela du Maurier
4544,label,Comyns Beaumont
4545,label,Daphne du Maurier
4546,label,George du Maurier
4547,label,Guy du Maurier
4548,label,Jeanne du Maurier
4549,label,Sylvia Llewelyn Davies
4550,label,Henrietta Garnett
4551,label,David Garnett
4552,label,Filipino Americans
4553,label,Angelo Pellegrini
4554,label,Lavenham
4555,label,Anger Management (TV series)
4556,label,Mohawk Productions
4558,label,Angharad Tomos
4559,label,Eynsham
4560,label,John Donne
4561,label,John Byron
4562,label,Pakistani Canadians
4563,label,Anglo-Irish people
4564,label,Hiberno-English
4565,label,Angus Wilson
4566,label,"Chatham County, Georgia"
4567,label,Poe (singer)
4568,label,Louise Rennison
4569,label,Ruddington
4570,label,Angus Donald
4571,label,Lochmaben
4572,label,Angus John Mackintosh Stewart
4573,label,J. I. M. Stewart
4574,label,Angus Konstam
4575,label,Angus MacVicar
4576,label,James Tait Black Memorial Prize
4577,label,Consciousness
4578,label,Anima Guha
4579,label,Edward Bunker
4580,label,Animal Park
4581,label,Simon May
4582,label,Ben Fogle
4583,label,Graeme Base
4584,label,Animalympics
4585,label,Comparative religion
4586,label,British Indians
4587,label,Métis
4588,label,Anita Ganeri
4589,label,Horrible Geography
4590,label,Midsomer Norton
4591,label,Anita Mason
4592,label,Redmaids' High School
4593,label,Desmond Elliott Prize
4594,label,The Enclave
4595,label,Kiowa
4596,label,Bhog and Other Stories
4597,label,"Ann, Lady Fanshawe"
4598,label,"Eckington, Derbyshire"
4599,label,"Hemet, California"
4600,label,PEN/Malamud Award
4601,label,Ann Cleeves
4602,label,Ann Dally
4603,label,Graffham
4604,label,Ann Diamond
4605,label,Wotton-under-Edge
4606,label,"Carmichael, California"
4607,label,Ann Fisher-Wirth
4608,label,Ann Harriet Hughes
4609,label,Ann Hatton
4610,label,John Philip Kemble
4611,label,Roger Kemble
4612,label,Budleigh Salterton
4613,label,Ann Jungman
4614,label,"Baker City, Oregon"
4615,label,Ann Lambert
4616,label,Wooler
4617,label,Arthur C. Clarke Award
4618,label,Ann Liddell
4619,label,Pitzer College
4620,label,Margaret Mahy Award
4621,label,Machair (TV series)
4622,label,East 15 Acting School
4623,label,The Men's Room
4624,label,Richard Titmuss
4625,label,Ann Packer (author)
4626,label,Moffat
4627,label,Ann Pasternak Slater
4628,label,"Chowchilla, California"
4629,label,Ann Purmell
4630,label,Ann Scott-Moncrieff
4632,label,Ann Scott (British author)
4633,label,"Ann Taylor (writer, born 1757)"
4634,label,"Ongar, Essex"
4635,label,Ann Veronica
4636,label,Ann Voskamp
4637,label,Anna Adams
4638,label,Norman Adams (British artist)
4639,label,Anna Balakian
4640,label,Nona Balakian
4641,label,"Niceville, Florida"
4642,label,Anna Blackwell
4643,label,Elizabeth Blackwell
4644,label,Anna Burns
4645,label,Anna Cabot Lowell
4646,label,Anna Calder-Marshall
4647,label,Tom Burke (actor)
4648,label,Anna Graham Hunter
4649,label,Boston University School of Theology
4650,label,Lewis & Clark Law School
4651,label,Władysław Reymont
4652,label,Anna Karenina (1948 film)
4653,label,Guy Morgan (writer)
4654,label,Anna Karenina (2012 film)
4655,label,Anna Laetitia Barbauld
4656,label,Anna Laurens Dawes
4657,label,Stroud
4658,label,Scenic designer
4659,label,"Kirkhill, Highland"
4660,label,"Hempstead (village), New York"
4661,label,Principality of Catalonia
4662,label,Anna Maria Woodforde
4663,label,Ditcheat
4664,label,Castle Cary
4665,label,Theodore William Richards
4666,label,"New Milford, Connecticut"
4667,label,"Vinita, Oklahoma"
4668,label,Anna Monardo
4669,label,Silesians
4670,label,"Hythe, Kent"
4671,label,Magdalen College
4672,label,Ivan Olbracht
4673,label,Anna Pump
4674,label,Anna Sewell
4675,label,Old Catton
4676,label,"Lamas, Norfolk"
4677,label,Anna Weamys
4678,label,Anna in the Tropics
4679,label,Kathleen Winter
4680,label,Annabelle Collins (Brookside)
4681,label,The Tudors
4682,label,Annah Faulkner
4683,label,Annaka Harris
4684,label,Middle Ages
4685,label,Annals of Improbable Research
4686,label,Confucianism
4687,label,"Sonoma County, California"
4688,label,"Kitsap County, Washington"
4689,label,"Middleton, Nova Scotia"
4690,label,Lucy Maud Montgomery
4691,label,"Tisbury, Wiltshire"
4692,label,Frome
4693,label,Anne Bogart
4694,label,Anne Born
4695,label,"Progressive Party (United States, 1948)"
4696,label,Anne Bradstreet
4697,label,"Richard Savage, 4th Earl Rivers"
4698,label,Anne Brodbelt
4699,label,Lundin Links
4701,label,Anne Carson
4702,label,Anne Chislett
4703,label,Snitterfield
4704,label,"St Mary's Catholic Cemetery, Kensal Green"
4705,label,"Broughton, Hampshire"
4706,label,Anne Dempster Kyle
4707,label,Georgia Blain
4708,label,Pirate
4709,label,Anne Donovan (author)
4710,label,Anne Dormer (letter-writer)
4711,label,"South River, New Jersey"
4712,label,Anne Eggebroten
4713,label,Anne Enright
4714,label,Encore Award
4715,label,RoNA Award
4716,label,"Leigh, Kent"
4717,label,Madame Doubtfire
4718,label,Westcliff-on-Sea
4719,label,Anne Giardini
4720,label,Edgeworth David
4721,label,Anne Gray McCready
4722,label,"Williams Bay, Wisconsin"
4723,label,Hayle
4724,label,Sid Bass
4725,label,Anne Hepple
4727,label,Anne Hocking
4728,label,Anne Ireland
4729,label,Fallowfield
4730,label,Anne Isabella Thackeray Ritchie
4731,label,Harriet Stephen
4732,label,Anne Killigrew
4733,label,St Martin's Lane
4734,label,Anne Kornblut
4735,label,Anne Lambton
4736,label,Anne Landsman
4737,label,Anne Laughlin
4738,label,Anne McAllister
4739,label,Anne Mollegen Smith
4740,label,Anne Mozley
4741,label,Anne Olivier Bell
4742,label,Firle
4743,label,Quentin Bell
4744,label,John Radcliffe Hospital
4745,label,Anne Penny
4746,label,Bagshot
4747,label,Anne Raikes Harding
4748,label,Anne Ranasinghe
4749,label,Anne Ripley Smith
4750,label,Anne Robinson
4751,label,Charles Wilson (journalist)
4752,label,"Bridgewater Township, New Jersey"
4753,label,Anne Southwell
4754,label,Anne Steele
4755,label,"St John the Baptist's Church, Broughton"
4756,label,Anne Stevenson
4757,label,"Derby, Connecticut"
4758,label,Anne Twysden
4759,label,Dzanc Books
4760,label,Anne Villeneuve (illustrator)
4761,label,T. J. Clark (art historian)
4762,label,"Anne Waller, Lady Waller"
4763,label,Sidmouth
4764,label,"Topsham, Devon"
4765,label,Anne Wharton
4766,label,Ditchley Park
4767,label,Anne Whateley
4768,label,Temple Grafton
4769,label,English Renaissance
4770,label,Edmund Boyd Osler (Ontario politician)
4771,label,Bridget Boland
4772,label,Moira Walley-Beckett
4773,label,"St. Hilda's College, Oxford"
4774,label,Annette Carson
4775,label,Mary Datchelor School
4776,label,Annette Curtis Klause
4777,label,Annette Salaman
4778,label,Talus Taylor
4779,label,"St. Michael's School, Bloemfontein"
4780,label,Buckhurst Hill
4781,label,Annie Christitch
4782,label,"Sag Harbor, New York"
4783,label,Annie Emma Challice
4784,label,Annie Foulkes
4785,label,Annie Hall Cudlip
4786,label,Pender Hodge Cudlip
4787,label,Hymnist
4788,label,Annie Le Porte Diggs
4789,label,Annie M. Aggens
4790,label,Annie Neugebauer
4791,label,Annie Othen
4792,label,Annie Payson Call
4793,label,Annie Rothwell
4794,label,Temiskaming Shores
4795,label,Daniel Fowler
4796,label,Annie Russell
4797,label,Annie S. Swan
4798,label,Mary Sharp College
4799,label,Annie Tomlinson
4800,label,British co-operative movement
4801,label,City and Guilds of London Art School
4802,label,Annie Walker (Coronation Street)
4803,label,"Crawford County, Wisconsin"
4804,label,Annie Wilkes
4805,label,Annie on My Mind
4806,label,Barrington J. Bayley
4807,label,Kim Newman
4808,label,"Jackson County, Kentucky"
4809,label,Anomalisa
4810,label,Another Case of Milton Jones
4811,label,James Cary (writer)
4812,label,Natasha Gregson Wagner
4813,label,Another Life: A Memoir of Other People
4814,label,Victor Bridges
4815,label,Another Man's Shoes (novel)
4816,label,Pat Barker
4817,label,"Crescent City, California"
4818,label,Anstey College of Physical Education
4819,label,Antara Dev Sen
4820,label,Nabaneeta Dev Sen
4821,label,"Jack County, Texas"
4822,label,Anthony Aikman
4823,label,Bletchingley
4825,label,Anthony Awards
4826,label,Anthony Barber
4827,label,Anthony Barnett (poet)
4828,label,Harpurhey
4829,label,Anthony West (author)
4830,label,Bradfield College
4831,label,Anthony Cartwright (writer)
4832,label,Betty Trask Award
4833,label,Luton Sixth Form College
4834,label,Anthony Cronin
4835,label,Susan Crosland
4836,label,RADA
4837,label,Anthony Devas
4838,label,Anthony Freeman
4839,label,Gresham's School
4840,label,The Power of Five
4841,label,Dowlais
4842,label,Merionethshire
4843,label,Streatham Hill
4844,label,Anthony Hyde
4845,label,Anthony Johnson Showalter
4846,label,Anthony Joseph
4847,label,Jason Roberts (author)
4848,label,Anthony Kirk-Greene
4849,label,History of Nigeria
4850,label,Anthony Lejeune
4851,label,Anthony Marenghi
4852,label,Anthony Marreco
4853,label,Anthony McGowan
4854,label,Anthony Neilson
4855,label,Violet Powell
4856,label,Anthony Price
4857,label,"The King's School, Canterbury"
4858,label,Felsted School
4859,label,"Harpswell, Maine"
4860,label,Anthony Read
4861,label,Anthony Richardson (writer)
4862,label,Anthony Ryan (writer)
4863,label,Anthony Shaffer (intelligence officer)
4864,label,Diane Cilento
4865,label,Anthony Simmons (writer)
4866,label,"Anthony St Clair-Erskine, 6th Earl of Rosslyn"
4867,label,Nell Dunn
4868,label,"James St Clair-Erskine, 5th Earl of Rosslyn"
4869,label,Anthony Terpiloff
4870,label,Anthony Torrone
4871,label,"Christ's College, Finchley"
4872,label,Samuel Van Leer
4873,label,George Howard Earle Jr.
4874,label,Hunstanton
4875,label,Harry Lloyd
4876,label,Tony Judt
4877,label,Antidote to Venom
4878,label,Freeman Wills Crofts
4879,label,The End of Andrew Harrison
4880,label,Inspector French
4881,label,Fatal Venture
4882,label,"Washington County, Maryland"
4883,label,Tarzan
4884,label,"Smith County, Texas"
4885,label,Antioch University Los Angeles
4886,label,Jane Wiseman
4887,label,English Renaissance theatre
4888,label,Antoine Bestel
4889,label,Antoine Cassar
4890,label,Denis Diderot
4891,label,Antoinette Azolakov
4893,label,Antoinette Sterling
4894,label,"Manitowoc, Wisconsin"
4895,label,Anton Gill
4896,label,John Arpin
4897,label,War Medal 1939–1945
4898,label,"Mama: Love, Motherhood and Revolution"
4899,label,Epic poem
4900,label,Narrative poem
4901,label,Antonia Fraser
4902,label,Flora Fraser (writer)
4903,label,Rebecca Fraser
4904,label,Hugh Fraser (British politician)
4905,label,Family life
4906,label,Antonia Isola
4907,label,Russians in China
4908,label,Harper's Bazaar
4909,label,Llandogo
4910,label,Children’s literature
4911,label,Charlemagne Prize
4912,label,Hebraist
4913,label,Brackley
4914,label,Antony Beevor
4915,label,Modern history
4916,label,Antony C. Sutton
4917,label,Antony G. Sweeney
4918,label,Institute of Public Administration Australia
4920,label,Antony Loewenstein
4921,label,Antony Preston
4922,label,Antony Trew
4923,label,Postcolonial
4924,label,Swanage
4925,label,Greg Bear
4926,label,The Forge of God
4927,label,Anxiety Is the Dizziness of Freedom
4928,label,"Old Greenwich, Connecticut"
4929,label,Marian Keyes
4930,label,Russel Crouse
4931,label,Anything to Declare? (novel)
4932,label,French Strikes Oil
4933,label,Anšlavs Eglītis
4934,label,Aodh de Blácam
4935,label,Central Office of Information
4936,label,Apartment 16
4937,label,Banquet for the Damned
4938,label,The Ritual (novel)
4939,label,Colum McCann
4940,label,Tim Bowler
4941,label,Apocalypso (novel)
4942,label,Robert Rankin
4943,label,The Dance of the Voodoo Handbag
4944,label,Justin Richards
4945,label,Apology (film)
4946,label,Campbell Armstrong
4947,label,Northeastern United States
4948,label,Apple: Skin to the Core
4949,label,"Bethel, Connecticut"
4950,label,Louise Doughty
4951,label,Richard Milward
4952,label,Beatrix Potter
4953,label,Appointment in Berlin
4954,label,Robert Westerby
4955,label,Appointment with Death (film)
4956,label,Rebecca Henderson (actress)
4957,label,April FitzLyon
4958,label,Langton Herring
4959,label,April Fool's Day (novel)
4960,label,Between the Spark and the Burn
4961,label,The Boneless Mercies
4962,label,Wink Poppy Midnight
4963,label,L. Timmel Duchamp
4964,label,"Silverdale, Lancashire"
4965,label,Portslade
4966,label,Arabella Pollen
4967,label,Arabella Sullivan
4968,label,Copts
4969,label,British rule in Burma
4970,label,Selection Day
4971,label,Johnny Whyte
4972,label,Brandon Mull
4973,label,London Legacy Development Corporation
4974,label,Port Coquitlam
4975,label,"Atascadero, California"
4976,label,Archer's Goon
4977,label,Archibald Alison (author)
4978,label,Sir Archibald Alison
4979,label,William Pulteney Alison
4980,label,Colinton
4981,label,Scottish enlightenment
4982,label,James Gregory (physician)
4983,label,Millicent Baxter
4984,label,Inveraray
4985,label,Archibald Clavering Gunter
4986,label,Mr. Barnes of New York
4987,label,Archibald Grimké
4988,label,Archibald Lampman
4989,label,"Maury County, Tennessee"
4990,label,Litherland
4991,label,Fanny Cradock
4992,label,Television sitcom
4993,label,Carnwath
4994,label,Christopher Bland
4995,label,Archie Goodwin (character)
4996,label,Grantchester
4997,label,Warfield
4998,label,"Beaver Falls, Pennsylvania"
4999,label,"Arcola, Illinois"
5000,label,"Broome County, New York"
5001,label,Ardath (novel)
5002,label,Ardboe
5003,label,Charlotte Brontë
5004,label,"Giles County, Tennessee"
5005,label,Ardoyne
5006,label,Are You Being Served?
5007,label,Are You Being Served? (Australian TV series)
5008,label,Are You Being Served? (film)
5009,label,Grace & Favour
5010,label,Mo Hayder
5011,label,Are You Experienced? (novel)
5012,label,William Sutcliffe
5013,label,Richard Sakai
5014,label,Judith Keppel
5015,label,Scarecrow (novel)
5016,label,Aren't Men Beasts!
5017,label,Vernon Sylvaine
5018,label,Arena of Antares
5019,label,Kenneth Bulmer
5020,label,Frank Munsey
5021,label,Have I Got News for You
5022,label,John Ayloffe
5023,label,Ari Berk
5024,label,F. L. Lucas
5025,label,Ariake Kambara
5026,label,Ariane Sherine
5027,label,Comedy writer
5028,label,"Merritt Island, Florida"
5029,label,Ariel (poetry collection)
5030,label,Sylvia Plath
5031,label,Ariel Durant
5032,label,Arif Anis
5033,label,Points of Light
5034,label,Arilla Sun Down
5035,label,Aristotle (children's book)
5036,label,Dick King-Smith
5037,label,Arizona Colt
5038,label,Juliet Mills
5039,label,"Stuttgart, Arkansas"
5040,label,Dominic Behan
5041,label,Arleen Paré
5042,label,Arlene Stadd
5043,label,Arline Usden
5044,label,Armada of Antares
5045,label,Avenger of Antares
5046,label,Armadale (novel)
5047,label,Armadillo (magazine)
5048,label,Mary Hoffman
5049,label,Armageddon Summer
5050,label,Armand Hammer United World College of the American West
5051,label,Mary Butts
5052,label,"Armonk, New York"
5053,label,Jon Pickens
5055,label,Jesse Decker
5056,label,"Guerneville, California"
5057,label,Army Man (magazine)
5058,label,Arn: The Knight Templar
5059,label,Arno Geiger
5060,label,Arnold Boyd
5061,label,James Fisher (naturalist)
5062,label,Arnold H. Wagner
5063,label,"Deschutes County, Oregon"
5064,label,Matthew Arnold
5065,label,Arnold Rimmer
5066,label,Doug Naylor
5067,label,Rob Grant
5068,label,Last Human
5069,label,Red Dwarf
5070,label,Codnor
5071,label,Arnold Wesker
5072,label,"Idaho Falls, Idaho"
5073,label,Arnulfo Trejo
5074,label,J. Smith-Cameron
5076,label,Arthur Koestler
5077,label,Arrow's Fall
5078,label,"Cameron County, Texas"
5079,label,"Corte Madera, California"
5080,label,George Harmon Coxe
5081,label,ArtCrimes
5082,label,SMart
5083,label,Art Bastard
5084,label,"Jasper, Florida"
5085,label,"Titusville, Pennsylvania"
5086,label,Art Taylor (writer)
5087,label,Art in America
5088,label,Nahuatl
5089,label,Artemis Fowl: The Seventh Dwarf
5090,label,"Lakewood, California"
5091,label,Ed Whitmore
5092,label,Postcards from Buster
5093,label,"Marsden, West Yorkshire"
5094,label,Arthur Artis Oldham
5095,label,Spilsby
5096,label,Arthur Bayldon
5097,label,Arthur Bell (journalist)
5098,label,Arthur Bell Nicholls
5099,label,"Preston Village, Brighton"
5100,label,Arthur Bloch
5101,label,Arthur Bourinot
5102,label,Sandbach
5103,label,"Clarke County, Virginia"
5104,label,How's Your News?
5105,label,Arthur Braverman
5106,label,Arthur Calder-Marshall
5107,label,"Mickleham, Surrey"
5108,label,Arthur Catherall
5109,label,"Frank Pakenham, 7th Earl of Longford"
5110,label,"Morley, West Yorkshire"
5111,label,Arthur Compton-Rickett
5112,label,Arthur Covey
5113,label,Lois Lenski
5114,label,Douglas Adams
5115,label,BBC Radio
5116,label,Arthur Dudley Stewart
5117,label,"Dixon, Illinois"
5118,label,Arthur E. Popham
5119,label,Brynhild Olivier
5120,label,Arthur Evans (author)
5121,label,"St John's School, Leatherhead"
5122,label,Arthur F. H. Mills
5123,label,"Stratton, Cornwall"
5124,label,George Mills (writer)
5125,label,Bideford
5126,label,Bollington
5127,label,Steyning
5128,label,"Sudbury, London"
5129,label,Pulborough
5130,label,"Bourne End, Buckinghamshire"
5131,label,"Stuart, Florida"
5132,label,Arthur Hastings
5133,label,Captain (British Army and Royal Marines)
5134,label,Hockliffe
5135,label,"Queen's College, Taunton"
5136,label,Claire Holden Rothman
5137,label,Royal College of Science
5138,label,Arthur Holmwood
5139,label,Black Bourton
5140,label,Arthur Hugh Clough
5141,label,Bishop's Waltham
5142,label,Powick
5144,label,Selsey
5145,label,Llanishen
5146,label,Sonning Prize
5147,label,The Thirteenth Tribe
5148,label,Living with Koestler: Mamaine Koestler's Letters 1945–51
5149,label,Arthur Law (playwright)
5150,label,Fanny Holland
5151,label,Bridport
5152,label,"Pickering, North Yorkshire"
5153,label,Michael Llewelyn Davies
5154,label,Nicholas Llewelyn Davies
5156,label,Browning School
5157,label,Arthur Machen
5158,label,Arthur Macrae
5160,label,Arthur Maimane
5161,label,Miriam Marx
5162,label,Arthur Mee
5163,label,Los Angeles High School
5164,label,Arthur Milner
5165,label,"Tipton County, Indiana"
5166,label,Good Samaritan Hospital (Cincinnati)
5167,label,Arthur Nickson
5168,label,Hilda Pressley Nickson
5169,label,Harold Nicolson
5170,label,Richard Chenevix Trench
5171,label,Kimball Union Academy
5172,label,John Hunter (Royal Navy officer)
5173,label,Prague (novel)
5174,label,Arthur Porter (physician)
5175,label,"Greenfield, Wisconsin"
5176,label,Arthur Ransome
5177,label,Cheadle Royal Hospital
5178,label,"Rusland, Cumbria"
5179,label,Arthur Richman
5180,label,Measham
5181,label,Gilbert Ryle
5182,label,Westminster Hospital Medical School
5183,label,"Mountain Lakes, New Jersey"
5184,label,"Rutherford College, North Carolina"
5185,label,Coundon
5186,label,Richard N. Frye
5187,label,Arthur V. Sellwood
5188,label,"Bradfield, Berkshire"
5189,label,Cardiganshire
5190,label,"Lancing, West Sussex"
5191,label,Arthur Way
5192,label,Tylers Green
5193,label,Bankfoot
5194,label,Stanford-on-Teme
5195,label,Upton-upon-Severn
5196,label,Bentworth
5197,label,Upper Norwood
5198,label,"Hillsborough, California"
5199,label,Kristen Simmons
5200,label,Ian Brennan (writer)
5201,label,Artistic Differences
5202,label,Paul Alexander (British writer)
5203,label,Arto Paasilinna
5204,label,Arts & Letters Daily
5205,label,Drummond Bone
5206,label,Artscribe
5207,label,Stuart Morgan (art critic)
5208,label,Middlebury Institute of International Studies at Monterey
5209,label,Artūras Barysas
5210,label,Aru Shah and the City of Gold
5211,label,Roshani Chokshi
5212,label,Aru Shah and the Tree of Wishes
5213,label,Aru Shah and the End of Time
5214,label,Aru Shah and the Song of Death
5215,label,Larry Garrison
5216,label,Volker Zotz
5217,label,David Storey
5218,label,As Long as They're Happy
5219,label,As Sayyani District
5220,label,As Time Goes By (TV series)
5221,label,As Yet Unbroken
5222,label,James Allen (author)
5223,label,Asa Baber
5224,label,S. Thomas' Preparatory School
5225,label,"Asbury Park, New Jersey"
5226,label,"Croton-on-Hudson, New York"
5227,label,James Alan Gardner
5228,label,Michigan State University College of Human Medicine
5229,label,Ash Road
5230,label,EastEnders: E20
5231,label,Matthew Graham
5232,label,Ashihei Hino
5233,label,Ashingdon
5234,label,Ashk Dahlén
5235,label,The Lizzie Bennet Diaries
5236,label,Ashley Jackson (historian)
5237,label,Ashley Little
5238,label,Queen Elizabeth's Hospital
5239,label,Designated Survivor (TV series)
5240,label,Manhattan (TV series)
5241,label,"Satellite Beach, Florida"
5242,label,Ashted
5243,label,Ashton Wentworth Dilke
5244,label,Charles Wentworth Dilke
5245,label,"Sir Charles Dilke, 2nd Baronet"
5246,label,Margaret Dilke
5247,label,Ashton upon Mersey
5248,label,"Ashwell, Rutland"
5249,label,Chanakya's Chant
5250,label,The Krishna Key
5251,label,The Rozabal Line
5252,label,Eastern philosophy
5253,label,Asia Overland
5254,label,Mark Elliott (British author)
5255,label,Caribbean Hindustani
5256,label,Asimov's Biographical Encyclopedia of Science and Technology
5257,label,Ask Rhod Gilbert
5258,label,Dan Swimer
5259,label,Rhod Gilbert
5260,label,"Enfield, Connecticut"
5261,label,Aspects (novel)
5262,label,Aspenden
5263,label,"Weston, Connecticut"
5264,label,Assabe and Sabina
5265,label,Harry Hess Reichard
5266,label,Tim Calpin
5267,label,John Kruse
5268,label,Neustadt International Prize for Literature
5269,label,Assignment K
5270,label,Bill Strutton
5271,label,Baker Street
5272,label,Assotto Saint
5273,label,"University City, Missouri"
5274,label,Austrian German
5275,label,Newspaper columnist
5276,label,"Astley, Worcestershire"
5277,label,Aston Fields
5278,label,Bruce Boa
5279,label,At Freddie's
5280,label,Penelope Fitzgerald
5281,label,Jamie O'Neill
5282,label,George MacDonald
5283,label,Kevin Crossley-Holland
5284,label,The King of Elfland's Daughter
5285,label,Sarah Bakewell
5286,label,Ilkhanate
5287,label,Howard Scott Warshaw
5288,label,Roy Harrod
5289,label,Leonard M. Miller School of Medicine
5290,label,Athol Williams
5291,label,Blair Atholl
5292,label,Karolīne Kronvalde
5293,label,"Laurel County, Kentucky"
5294,label,Henry M. Eichner
5295,label,"Rye, East Sussex"
5296,label,"Atlantic Beach, Florida"
5297,label,Newquay
5298,label,"Hillside, New Jersey"
5299,label,Mojo Press
5300,label,Francis Rufus Bellamy
5301,label,Virginia Bradford
5302,label,Atta Shad
5303,label,Attempt to Kill
5304,label,Go Set a Watchman
5305,label,St Paul's School (London)
5306,label,Auberon Herbert
5307,label,Herbert Spencer
5308,label,Auberon Waugh
5309,label,Dulverton
5310,label,Combe Florey
5311,label,Aubrey Herbert
5312,label,"Auburndale, Massachusetts"
5313,label,Wigtownshire
5314,label,Aude (writer)
5315,label,"California State University, East Bay"
5316,label,"Audrey, Wait!"
5317,label,Robin Benway
5318,label,Romance (literary fiction)
5319,label,Audrey Beecham
5320,label,Weaverham
5321,label,Churchill Hospital
5322,label,Audrey Brettle
5323,label,Audrey Erskine Lindop
5324,label,Audrey Howard
5325,label,Eddie Campbell
5326,label,Audrey Vernick
5327,label,Audrey Wurdemann
5328,label,Robin Vidgeon
5329,label,Gia Coppola
5330,label,"Sauk City, Wisconsin"
5331,label,August Kleinzahler
5332,label,August Mencken Jr.
5333,label,James V. Hart
5334,label,Constanza Romero
5335,label,Augusta Clawson
5336,label,Edward Spencer Beesly
5337,label,"Thompson, Connecticut"
5338,label,Porthleven
5339,label,"Burlington, Massachusetts"
5340,label,Kei Miller
5341,label,Potterspury
5342,label,Augustus Jessopp
5343,label,Scarning
5344,label,Royal Academy of Arts
5345,label,Podington
5346,label,West Kensington
5347,label,Aunn Zara
5348,label,Aunt Em
5349,label,Aurel Kolnai
5350,label,Aurelia Plath
5351,label,Otto Plath
5352,label,"Storm Lake, Iowa"
5353,label,Aurelie Sheehan
5355,label,Leonardo de Benedetti
5356,label,Night (memoir)
5357,label,Fritz Löhner-Beda
5358,label,Austenland
5359,label,Austerfield
5360,label,"Oscar, Louisiana"
5361,label,Buxted
5362,label,"Sterling, Illinois"
5363,label,Austin J. Small
5364,label,"Mount Pleasant Cemetery, Toronto"
5365,label,Australian Apple Review
5366,label,Authentic Science Fiction
5367,label,Gordon Landsborough
5368,label,Kevin Ashton
5369,label,C. V. Wedgwood
5370,label,Auto-da-Fé (short story)
5371,label,Autobiography of Red
5372,label,Hitomi Kanehara
5373,label,Jeff Noon
5374,label,Todd Cochran
5375,label,James Felix McKenney
5376,label,Autumn Laing
5377,label,Think of Lampedusa
5378,label,"Callaway County, Missouri"
5379,label,"Ava, Missouri"
5380,label,"Cape May County, New Jersey"
5381,label,"Ave Maria, Florida"
5382,label,"Collier County, Florida"
5383,label,Avedon Carol
5384,label,Frederick Forsyth
5385,label,Kenneth Robeson
5386,label,Bladesman of Antares
5387,label,Betsy Russell
5388,label,Aventure Malgache
5389,label,Averil Leimon
5390,label,Avery Cardoza
5391,label,Robert Holdstock
5392,label,Avner Mandelman
5393,label,Isambard Kingdom Brunel
5394,label,Avril Coleridge-Taylor
5395,label,Avrion Mitchison
5396,label,Awaking Beauty
5397,label,Philip Ardagh
5398,label,Axe Cop (TV series)
5399,label,Robert Charles Wilson
5400,label,Spin (novel)
5401,label,Portstewart
5402,label,"Aye, and Gomorrah"
5403,label,"Metuchen, New Jersey"
5404,label,Ayisha Malik
5405,label,Aynho
5406,label,Naoki Hisaya
5407,label,John Whiting Award
5408,label,Aztec Century
5409,label,Christopher Evans (author)
5410,label,B.L. Blanchard
5411,label,"Collingswood, New Jersey"
5412,label,B. Joseph Pine II
5413,label,Christie Malry's Own Double-Entry
5414,label,Edward Huebsch
5415,label,Dereham
5416,label,"Paston, Norfolk"
5417,label,Rhayader
5418,label,BBC World Service
5419,label,BBC Hausa
5420,label,Bishaash
5421,label,BBC MindGames
5422,label,Cavan Scott
5423,label,Wallace and Gromit
5424,label,Cornish language
5425,label,BBC Science Focus
5426,label,Daniel Bennett (journalist)
5427,label,BJ Miller
5428,label,"Ham, London"
5429,label,Neelesh Misra
5430,label,Bishop's Stortford College
5431,label,Jellystone!
5432,label,Baba Tahir
5433,label,Laurent de Brunhoff
5434,label,The Werewolf of Paris
5435,label,Baburam Maharaj (Swami Premananda)
5436,label,"Baby Bear, Baby Bear, What Do You See?"
5437,label,Baby Daddy
5438,label,Babylon (Edwards-Jones series)
5439,label,Imogen Edwards-Jones
5440,label,The Stork Club (book)
5441,label,Back (TV series)
5442,label,Henry Green
5443,label,Back in Black (novel)
5444,label,Back to Bologna
5445,label,End Games
5446,label,Back to the '50s
5447,label,Paula Gunn Allen
5448,label,Michael Aitkens
5449,label,Backwell School
5450,label,Bad Blood (Sage book)
5451,label,Lorna Sage
5452,label,Bad Boyes
5453,label,George V. Hobart
5454,label,Jacqueline Wilson
5455,label,Bad Golf My Way
5456,label,David Fisher (writer)
5457,label,Sonya Walger
5458,label,Heyday Books
5459,label,Joshua Harmon (playwright)
5460,label,Bad Judge
5461,label,Bad Kitty (book series)
5462,label,Michele Jaffe
5463,label,Bad Man's River
5464,label,Carl Hiaasen
5465,label,Vaunda Micheaux Nelson
5466,label,Badger Girl
5467,label,Bagheera
5468,label,Oliver Postgate
5469,label,Desmond Bagley
5470,label,Flyaway (novel)
5471,label,Windfall (novel)
5472,label,Bahamians
5473,label,Robert J. Kuntz
5474,label,Cartoon
5475,label,Bahu Hamari Rajni Kant
5476,label,"Nash County, North Carolina"
5477,label,"St Peter's, Kent"
5478,label,Hindko
5479,label,Balaclava (film)
5480,label,Matriculation
5481,label,"Monroe County, Tennessee"
5482,label,Blackadder
5483,label,Basques
5484,label,"Mills County, Iowa"
5485,label,London Borough of Wandsworth
5486,label,"Gallatin, Tennessee"
5487,label,Matt de la Peña
5488,label,Ballasalla
5489,label,Ballerina (novel)
5490,label,Lady Eleanor Smith
5491,label,Jerome Kass
5492,label,Balmaghie
5493,label,Balys Sruoga
5494,label,Bamford
5495,label,Carey Blyton
5496,label,Band of Brothers (miniseries)
5497,label,Band of Gypsys (novel)
5498,label,Gwyneth Jones (novelist)
5499,label,London Borough of Sutton
5500,label,Banewreaker
5501,label,Godslayer
5502,label,"Banham, Norfolk"
5504,label,"Cornhill, London"
5505,label,"Canton, Illinois"
5506,label,Ernest Thompson Seton
5507,label,James Lee (screenwriter)
5508,label,Psychological drama
5509,label,Jack Rosenthal
5510,label,Barabbas (1961 film)
5511,label,Barb Hendee
5512,label,"Long Beach, New York"
5513,label,British African-Caribbean people
5514,label,"Barbara, Lady Stephen"
5515,label,Florence Nightingale
5516,label,Rosalind Nash
5517,label,Barbara Amiel
5519,label,Barbara Baynton
5520,label,"Rowland Allanson-Winn, 5th Baron Headley"
5521,label,"Robert Lowry, Baron Lowry"
5522,label,"Raine Spencer, Countess Spencer"
5523,label,Barbara Comyns
5524,label,Bidford-on-Avon
5525,label,Stanton upon Hine Heath
5526,label,Greg Costikyan
5527,label,Barbara Cox (writer)
5528,label,Haberdashers' Aske's School for Girls
5529,label,Barbara Crocker
5530,label,Eric Whelpton
5531,label,Barbara Damrosch
5532,label,Barbara Dillon
5533,label,Southfields
5534,label,Lorna Goodison
5535,label,Barbara Goldsmith
5536,label,Barbara Hambly
5537,label,"Oxford, United Kingdom"
5538,label,Wakefield Girls' High School
5539,label,Barbara Jean Day
5540,label,Barbara Klar
5541,label,Barbara Margaret Trimble
5542,label,Chorleywood
5543,label,Barbara Mitchelhill
5546,label,Barbara Nadel
5547,label,"Mount Holly, New Jersey"
5548,label,East Acton
5549,label,Jessica Mathews
5550,label,Barbara Williams (writer)
5552,label,Barbara of the House of Grebe
5553,label,Dragon and Phoenix
5554,label,Iolo Morganwg
5555,label,Bardelys the Magnificent (novel)
5556,label,Rafael Sabatini
5557,label,Bardoli
5558,label,Zlatko Topčić
5559,label,Barefoot in the Park
5560,label,Baret Magarian
5561,label,Lin Oliver
5562,label,The Wall Street Journal
5563,label,Barker Fairley
5564,label,Barkingside
5565,label,"Barley, Hertfordshire"
5566,label,Troy Kennedy Martin
5567,label,Trinity School of John Whitgift
5568,label,"Mt. Lebanon, Pennsylvania"
5569,label,"Wauseon, Ohio"
5570,label,"Farmington, Missouri"
5571,label,Evergreen Review
5572,label,How I Met Your Mother
5573,label,"Barnstable County, Massachusetts"
5574,label,"Barnwell County, South Carolina"
5575,label,William Godwin
5576,label,Lochwinnoch
5577,label,Barrett Seaman
5578,label,Barrie Jean Borich
5579,label,Barrie Keeffe
5580,label,Barrie Phillip Nichol
5581,label,William Corlett
5582,label,Barrows Dunham
5583,label,Barry Cooper (author)
5584,label,Prestatyn
5586,label,Barry Grant
5587,label,Sheila Grant
5588,label,Barry J. Farber
5589,label,Scott Sunderland (actor)
5590,label,The Malcontenta
5591,label,"Woodford, London"
5592,label,Barry Pain
5593,label,Barry Perowne
5594,label,Barry Pilton
5595,label,Barry Took
5596,label,Bootsie and Snudge
5597,label,Round the Horne
5598,label,The Army Game
5599,label,New Southgate
5601,label,Warren Hastings Miller
5602,label,"Madison County, Florida"
5603,label,Michał Heller
5604,label,Barvas
5605,label,Basil (novel)
5606,label,Basil Bunting
5607,label,Benwell and Scotswood
5608,label,Modernist poetry in English
5609,label,Mill Hill
5610,label,Basil Papademos
5611,label,Wroughton
5612,label,Basil Temple Blackwood
5613,label,Phoebe Hoban
5614,label,Star Wars: The Old Republic: Fatal Alliance
5615,label,Mike Dash
5616,label,Ditchingham
5617,label,The Dresden Files
5618,label,Street Magic
5619,label,Battle Order 204
5620,label,Colin Dann
5621,label,"William Cavendish, 1st Duke of Newcastle"
5622,label,Chief Joseph
5623,label,"Hinds County, Mississippi"
5624,label,John Elliot (Royal Navy officer)
5625,label,Patrick Wymark
5626,label,"Warren County, Mississippi"
5627,label,"Norwood, North Carolina"
5628,label,Heptonstall
5629,label,Edmund Kirby Smith
5630,label,Ōkubo Tadataka
5631,label,"Street, Somerset"
5632,label,"Wayne County, Kentucky"
5633,label,Francisco Burdett O'Connor
5634,label,Kingdom of Castile
5635,label,"Hart County, Kentucky"
5636,label,North Walsham
5637,label,Pinhoe
5638,label,"Gordon County, Georgia"
5639,label,Saintfield
5640,label,"Sussex County, Virginia"
5641,label,St Neots
5642,label,Battle of Sutjeska (film)
5643,label,Great Torrington
5644,label,Turnham Green
5645,label,Battletoads
5646,label,Bay of Souls
5647,label,Gabriel Odingsells
5648,label,"Holmdel Township, New Jersey"
5649,label,Mark Swift and Damian Shannon
5650,label,Be Kind to the Killer
5651,label,Be Like Water
5652,label,Be My Guest (short story)
5653,label,"Hyde Park, London"
5654,label,Iris Rainer Dart
5655,label,Charles Bulfinch
5656,label,Bealby
5657,label,Boon (novel)
5658,label,"Mount Carmel, Illinois"
5659,label,Bean (film)
5660,label,The Beano
5661,label,"Woodstock, Oxfordshire"
5662,label,Bear Island (film)
5663,label,Bears Can't Run Downhill
5664,label,Robert Anwood
5665,label,Elan Lee
5666,label,Nigel Kneale
5667,label,Henry Fuseli
5668,label,Beat Generation (play)
5669,label,Beatrice (novel)
5670,label,James H. Hyslop
5671,label,Beatrice Harraden
5672,label,Barton-on-Sea
5673,label,Beatrice Hastings
5674,label,Beatrice Hatch
5675,label,"Oxford High School, Oxford"
5676,label,Evelyn Hatch
5677,label,Ethel Hatch
5678,label,Caine Prize
5679,label,The High Mountains of Portugal
5680,label,Beatrice deMille
5681,label,Beatrix Lehmann
5682,label,Near and Far Sawrey
5683,label,The Tale of Peter Rabbit
5684,label,Simon Bent
5685,label,George Meredith
5686,label,"Beauregard Parish, Louisiana"
5687,label,Jonathan Harvey (playwright)
5688,label,William W. Warner
5689,label,Beautiful Thing (play)
5690,label,Beauty: A Retelling of the Story of Beauty and the Beast
5691,label,Yasunari Kawabata
5692,label,"Dryden, New York"
5693,label,"Missoula County, Montana"
5694,label,Ian Maxtone-Graham
5695,label,Bebe Zeva
5696,label,The Demonata
5697,label,Rob Buyea
5698,label,Harold Sakuishi
5699,label,Sophie Kinsella
5700,label,University of Bedfordshire
5701,label,William Makepeace Thackeray
5702,label,Bed of Roses (1933 film)
5703,label,Leonard Woolf
5704,label,Bedelia Du Maurier
5705,label,"Greenpoint, Brooklyn"
5706,label,"Bedford High School, Bedfordshire"
5707,label,Brian Hill (author)
5708,label,Bedroom Farce (play)
5709,label,Bedsitcom
5710,label,Bedwyr Lewis Jones
5711,label,Beechen Cliff School
5712,label,Victorian era
5713,label,"Rockville, Indiana"
5714,label,Mr. Robert Quimby
5715,label,Roberta Quimby
5716,label,Before Green Gables
5717,label,Before I Go to Sleep (film)
5718,label,Before I Wake (1955 film)
5719,label,Before I Wake (Wiersema novel)
5720,label,Reinaldo Arenas
5721,label,Before the Ever After
5722,label,William Dalrymple (historian)
5723,label,Goliath (Westerfeld novel)
5724,label,Behind Closed Doors (2003 film)
5725,label,Victoria Willing
5726,label,Charlie Chan
5727,label,Behind a Mask
5728,label,University of Glamorgan
5729,label,Jim Crace
5730,label,Bekhud Badayuni
5731,label,Belchamber
5732,label,Howard Sturgis
5733,label,Colin Bateman
5734,label,Laurence Marks (British writer)
5735,label,Maurice Gran
5736,label,Raw Feed
5737,label,Maria Edgeworth
5738,label,"Wilson County, Tennessee"
5739,label,Nether Wallop
5740,label,Bell's Weekly Messenger
5741,label,John Bell (publisher)
5742,label,"Trenton, Georgia"
5743,label,Bella Freud
5744,label,Lucian Freud
5745,label,James Fox (journalist)
5746,label,Bella Nagy
5747,label,Bella Swan
5748,label,Sebastian (Bishop novel)
5749,label,Ruth White (children's author)
5750,label,Bellefleur
5751,label,"Belleville, New Jersey"
5752,label,Morwyn Brebner
5753,label,"Grayson County, Texas"
5755,label,Ethel Mannin
5756,label,Ochiltree
5757,label,Bemerton
5758,label,Man of Action Entertainment
5759,label,Ben Aaronovitch
5760,label,Rivers of London (novel)
5761,label,David Aaronovitch
5762,label,Sam Aaronovitch
5763,label,Ben Barry
5764,label,Ben Boucher
5765,label,Ben Brooks (novelist)
5766,label,Ben Counter
5767,label,Ben Crystal
5768,label,Fitzrovia
5769,label,Ben Fergusson
5770,label,Bruce Fogle
5771,label,Radyr Comprehensive School
5772,label,"Magdalen College School, Oxford"
5773,label,Ben Gunn (Treasure Island)
5774,label,Treasure Island
5775,label,Ben Humble
5777,label,Ben Ladouceur
5778,label,Diagnosis: Murder
5779,label,Ben Myers
5780,label,Benjamin Pitman
5781,label,Ben Schott
5782,label,Schott's Almanac
5783,label,Ben Shattuck
5784,label,Whitchurch High School
5785,label,Leicester Grammar School
5786,label,Ben Wilkinson (poet)
5787,label,"Whiston, Merseyside"
5788,label,Benang: From the Heart
5789,label,Futurama: The Beast with a Billion Backs
5790,label,David X. Cohen
5791,label,Ottoman Cyprus
5792,label,Michael McKell
5793,label,Beneath the Magic
5794,label,Ilchester
5795,label,Benedict Kiely
5796,label,Benedict Nightingale
5797,label,Benediction (short story)
5798,label,Benefit of the Doubt (1993 film)
5799,label,Bengeo
5800,label,"Mountain Home, Idaho"
5801,label,Benita (novel)
5802,label,Benito Cereno
5803,label,Benjamin's Crossing
5804,label,Henry Bathurst (bishop)
5805,label,Benjamin Braidley
5807,label,Benjamin Brierley
5808,label,Lori Bryant-Woolridge
5809,label,Benjamin DeMott
5810,label,Benjamin De Casseres
5811,label,Eleanor Farjeon
5812,label,"Fox Lake, Wisconsin"
5813,label,Benjamin Franklin (film)
5814,label,Benjamin H. Bratton
5815,label,"Jasper County, Georgia"
5816,label,"Wilton, Connecticut"
5817,label,Benjamin Hoffmann
5818,label,Benjamin Horne
5819,label,Benjamin Lay
5820,label,Copford
5821,label,Benjamin Naka-Hasebe Kingsley
5822,label,"Cresskill, New Jersey"
5823,label,Dialogue: A Journal of Mormon Thought
5824,label,Isaac Pitman
5825,label,"Kensington, California"
5826,label,Eli Todd Tappan
5827,label,John Henry Mackay
5828,label,Benjamin Yeoh
5829,label,"St. Mary's County, Maryland"
5830,label,"Cedar County, Iowa"
5831,label,Bennett Madison
5832,label,Benny Lim
5834,label,Benson E. Hill
5835,label,"La Junta, Colorado"
5836,label,Martin Sherman
5837,label,Bentley's Miscellany
5838,label,Jerry Pournelle
5839,label,Steven Barnes
5840,label,Seamus Heaney
5841,label,Laura Donnelly
5842,label,Beppie Noyes
5843,label,Bereft (novel)
5844,label,"Rainham, Kent"
5845,label,"Berkeley Heights, New Jersey"
5846,label,Berlin Station (TV series)
5847,label,Matthew Strachan
5848,label,Bernard André
5849,label,Bernard Brodie (military strategist)
5850,label,United States Merchant Marine
5851,label,Sharpe (novel series)
5852,label,The Saxon Stories
5853,label,Blackley
5854,label,Ditchling
5855,label,"Wolfson College, Oxford"
5856,label,Bernard Knight
5857,label,Bernard Knox
5858,label,Pierre Corneille
5859,label,Bernard MacLaverty
5860,label,Bernard McKenna (writer)
5861,label,Belfast City Cemetery
5862,label,Bernard Moore (poet)
5863,label,Bernard Newman (writer)
5864,label,Ibstock
5865,label,Bernard Salt
5866,label,Golden Gate University
5867,label,Bernard Waters
5868,label,Bernard and the Genie
5869,label,Margery Sharp
5870,label,Hawkhurst
5871,label,Splott
5872,label,Bernie De Koven
5873,label,The Bernie Mac Show
5874,label,"Berry Hill, Gloucestershire"
5875,label,Eric Sloane
5876,label,Wargrave
5877,label,Neasden
5878,label,Bert Greene (cookbook author)
5879,label,"Higham, Kent"
5880,label,Birchington-on-Sea
5881,label,"Bradley, West Midlands"
5882,label,Oliver Onions
5883,label,Southend High School for Boys
5884,label,G. E. Moore
5885,label,Beryl's Lot
5886,label,Bill MacIlwraith
5887,label,Rudi Davies
5888,label,Sue Vertue
5889,label,George Mackay Brown
5890,label,Charles Hamilton (writer)
5891,label,Bessora
5892,label,Harry Driver
5893,label,James Graham (playwright)
5894,label,Bet on the Saint
5895,label,Fleming Lee
5896,label,Beth Goobie
5897,label,Beth Harbison
5898,label,Walter Tevis
5899,label,Spratton Hall School
5900,label,Bath Spa University
5901,label,Bethany Stahl
5902,label,"Shelby County, Missouri"
5903,label,Mansfield Woodhouse
5904,label,Betim Muço
5905,label,Betina Krahn
5906,label,"Delano, California"
5907,label,"White Oak, Texas"
5908,label,Betool Khedairi
5909,label,Betrayal (1983 film)
5910,label,Betrayal (play)
5911,label,Summer of the Swans
5912,label,Betsy Curtis
5913,label,Encaustic painting
5914,label,Betsy James
5915,label,Betsy Leondar-Wright
5916,label,Summer of My German Soldier
5917,label,Peggy Thompson (screenwriter)
5918,label,Bettina Arndt
5919,label,Bettina Gilois
5920,label,German Americans
5921,label,Betty Chancellor
5922,label,Westonbirt School
5923,label,Tony Award
5924,label,Spokane people
5925,label,Betty Williams (Coronation Street)
5926,label,Saveur
5927,label,Betty Gilderdale
5928,label,Betty Lasky
5929,label,Mary Bard
5930,label,Betty Miller (author)
5931,label,"Shelton, Connecticut"
5932,label,Betty Willsher
5933,label,Between Brothers
5934,label,Ross O'Carroll-Kelly
5935,label,Between Two Seas
5936,label,Marie-Louise Jensen
5937,label,Between Two Tides
5938,label,Between Two Women (1945 film)
5939,label,Between the Acts
5940,label,Between the Assassinations
5941,label,Between the Lines (novel)
5942,label,Betws yn Rhos
5943,label,Pasadena City College
5944,label,Bev Sellars
5945,label,Charles Rosin
5946,label,Beverly LaHaye
5947,label,Beverly Lewis
5948,label,Harry Grey
5949,label,Lauren Child
5950,label,Bewketu Seyoum
5951,label,Warsan Shire
5952,label,Tim Kring
5953,label,Beyond Fear (film)
5954,label,Don Shaw (screenwriter)
5955,label,William Wister Haines
5956,label,Beyond Our Ken
5957,label,Bill Pertwee
5958,label,Eric Merriman
5959,label,Faithless (novel)
5960,label,Beyond the Black River
5961,label,Shadows in Zamboula
5962,label,Gateway (novel)
5963,label,Beyond the Deepwoods
5964,label,Chris Riddell
5965,label,Paul Stewart (writer)
5966,label,Tahir Shah
5967,label,Shadow's Edge
5968,label,Beyton
5969,label,Konkani people
5970,label,Italian Canadians
5971,label,Bruce Sterling
5972,label,Bicycle and Other Poems
5973,label,Neighbours in a Thicket
5974,label,Bidisha
5975,label,Kevin Cecil
5976,label,Chris Nieratko
5977,label,Elisha Cooper
5978,label,Geoff McQueen
5979,label,Big Game (short story)
5980,label,Gregg Fienberg
5981,label,God Only Knows
5982,label,Jack Amiel
5983,label,"Big Rapids, Michigan"
5984,label,Jim Kjelgaard
5985,label,"Rusk County, Texas"
5986,label,Tricky Business (novel)
5987,label,W. E. Johns
5988,label,Bigipedia
5989,label,Biker Mice from Mars
5990,label,Bilingual Books
5991,label,Biljana D. Obradović
5992,label,Philippe Dupasquier
5993,label,Shildon
5994,label,Bill Ash
5995,label,Great Missenden
5996,label,Bill Bauer (poet)
5998,label,Bill Brittain
5999,label,William Cash (writer)
6000,label,Bill Compton (The Southern Vampire Mysteries)
6001,label,Bill Courtney (American football)
6002,label,Mercersburg Academy
6003,label,Kristin Rowe-Finkbeiner
6004,label,"Gillette, Wyoming"
6005,label,The French Connection (film)
6006,label,Angry young men
6007,label,Cardenden
6008,label,Gertrude Himmelfarb
6009,label,Bill Loëb
6010,label,"Shirley, Southampton"
6011,label,Kirriemuir
6012,label,Bill Quay
6013,label,Crowthorne
6014,label,Shirley Williams
6015,label,"Northwood, Middlesex"
6016,label,"Sunland-Tujunga, Los Angeles"
6017,label,Bill Sikes
6019,label,"Wallace, Idaho"
6020,label,Bill Warren (communist)
6021,label,Billingham Manor
6022,label,Chillerton
6023,label,"Union County, Indiana"
6024,label,Tilford
6025,label,Billy Bones
6026,label,Gerald Campion
6027,label,Billy Childish Is Dead
6028,label,Graham Bendel
6029,label,Billy Corkhill
6030,label,Saltley
6031,label,Percy Main
6032,label,Louisburg College
6033,label,Billy Summers
6034,label,"Trinity, Texas"
6035,label,Michael Hirst (writer)
6036,label,Brighton Beach Memoirs
6037,label,Bim Adewunmi
6038,label,Thirst Aid Kit
6039,label,Bin Roye (TV series)
6040,label,Bingley Grammar School
6041,label,Bingo (play)
6042,label,Edward Bond
6043,label,Linda Leavell
6044,label,Samuel Taylor Coleridge
6045,label,Bionicle: Mask of Light
6046,label,Bios (novel)
6047,label,Clewer
6048,label,Birdman (novel)
6049,label,The Treatment (novel)
6050,label,Birds In Britain
6051,label,Elyse Friedman
6052,label,Birds of a Feather (TV series)
6053,label,"Birstall, Leicestershire"
6054,label,Birth of a Notion (short story)
6055,label,Birthday Girl
6056,label,Jez Butterworth
6057,label,Bisha K. Ali
6058,label,Jo Ho
6059,label,Shortlands
6060,label,Bishopsteignton
6061,label,Bismil Azimabadi
6062,label,Monckton Hoffe
6063,label,Bitton
6064,label,Maria Björnson
6065,label,"Black Africa, White Marble"
6066,label,Black Alliance for Peace
6067,label,Dennis Wheatley
6068,label,Black Books
6069,label,Black Box (short story)
6070,label,Black Clock
6071,label,The Tower of the Elephant
6072,label,Black Country
6073,label,Chuck Dukowski
6074,label,Black Friday (Muchamore novel)
6075,label,Robert Muchamore
6076,label,CHERUB
6077,label,Mark Bowden
6078,label,Joan Aiken
6079,label,Black Hills Pioneer
6080,label,"Sonora, California"
6081,label,Black Jesus (TV series)
6082,label,"Black Leopard, Red Wolf"
6083,label,"Moon Witch, Spider King"
6084,label,Bob Lee Swagger
6085,label,Judith Vigna
6086,label,Black Lizard (publisher)
6087,label,Hiroyuki Kitakubo
6088,label,Black Mass (film)
6089,label,Black Mirror (novel)
6090,label,Sixty Lights
6091,label,David Caspe
6092,label,Cathryn Harrison
6093,label,Point of Origin (novel)
6094,label,The Last Precinct (novel)
6095,label,Sermon
6096,label,Peruvians
6098,label,Black Rose (2014 film)
6099,label,Rosemary Sutcliff
6100,label,Isamu Noguchi
6101,label,Steven Okazaki
6102,label,Black Tide (novel)
6103,label,Osamu Akimoto
6104,label,Black Venus (short story collection)
6105,label,Black Watch (play)
6106,label,John Willard (playwright)
6107,label,Black Work
6108,label,Black and British: A Forgotten History
6109,label,Black and White and Blue
6110,label,Dave Thompson (author)
6111,label,Blackadder: Back & Forth
6112,label,David Harrower
6113,label,Seanan McGuire
6114,label,Deadline (Grant novel)
6115,label,Blackpool (TV series)
6116,label,The High King's Tomb
6117,label,Blackwater (novel)
6118,label,Joan Tate
6119,label,The Diggers Rest Hotel
6120,label,Servite High School
6121,label,Blair Braverman
6122,label,Stephanie Savage
6123,label,Michel de Montaigne
6124,label,Blake: Prophet Against Empire
6125,label,Blakewill & Harris
6126,label,Gavin Lyall
6127,label,Judas Country
6128,label,Heartless (Carriger novel)
6129,label,Blanche Dugdale
6130,label,Blanche Fury (novel)
6131,label,Blanche Hunt
6132,label,Blanche Margaret Milligan
6134,label,Guy Andrews
6135,label,Dominic Barker
6136,label,Blart II: The Boy Who Was Wanted Dead or Alive – or Both
6137,label,Blart III: The Boy Who Set Sail on a Questionable Quest
6138,label,Blasted
6139,label,BlazeVOX Books
6140,label,Shonen Jump (magazine)
6141,label,Susy Kane
6142,label,She Is the Darkness
6143,label,Blenheim Palace
6144,label,Bless 'Em All
6145,label,Fred Godfrey
6146,label,Bless This House (American TV series)
6147,label,Emmi (Australian singer)
6148,label,Blind Alley
6149,label,John Fielding
6150,label,Nell Williams
6151,label,Michael Stewart (writer)
6152,label,Illywhacker
6153,label,Robert Westall
6154,label,Girls on Film (novel)
6155,label,"Blood, Sweat & Tea"
6156,label,Tom Reynolds (EMT)
6157,label,Blood (Birch novel)
6158,label,Willy Russell
6159,label,Steven Erikson
6160,label,"Darkness, Tell Us"
6161,label,Blood Money (TV series)
6162,label,"Blood Red, Sister Rose"
6163,label,Moses the Lawgiver (novel)
6164,label,Moira Young
6165,label,Death Masks
6166,label,Samm-Art Williams
6167,label,Sophie McKenzie
6168,label,Sweet Sixteen (Buffy novel)
6169,label,Blood and Gifts
6170,label,Helen Castor
6171,label,Blood at the Root
6172,label,Trumps of Doom
6173,label,Sign of Chaos
6174,label,Blood of Dreams
6175,label,Blood of Empire
6176,label,Blood of the Gods
6177,label,Bloodchild and Other Stories
6178,label,Sins of the Father (Buffy novel)
6179,label,Vincent Lam
6180,label,Kevin VanHook
6181,label,Island of the Sequined Love Nun
6182,label,Bloody Nasty People
6183,label,Daniel Trilling
6184,label,Bloomsbury Square
6185,label,Blossom Time (1934 film)
6186,label,Blott on the Landscape (TV series)
6187,label,Wild Meat and the Bully Burgers
6188,label,Joe Penhall
6189,label,Blue Bloods (novel series)
6190,label,Eden Phillpotts
6191,label,Burford
6192,label,Victoria Drummond
6193,label,Blue Highways
6194,label,Blue Murder (Beatrix Christian play)
6195,label,"Orange City, Florida"
6196,label,Blues Ain't No Mockin Bird
6197,label,Blues and Royals
6198,label,Blues for Mister Charlie
6199,label,Bluestone 42
6200,label,Blunt Talk
6201,label,Bo Huston
6202,label,Boaz Keysar
6203,label,Clevedon
6204,label,"Cheektowaga (town), New York"
6205,label,Bob Bledsaw
6206,label,Yin Yang Yo!
6207,label,"Bob Brown (writer, poet, publisher)"
6208,label,The Many Loves of Dobie Gillis
6209,label,"Robert Chambers (publisher, born 1802)"
6210,label,Bob Glover
6211,label,Les Brown (bandleader)
6212,label,Lloyd Jones (New Zealand author)
6213,label,Scrubs (TV series)
6214,label,Bob Kennard
6215,label,Bob LeVitus
6216,label,The Littlest Hobo
6217,label,Bob Lock
6218,label,Bob Lodge
6219,label,"Dumont, New Jersey"
6220,label,Bob Shaw
6221,label,Bob Shepherd
6222,label,Bob Sipchen
6223,label,Bob Torres
6224,label,"Whitewater, Wisconsin"
6225,label,Walbottle
6226,label,Samuel Bernstein
6227,label,"Lake Oswego, Oregon"
6228,label,Bobby Pearce (designer)
6229,label,Merritt College
6230,label,"Burnham, Buckinghamshire"
6231,label,Bod (TV series)
6232,label,Joanne Cole
6233,label,Michael Cole (writer)
6234,label,Bodies (upcoming TV series)
6235,label,Paul Tomalin
6236,label,Body Language (play)
6237,label,William Monahan
6238,label,Bodyguards (TV series)
6239,label,Jeffrey Caine
6240,label,Boeing-Boeing (play)
6241,label,Tupper Lake (New York)
6242,label,"Cobb, California"
6243,label,Cebuano people
6244,label,Bohubrihi
6245,label,Tomoko Yoshida
6246,label,Bold as Love (novel)
6247,label,Bolu Babalola
6248,label,Bombalurina (cat)
6249,label,T. S. Eliot
6250,label,Japanese occupation of Singapore
6251,label,Bon-Bon (short story)
6252,label,Bon Gaultier
6253,label,East Dulwich
6254,label,Bonawe
6255,label,Bone Silence
6256,label,Shadow Captain (novel)
6257,label,Flash and Bones
6258,label,Bones of the Hills
6259,label,Conn Iggulden
6260,label,Lords of the Bow
6261,label,Empire of Silver (novel)
6262,label,Cherie Priest
6263,label,Bonfires and Broomsticks
6264,label,"San Pablo, California"
6265,label,Bonjour la Classe
6266,label,Bonnie Bowman
6267,label,Bonnie Chau
6268,label,Bonnie Jo Stufflebeam
6269,label,Bonnie Mark
6270,label,Bonnie Nadzam
6271,label,Bonnie Prince Charlie (1948 film)
6272,label,Bonnie Shimko
6273,label,London College of Communication
6274,label,I Am Weasel
6275,label,Boogiepop Returns: VS Imaginator Part 1
6276,label,Boogiepop Returns: VS Imaginator Part 2
6277,label,Enid Blyton
6278,label,Book of Haikus
6279,label,Book of Sketches
6280,label,Book of the Dead (Cornwell novel)
6281,label,Predator (Cornwell novel)
6282,label,Scarpetta (novel)
6283,label,E. Hoffmann Price
6284,label,Booklist
6285,label,Boom Town (2013 TV series)
6286,label,Robert Mailer Anderson
6287,label,Brian Blume
6288,label,Bootham School
6289,label,Federation of Rhodesia and Nyasaland
6290,label,Bored to Death
6291,label,Fairfax High School (Los Angeles)
6292,label,Boris Fishman
6293,label,Gurzuf
6294,label,Froth on the Daydream
6295,label,Heartsnatcher
6296,label,Borislav Pekić
6297,label,Borkmann's Point
6298,label,The Return (Nesser novel)
6299,label,Laurie Thompson
6300,label,Han Nolan
6301,label,Born of Man and Woman
6302,label,Born of the Sea
6303,label,Victor Kelleher
6304,label,Born to Rock (novel)
6305,label,Borough Green
6306,label,George Bronson Howard
6307,label,Borstal Boy
6308,label,Borstal Boy (play)
6309,label,Boss of the Pool
6310,label,Jennifer L. Holm
6311,label,Boston Marriage (play)
6312,label,Richard Burgin (writer)
6313,label,Sompting
6314,label,Bow Group
6315,label,"Rhydypennau, Ceredigion"
6316,label,Bow Street Runners
6318,label,"Romford, London"
6319,label,Bowie: A Biography
6320,label,"Jagger: Rebel, Rock Star, Rambler, Rogue"
6321,label,"Elbert County, Georgia"
6322,label,Geoffrey Trease
6323,label,Box Hill School
6324,label,Boxmoor
6325,label,Daren King
6326,label,James Hanley (novelist)
6327,label,Jonathan Trigell
6328,label,Matthew Rettenmund
6329,label,Rebecca Gilman
6330,label,Matt Whyman
6331,label,Boy Slaves
6332,label,Boycie
6333,label,John Sullivan (writer)
6334,label,Only Fools and Horses
6335,label,The Green Green Grass
6336,label,P. L. Travers
6337,label,"Trinity College, Cambridge University"
6338,label,Boydell & Brewer
6339,label,Richard Barber
6340,label,Youth: Scenes from Provincial Life II
6341,label,"Boyle County, Kentucky"
6342,label,Boyle Somerville
6343,label,John Gardner (British writer)
6344,label,Wesley Burrowes
6345,label,"Bradenham, Norfolk"
6346,label,Twelve Kings in Sharakhai
6347,label,Bradley Sands
6348,label,Nailsworth
6349,label,Brain Dead (1990 film)
6350,label,Florence Balcombe
6351,label,Bramhall
6352,label,Abney Park Cemetery
6353,label,Brandon Fleming
6355,label,Brandon French
6357,label,Rose Tremain
6358,label,Braunton
6359,label,Bransford Vawter
6360,label,Brass Man
6361,label,Neal Asher
6362,label,The Line of Polity
6363,label,Polity Agent
6364,label,N.A. Bronsten
6365,label,Brat Farrar
6366,label,Mornings on Horseback
6367,label,Bravest Warriors
6368,label,Brazen Tongue
6369,label,Printer's Error
6370,label,Hangman's Curfew
6371,label,Esotericism
6372,label,Shingon Buddhism
6373,label,Bread (TV series)
6374,label,Carla Lane
6375,label,Bread and Honey
6376,label,Bread upon the Waters
6377,label,"Whitehall Township, Lehigh County, Pennsylvania"
6378,label,Break in the Sun
6379,label,Breaker Morant (play)
6380,label,Breakfast on Pluto
6381,label,Breakfast with Buddha
6382,label,Breaking Clean
6383,label,Judy Blunt
6384,label,Breaking Up (1997 film)
6385,label,Breaking and Entering (Williams novel)
6386,label,John Pilger
6387,label,Breakout (1997 film)
6388,label,Breath (novel)
6389,label,Breathe: A Ghost Story
6390,label,Cliff McNish
6391,label,S. G. Browne
6392,label,Brenda Jackson
6393,label,Bronwen Maddox
6394,label,John Maddox
6395,label,St Louise's Comprehensive College
6396,label,Brenda Novak
6397,label,George Oppen
6398,label,Brenda Withers
6400,label,Brendan Gall
6401,label,Brent Frankenhoff
6402,label,Brent Jordan
6403,label,Brent Ridge
6404,label,"Brentwood School, Essex"
6405,label,Bret Anthony Johnston
6406,label,Robyn Young
6407,label,Brett Battles
6408,label,"Ridgecrest, California"
6409,label,Soham
6410,label,Palmers Green
6411,label,Brian Bouldrey
6412,label,Shanghai Dancing
6413,label,Brian Catling
6414,label,Brian Christian
6415,label,Brian Clark (writer)
6416,label,Brian Cooke
6417,label,"Father, Dear Father"
6418,label,Full House (British TV series)
6419,label,George and Mildred
6420,label,Keep It in the Family (1980 TV series)
6421,label,Let There Be Love (TV series)
6422,label,Man About the House
6423,label,Robin's Nest (TV series)
6424,label,Slinger's Day
6425,label,"Tom, Dick and Harriet"
6426,label,Tripper's Day
6427,label,Brian Doyle (American writer)
6428,label,Brian Drader
6429,label,Brian Finch
6430,label,Paul Finch
6431,label,Brian Fogarty
6432,label,Brian Freemantle
6433,label,Brian Friel
6434,label,"Greencastle, County Donegal"
6435,label,"St Mary's University College, Belfast"
6436,label,Vanessa Woods
6438,label,Great Shelford
6439,label,Brian John
6440,label,Brian Keaney
6441,label,Brian Keenan (writer)
6442,label,The Rising (Keene novel)
6443,label,Brian Lee Durfee
6444,label,Brian Leyden
6445,label,J. L. Manning
6446,label,Katy Manning
6447,label,Ventnor
6448,label,Brian N. Ball
6449,label,Brian Pinkney
6450,label,Brian R. James
6451,label,Brian Redhead
6453,label,"Whippany, New Jersey"
6454,label,Brian Schofield
6455,label,The Invention of Hugo Cabret
6456,label,"California State University, Bakersfield"
6457,label,Brian Sibley
6458,label,Brian Taylor (journalist)
6459,label,Brian Tracy
6460,label,Brian Webb (railway historian)
6461,label,Brian Whittingham
6462,label,Drumchapel
6463,label,Brian Óge Ó hUiginn
6464,label,Daja's Book
6465,label,Briar Rose (novel)
6466,label,Bric-a-Brac
6467,label,Madeleine Thien
6468,label,Monica Ali
6469,label,Bride of Vengeance
6470,label,Brides of Dracula
6471,label,Count Dracula
6472,label,Brideshead Revisited (film)
6473,label,Bridge of Scarlet Leaves
6474,label,Bridge of Spies (film)
6475,label,"Tigard, Oregon"
6476,label,Bridgerton
6477,label,Helen Fielding
6478,label,Bridget Jones's Diary
6479,label,Bridget Jones: The Edge of Reason (novel)
6480,label,Bridget Jones
6481,label,Bridget Martyn
6482,label,Bridget Pitt
6483,label,Mervyn Haisman
6484,label,Brigands M.C.
6485,label,The General (Muchamore novel)
6486,label,Shadow Wave
6487,label,Brighton Belle (La Bern novel)
6488,label,Sara Sheridan
6489,label,Brighty of the Grand Canyon
6490,label,Brigid Brophy
6491,label,Brigid Kemmerer
6492,label,Spectre (2015 film)
6494,label,Still Life with Crows
6495,label,Brimstone Angels
6496,label,Daisy Goodwin
6497,label,Brio (magazine)
6498,label,Christopher Paolini
6499,label,Eldest
6500,label,Britannia (TV series)
6501,label,Jill Bennett (British actress)
6502,label,Britannia of Billingsgate
6503,label,George Moresby-White
6504,label,British Asian
6505,label,Sanquhar
6506,label,Ernest Jones
6507,label,British Sign Language
6508,label,Broad Chalke
6509,label,Broadway Rhythm
6510,label,Broken Homes
6511,label,Whispers Under Ground
6512,label,Foxglove Summer
6513,label,Broken Journey
6514,label,Broken Sword: The Shadow of the Templars
6515,label,Jonathan L. Howard
6516,label,Broken Sword II: The Smoking Mirror
6517,label,Penny Dreadful (TV series)
6518,label,Bronisława Wajs
6519,label,"Fordham, Bronx"
6520,label,Brooke Gladstone
6521,label,"Brooklyn, Connecticut"
6523,label,Brookside (TV series)
6524,label,Brooksmith
6525,label,Broome Stages
6526,label,"Paonia, Colorado"
6527,label,Broth of a Boy
6528,label,Clement Virgo
6529,label,Brotherly Love (1999 TV series)
6530,label,Brothers of the Head
6531,label,"Broughton, Lancashire"
6532,label,Brown Girl in the Ring (novel)
6533,label,Bruce Alistair McKelvie
6534,label,Bruce Arnold (author)
6535,label,"Norridge, Illinois"
6536,label,Suzan Woodruff
6537,label,Bruce Belfrage
6538,label,Bryan Powley
6539,label,Cedric Belfrage
6540,label,Julian Rochfort Belfrage
6541,label,Nicolas Belfrage
6542,label,Sally Belfrage
6543,label,Sydney Henning Belfrage
6544,label,Marion Woodman
6545,label,"Darlington, New South Wales"
6546,label,Bruce Forbes
6547,label,Bruce Heard
6548,label,Bruce Larkin
6549,label,Bruce Lincoln
6550,label,Philip Morton Shand
6551,label,Bruce Stewart (scriptwriter)
6552,label,"Hambledon, Surrey"
6553,label,Bruce W. Piasecki
6554,label,The Dark Knight Rises
6555,label,"St Giles, London"
6556,label,Bruno Lasker
6557,label,Susan Vreeland
6558,label,Brutally Normal
6559,label,Bryan Alexander (futurist)
6560,label,Bryan Bergeron
6561,label,Michael Huemer
6562,label,"Dinuba, California"
6563,label,Llanfairfechan
6564,label,Philip Sherrard
6565,label,Brynne Rebele-Henry
6566,label,"Hobe Sound, Florida"
6567,label,Buck Peterson
6568,label,Bucket (TV series)
6569,label,Frog Stone
6570,label,Buddha Da
6571,label,Buddies Thicker Than Water
6572,label,Sam Neuman
6573,label,Sioux
6574,label,Ilocano people
6575,label,Turk Pipkin
6576,label,Ismail Johari
6577,label,Bull (2000 TV series)
6578,label,Gerald du Maurier
6579,label,Bulldog Drummond at Bay (1937 film)
6580,label,Bulldog Jack
6581,label,Bulldog Sees It Through
6582,label,Wilfred Owen
6583,label,"Manchester Township, New Jersey"
6584,label,Frank Marcus
6585,label,Buncrana
6586,label,Elizabeth Bonhôte
6587,label,James Gow (writer)
6588,label,Bunkong Tuon
6589,label,Deborah Howe
6590,label,Bunnytown
6591,label,Khmer people
6592,label,Buoyant Billions
6593,label,Burgo Partridge
6594,label,Burham
6595,label,Burial Rites
6596,label,Lee Goldberg
6597,label,Tod Goldberg
6598,label,"Burleigh, Berkshire"
6599,label,Burn (novella)
6600,label,Burn Notice
6601,label,Burn Rate
6602,label,Burnham-on-Crouch
6603,label,"Red Star, Winter Orbit"
6604,label,Burns Clubs
6605,label,Michael Oakeshott
6606,label,Burton Watson
6607,label,"Burwell, Lincolnshire"
6608,label,Bury Church of England High School
6609,label,Bury Him Darkly
6610,label,Constable Guard Thyself
6611,label,Lonely Magdalen
6612,label,On the Buses
6613,label,Business is business
6614,label,Julian Pettifer
6615,label,Dorothy L. Sayers
6616,label,Busman's Honeymoon (film)
6617,label,"Lenoir City, Tennessee"
6618,label,Bussy D'Ambois
6619,label,George Chapman
6620,label,Bustin' Loose (TV series)
6621,label,But a Short Time to Live
6622,label,Butcher's Broom (novel)
6623,label,Butley (film)
6624,label,Jim Field Smith
6625,label,Butter Honey Pig Bread
6626,label,Butterflies (TV series)
6627,label,Butterflies in the Rain
6628,label,Butterfly Collectors
6629,label,"Buy the Ticket, Take the Ride: Hunter S. Thompson on Film"
6631,label,By Any Means (2013 TV series)
6632,label,By His Bootstraps
6633,label,By This Axe I Rule!
6634,label,William Wallace Denslow
6635,label,By the Pricking of My Thumbs
6636,label,Hallowe'en Party
6637,label,United States Congress
6638,label,Byrd Leavell
6639,label,Byron Barton
6640,label,French Cochinchina
6641,label,Skyfall
6642,label,Vietnamese people
6643,label,"Gwalchmai, Anglesey"
6644,label,C.S. O'Cinneide
6645,label,C. Bernard Ruffin
6646,label,C. C. Martindale
6647,label,Lymm
6648,label,Harvey Beaks
6649,label,C. J. Cutcliffe Hyne
6650,label,Kettlewell
6651,label,C. J. Hamilton (author)
6652,label,Freckenham
6653,label,C. J. Lyons
6654,label,C. J. Sansom
6655,label,C. M. Mayo
6656,label,C. Northcote Parkinson
6657,label,Epsom College
6658,label,"Glen Head, New York"
6659,label,C. P. Lyons
6660,label,Warren Lewis
6661,label,"Holy Trinity Church, Headington Quarry"
6662,label,Stocksfield
6663,label,C. W. Nicol
6664,label,Charlotte Cornwell
6665,label,Rhianna Pratchett
6666,label,Charles Lynch (journalist)
6667,label,Cabal (Dibdin novel)
6668,label,Vendetta (Dibdin novel)
6669,label,Cabin B-13
6670,label,Cabin in the Sky (film)
6671,label,Cabrillo College
6672,label,Rick Husky
6673,label,Caerwys
6674,label,Caesar's Women
6675,label,Caesar (McCullough novel)
6676,label,Café Flesh
6677,label,Edward Powys Mathers
6678,label,Caitlin Davies
6679,label,Hunter Davies
6680,label,Caitlin Milazzo
6681,label,Caitlin Rother
6682,label,French Canadians
6683,label,Tassie Cameron
6684,label,Cal Flyn
6685,label,Calculating God
6686,label,Seanbaby
6687,label,Caldmore
6688,label,Caldy
6689,label,"Lawrenceville, Illinois"
6690,label,Friends Seminary
6691,label,Caleb Whitefoord
6692,label,"Kinmundy, Illinois"
6693,label,California Culinary Academy
6694,label,"Rocklin, California"
6695,label,State Bar of California
6696,label,"Valley Springs, California"
6697,label,"Lakeport, California"
6698,label,"Potrero, California"
6699,label,"Oakhurst, California"
6700,label,"Westmorland, California"
6701,label,Erin Cressida Wilson
6702,label,The Big Smoke (novel)
6703,label,Ed Earl Repp
6704,label,Calling Dr. Gillespie
6705,label,Lochmaddy
6706,label,Calvary (2014 film)
6707,label,John Michael McDonagh
6708,label,"Gatesville, North Carolina"
6709,label,"Rochelle, Illinois"
6710,label,Calypso Cat
6711,label,Saint Camber
6712,label,The Harrowing of Gwynedd
6713,label,Juliet Ace
6714,label,Michael North (professor)
6715,label,Cameron's Closet
6716,label,Cameron Pierce
6717,label,Camil Mureșanu
6718,label,Liviu Rebreanu
6719,label,"Camilla Cavendish, Baroness Cavendish of Little Venice"
6720,label,Richard Cavendish (occult writer)
6721,label,Camilla Gibb
6722,label,Camilla Way
6723,label,James Hilton (novelist)
6724,label,Camille Bordas
6725,label,Camille Rankine
6726,label,"Millburn, New Jersey"
6727,label,Camilo José Vergara
6728,label,Scum of the Earth (book)
6729,label,Campbell Christie (writer)
6730,label,Eldorado (TV series)
6731,label,Camping (British TV series)
6732,label,Stephen Evans (actor)
6733,label,Peter Cheyney
6734,label,Can You Keep a Secret? (novel)
6735,label,Canadian Americans
6736,label,Mind sport
6737,label,Llanuwchllyn
6738,label,Candia McWilliam
6739,label,Candice Kumai
6740,label,Candida (play)
6741,label,Candleshoe
6742,label,Kevin Brooks (writer)
6743,label,Candyfreak
6744,label,Steve Almond
6745,label,Canimals
6746,label,Canned Carrott
6747,label,Mr. Bean
6748,label,"Merton, London (parish)"
6749,label,Canonbie
6750,label,Caoilinn Hughes
6751,label,Horsmonden
6752,label,"Capistrano Beach, Dana Point, California"
6753,label,Rana Dasgupta
6754,label,Mounting Fears
6755,label,Capstick's Law
6756,label,Captain Alexander Smollett
6757,label,Captain Blood Returns
6758,label,Captain Flint
6759,label,Captain Hook
6760,label,J. M. Barrie
6761,label,Peter Pan
6762,label,Captain Kidd and the Slave Girl
6763,label,Nikos Kazantzakis
6764,label,Captain Planet and the Planeteers
6765,label,Captain Scarlet and the Mysterons
6766,label,Joe 90
6767,label,Frank Cottrell-Boyce
6768,label,Captain Underpants and the Perilous Plot of Professor Poopypants
6769,label,J. T. McIntosh
6770,label,Captains Courageous
6771,label,Nautical fiction
6772,label,Captains and the Kings
6773,label,Taylor Caldwell
6774,label,Historical Novel
6775,label,Frank Deasy
6776,label,Roland Joffé
6777,label,David Kaye (magician)
6778,label,Car-Jacked (novel)
6779,label,Jeanne DuPrau
6780,label,Caravan of Dreams (book)
6781,label,Octagon Press
6782,label,Reflections (Sufi literature)
6783,label,Careless (novel)
6784,label,Carellin Brooks
6785,label,Carey Harrison
6786,label,Sunningdale School
6787,label,Smithsonian (magazine)
6788,label,Cargo of Eagles
6789,label,The Mind Readers
6790,label,Cari Beauchamp
6791,label,Cari Mora
6792,label,Caricatures of Twenty-five Gentlemen
6793,label,Carine Goren
6794,label,Carl Fredrik af Wingård
6795,label,"Carmarthen, Wales"
6796,label,The Kingsley and Kate Tufts Poetry Awards
6797,label,Leta Stetter Hollingworth
6798,label,Carl Rollyson
6799,label,Edward Steichen
6800,label,Francine Ringold
6801,label,Carla (film)
6802,label,Joanna Hines
6803,label,Romantic Times
6804,label,Mossley Hill
6805,label,Luv (TV series)
6806,label,Carla Lucero
6808,label,Carlene Thompson
6809,label,Warrenpoint
6810,label,Carlito's Way (novel)
6811,label,The Godfather
6812,label,Family planning
6813,label,Carlos T. Mock
6814,label,Christopher Freeman
6815,label,Carlton Miniott
6816,label,Carly Findlay
6817,label,Carmen (1931 film)
6818,label,Carmilla
6819,label,William Hope Hodgson
6820,label,Orlando Bloom
6821,label,"Carnkie, Redruth"
6822,label,Carnosaur (film)
6823,label,John Brosnan
6824,label,Caro Ramsay
6825,label,Carol Ann Lee
6826,label,"Norwich, New York"
6827,label,Carol Ann Sima
6828,label,Carol Anne Davis
6829,label,Carol Bishop-Gwyn
6830,label,Carol Bolt
6831,label,Carol Bowman
6832,label,Carol Brown Janeway
6833,label,Ms. Marvel (TV series)
6834,label,Carol Fenner
6835,label,Carol Frost
6836,label,Carol Hughes (author)
6837,label,Carol Rosenberg
6838,label,Carol Rosin
6839,label,Raymond Woodard Brink
6840,label,Carol S. Batey
6841,label,Carol Shields
6842,label,Carola Dunn
6843,label,Carole Bache
6844,label,Carole Cadwalladr
6845,label,Carole Fréchette
6846,label,Carole Johnstone
6847,label,Carole McCann
6848,label,Carole Rifkind
6849,label,Dragonkeeper
6850,label,"Caroline, No"
6851,label,Tony Asher
6852,label,Dartington College of Arts
6853,label,Caroline Carver (author)
6854,label,Caroline Donald
6855,label,Caroline Finkel
6856,label,Caroline Framke
6857,label,Caroline Frederick Scott
6858,label,George Lewis Scott
6859,label,Caroline French Benton
6860,label,Caroline Kellett
6861,label,Caroline King Duer
6862,label,Caroline Laura Rice
6863,label,Caroline Leakey
6864,label,Caroline Leigh Gascoigne
6865,label,John Abel Smith
6867,label,Malvern St James
6868,label,Wadhurst
6869,label,Caroline Sanderson
6870,label,Geoffrey Chaucer
6871,label,Caroline Starr Balestier Kipling
6872,label,Elsie Bambridge
6873,label,John Kipling
6874,label,Caroline Stephen
6875,label,Caroline Stevermer
6876,label,Caroline Vernon
6877,label,Carolyn Collette
6878,label,PEN/Robert W. Bingham Prize
6879,label,Edward J. Mason
6880,label,Carolyn Mary Kleefeld
6881,label,Carolyn McCurdie
6882,label,Marsha Canham
6883,label,"Hoosick Falls, New York"
6884,label,Carradale
6885,label,Carrianne Leung
6886,label,Nina Bawden
6887,label,Crash Course (YouTube)
6888,label,"Durand, Illinois"
6889,label,Carrie Bebris
6890,label,Carrie Brown (author)
6891,label,Carrie Kabak
6892,label,Carrie Vaughn
6893,label,Carrington V.C. (play)
6894,label,Carrion Comfort
6895,label,Carry-On
6896,label,Carry Me Down
6897,label,M. J. Hyland
6898,label,Carry On Columbus
6899,label,John Antrobus
6900,label,Drowned Ammet
6901,label,Carys Bray
6902,label,Casablanca Express
6903,label,Ingenious Pain
6904,label,Oxygen (Miller novel)
6905,label,"Casey, Crime Photographer (radio series)"
6906,label,Casey Plett
6907,label,Happy Endings (TV series)
6908,label,Casino Royale (2006 film)
6909,label,Neal Purvis and Robert Wade
6910,label,Cass Pennant
6911,label,Cassandra Austen
6912,label,"Steventon, Hampshire"
6913,label,Francis Austen
6914,label,Cassandra Fairbanks
6915,label,Cassandra Trotter
6916,label,Cassie Ainsworth
6917,label,Isabel Wilkerson
6918,label,Corfe Mullen
6919,label,Joe Dever
6920,label,"Castle Rock, Colorado"
6921,label,Castle in the Air (novel)
6922,label,House of Many Ways
6923,label,Castlecaulfield
6924,label,Castledawson
6925,label,Castleford Academy
6926,label,Castles in Spain (film)
6927,label,Judy Toll
6928,label,HolbyBlue
6929,label,Cat Chaser
6930,label,Cat and Mouse (Ralph Williams story)
6931,label,Ralph Williams (author)
6932,label,James Luceno
6933,label,Edward Lear
6934,label,Caterina Edwards
6935,label,Catharine Burton
6936,label,Long Preston
6937,label,Catharine Parr Traill
6938,label,Longhorsley
6939,label,Raymond Carver
6940,label,Catherine Aird
6941,label,Catherine Amy Dawson Scott
6942,label,Catherine Anderson
6943,label,Catherine Ann Dorset
6944,label,Stoke next Guildford
6945,label,Catherine Banks
6946,label,Catherine Belsey
6947,label,Catherine Besterman
6948,label,Catherine Christian
6949,label,Croydon High School
6950,label,Arthurian
6951,label,Edward Hopley
6952,label,John Hopley (editor)
6953,label,Catherine Crowe
6954,label,Catherine Dickens
6955,label,Dora Annie Dickens
6956,label,Edward Dickens
6957,label,Henry Fielding Dickens
6958,label,Kate Perugini
6959,label,Sydney Smith Haldimand Dickens
6960,label,Catherine Dunne (writer)
6961,label,Catherine Gallagher
6962,label,Catherine Gasquoine Hartley
6963,label,Walter M. Gallichan
6964,label,Clinical psychologist
6965,label,Catherine Grosvenor
6966,label,Catherine Isabella Barmby
6967,label,Catherine Ives
6968,label,Catherine Jinks
6971,label,Catherine Jones (journalist)
6972,label,Catherine Kidwell
6973,label,Catherine Lacey (author)
6974,label,Catherine Leroux
6975,label,Catherine Levison
6976,label,Catherine Lundoff
6977,label,Catherine Macartney
6978,label,Catherine Madox Brown
6979,label,Juliet Soskice
6980,label,Oliver Madox Hueffer
6981,label,Francis Hueffer
6982,label,Feltwell
6983,label,Christy (novel)
6984,label,Catherine Pepinster
6985,label,Catherine Prichard
6986,label,Catherine Storr
6987,label,"Thomas Balogh, Baron Balogh"
6988,label,Catherine Webb
6989,label,Rhysling Award
6990,label,StorySouth
6991,label,Cathi Unsworth
6992,label,Cathleen With
6993,label,Cathryn Humphris
6994,label,Hee Haw
6995,label,Cathy Day
6996,label,Cathy Kelly
6997,label,Cathy Scott
6998,label,Esther Rose
6999,label,Caton-with-Littledale
7000,label,Catriona (novel)
7001,label,Kidnapped (novel)
7002,label,Catriona Ward
7003,label,"St. Edmund Hall, Oxford"
7004,label,Cats (musical)
7005,label,Trevor Nunn
7006,label,Cause for Alarm (novel)
7007,label,Epitaph for a Spy
7008,label,The Mask of Dimitrios (novel)
7009,label,Linden MacIntyre
7010,label,Cavalcade of America
7011,label,University of Worcester
7012,label,"Cazenovia, Wisconsin"
7013,label,Tom Angleberger
7014,label,Cecelie Berry
7015,label,"Edward Baring, 1st Baron Revelstoke"
7016,label,Cecil Bernard Rutley
7017,label,Tamasin Day-Lewis
7018,label,Stinsford
7019,label,Jill Balcon
7020,label,"Renville County, North Dakota"
7021,label,"Cooper Landing, Alaska"
7022,label,Sports Afield
7023,label,"Dudley, North Carolina"
7024,label,Rupert Gould
7025,label,"Madeley, Shropshire"
7026,label,John William Kaye
7027,label,M. M. Kaye
7028,label,"St Lawrence College, Ramsgate"
7029,label,Margaret Roper
7030,label,Llantilio Pertholey
7031,label,Cecily Wong
7032,label,Ceiling Unlimited
7033,label,Cold Feet
7034,label,Celebration of Life
7035,label,Jeff Siegel
7036,label,Celebrity Super Spa
7037,label,Laura Jackson (presenter)
7038,label,Thomas Minor
7039,label,Celia Brooks Brown
7040,label,Celia Hawkesworth
7041,label,Celia Moss Levetus
7042,label,Celia Rees
7043,label,Cell Mates (play)
7044,label,Celtic Family Magazine
7045,label,Cemaes
7046,label,The Wheel of Darkness
7047,label,Fever Dream (Preston and Child novel)
7048,label,Cengiz Dağcı
7049,label,"Shefford, Bedfordshire"
7050,label,Petts Wood
7051,label,Cerrigydrudion
7052,label,Certain Personal Matters
7053,label,Cetywayo and His White Neighbours
7054,label,Cezaro Rossetti
7055,label,Chadwick School
7056,label,Chaffey College
7057,label,Ian McDonald (British author)
7058,label,Chain of Evidence
7059,label,"Madison, Illinois"
7060,label,Chalice (novel)
7061,label,Gravesham
7062,label,Chalk Farm
7063,label,Chalk and Cheese
7064,label,Chaman Lal Chaman
7065,label,William Chambers (publisher)
7066,label,Champ of the Forecastle
7067,label,Champagne Charlie (1944 film)
7068,label,Plot It Yourself
7069,label,"Waterford (village), New York"
7070,label,This American Life
7071,label,Chana Katan
7072,label,Richard Russo
7073,label,Chandamama
7074,label,Natalie Zemon Davis
7075,label,Soulless (novel)
7076,label,Changes: A Love Story
7077,label,Chanida Phaengdara Potter
7078,label,James Gleick
7079,label,Chapel Hill – Chauncy Hall School
7080,label,Chapman Pincher
7081,label,Kintbury
7082,label,William Hazlitt
7083,label,Charise Castro Smith
7084,label,Charlene James
7085,label,Alfred Fagon Award
7086,label,Nonconformist (Protestantism)
7087,label,Charles Alexander Malcolm
7088,label,Charles Almanzo Babcock
7089,label,Ruth Draper
7090,label,Charles Annandale
7091,label,Geoffrey Mander
7092,label,Charles Ashton (historian)
7093,label,Heacham
7094,label,Charles Augustus Kincaid
7095,label,Charles B. Fairbanks
7096,label,Lelant
7097,label,Charles Bertram
7098,label,Englishmen
7099,label,Britannicarum Gentium Historiæ Antiquæ Scriptores Tres
7100,label,The Description of Britain
7101,label,Charles Bertrand Lewis
7102,label,Charles Black (counterfeiter)
7103,label,Crediton
7104,label,"Neillsville, Wisconsin"
7105,label,Charles Causley
7106,label,"Launceston, Cornwall"
7107,label,"Wickham, Hampshire"
7108,label,Charles Dickens Jr.
7109,label,Ellen Ternan
7110,label,Poets' Corner
7111,label,Mary Angela Dickens
7112,label,Odcombe
7113,label,Charles Duff
7114,label,Charles Earle Funk
7115,label,"Morgan Hill, California"
7116,label,Downton Abbey
7117,label,Henry IX (TV series)
7118,label,Chiddingfold
7119,label,Topography
7120,label,"William Cowper, 1st Earl Cowper"
7121,label,Tenterden
7122,label,Charles Gibbon
7123,label,Kempsford
7124,label,Historical novels
7125,label,"Compton, Guildford"
7127,label,"Charles Hanbury-Tracy, 4th Baron Sudeley"
7128,label,Charles Hastings Collette
7130,label,John D. Mackay
7131,label,Shepperton
7132,label,Charles Henderson (character)
7133,label,Henderson's Boys
7134,label,Charles Henry Cooper
7135,label,Charles Holland Mason
7136,label,Charles Howe (writer)
7137,label,Charles James Blomfield
7138,label,Lucy Elizabeth Bather
7139,label,Charles James Collins
7140,label,Charles James Feret
7141,label,Charles John Ayton
7142,label,Charles K. Eastman
7143,label,Charles K. Tuckerman
7144,label,Charles Kickham
7145,label,Charles Kingsley
7146,label,Elizabeth Koch (publisher)
7147,label,Charles L. Harness
7148,label,Simon Newcomb
7149,label,Wapping
7150,label,Charles Logan (author)
7151,label,Charles Lynn Batten
7152,label,Charles Madison Curry
7153,label,Charles Marlow
7154,label,Heaton Moor
7155,label,Charles Martin (author)
7156,label,Charles Montgomery (writer)
7157,label,Charles Syrett Farrell Easmon
7158,label,John Farrell Easmon
7159,label,Macormack Charles Farrell Easmon
7160,label,Charles P. Ries (poet)
7161,label,Frances Gordon
7162,label,Robert Graves
7163,label,Charles Perry (traveller)
7164,label,Charles Philip Brown
7165,label,Charles Platt (author)
7166,label,"Robert Platt, Baron Platt"
7167,label,Charles Plymell
7168,label,Charles R. Acland
7169,label,Valparaiso University School of Law
7170,label,Charles Rangeley-Wilson
7171,label,Charles Reis Felix
7172,label,Charles Robert Gibson
7173,label,Hampton Wick
7174,label,Rosa Mulholland
7175,label,"Hove, Sussex"
7176,label,Charles Sangster
7177,label,Petworth
7178,label,Charles Shadwell (playwright)
7179,label,Virna Sheard
7180,label,Charles Simmons (author)
7181,label,"Charles Simmons (author, born 1798)"
7182,label,Charles Sorley
7183,label,Lord Charles Spencer
7184,label,Charles Spurgeon
7185,label,Thomas Spurgeon
7186,label,Susannah Spurgeon
7187,label,Charles Stanley Nott
7188,label,Charles Stuart Calverley
7189,label,Charles Surtees
7190,label,Thomas Hinde
7191,label,"Philip Yorke, 1st Earl of Hardwicke"
7192,label,Peacehaven
7193,label,Charles Tennyson Turner
7194,label,Great Malvern
7195,label,Charles Tory Bruce
7196,label,Charles Townsend Copeland
7197,label,Kentisbeare
7198,label,"George Robinson, 1st Marquess of Ripon"
7199,label,Charles Valentine Le Grice
7200,label,Charles Veley
7201,label,Charles Vince
7202,label,Charles W. J. Withers
7203,label,Charles Webb (author)
7204,label,The Graduate (novel)
7205,label,Warnham
7206,label,Killough
7207,label,Charles William Wilson
7208,label,Charles Williams (priest)
7209,label,Eastbank Academy
7211,label,Charles Wohlforth
7212,label,Esaias Tegnér
7213,label,How to Live Safely in a Science Fictional Universe
7214,label,Charles de Saint-Évremond
7215,label,Pauline von Hügel
7216,label,Cormac and Marianne Wibberley
7217,label,"Kelso, Scottish Borders"
7218,label,"Union Hill, New Jersey"
7219,label,Charlie Girl
7220,label,Ray Cooney
7221,label,Royal Television Society
7222,label,"Eccles, Kent"
7223,label,Lakenheath
7224,label,Minsterworth
7225,label,Charlie Williams (British writer)
7226,label,Karey Kirkpatrick
7227,label,Charlotte Bingham
7228,label,Terence Brady (writer)
7229,label,Charlotte Champe Stearns
7230,label,Charlotte Elizabeth Tonna
7231,label,Henry Venn (Clapham Sect)
7232,label,Lydia Folger Fowler
7233,label,Revenge (TV series)
7234,label,Charlotte Grove
7235,label,Richard Hough
7236,label,Charlotte Jones (writer)
7237,label,Charlotte Lamb
7238,label,Jane Holland
7239,label,Sarah Holland
7240,label,Charlotte Mary Yonge
7241,label,Otterbourne
7242,label,Samuel Jackson Pratt
7243,label,Charlotte Mendelson
7244,label,"Charlotte Murray, Duchess of Atholl"
7245,label,Lady Charlotte Murray
7246,label,Charlotte Painter
7247,label,Charlotte Palmer
7248,label,Charlotte Riddell
7249,label,Charlotte Smith (writer)
7250,label,Charlotte Wood
7251,label,Charlotte York Goldenblatt
7252,label,New Eltham
7253,label,Charly Chiarelli
7254,label,Charm & Strange
7255,label,Charmaine Cadeau
7256,label,The Magicians of Caprona
7257,label,Charmian London
7258,label,Erin I. Kelly
7259,label,"Oak Forest, Illinois"
7261,label,Check It Out! (Canadian TV series)
7262,label,Checkers (novel)
7263,label,Cheer Boys Cheer
7264,label,Roger MacDougall
7265,label,Cheerful Weather for the Wedding
7266,label,Julia Strachey
7267,label,Columbia Pacific University
7268,label,Chelmsford County High School for Girls
7269,label,Richard Christian Matheson
7270,label,Chen Liangting
7271,label,Cheng Shewo
7272,label,Cheng Youshu
7273,label,Lucie Cheng
7274,label,Nathalie Lunghi
7275,label,Cherith Baldry
7276,label,Cherry Crush (novel)
7277,label,Cherry Potter
7278,label,Cherwell School
7279,label,Cheryl Rainfield
7280,label,Chesley Bonestell
7281,label,Ruby Helder
7282,label,"West Long Branch, New Jersey"
7283,label,One Indian Girl
7284,label,Gros Ventre
7285,label,Lad lit
7286,label,Chidera Eggerue
7287,label,Chief Buffalo Child Long Lance
7288,label,Run Before the Wind
7289,label,Chika Unigwe
7290,label,Chike and the River
7291,label,Child's Play (Kia Abdullah novel)
7292,label,Kia Abdullah
7293,label,Child 44 (film)
7294,label,Persia Woolley
7295,label,Farah Mendlesohn
7296,label,Children's Ward
7297,label,Children Ruin Everything
7298,label,Children Shouldn't Play with Dead Things
7299,label,Comic Relief
7300,label,Harold Brighouse
7301,label,Children of My Heart
7302,label,Children of the American Revolution
7303,label,Linda Crew
7304,label,Chimako Tada
7305,label,Lydia Woodward
7306,label,China Miéville
7307,label,New Weird
7308,label,Perdido Street Station
7309,label,The City & the City
7311,label,China Rich Girlfriend
7312,label,Crazy Rich Asians
7313,label,Rich People Problems
7314,label,China Seas (film)
7315,label,Chinelo Okparanta
7316,label,Under the Udala Trees
7317,label,Hsiao-Hung Pai
7318,label,Chips Hardy
7319,label,Chips with Everything
7320,label,Vardhaman Mahaveer Open University
7321,label,Gunnersbury
7322,label,Frank Kingdon-Ward
7323,label,Chivalry
7324,label,Edward E. Simbalist
7325,label,Chloe (2009 film)
7326,label,Chloe Benjamin
7327,label,Chock-A-Block
7328,label,Choir Boy
7329,label,Tarell Alvin McCraney
7330,label,University of Toronto Schools
7331,label,Chris Ballard
7332,label,Rowan & Martin's Laugh-In
7333,label,Chris Bryant (writer)
7334,label,Chris Bush (playwright)
7335,label,Chris Chantler (writer)
7336,label,Chris Clark (singer)
7337,label,Chris Eboch
7338,label,The Skeptic (UK magazine)
7339,label,Peter Barlow (Coronation Street)
7340,label,Wolverhampton Polytechnic
7341,label,Chris Heffelfinger
7342,label,Chris Horrocks (writer)
7343,label,Chris Humphreys
7345,label,Chris Jesty
7346,label,Sword of God (novel)
7347,label,Dark Heart (TV series)
7348,label,Innocent (TV series)
7349,label,"The Thief, His Wife and the Canoe"
7350,label,Torn (TV series)
7351,label,Undeniable (miniseries)
7352,label,Unforgotten
7353,label,Newton Aycliffe
7354,label,Chris McQueer
7355,label,Chris Miles (Skins)
7356,label,Chris Pavlo
7357,label,Chris Pramas
7358,label,Chris Scott (writer)
7359,label,Chris Stewart (author)
7360,label,"Leon, Iowa"
7361,label,Chris Tame
7362,label,"Enfield, England"
7363,label,Chris Turner (author)
7364,label,Profile (novel)
7365,label,"Swineshead, Lincolnshire"
7366,label,Chris d'Lacey
7367,label,The Fire Within (novel)
7368,label,Chrissie Glazebrook
7369,label,Chrissy Rogers
7370,label,Christabel Rose Coleridge
7371,label,Heroic fantasy
7372,label,Christiaan Tonnis
7373,label,Kambri Crews
7374,label,Christian Giudice
7375,label,Christian Gray
7376,label,Christian Real Estate Network
7377,label,Psalmist
7378,label,Christiana Mary Demain Hammond
7379,label,LGBT culture
7380,label,Christianna Brand
7381,label,Tom Stevenson
7382,label,Sir John Deane's College
7383,label,Christie Golden
7384,label,Christie Harris
7385,label,Christina Alberta's Father
7386,label,Christina Gabbitas
7387,label,Christina Goulter
7388,label,Christina Reid
7389,label,Gaetano Polidori
7390,label,John William Polidori
7391,label,Christine Appleby
7392,label,Christine Chaundler
7393,label,Christine Coppa
7394,label,Christine De Luca
7395,label,Christine Dwyer Hickey
7396,label,Christine Dzidrums
7397,label,MacMurray College
7398,label,Christine Feehan
7399,label,J. Donald Wilson
7400,label,Christine Miscione
7401,label,Christine Pullein-Thompson
7402,label,Christine Rimmer
7403,label,Christmas Eve at Friday Harbor
7404,label,Christmas Tree (short story collection)
7405,label,Christoph Luxenberg
7406,label,Christopher Bassford
7407,label,Christopher Belton
7408,label,Christopher Benfey
7409,label,Thomas Derrick (artist)
7410,label,Christopher Edwards (author)
7411,label,Christopher Fowler
7412,label,Christopher G. Moore
7413,label,Christopher Gravett
7414,label,Royal Armouries
7415,label,The Father (2020 film)
7416,label,"Somers, Connecticut"
7417,label,Christopher House
7418,label,Goodbye to Berlin
7419,label,Mr Norris Changes Trains
7420,label,Christopher John McCabe
7421,label,Frognal
7422,label,"St John's College, Portsmouth"
7423,label,Rosemary Hill
7424,label,Christopher Looby
7425,label,Christopher Louis McIntosh Johnson
7426,label,Christopher Lukas
7427,label,Christopher McKitterick
7428,label,Winchcombe
7429,label,Lancing College
7430,label,Christopher Mims
7431,label,Christopher Mwashinga
7432,label,Thomas Stuttaford
7433,label,Elijah of Buxton
7434,label,The Mighty Miss Malone
7435,label,Christopher Potter (author)
7436,label,Christopher Ricks
7437,label,Christopher Robbins
7438,label,Christopher Robin
7439,label,Totnes
7440,label,Christopher Ross (writer)
7441,label,Christopher Sclater Millard
7442,label,Hospital of St John and St Elizabeth
7443,label,Christopher Skaife
7445,label,Christopher Smart
7446,label,Shipbourne
7447,label,Elizabeth Anne Le Noir
7448,label,King's Bench Prison
7449,label,Christopher Tolkien
7450,label,Christopher Trent
7451,label,London Consortium
7452,label,Peter Ledger
7453,label,"Maryland, London"
7454,label,L. du Garde Peach
7455,label,Serena van der Woodsen
7456,label,"St. Pete Beach, Florida"
7457,label,Rant (novel)
7458,label,Chuck Rozanski
7459,label,Wrington
7460,label,"Church of St Margaret, Queen Charlton"
7461,label,Rowberrow
7462,label,Heytesbury
7463,label,"Inwood, Manhattan"
7464,label,"Church of the Holy Sepulchre, Cambridge"
7465,label,Hassocks
7467,label,Ryukyu Kingdom
7468,label,Steve Galluccio
7469,label,Ciaran Carson
7470,label,Ciaran Jenkins
7471,label,Shameless (British TV series)
7472,label,Cicely Johnson
7473,label,John Bull (prophet)
7474,label,Croydon College
7475,label,Gordon Cunningham
7476,label,Dominique Mainon
7477,label,Cintio Vitier
7478,label,Philip Orbanes
7479,label,Circle of Deception
7480,label,Circumstance (short story)
7481,label,Circumstantial Evidence (1952 film)
7482,label,Circus Fists
7483,label,Cities of the Red Night
7484,label,Citizen Khan
7485,label,Ewen MacAskill
7486,label,The Caine Mutiny
7487,label,City Literary Institute
7488,label,City Primeval
7489,label,"City of Light, City of Dark"
7490,label,Cripplegate
7491,label,City of Night
7492,label,City of Play
7493,label,City of Wolverhampton College
7494,label,Civilisation (TV series)
7495,label,Civilisations (TV series)
7496,label,Civilization (novel)
7497,label,Claire-Louise Bennett
7498,label,Claire Annabel Caroline Grant Duff
7499,label,Claire Brialey
7500,label,Mary Jane Godwin
7501,label,Claire Dederer
7502,label,Italia Conti Academy of Theatre Arts
7503,label,Claire Gordon
7504,label,Claire Harman (writer)
7505,label,Claire Legrand
7506,label,Claire Lerner
7507,label,James Wood (critic)
7508,label,Claire Mulligan
7509,label,Claire Nicolas White
7510,label,Claire Ridgway
7511,label,Claire Scovell LaZebnik
7512,label,Hitchin Girls' School
7513,label,Clare Bell
7514,label,Clara (Mirbeau)
7515,label,Heatherwood Hospital
7516,label,Clara Elsene Peck
7517,label,Clara M. Brinkerhoff
7518,label,Clara Mulholland
7519,label,Clara Reeve
7520,label,Grasmere (village)
7521,label,"Clare, Suffolk"
7522,label,Clare Bice
7523,label,Clare Boylan
7524,label,Clare Chambers (novelist)
7525,label,Evening Standard Theatre Awards
7526,label,Clarence Clough Buel
7527,label,Clarice Lispector
7528,label,Samuel Richardson
7529,label,Samuel Rosenman
7530,label,"Shasta, California"
7531,label,Kass Morgan
7532,label,Clarkesworld Magazine
7533,label,Leo Rutman
7534,label,Class A (novel)
7535,label,The Recruit (novel)
7536,label,Maximum Security (novel)
7537,label,Classical High School
7538,label,Claudia Cockburn
7539,label,Sarah Caudwell
7540,label,Claude-Henri Grignon
7541,label,"Prophetstown, Illinois"
7542,label,Claude Colleer Abbott
7543,label,Claude Houghton
7544,label,Le Monde diplomatique
7545,label,Claude Lalumière
7547,label,Claude Sitton
7548,label,Claudette Colvin: Twice Toward Justice
7549,label,Lydia Davis
7550,label,Claudia Dain
7551,label,Claudia Jameson
7552,label,Claudy Mailly
7553,label,"Flora, Illinois"
7554,label,George Stephenson
7555,label,"Clay Township, Pike County, Indiana"
7556,label,Cleaning Up (1933 film)
7557,label,Cotswolds
7558,label,Clelia Duel Mosher
7559,label,Regiment of Women
7560,label,Clemencia López
7561,label,Clement Hurd
7562,label,Cleopatra (Haggard novel)
7563,label,Cleve Cartmill
7564,label,Doreen Cronin
7565,label,Clifford Bax
7566,label,Tooting Bec
7567,label,"Lake Mills, Iowa"
7568,label,"Millville, Wisconsin"
7569,label,Clifford Irving
7570,label,Clifford Longley
7571,label,Clifford Webb
7572,label,National Press Photographers Association
7573,label,Clint Johnson
7574,label,Clinton Heylin
7575,label,"Clive, Shropshire"
7576,label,Clive Barnes
7577,label,Clive Coates
7578,label,Dayna Cussler
7579,label,Clive Dawson
7580,label,Clive Egleton
7581,label,Thurlton
7582,label,Clive Leo McNeir
7583,label,Clive Murphy
7584,label,Cloak and Dagger (1946 film)
7585,label,Ray Galton
7586,label,John Fay (writer)
7587,label,Clockwise (film)
7588,label,Michael Codron
7589,label,Philip Pullman
7591,label,Close to Home (1989 TV series)
7592,label,Hercule Poirot
7593,label,Closer (novel)
7594,label,Roderick Gordon
7595,label,Lost World (genre)
7596,label,Subterranean fiction
7597,label,Freefall (novel)
7598,label,Spiral (Tunnels novel)
7599,label,Clothes-Line
7600,label,James Laver
7601,label,Gavin Pretor-Pinney
7602,label,Malorie Blackman
7603,label,Clun
7604,label,David Brion Davis
7605,label,Clyde Robert Bulla
7606,label,"Newport, Pembrokeshire"
7607,label,Coal Creek (novel)
7608,label,"Pismo Beach, California"
7609,label,"Cobden, Illinois"
7610,label,Will Self
7611,label,Edward Cocker
7612,label,The Bat (novel)
7613,label,The Redbreast
7614,label,Spooks: Code 9
7615,label,Michael Seitzman
7616,label,Coedpoeth
7617,label,Coeur d'Alene people
7618,label,Col Buchanan
7619,label,Sydney Conservatorium of Music
7620,label,Mike Bullen
7621,label,Shatterglass
7622,label,Cold Is the Grave
7623,label,Cold Light (novel)
7624,label,Dark Palace
7625,label,Stanningfield
7626,label,Colditz (2005 TV series)
7627,label,Coleridge and opium
7628,label,Derwent Coleridge
7629,label,Hartley Coleridge
7630,label,Sara Coleridge
7631,label,Colin Bruce (author)
7632,label,The Strange Case of Mrs Hudson's Cat
7633,label,Colin Cotterill
7634,label,Colin Duriez
7635,label,Susanna Clarke
7636,label,Colin Hannaford
7637,label,Colin Harvey (writer)
7638,label,Colin Irwin (journalist)
7639,label,Colin MacDonald (writer)
7640,label,Colin McWilliam
7641,label,"St Albans School, Hertfordshire"
7642,label,Colin Simpson (journalist)
7643,label,Timothy Brook
7644,label,Collaborator (novel)
7645,label,Murray Davies
7646,label,Collateral Beauty
7647,label,Robert Pearlman
7648,label,Collected Poems in English
7649,label,Donald Margulies
7650,label,Walter de la Mare
7651,label,Colleen J. McElroy
7652,label,James Reaney
7653,label,Colleen Wagner
7654,label,CollegeAmerica
7655,label,College Confidential (film)
7656,label,Collin Wilcox (writer)
7657,label,Colombe's Birthday
7658,label,Colonel Gore's Second Case
7659,label,Lynn Brock
7660,label,The Deductions of Colonel Gore
7661,label,The Kink (novel)
7662,label,"Colonel Quaritch, VC"
7663,label,Kingsley Amis
7664,label,Colonization: Down to Earth
7665,label,Homeward Bound (Turtledove novel)
7666,label,Worldwar: Striking the Balance
7667,label,Columbia & Britannia
7668,label,Ilya Bolotowsky
7669,label,Llansantffraed
7670,label,Shoshone
7671,label,Natsume Akatsuki
7672,label,"Come Away, Death (novel)"
7673,label,Dead Men's Morris
7674,label,St Peter's Finger
7675,label,Come Back Mrs. Noah
7676,label,Here Today (The Beach Boys song)
7677,label,Come Blow Your Horn
7678,label,Come Fly with Me (2010 TV series)
7679,label,Philip Wylie
7680,label,Comedy Lab
7681,label,George Sawyer
7682,label,Comedy World Cup
7683,label,Comics (British TV series)
7684,label,Coming Attraction
7685,label,Martin Greenberg
7686,label,Nancy Dowd
7687,label,Rosamunde Pilcher
7688,label,Nancherrow
7689,label,Coming Soon!!!
7690,label,Coming Through Slaughter
7691,label,Coming of Age (2008 TV series)
7692,label,Full Force and Effect
7693,label,Command Decision (play)
7694,label,Committee of the Whole (short story)
7695,label,Common Ground (2000 film)
7696,label,Communicating Doors
7697,label,Complete Poems
7698,label,F. Wesley Schneider
7699,label,Complications (TV series)
7700,label,Last of the Summer Wine
7701,label,Compromising Daphne
7702,label,Compromising Positions
7703,label,Muriel Beaumont
7704,label,Con Houlihan
7705,label,Con Man (web series)
7706,label,Humphrey Trevelyan
7707,label,Ernest Dudley
7708,label,STV (TV network)
7709,label,"Pike County, Georgia"
7710,label,Conditions of Faith
7711,label,Cone of Silence (film)
7712,label,Thomas De Quincey
7713,label,Greg Miller (poet)
7714,label,Conjunctions
7715,label,Standish James O'Grady
7716,label,Connecting
7717,label,Joe Pera Talks with You
7718,label,Connie Ann Kirk
7719,label,Connie Brockway
7720,label,"Tuckahoe (village), New York"
7721,label,Connie Palmen
7722,label,Damon Knight Memorial Grand Master Award
7723,label,The Last of the Winnebagos
7724,label,To Say Nothing of the Dog
7725,label,Conor Kostick
7726,label,Conqueror (Iggulden novel)
7727,label,Conquerors: How Portugal Forged the First Global Empire
7728,label,Conquest of the Air
7729,label,Mixed Magics
7730,label,The Pinhoe Egg
7731,label,Conrad Voss Bark
7732,label,Conscience-in-Media Award
7733,label,No Friendly Drop
7734,label,Constance D'Arcy Mackay
7735,label,Constance Egan
7736,label,Constance Fowler
7737,label,Crockham Hill
7738,label,Constance Isabel Smith
7739,label,Constance Lloyd
7740,label,Vyvyan Holland
7741,label,Merlin Holland
7742,label,Constance Peel
7743,label,Ganarew
7744,label,Constance Reid
7745,label,Constance Rosenblum
7746,label,Constance Savery
7747,label,Froxfield
7749,label,Constantin Göttfert
7750,label,Constantine P. Cavafy
7751,label,Peter Crowther
7752,label,Constellations (play)
7753,label,Nick Payne
7754,label,GoldenEye
7755,label,Conversations in Sicily
7756,label,Stanford Luce
7757,label,Convict Once and Other Poems
7758,label,James Brunton Stephens
7759,label,Convoy (1940 film)
7760,label,"Northampton County, North Carolina"
7761,label,Cookie (novel)
7762,label,Cooking with an Asian Accent
7763,label,Cool Air (film)
7764,label,Cool It (TV series)
7765,label,Two Leaves and a Bud
7766,label,Cooper Rollow
7767,label,Copeland Marks
7768,label,Donald E. Westlake
7769,label,Cora Daniels
7770,label,Cora Unashamed
7771,label,Robert Dunn (novelist)
7772,label,Corby Flood
7773,label,Fergus Crane
7774,label,Hugo Pepper
7775,label,Cordelia (novel)
7776,label,Cordelia Strube
7777,label,Corduroy (TV series)
7778,label,Corinna Adam
7779,label,Corinna Putnam Smith
7780,label,Corinne McLaughlin
7781,label,Cork Graham
7782,label,Leonard Wibberley
7783,label,Cornel Lengyel
7784,label,"Georgetown, California"
7785,label,Sheldon Wolin
7786,label,Invincible Louisa
7788,label,Zygmunt Bauman
7789,label,History of Cornwall
7790,label,Coronado's Children
7791,label,Mark Wadlow
7792,label,Pardon the Expression
7793,label,Coroner's Pidgin
7794,label,Traitor's Purse
7795,label,More Work for the Undertaker
7796,label,Pratap Chatterjee
7797,label,Correa Moylan Walsh
7798,label,Corum Jhaelen Irsei
7799,label,Esther Woolfson
7800,label,"Lucy, Lady Duff-Gordon"
7801,label,Municipal Borough of Richmond (Surrey)
7802,label,Sabrina Dhawan
7803,label,William Cobbett
7804,label,Cougar Town
7805,label,Danger Mouse (1981 TV series)
7806,label,Counterblast
7807,label,Counterpoint (publisher)
7808,label,"Smithtown (CDP), New York"
7809,label,"Hazlet, New Jersey"
7810,label,Coupling (American TV series)
7811,label,Courage (1921 film)
7812,label,Court of Foxes
7813,label,Courtney Allison Moulton
7814,label,Courtney Summers
7815,label,Timescape Books
7816,label,Paula Rego
7817,label,Coventry Patmore
7818,label,Covert One: The Hades Factor
7819,label,Lhanbryde
7820,label,Practical Demonkeeping
7821,label,The Wurms of Blearmouth
7822,label,Jon Manchip White
7823,label,Cracker (British TV series)
7824,label,Craig's Wife
7825,label,Craig Luebben
7826,label,Creative Writing
7827,label,Craig Seymour
7828,label,Craig Thomas (author)
7829,label,Rhondda Cynon Taff
7830,label,Dalmellington
7831,label,Cranbrook Schools
7832,label,Crave (play)
7833,label,Crawford Kilian
7834,label,"Taliaferro County, Georgia"
7835,label,Jane Leslie Conly
7836,label,Crazy People (1934 film)
7837,label,Crazyhead (TV series)
7838,label,Creative Writer
7839,label,Crediton Parish Church
7840,label,Creem
7841,label,Creeping Shadows
7842,label,Jane Lapotaire
7843,label,Cressida Cowell
7844,label,How to Train Your Dragon (novel series)
7845,label,"Upper Montclair, New Jersey"
7846,label,"Florida, Missouri"
7847,label,Filth (novel)
7848,label,Crime at Guildford
7849,label,The Loss of the Jane Vosper
7850,label,Crimes of the Heart
7851,label,Crims
7852,label,Crisis (Majfud novel)
7853,label,Crisis in Space
7854,label,Michael Holt (author)
7855,label,Search for the Doctor
7856,label,Crispin Maslog
7857,label,Cristy Road
7858,label,Critic's Choice (play)
7859,label,Critical Factor
7860,label,Critical Mass (Pohl and Kornbluth short story)
7861,label,Critique of Dialectical Reason
7862,label,Crocodile Dundee
7863,label,The Crocodile Hunter: Collision Course
7864,label,"Cromwell, Our Chief of Men"
7865,label,Joseph N. Crooms
7866,label,Crossfire (British TV programme)
7867,label,Michael Crow (journalist)
7868,label,Crossfire (British TV series)
7869,label,Hazel Adair (screenwriter)
7870,label,"Crouching Tiger, Hidden Dragon: Sword of Destiny"
7871,label,Mary Lawson (novelist)
7872,label,Cruise Control (play)
7873,label,Michael Marshall Smith
7874,label,Cruiser Dreams
7875,label,Dream Dancer
7876,label,Into the Storm (novel)
7877,label,Maelstrom (Destroyermen novel)
7878,label,Crusader (Bloor novel)
7879,label,Tangerine (Bloor novel)
7880,label,Wayfarer Redemption
7881,label,Jason Hall (writer)
7882,label,Crux Ansata
7883,label,Cry Macho
7884,label,Cry to Heaven
7885,label,Riding the Rap
7886,label,Pagan Babies
7887,label,Culcheth
7888,label,Culture Shock (radio programme)
7889,label,Tim Marlow
7890,label,"Prairie du Sac, Wisconsin"
7891,label,The Old Curiosity Shop (TV series)
7892,label,Margret Rey
7893,label,Curious George (film)
7894,label,Current Publishing (UK)
7895,label,Paul Connolly (journalist)
7896,label,Curse of the Crimson Altar
7897,label,Jerome Bixby
7898,label,Curse of the Mistwraith
7899,label,Cursed for Gold
7900,label,Curtain of Fear
7901,label,Posie Graeme-Evans
7902,label,"Ian Campbell, 11th Duke of Argyll"
7903,label,Custer of the West
7904,label,Cut Numbers
7905,label,Cuthbert Graham
7906,label,Cyberstorm (novel)
7907,label,Matthew Mather
7908,label,Cycle of Nemesis
7909,label,Cyclops (novel)
7910,label,"Cymmer, Rhondda Cynon Taf"
7911,label,Emma Willard School
7912,label,Cynthia Stockley
7913,label,Ponjola
7914,label,Cyril Aldred
7915,label,Trent College
7916,label,Westhumble
7917,label,Wixenford School
7918,label,Cyril Posthumus
7919,label,Cyteen
7920,label,Cythera (novel)
7921,label,Richard Calder (writer)
7922,label,D. A. Clarke
7923,label,D. Brenton Simons
7924,label,D. C. H. Rieu
7925,label,D. C. Moore
7926,label,D. G. K. Goldberg
7927,label,D. J. Conway
7928,label,D. J. Enright
7929,label,D. J. Taylor
7930,label,D. J. Waldie
7931,label,D. M. LeBourdais
7932,label,D. M. Thomas
7933,label,"Patterson, New York"
7934,label,D. R. MacDonald
7935,label,D. Scott Rogo
7936,label,Owen K.C. Stephens
7937,label,DBC Pierre
7938,label,D Is for Dragon Dance
7939,label,Jimmy Perry
7940,label,Steele Rudd
7941,label,Daddy Cool (novel)
7942,label,Dads (2013 TV series)
7943,label,Dafydd Fynglwyd
7944,label,Dafydd Glyn Dyfrdwy
7945,label,Dafydd Goch Brydydd o Fuallt
7946,label,Dafydd Jones (Dewi Dywyll)
7947,label,Dafydd Llwyd Mathau
7948,label,Dafydd Nanconwy
7949,label,Dafydd Pennant
7950,label,Dafydd Trefor
7951,label,Dahlia Schweitzer
7952,label,Mashin Sentai Kiramager
7953,label,Daisy Johnson (writer)
7954,label,Daisy Newman
7955,label,Denise Deegan
7956,label,Yiewsley
7957,label,Dallas High School (Oregon)
7958,label,Guardian Fiction Prize
7959,label,Steve Carter (playwright)
7960,label,Damian Barr
7961,label,Damian Le Bas (writer)
7962,label,Angloromani Language
7963,label,Delaine Le Bas
7964,label,Finchley Catholic High School
7965,label,Fellini: I'm a Born Liar
7966,label,Damien Atkins
7967,label,James Gillespie's High School
7968,label,Greek Americans
7969,label,Jane Eyre (1983 TV serial)
7970,label,Damien Trotter
7971,label,Raquel Turner
7972,label,Dammit Janet
7973,label,Richard O'Brien
7974,label,Damon Grant
7975,label,Damsels in Distress (plays)
7976,label,Lincoln Memorial University
7977,label,Deception Point
7978,label,Dan Collins (journalist)
7979,label,Roseanne
7980,label,Dan Dworkin
7981,label,Death Wish 4: The Crackdown
7982,label,Dan Gookin
7983,label,Dan Kane
7984,label,Dan Leno and the Limehouse Golem
7985,label,Peter Ackroyd
7986,label,The House of Doctor Dee
7987,label,Dan Matovina
7988,label,Dan McCulloch
7989,label,Dan McDougall
7990,label,Dan Moldea
7991,label,Dan Morgan (writer)
7993,label,Dan Washburn
7994,label,Dan in Real Life
7995,label,"Point Loma, San Diego"
7996,label,"Danbury, Essex"
7997,label,Dance Hall (1950 film)
7998,label,Tim Loane
7999,label,Dance Without Music (novel)
8000,label,Dancers in Mourning
8001,label,The Case of the Late Pig
8002,label,Dancing at the Harvest Moon
8003,label,Michael Chaplin (writer)
8004,label,Dane Coolidge
8005,label,Dangerous Afternoon
8006,label,Dangerous Curves (novel)
8007,label,The Urgent Hangman
8008,label,You Can't Keep the Change
8009,label,Dangerous Exile
8010,label,Martina Cole
8011,label,Dangerously Yours (1937 film)
8012,label,Dangling Man
8013,label,Dani's Castle
8014,label,Daniel Bergner
8015,label,Samuel Hitchcock
8016,label,Daniel Bushnell
8017,label,Joseph Bushnell Ames
8018,label,Peter Ashmun Ames
8019,label,Erin Pizzey
8020,label,Daniel Danis
8021,label,Miranda Shearer
8022,label,Natrona County High School
8023,label,Kents Hill School
8024,label,Rotuma
8025,label,Daniel Gawthrop (writer)
8026,label,Daniel Grenier
8027,label,Doris Orgel
8028,label,Daniel Harkness
8029,label,Peleg Wadsworth
8030,label,Daniel Isaac Eaton
8031,label,Daniel Kemmis
8033,label,Daniel Martin (novel)
8034,label,Weobley
8035,label,Daniel Postgate
8036,label,Raymond Postgate
8037,label,Daniel Reveles
8038,label,Daniel Richler
8039,label,Emma Richler
8040,label,Jacob Richler
8041,label,Noah Richler
8042,label,Daniel Scott (writer)
8043,label,Daniel Sherrell
8044,label,Daniel Sully
8045,label,Daniel T. Jones (author)
8046,label,Daniel Tammet
8047,label,Daniel Wallace Culp
8048,label,Daniel X: Armageddon
8049,label,Daniel X: Demons and Druids
8050,label,Daniela Petrova
8051,label,Danila Botha
8052,label,Dannie Abse
8053,label,James Lincoln Collier
8054,label,Prue Leith
8055,label,Danny Morrison (Irish republican)
8056,label,Trunk Records
8057,label,Endon
8058,label,Dante's Inferno (2007 film)
8059,label,Dany Laferrière
8060,label,Daphne Merkin
8061,label,Daphne Phelps
8062,label,Dapo Adeola
8063,label,Dara Ó Briain: School of Hard Sums
8064,label,Last Life in the Universe
8065,label,Lawrence Edward Watkin
8066,label,Derwent Hall Caine
8067,label,Hall Caine
8068,label,Darcie Edgemon
8069,label,Dare Comics
8070,label,Robert D. San Souci
8071,label,Darian Leader
8072,label,Freud Museum
8073,label,Susannah Meadows
8074,label,Darina Laracy
8075,label,Darius James
8076,label,Dark Age (film)
8077,label,Dark Ages (TV series)
8078,label,Dark Angel (Dale novel)
8079,label,Oil (band)
8080,label,Dark Bahama
8081,label,"Lady, Behave!"
8082,label,Dark City (1998 film)
8083,label,Dark Congress
8084,label,Dark Delusion
8085,label,Dark Duet
8086,label,The Stars Are Dark
8088,label,Mother of Eden
8089,label,Dark Interlude (1947 novel)
8090,label,Dark Laughter
8091,label,Dark Life
8092,label,Dark Lord of Derkholm
8093,label,Year of the Griffin
8094,label,Sanctuary (Angel novel)
8095,label,Dark Places (novel)
8096,label,Dark Places of the Heart
8097,label,The Little Hotel
8098,label,Dark Shanghai
8099,label,Dark Sun (novella)
8100,label,The Sleepwalker (novel)
8101,label,Dark Wanton
8102,label,Sacred Stone (novel)
8103,label,Skeleton Coast (novel)
8104,label,Ed Waters
8105,label,Darkest Hour (Andrews novel)
8106,label,Darkfall (Koontz novel)
8107,label,Darkfever
8108,label,Wife (novel)
8109,label,John Howlett
8110,label,Darkness Falls from the Air
8111,label,Olaf Stapledon
8112,label,Firewing
8113,label,"Gowrie, Iowa"
8114,label,Darren O'Shaughnessy
8115,label,Daryl F. Mallett
8116,label,Daryl Hoole
8117,label,Dastardly and Muttley in Their Flying Machines
8118,label,Vietnamese Americans
8119,label,Date with Darkness
8120,label,Daubridgecourt Belchier
8121,label,Daughter of Regals
8122,label,Daughter of Silence
8123,label,Donna Jo Napoli
8124,label,Daughter of the Dragon
8125,label,Sax Rohmer
8126,label,Janice P. Nimura
8127,label,Dragon (TV series)
8128,label,Palo Alto High School
8129,label,Dave's Sweetheart
8130,label,Kirkham's Find
8131,label,Fielding Graduate University
8132,label,Dave Keane (illustrator)
8133,label,Dave Laing
8134,label,Dave Lister
8135,label,Dave Lowry (martial arts)
8136,label,Dave Martin (screenwriter)
8138,label,Dave Morris (writer)
8139,label,Dave Pelzer
8140,label,Dave Rich
8141,label,"Queensbury, West Yorkshire"
8143,label,Captain Britain
8144,label,Dave U. Hall
8145,label,Davey Boy Smith
8146,label,Diana Hart
8147,label,Davey Holmes
8148,label,Gerald Loeb Award
8149,label,David A. Rausch
8150,label,David Alderton
8151,label,Hadleigh (TV series)
8152,label,David Ansen
8153,label,David Bainbridge (scientist)
8154,label,David Barclay Moore
8155,label,David Benedictus
8156,label,David Benjamin Levy
8157,label,Edwinstowe
8158,label,Robert Cooper Lee Bevan
8159,label,David Blomfield
8160,label,David Bolchover
8162,label,David Bradley (novelist)
8163,label,David Brewerton
8164,label,David Bristow Baker
8165,label,David Burgess-Wise
8166,label,David Butler (author)
8167,label,David C. C. Watson
8168,label,David Clement-Davies
8169,label,Fire Bringer
8170,label,The Sight (Clement-Davies novel)
8171,label,David Conway (author)
8172,label,David Copperfield (1956 TV serial)
8173,label,David Crook
8174,label,Isabel Crook
8175,label,David Crouse
8176,label,David Crystal
8177,label,Tk'tk'tk
8178,label,David Daiches
8179,label,David Dark
8180,label,David Davies (Welsh priest)
8181,label,David Docherty
8182,label,David Donnell
8183,label,David Downing
8184,label,David Dyment
8185,label,Juliet Bravo
8186,label,Leeds College of Technology
8187,label,David Emrys Lewis
8188,label,David F. Kessler
8189,label,David Feldman (author)
8190,label,David Fleming (writer)
8191,label,David Fletcher (military historian)
8192,label,Nancy Mitford
8193,label,David Gascoyne
8194,label,Salisbury Cathedral School
8195,label,David Gemmell
8196,label,"St Edward's School, Oxford"
8197,label,David Gilbert (author)
8198,label,Rotherfield
8199,label,Jon Sholle
8200,label,David H. Greene
8201,label,David Hassan
8202,label,Maggie Helwig
8204,label,David Hines
8206,label,Michael Kelly (Lord Provost)
8207,label,Marie-Louise Gay
8208,label,"Nick Phillips, Baron Phillips of Worth Matravers"
8209,label,David Horowitz
8210,label,David Hoskins
8211,label,Iain Lonie
8212,label,David Innes
8213,label,The Unknown Industrial Prisoner
8214,label,"Hutton, Essex"
8215,label,David Isay
8216,label,New Girl
8217,label,Up All Night (TV series)
8218,label,Sam Stone
8219,label,Stichill
8220,label,David Jamilly
8221,label,David Jessel
8222,label,Penelope Jessel
8223,label,Stephen Jessel
8224,label,David Jones (artist-poet)
8225,label,The Anathemata
8226,label,David Jones (writer)
8227,label,David Joshua Davies
8228,label,David Kalupahana
8229,label,K. N. Jayatilleke
8230,label,Longworth
8231,label,David Kesterton
8232,label,David L. Kirp
8233,label,Goldman School of Public Policy
8234,label,David L. Williams (film director)
8235,label,David Lambkin
8236,label,David Lee Child
8237,label,David Lester Richardson
8238,label,David Lewis (poet)
8239,label,David Litt
8240,label,David Lloyd (priest)
8241,label,David Lohr
8242,label,David Luce
8243,label,William Luce (colonial administrator)
8244,label,David M. Barrett
8245,label,David M. Harland
8246,label,Ugly Americans (TV series)
8247,label,Fly Away Peter
8248,label,Johnno
8249,label,The Great World
8250,label,Sexual Perversity in Chicago
8251,label,Lorraine Davidson
8252,label,David Maurice
8253,label,David McKay (actor)
8255,label,David Michaels (author)
8256,label,David Miedzianik
8257,label,Jenna Miscavige Hill
8258,label,David Moles
8259,label,David Morley (poet)
8260,label,David Morris (author)
8261,label,David Nicolle
8262,label,Medieval warfare
8263,label,David Nicholl (disambiguation)
8264,label,David Nicholls (disambiguation)
8265,label,David Nobbs
8266,label,The Fall and Rise of Reginald Perrin
8268,label,David Owen (Brutus)
8269,label,Newcastle Under Lyme
8270,label,David Paton (ophthalmologist)
8271,label,David Patrick (writer)
8272,label,David Pinner
8273,label,Gail Platt
8274,label,David Pritchard (chess player)
8275,label,Whittlesey
8276,label,David Shukman
8277,label,David Quinlan (film critic)
8278,label,David R. Ross
8279,label,One Foot in the Grave
8281,label,David Roach (comics)
8282,label,David Rowley (writer)
8283,label,Occasional poetry
8284,label,David Shafer (author)
8285,label,Henry Shukman
8286,label,David Spicer (writer)
8287,label,"Newhaven, Edinburgh"
8288,label,Monkseaton
8289,label,Llanfechain
8290,label,David Thomas Davies
8291,label,David Tidhar
8292,label,David Tristram
8293,label,David V. Barrett
8294,label,David W. Garland
8295,label,Scoonie
8296,label,David Watkin Jones
8297,label,The Lotus Eaters (TV series)
8298,label,The Onedin Line
8299,label,The Plane Makers
8300,label,David Whitehorn Arnott
8301,label,Kathleen Arnott
8302,label,David Whitley
8303,label,David Whyte (poet)
8304,label,David Williams (historian)
8305,label,Heathfield and Waldron
8306,label,David Zane Mairowitz
8307,label,Edward Ormondroyd
8308,label,Smuggler
8309,label,Pirates of the Caribbean (film series)
8310,label,Dawn (2014 film)
8311,label,Dawn (Andrews novel)
8312,label,Dawn (Haggard novel)
8313,label,Dawn Cunningham
8314,label,Dawn Kurtagich
8317,label,Dawson's Weekly
8318,label,Cosmo Hamilton
8319,label,Dayna Tortorici
8320,label,Jim Allen (playwright)
8321,label,"Hoopa, California"
8322,label,De Kooning: An American Master
8323,label,De Niro's Game
8324,label,Dea Birkett
8326,label,Kevin Toolis
8327,label,Dead Babies (novel)
8328,label,The Rachel Papers (novel)
8329,label,Success (novel)
8330,label,Dead Boys (novel)
8331,label,Dead Girls
8332,label,Dead Cert (novel)
8333,label,Dick Francis
8334,label,Nancy Lee (writer)
8335,label,Dead I Well May Be
8336,label,Dead Man's Evidence
8337,label,The Devil at Saxon Wall
8338,label,Dead Right (novel)
8339,label,Live Bait (novel)
8340,label,Dead Space: Martyr
8341,label,Dead of Night
8342,label,Jack Finney
8343,label,Dead of Winter (short story)
8344,label,Deadhouse Gates
8345,label,Malazan Book of the Fallen
8346,label,Memories of Ice
8347,label,Mark Ethridge
8348,label,Feed (Grant novel)
8349,label,Deadline (science fiction story)
8350,label,Death du Jour
8351,label,Deadman's: An Australian Story
8352,label,Scott Stephens
8353,label,Deaf Smith & Johnny Ears
8354,label,Dealing with Dragons
8355,label,Dean Grennell
8356,label,Dean King
8357,label,Intensity (novel)
8358,label,The Face of Fear
8359,label,Dean Marney (author)
8360,label,Dean Prior
8361,label,Deanne Taylor
8362,label,Michael Hollingsworth (writer)
8363,label,Dear Brutus
8364,label,Dear Heart
8365,label,Dear Mr. Watterson
8366,label,Dear Octopus (film)
8367,label,Dear Pen Pal
8368,label,Tanith Lee
8369,label,Night's Master
8370,label,Death-Watch
8371,label,The Blind Barber
8372,label,Gideon Fell
8373,label,The Hollow Man (Carr novel)
8374,label,The Halloween Tree
8375,label,Death Ray (magazine)
8376,label,Guy Haley
8377,label,Death Turns the Tables
8378,label,The Case of the Constant Suicides
8379,label,Death Wish (film series)
8380,label,Death and the Maiden (novel)
8381,label,Here Comes a Chopper
8382,label,The Dancing Druids
8383,label,Death at La Fenice
8384,label,Death in a Strange Country
8385,label,Death at the Opera
8386,label,The Saltmarsh Murders
8387,label,Death by Design
8388,label,Leonard Gribble
8389,label,Déjà Dead
8390,label,Death from a Top Hat
8391,label,The Footprints on the Ceiling
8392,label,Death in Disguise
8393,label,Death of a Hollow Man
8394,label,Written in Blood (novel)
8395,label,Death in Five Boxes
8396,label,The Judas Window
8397,label,Drop to His Death
8398,label,Saira Shah
8399,label,Death in Paradise (TV series)
8400,label,Death in Summer
8401,label,Death in the Hand
8402,label,Roy Williams (playwright)
8403,label,Death of Jezebel
8404,label,Suddenly at His Residence
8405,label,Death of a Citizen
8406,label,Pageant of Murder
8407,label,Death of a Dude
8408,label,Death of a Macho Man
8409,label,Death of a Train
8410,label,Enemy Unseen (Crofts novel)
8411,label,Silence for the Murderer
8412,label,Nerida Newton
8413,label,Death on the Nile (1978 film)
8414,label,Death on the Set
8415,label,Death on the Way
8416,label,Sudden Death (novel)
8417,label,The Hog's Back Mystery
8418,label,Deathstalker (novel)
8419,label,Simon R. Green
8420,label,Deb Amlen
8421,label,Laguna Pueblo
8422,label,Debbie Dadey
8423,label,Roedean School
8424,label,Deborah Coonts
8425,label,Stephen Coonts
8426,label,Deborah Diesen
8427,label,Deborah Hautzig
8428,label,Deborah Hopkinson
8429,label,Deborah Kimmett
8430,label,Deborah Landau
8431,label,Deborah Yaffe
8432,label,Debra Macleod
8433,label,Dexter Morgan
8434,label,The First Confessor: The Legend of Magda Searus
8435,label,The Narrows (Malfi novel)
8436,label,Deception (novel)
8437,label,Declare
8438,label,Decline and Fall (TV series)
8439,label,Jo Marchant
8440,label,Dede Robertson
8441,label,Deenie
8442,label,Mark Morris (author)
8443,label,Deep River Boys
8444,label,The Merlin Conspiracy
8445,label,Deep Trouble (radio comedy series)
8446,label,Deep Wizardry
8447,label,Tunnels (novel)
8448,label,Deerness
8449,label,Foundation for Defense of Democracies
8450,label,James D. Parriott
8451,label,John Carter of Mars
8452,label,Dejan Stojanović
8453,label,Del Boy
8454,label,Grandad (Only Fools and Horses)
8455,label,List of Only Fools and Horses characters
8456,label,Uncle Albert
8457,label,Delabole
8458,label,Delia Davin
8459,label,Oliver Ellsworth
8460,label,Night's Sorceries
8461,label,Paul Chamberlain
8462,label,Delos W. Lovelace
8463,label,Delta House
8464,label,Demetrios Capetanakis
8465,label,Demolition (1978 film)
8466,label,The Long Trial of Nolan Dugatti
8467,label,Demonstrator (film)
8468,label,Denholm
8469,label,Denis Dutton
8470,label,Denis Gifford
8471,label,"Gualala, California"
8472,label,Denis Mitchison
8473,label,Denis Nayland Smith
8474,label,Denise Desautels
8475,label,Denise Robins
8476,label,Denji Kuroshima
8477,label,Gary Penn
8478,label,Dennis Cooley
8479,label,Dennis Denisoff
8480,label,Dennis Giangreco
8481,label,Orphans (Dennis Kelly play)
8482,label,Dennis King (author)
8483,label,Susan Perly
8484,label,Dennis McKenna
8485,label,Dennis Sanchez
8486,label,Dennis Shere
8487,label,Dennis Tanner
8488,label,Denys Finch Hatton
8489,label,Denys Val Baker
8490,label,Upper Poppleton
8491,label,Denyse Woods
8492,label,Denzil Meyrick
8493,label,Paisley University
8494,label,Lionel Shapiro
8495,label,Dept. of Speculation
8496,label,The Little Vampire (TV series)
8497,label,James Siegel
8498,label,Derecka Purnell
8499,label,Derek Benz
8500,label,"Oxton, North Yorkshire"
8501,label,Derek Hockridge
8502,label,Derek Humphry
8503,label,Derek Jewell
8504,label,Derek Lambert
8505,label,Derek Mahon
8506,label,Derek Owusu
8507,label,That Reminds Me (novel)
8508,label,Derek Patmore
8509,label,"I, Me, Mine"
8510,label,Derek Wheatley
8511,label,Deric Bolton
8512,label,Dermod MacCarthy
8513,label,Kirkus Prize
8514,label,Only When I Laugh (TV series)
8515,label,Gwilym Williams
8516,label,Derrick Wright
8517,label,Derry O'Sullivan
8518,label,Deryni Checkmate
8519,label,Deryni Rising
8520,label,Des Dillon (writer)
8521,label,The Tree Bride
8522,label,Desire Me
8523,label,Desmond (novel)
8524,label,Desmond Devlin
8525,label,Desmond Fennell
8526,label,Desperate Measures (film)
8527,label,Pete McCarthy
8528,label,John-Henry Butterworth
8529,label,Sherley Anne Williams
8530,label,Seth Dickinson
8531,label,Detrick Hughes
8532,label,Deus Le Volt
8533,label,Jon de Burgh Miller
8534,label,Malabar Hill
8535,label,Devi Prasad Bagrodia
8536,label,Medusa (Cussler novel)
8537,label,Devil's Hill (novel)
8538,label,Tiger in the Bush
8539,label,Tangara (novel)
8540,label,Devil of a State
8541,label,Dewi Havhesp
8542,label,Robert Williams (poet)
8544,label,Wendy West
8545,label,Dharma: Decoding the Epics for a Meaningful Life
8546,label,Sítio do Picapau Amarelo (2001 TV series)
8547,label,Diabetes UK
8548,label,Joyce Burditt
8549,label,P. G. Morgan
8550,label,Dial 999 (1938 film)
8551,label,Dial H
8552,label,"Diamond Dogs, Turquoise Days"
8553,label,Diamond Dove (novel)
8554,label,Diana (British TV series)
8555,label,Diana Athill
8556,label,Diana Atkinson
8557,label,Diana Cage
8558,label,Diana E. H. Russell
8559,label,Diana Evans
8560,label,Scientific literature
8561,label,Diana Garcia (poet)
8562,label,Diana Hartog
8563,label,Diana Kennedy
8564,label,J. F. C. Wright
8565,label,Diana McVeagh
8566,label,"Cathedral Road, Cardiff"
8567,label,Diana Morgan (writer)
8568,label,Max Mosley
8569,label,Mitford family
8570,label,Diana Pancioli
8571,label,Mother Love (TV series)
8572,label,Diana Uhlman
8573,label,Fred Uhlman
8574,label,Jessica Daves
8575,label,Dalemark Quartet
8576,label,Diane Awerbuck
8577,label,Diane Chamberlain
8578,label,Diane Keating
8579,label,President's Volunteer Service Award
8580,label,Diane McFarlin
8581,label,Diane Wakoski
8582,label,Diane Wald
8583,label,Diarmuid Johnson
8584,label,Robert Lowell
8585,label,Diary of a Wimpy Kid: The Deep End
8586,label,Diary of a Wimpy Kid (book)
8587,label,Dick King
8588,label,"Dick Mitchison, Baron Mitchison"
8589,label,Murdoch Mitchison
8590,label,Naomi Mitchison
8591,label,Julie Keith
8592,label,Dick Sharples
8593,label,"Dick Spanner, P.I."
8594,label,Tony Barwick
8595,label,Dickens (TV series)
8596,label,Dickon (novel)
8597,label,Thomas Nashe
8598,label,René Girard
8599,label,Diff'rent Strokes
8600,label,Martin Cohan
8601,label,Gideon Raff
8602,label,Digby George Gerahty
8603,label,Dilly Court
8604,label,Dilys Powell
8605,label,Humfry Payne
8606,label,Dilys Rose
8607,label,Dima Tahboub
8608,label,Dionysios Solomos
8609,label,Dimitris Lipertis
8610,label,Dinah Abrahamson
8611,label,Dini Petty
8612,label,Dino Ki Dulhaniya
8613,label,Tom Holland (author)
8614,label,Dinotopia (miniseries)
8615,label,Simon Moore (writer)
8616,label,Nina Boucicault
8617,label,Dipak Bardolikar
8618,label,Diplomat's Folly
8619,label,Dirty Story (novel)
8620,label,The Intercom Conspiracy
8621,label,Disasterpiece Theatre
8622,label,Rising Sun (Crichton novel)
8623,label,Double Phoenix
8624,label,Dishforth
8625,label,Naomi Alderman
8626,label,Dispatches (magazine)
8627,label,Mort Rosenblum
8628,label,Displaced Persons (film)
8629,label,Louis N. Parker
8630,label,Dissident Gardens
8631,label,Distant Replay
8632,label,Dittisham
8633,label,Divina Trace
8634,label,Divine Madness (novel)
8635,label,The Killing (novel)
8636,label,Man vs Beast
8637,label,Division by Zero (story)
8638,label,Liz Tuccillo
8639,label,"Dixie Lee Junction, Tennessee"
8640,label,Jean Dufaux
8641,label,Florian Zeller
8642,label,Laurence Marks (American writer)
8643,label,Doc Savage: His Apocalyptic Life
8644,label,William McIlvanney
8645,label,Doctor Antonio (novel)
8646,label,Dr. Dolittle (1998 film)
8647,label,Doctor Frigo
8648,label,The Levanter
8649,label,Send No More Roses
8650,label,Hjalmar Söderberg
8651,label,Maggie Cassidy
8652,label,Doctor Syn (film)
8653,label,Doctor Therne
8654,label,Doctor Watson and the Darkwater Hall Mystery
8655,label,Doctors (novel)
8656,label,Doctors and Nurses (film)
8657,label,Morris Gleitzman
8658,label,North Hammond
8659,label,Does My Head Look Big in This?
8660,label,Randa Abdel-Fattah
8661,label,Leslie Edgley
8662,label,Dog Wizard
8663,label,Shirley Hughes
8664,label,Someday Angeline
8665,label,Dogsbody (novel)
8666,label,Gary Files
8667,label,Melvin Burgess
8668,label,Taro Achi
8669,label,Dolf Wyllarde
8670,label,Jordan Weiss
8671,label,Dolly Alderton
8672,label,Dolly Darling
8673,label,Dolores (Susann novel)
8674,label,Dolores Gordon-Smith
8675,label,Dolores Hitchens
8676,label,Jude Moraes
8677,label,Domingo Martinez (author)
8678,label,My Heart Is a Drunken Compass
8679,label,Leuchars
8680,label,Dominic Lyne
8681,label,Dominique Dunne
8682,label,Dominion (Sansom novel)
8683,label,Dominique Demers
8684,label,Juggernaut (novel)
8685,label,Don't Drink the Water (TV series)
8686,label,Soul Passing Through Soul
8687,label,Don't Forget the Bacon!
8688,label,Pat Hutchins
8689,label,Don't Go Near the Water (novel)
8690,label,The Pigeon Finds a Hot Dog!
8691,label,The Pigeon Wants a Puppy!
8692,label,Don't Look Behind You
8693,label,Gertrude Atherton
8694,label,Don't Panic: The Official Hitchhiker's Guide to the Galaxy Companion
8695,label,M. J. Simpson
8696,label,Don't Press Charges and I Won't Sue
8697,label,Don't Tell Alfred
8698,label,Love in a Cold Climate
8699,label,Don't Tell Father
8700,label,Hilary Boyd
8701,label,"Penns Grove, New Jersey"
8702,label,Don Carlos Seitz
8703,label,Don Chambers
8704,label,Don Dickinson
8705,label,Gitta Sereny
8706,label,Don L. Wulffson
8707,label,"Lovington, Illinois"
8708,label,Don Talbot (author)
8709,label,Donaghadee
8710,label,Donald A. Grinde Jr.
8711,label,Donald Adamson
8712,label,Donald Baverstock
8713,label,Gillian Baverstock
8715,label,Donald Campbell (traveller)
8716,label,Samuel Alexander
8717,label,Luella Creighton
8719,label,Donald Heins
8720,label,Donald Henderson (writer)
8721,label,Donald Horne
8722,label,Donald James
8723,label,Donald Keith (author)
8724,label,Donald Lees Reid
8726,label,Rosemarkie
8727,label,J. A. Spender
8728,label,Donald Malcolm
8729,label,Donald Rawe
8730,label,Donald S. Zagoria
8731,label,Donald W. Linebaugh
8732,label,Donald Weber
8733,label,Stranorlar
8734,label,Saturday Supercade
8735,label,Donna-Michelle St. Bernard
8736,label,Donna Barba Higuera
8737,label,Donna Franceschild
8738,label,Donna Lucey
8739,label,Doomed Queen Anne
8740,label,Doomsday Machine (film)
8741,label,Doorways in the Sand
8742,label,Doppelgänger (1969 film)
8743,label,Lidia Yuknavitch
8744,label,Dora Greenwell
8745,label,Henry Nicholas Greenwell
8746,label,Dora Marsden
8747,label,Dora and the Lost City of Gold
8748,label,Dora von Stockert-Meynert
8749,label,Doreen Corkhill
8750,label,Doreen Tovey
8751,label,Doren Robbins
8752,label,Dori Hillestad Butler
8753,label,Doris Dana
8754,label,Doris Langley Moore
8755,label,The Golden Notebook
8756,label,William Goyen
8757,label,Dork Diaries
8758,label,Dorothea Celesia
8759,label,Dorothea Grossman
8760,label,Dorothea Hosie
8761,label,Dorothea Macheiner
8762,label,"Dorothy, Lady Pakington"
8763,label,Dorothy Ann Thrupp
8764,label,"Paddington Green, London"
8765,label,"Savior, Like a Shepherd Lead us"
8766,label,Frederick Thrupp
8767,label,Joseph Francis Thrupp
8768,label,"Terra Bella, California"
8769,label,Dorothy Banks
8770,label,Dorothy Calthorpe
8771,label,Dorothy Cowlin
8772,label,Margaret Penrose
8773,label,Dorothy Dury
8774,label,Dorothy Eagle
8775,label,Dorothy Edwards (children's writer)
8776,label,Dorothy Garlock
8777,label,Dorothy Gurney
8778,label,Finsbury Circus
8780,label,Dorothy Hinshaw Patent
8781,label,Greg Patent
8782,label,Dorothy Kilner
8783,label,Dorothy Koomson
8785,label,Dorothy Mackie Low
8786,label,Dorothy Malone (writer)
8787,label,Dorothy McIlwraith
8788,label,Dorothy Miles
8789,label,Mary Hare School
8790,label,Seashell Trust
8791,label,Dorothy Richardson
8792,label,Dorothy Samuelson-Sandvid
8793,label,Dorothy Seymour Mills
8794,label,Dorothy Una Ratcliffe
8796,label,Dorothy West
8797,label,Dorothy Whipple
8798,label,Dorothy Wilde
8799,label,Dorothy Woodman
8800,label,Dorothy of Oz (book)
8801,label,Dot Allan
8802,label,Douai School
8803,label,Double Act (novel)
8804,label,Double Confession
8805,label,Double Indemnity (novel)
8806,label,Roger Lancelyn Green
8807,label,Double or Quits (1938 film)
8808,label,Feckenham
8809,label,Doug Warhit
8810,label,Doug Weaver (author)
8811,label,Douglas Adams's Guide to The Hitchhiker's Guide to the Galaxy
8812,label,Douglas B. Rasmussen
8813,label,Generation X: Tales for an Accelerated Culture
8814,label,Douglas Durkin
8815,label,Douglas E Krueger
8816,label,Douglas Francis Jerrold
8817,label,Douglas Hopkins
8818,label,Douglas Lochhead
8819,label,Douglas Murray (author)
8820,label,Douglas Smith (writer)
8821,label,"Down, Out & Dangerous"
8822,label,Down Channel
8823,label,Down River (1931 film)
8824,label,Piri Thomas
8825,label,Downhill Racer
8826,label,Downtown 81
8827,label,"North Wilkesboro, North Carolina"
8828,label,Downwardly Mobile
8829,label,Dox (poet)
8830,label,Dr. Caligari (film)
8831,label,Nathaniel Hawthorne
8832,label,Phineas and Ferb the Movie: Candace Against the Universe
8833,label,Dr. Kildare's Crisis
8834,label,Dr. Livesey
8835,label,Dr. Loveless
8836,label,"Warsaw, Kentucky"
8837,label,Dr. Moreau's House of Pain
8838,label,Jack Orman
8839,label,Dracula's Guest
8840,label,Dracula's Guest and Other Weird Stories
8841,label,John Godber
8842,label,Dracula (2006 film)
8843,label,Dracula (Hammer film series)
8844,label,Dracula (Marvel Comics)
8845,label,Dracula (radio drama)
8846,label,Dracula A.D. 1972
8847,label,Dracula Society
8848,label,Dracula – L'amour plus fort que la mort
8849,label,Vivian Vande Velde
8850,label,Goodman Games
8851,label,Dragon (fantasy series)
8852,label,Dragon (magazine)
8853,label,Dragon Boy (novel)
8854,label,Dragon Fire (novel)
8855,label,Humphrey Hawksley
8856,label,Garden of the Purple Dragon
8857,label,Dragon Pearl
8858,label,Dragon Prince
8859,label,The Star Scroll
8860,label,The Last Dragonlord
8861,label,W. H. Davies
8862,label,Dragonfly (Koontz novel)
8863,label,Dragonology: The Complete Book of Dragons
8864,label,Dugald Steer
8865,label,Egyptology: Search for the Tomb of Osiris
8866,label,Drakas!
8867,label,Drakon (novel)
8868,label,Drake of England (play)
8869,label,Drawing Blood
8870,label,Dreadful Tales
8871,label,Dreadnought (book)
8872,label,Dream Park
8873,label,Paul Collins (fantasy writer)
8874,label,Dreaming Is a Private Thing
8875,label,Dreaming in Cuban
8876,label,Dreams in Flower
8877,label,Dreams of Joy
8878,label,Shanghai Girls
8879,label,Sorry (novel)
8880,label,Shadow Games (novel)
8881,label,Graham Joyce
8882,label,Drifters (TV series)
8883,label,Iain Morris
8884,label,Olga Tokarczuk
8885,label,Paul Jennings (Australian author)
8886,label,Driving Miss Daisy
8887,label,Drome (novel)
8888,label,Drowning on Dry Land (play)
8889,label,Drums of Fu Manchu
8890,label,Milton Shulman
8891,label,Dry Bones That Dream
8892,label,Wednesday's Child (novel)
8893,label,Tom Bouman
8894,label,Drylongso (Hamilton book)
8895,label,Scrivener
8896,label,Edward Rutherfurd
8897,label,Duckman
8898,label,Dueños del paraíso
8899,label,Lady Diana Cooper
8900,label,Duff McDonald
8901,label,"Hariot Hamilton-Temple-Blackwood, Marchioness of Dufferin and Ava"
8902,label,"Poole, Dorset"
8903,label,Dula Bhaya Kag
8904,label,Dulcie and Decorum
8905,label,James Allen's Girls' School
8906,label,Dumbleton
8907,label,Dummy (1979 film)
8908,label,Dunbar (novel)
8909,label,Edward St Aubyn
8910,label,Duncan Lunan
8911,label,Thomas Villiers Lister
8912,label,James Jacobs (game designer)
8913,label,Tom Moldvay
8914,label,Eileen Essell
8915,label,The Bailey
8916,label,Duro Ladipo
8917,label,Dust (novel)
8918,label,Robert Paul Weston
8919,label,Dust of Dreams (novel)
8920,label,The Crippled God (novel)
8921,label,Tilton School
8922,label,Dusty (film)
8923,label,Dusty Answer
8924,label,Dusty Sklar
8925,label,Dwight L. Dumond
8926,label,Dyad (novel)
8927,label,"Park Ridge, New Jersey"
8928,label,Maggie Gee (novelist)
8929,label,Dylan's Visions of Sin
8930,label,The Transgressors
8931,label,Dynamo (play)
8932,label,Sorley MacLean
8933,label,Noel Harrison
8934,label,Déjàvu
8935,label,John Osborne
8936,label,Désirée's Baby
8937,label,Dòmhnall Ruadh Chorùna
8939,label,Dónall na Buile Mac Cárthaigh
8940,label,E.J. Altbacker
8941,label,E. Allison Hagood
8942,label,E. B. C. Jones
8943,label,E. C. R. Lorac
8944,label,E. Cobham Brewer
8945,label,E. E. Aiken
8946,label,Margaret Benson
8947,label,"Thetford Academy, Vermont"
8948,label,E. G. Cuthbert F. Atchley
8949,label,E. H. Warmington
8950,label,"Fowler, California"
8951,label,E. K. Brown
8952,label,Wycombe High School
8953,label,The View from Saturday
8954,label,E. Lily Yu
8955,label,E. Lynn Harris
8956,label,E. M. Delafield
8957,label,Hugh Clifford
8958,label,Mrs Henry de la Pasture
8960,label,E. M. Granger Bennett
8961,label,E. M. Hull
8962,label,"Hazlewood, Derbyshire"
8963,label,The Sheik (novel)
8964,label,Silverton High School (Oregon)
8965,label,E. Nesbit
8966,label,New Romney
8967,label,Hubert Bland
8968,label,E. Pauline Johnson
8969,label,E. R. Jackman
8970,label,E. Rose Sabin
8971,label,Ida Gordon
8972,label,E. W. F. Tomlin
8973,label,EPICAC (short story)
8974,label,Sakyo Komatsu
8975,label,Hiroyuki Kanno (game designer)
8976,label,Helen Fox
8977,label,Ealdwood
8978,label,Ean Begg
8979,label,Ear for Eye
8980,label,Earlene Fowler
8981,label,Early Autumn (Parker novel)
8982,label,Looking for Rachel Wallace
8983,label,Early Man (film)
8984,label,Earth to America (TV special)
8985,label,Earthquake Weather (novel)
8986,label,James Follett
8987,label,East Africa Protectorate
8988,label,East Clandon
8989,label,East Lynne (1913 film)
8990,label,Ellen Wood (author)
8991,label,East of Piccadilly
8992,label,"Torrington, Wyoming"
8993,label,Ebbtide
8994,label,Ebenezer Picken
8995,label,K. A. Bedford
8996,label,Eclipse Magazine
8997,label,Eclipse Monthly
8998,label,Phil Whitaker
8999,label,Ed Krol
9000,label,Ed Masuga
9001,label,Ed Morrissey
9002,label,Ed Regis (author)
9003,label,Ed Rice
9004,label,UFO (TV series)
9005,label,Ed Subitzky
9006,label,Ed West (journalist)
9007,label,Eda LeShan
9008,label,Edd Winfield Parks
9009,label,UK Comic Art Award
9010,label,"Jennersville, Pennsylvania"
9011,label,Fresh Off the Boat
9012,label,Eddie Muller
9013,label,Eden Project
9014,label,Shap
9015,label,Eden Royce
9016,label,Edgar A. Guest
9017,label,Edgar Alfred Bowring
9018,label,Edgar Gardner Murphy
9019,label,Edgar Lustgarten
9020,label,Edgar McInnis
9021,label,Edgar Taylor (author)
9022,label,Edgar Wayburn
9023,label,Edgardo Rotman
9024,label,Edge of Tomorrow
9025,label,Fighters from Mars
9026,label,Edith's Diary
9027,label,Israel Zangwill
9028,label,Edith Carter
9029,label,Edith Coleridge
9030,label,Edith Efron
9031,label,Edith Ellis
9032,label,Havelock Ellis
9033,label,Edith Finch Russell
9034,label,Edith Flack Ackley
9035,label,Edith Franklin Wyatt
9036,label,Edith J. Agnew
9037,label,Edith M. Stern
9038,label,Edith Sitwell
9039,label,Sacheverell Sitwell
9040,label,Edith Spicer Jay
9041,label,Edith Stanton
9042,label,Eglingham
9043,label,Thomas Chatterton
9044,label,Edmund Allen Meredith
9045,label,Edmund Blunden
9046,label,C.B.E.
9047,label,"Holy Trinity Church, Long Melford"
9048,label,Queen's University of Ireland
9049,label,Sarah Fielding
9050,label,Edmund Fisher (publisher)
9051,label,Margery Fisher
9052,label,Richard Fletcher (bishop)
9053,label,Edmund Harvey (social reformer)
9054,label,Edmund James Banfield
9055,label,Temple Church
9056,label,Edmund Robert Harris
9057,label,Edmund Skellings
9058,label,Edmund Warren Perry Jr.
9059,label,Edric Holmes
9060,label,Eduard Bornhöhe
9061,label,The Odessa File
9062,label,Eduard Vilde
9063,label,Francesca Cruz
9064,label,Educating Rita
9065,label,Edward A. Lacey
9066,label,Edward A. Weeks
9067,label,"The Goat, or Who Is Sylvia?"
9068,label,Edward Arber
9069,label,Maurice Baring
9070,label,Edward Behr (food writer)
9071,label,Edward Blanckley
9072,label,Edward Brooke-Hitching
9073,label,Edward Canfor-Dumas
9074,label,Edward Capern
9075,label,Heanton Punchardon
9076,label,Edward Carey (novelist)
9077,label,"F. E. Smith, 1st Earl of Birkenhead"
9078,label,Edward Chitty
9079,label,New York State Library
9080,label,Mileham
9081,label,Isidore Newman School
9082,label,Lavinia Norcross Dickinson
9083,label,Hester Dowden
9084,label,John Dowden
9085,label,Edward Dwelly
9086,label,Edward Edson Lee
9087,label,Edward Ellis Morris
9088,label,Edward Evans (poet)
9089,label,Edward Faragher
9090,label,Edward FitzGerald (poet)
9091,label,"Merton, Norfolk"
9092,label,Edward Fitzgerald (barrister)
9093,label,Edward Francis Wilson
9094,label,Edward Gordon Craig
9095,label,Gold Dagger
9097,label,John Grigg (writer)
9098,label,Joan Grigg
9099,label,Edward Hake
9100,label,Edward Heron-Allen
9101,label,Edward Hoagland
9102,label,Edward Hogan (writer)
9103,label,Edward Hornor Coates
9104,label,Edward Ingersoll
9105,label,"Southport, Connecticut"
9106,label,Edward John Trelawny
9107,label,Trevylyan Napier
9108,label,Edward Mackin
9109,label,Edward Maitland
9110,label,Edward Mannix
9111,label,Edward Marriott
9112,label,Wendy Law-Yone
9113,label,Thomas Arnold
9114,label,Edward O'Dwyer (poet)
9115,label,Edward Oswald Shebbeare
9116,label,Edward Owen (translator)
9117,label,Edward Pinnington
9118,label,Heman Humphrey
9119,label,Edwin H. Conger
9120,label,Edward R. Murrow High School
9121,label,Edward Rothstein
9122,label,Edward St John
9123,label,Madeleine St John
9124,label,Edward Taylor
9125,label,Edward Tegla Davies
9126,label,Edward Thomas (poet)
9127,label,Edward Upward
9128,label,Edward Vernon Utterson
9129,label,Sarah Elizabeth Utterson
9130,label,Sarah Tabrizi
9131,label,Edward and Eleonora
9132,label,Edwin Abbott (educator)
9133,label,Edwin Abbott Abbott
9134,label,Edwin Alonzo Boyd (book)
9135,label,Edwin Arnold
9136,label,Edwin Atherstone
9137,label,IBM and the Holocaust
9138,label,Edwin Charles Tubb
9139,label,Edwin Tunis
9140,label,Edwy Searles Brooks
9141,label,Jaan Kross
9142,label,Effie Adelaide Rowlands
9143,label,May Hallatt
9144,label,Effie Gray
9145,label,John Guille Millais
9146,label,Effie T. Battle
9147,label,Effy Stonem
9148,label,Tony Stonem
9149,label,The Obstacle Is the Way
9150,label,The Times of India
9151,label,Snoo Wilson
9152,label,Jonathan Strahan
9153,label,Eight Days of Luke
9154,label,Eigra Lewis Roberts
9155,label,Eileen Bell (artist)
9156,label,"Fall River, Wisconsin"
9157,label,Eileen Derbyshire
9158,label,Gerard McLarnon
9159,label,Eileen Welsome
9160,label,Eilidh Watt
9161,label,Eimar O'Duffy
9162,label,Ein Herz und eine Seele
9163,label,Ernst Hinterberger
9164,label,Eirug Wyn
9165,label,Ekaveera
9166,label,El Amor no Tiene Precio
9167,label,El Borak
9168,label,El Deafo
9169,label,Thomas Steinbeck
9170,label,Elaine Jackson
9171,label,Elaine Mazlish
9172,label,Elan Journo
9173,label,St. Bernard's School
9174,label,Eldon Grier
9175,label,Joseph P. Lash
9176,label,Eleanor (novel)
9177,label,Mary Augusta Ward
9178,label,Eleanor Alice Burford
9179,label,Eleanor Anne Porden
9180,label,"Westhorpe, Suffolk"
9181,label,Eleanor Duckett
9182,label,Eleanor Farnes
9183,label,Eleanor Gates
9184,label,Frederick Ferdinand Moore
9185,label,Eleanor Lerman
9186,label,Eleanor MacMahon
9187,label,Eleanor Margolies
9188,label,Eleanor Rigby (novel)
9189,label,Eleanor Tatlock
9190,label,Eleanor Vere Boyle
9191,label,Eleanor Wilson McAdoo
9192,label,Eleanore Barté
9193,label,Eleanore Boswell
9194,label,Eleanore Myers Jewett
9195,label,Elegiac Sonnets
9196,label,Elephant Boy (film)
9197,label,Elephant Destiny
9198,label,Martin Meredith
9199,label,Elephant Walk (novel)
9200,label,Eleven Hours
9201,label,Eleven on Top
9202,label,Elgy Gillespie
9203,label,Second-wave feminism
9204,label,Free Meek
9205,label,"Oconto Falls, Wisconsin"
9206,label,Eliane Glaser
9207,label,Officer of arms
9208,label,Elias Loomis
9209,label,Elie Abel
9210,label,The Bastard of Istanbul
9211,label,Elihu Hubbard Smith
9213,label,Juliet Rhys-Williams
9214,label,Elinor Gwynn
9215,label,Elinor Lander Horwitz
9216,label,"Eliot College, Kent"
9217,label,Eliot Wagner
9218,label,Versailles (TV series)
9219,label,Elisabeth Beresford
9220,label,Elsa Beskow
9221,label,Natanael Beskow
9222,label,Elisabeth Kehoe
9223,label,Elisabeth Lambert Ortiz
9224,label,Elisabeth Luard
9225,label,Nicholas Luard
9226,label,Elisabeth Murray
9227,label,James Murray (lexicographer)
9228,label,Elisabeth de Mariaffi
9229,label,Elise Broach
9230,label,The Secret Order of the Gumm Street Girls
9231,label,The Tunnel (TV series)
9232,label,Elissa (book)
9234,label,ElizaBeth Gilligan
9235,label,Eliza A. Pittsinger
9236,label,Eliza Acton
9237,label,Eliza Constantia Campbell
9238,label,Eliza Draper
9239,label,Eliza Fenwick
9240,label,Eliza Fletcher
9241,label,Eliza Gutch
9242,label,"St Margaret's, Westminster"
9243,label,Eliza Kent
9244,label,Eliza Lee
9245,label,Eliza Lynn Linton
9246,label,Eliza Rennie
9247,label,Eliza Sharples
9248,label,John Farrar (scientist)
9249,label,Elizabeth A. R. Brown
9250,label,Elizabeth Anesta Sewell
9251,label,Elizabeth Anne Bonner
9252,label,Elizabeth Arnold (children's writer)
9253,label,Children’s author
9254,label,John Jay Chapman
9255,label,Elizabeth Baity
9256,label,Elizabeth Baker Bohan
9257,label,Elizabeth Barrett Browning
9259,label,Robert Barrett Browning
9260,label,Elizabeth Beardsley Butler
9261,label,Elizabeth Bentley (writer)
9262,label,Elizabeth Bowen
9263,label,Eva Trout (novel)
9264,label,The Death of the Heart
9265,label,The Heat of the Day
9266,label,The House in Paris
9267,label,The Last September
9268,label,Elizabeth Brewster
9269,label,Elizabeth Buchan
9270,label,Isle of Ely
9271,label,Elizabeth Carter
9272,label,Elizabeth Christitch
9273,label,Patrickswell
9274,label,Elizabeth Costello
9275,label,Elizabeth Cowie
9276,label,"William Craven, 1st Earl of Craven (1770–1825)"
9277,label,Posilipo
9278,label,"Charles Alexander, Margrave of Brandenburg-Ansbach"
9279,label,"William Craven, 6th Baron Craven"
9280,label,Elizabeth Elliott (romance author)
9281,label,Elizabeth Eyre
9282,label,Elizabeth Fane
9283,label,Elizabeth Foster Wesselhoeft
9284,label,Elizabeth Frances Amherst (poet)
9285,label,Newbold-on-Avon
9286,label,Elizabeth Frances Dagley
9287,label,Elizabeth Fremantle
9288,label,Holybourne
9289,label,William Gaskell
9290,label,Elizabeth Goudge
9291,label,Rotherfield Peppard
9292,label,Elizabeth Hamilton (writer)
9293,label,Elizabeth Harrison (writer)
9294,label,Elizabeth Hoyt
9295,label,Peter Scott
9296,label,Elizabeth Joan Cosnett
9297,label,Elizabeth Julia Hasell
9298,label,Elizabeth Justice
9299,label,Elizabeth Lee (writer)
9300,label,Elizabeth Lichtenstein Johnston
9301,label,Elizabeth Lipski
9302,label,Elizabeth Mary Dobell
9303,label,Horace Dobell
9304,label,Elizabeth McGrath (art historian)
9305,label,Elizabeth Missing Sewell
9306,label,John Wesley Hoyt
9307,label,Elizabeth Oakes Smith
9308,label,Elizabeth Oehlkers Wright
9309,label,John Alden
9310,label,Sophia Hawthorne
9311,label,Elizabeth Phipps Train
9312,label,Elizabeth Polack
9313,label,Maria Polack
9314,label,Elizabeth Post
9315,label,"Selina Hastings, Countess of Huntingdon"
9316,label,Theodore Goodridge Roberts
9317,label,Elizabeth Rosner
9318,label,Elizabeth Scott (hymnwriter)
9319,label,"William Smith (judge, born 1697)"
9320,label,"Penn Wynne, Pennsylvania"
9321,label,Elizabeth Seeger
9322,label,Elizabeth Shane
9323,label,Elizabeth Singer Rowe
9324,label,Rook Lane Chapel
9325,label,Elizabeth Smart (Canadian author)
9327,label,Ipswich Female Seminary
9328,label,Elizabeth Strong Worthington
9329,label,"Rothwell, Lincolnshire"
9330,label,Elizabeth Thomas (poet)
9331,label,St Bride's Church
9332,label,"Hartland, Devon"
9333,label,Parkham
9334,label,Elizabeth Thornton
9335,label,Elizabeth Wagele
9336,label,Nefyn
9337,label,Elizabeth Watkins
9339,label,Elizabeth Whitfield Croom Bellamy
9340,label,Laurence Olivier Awards
9341,label,Elizabeth von Arnim
9342,label,Robert Elderfield
9343,label,Ella Dietz
9344,label,Ella Hepworth Dixon
9345,label,The Story of a Modern Woman
9346,label,Elle Kennedy
9347,label,Ellen Creathorne Clayton
9348,label,Ellen Elizabeth Ellis
9349,label,John William Ellis
9350,label,Ellen Galford
9351,label,Mansfield Tracy Walworth
9352,label,Ellen Hollond
9353,label,The Tattooed Potato and Other Clues
9354,label,Ellen Tarry
9355,label,Frances Eleanor Jarman
9356,label,Hard Love (novel)
9357,label,East Lynne
9358,label,Ellenor Fenn
9359,label,Finningham
9360,label,John Fenn (antiquarian)
9361,label,Ellie Crowe
9362,label,Theatre music
9363,label,Elliott Colla
9364,label,Elliott Hayes
9365,label,Ellis A. Davidson
9366,label,Ellis Amburn
9367,label,Ellis Credle
9368,label,The Royal Family (play)
9369,label,Ellis Sharp
9370,label,Shiregreen and Brightside
9371,label,Elly Griffiths
9372,label,Romance (prose fiction)
9373,label,Elmaz Abinader
9374,label,Elmer L. Towns
9375,label,Elmer and the Dragon
9376,label,George Lillo
9377,label,Elodie Lawton
9379,label,Čedomilj Mijatović
9380,label,Eloise Klein Healy
9381,label,Eloise Lownsbery
9382,label,Elrig
9383,label,Elsa Bernstein
9384,label,Elsie Finnimore Buckley
9385,label,Little Lord Fauntleroy
9386,label,Elspeth Huxley
9387,label,The Flame Trees of Thika
9388,label,Elspeth Sandys
9389,label,Elspeth Thompson
9390,label,Elstow
9391,label,Elstree Calling
9392,label,ElvenQuest
9393,label,Elyse Kopecky
9394,label,Elysium Fire
9395,label,Emanuel Ford
9396,label,Embassy (novel)
9397,label,Stephen Coulter
9398,label,Emelie Tracy Y. Swett
9399,label,Emeline Harriet Howe
9400,label,Oren Burbank Cheney
9401,label,Martin Woodhouse
9402,label,Emerald Star
9403,label,Sapphire Battersea
9404,label,Emergence (Birmingham novel)
9405,label,Emil Petaja
9406,label,Emil Torday
9407,label,Emil Zegadłowicz
9408,label,Emilia Tennyson
9409,label,Emilie Barrington
9410,label,Moniaive
9411,label,Emily Barnelia Woodward
9412,label,Emily Berry
9413,label,Emily Cheney Neville
9414,label,Emily Fitch
9415,label,Katie Fitch
9416,label,Harriet Newell Haskell
9417,label,Emily Henrietta Hickey
9418,label,George Haven Putnam
9419,label,Emily Marion Harris
9420,label,Jewish literature
9421,label,Emily Mitchell
9422,label,"Stonington, Maine"
9423,label,Emily Nagoski
9424,label,Emily Nonnen
9425,label,Flora Masson
9426,label,Rosaline Masson
9427,label,Emily Smith (author)
9428,label,Emily Underdown
9429,label,Emily White (gardener)
9430,label,Emily Winterburn
9431,label,Emily Witt
9432,label,Emma's War (film)
9433,label,"Mount Vernon, Wisconsin"
9434,label,Felicia Hemans
9435,label,Emma Arbuthnot
9436,label,Westbrook College
9437,label,New Woman
9438,label,Emma Burstall
9439,label,Kevin Maguire (journalist)
9440,label,Emma Donoghue
9441,label,Emma Estabrook
9442,label,Emma Gifford
9443,label,Emma Henderson
9444,label,Emma Holt
9445,label,Emma Jane Greenland
9446,label,Emma Jordan
9447,label,Emma Lyon
9448,label,Emma Marris
9449,label,Emma McLaughlin
9450,label,Emma Mills
9451,label,Wise Children
9453,label,Emma Scarr Booth
9455,label,Emma Smith (author)
9456,label,John Llewellyn Rhys Prize
9457,label,Emma Speed Sampson
9458,label,Patrick Radden Keefe
9459,label,Empire of Two Worlds
9460,label,Empire of the Ants
9461,label,Empress Orchid
9462,label,Emrys Evans
9463,label,Emrys James
9464,label,Emus Can't Walk Backwards
9465,label,Emyr Humphreys
9466,label,"Enchanted, Inc."
9467,label,Richie McMullen
9468,label,Enchanted Glass
9469,label,Encirclement – Neo-Liberalism Ensnares Democracy
9470,label,Encore (1951 film)
9471,label,Jo Ellison
9472,label,Endangered Species (novel)
9473,label,Endeavour (TV series)
9474,label,Endgame (play)
9475,label,Enemy Territory (film)
9476,label,The Affair at Little Wokeham
9477,label,Energy Flash
9478,label,Simon Reynolds
9479,label,English Female Artists
9480,label,The Boomerang Book of Legendary Tales
9481,label,Enid Welsford
9482,label,Enna Burning
9483,label,The Goose Girl (novel)
9484,label,River Secrets
9485,label,Enoch Train
9486,label,Entebbe (film)
9487,label,Paul Magrs
9488,label,Entity (short story)
9489,label,Demographics of Nigeria
9490,label,Enys Tregarthen
9491,label,Ephraim Chambers
9492,label,Episodes (TV series)
9493,label,Epitaph for George Dillon
9494,label,Uncommon Danger
9495,label,Erak's Ransom
9496,label,The Siege of Macindaw
9497,label,Samuel Butler (novelist)
9498,label,Laurie Aarons
9499,label,Mutford
9500,label,Eric Brighteyes
9501,label,Eric Chappell
9502,label,Fiddlers Three (TV series)
9503,label,Home to Roost
9504,label,The Bounder
9505,label,Eric Chappelow
9506,label,Eric Clark (author)
9507,label,"Park Falls, Wisconsin"
9508,label,Eric Gee
9509,label,Eric Hill
9510,label,Where's Spot?
9511,label,Eric Hoffer
9512,label,Eric Jager
9513,label,Eric James Stone
9514,label,Eric Jarosinski
9515,label,Eric Kaplan
9516,label,Eric Kimmel
9517,label,Eric Knight
9518,label,Menston
9519,label,Eric Linklater
9520,label,Eric Malpass
9521,label,Sookie Stackhouse
9523,label,My Uncle's Wedding
9524,label,Eric Sams
9525,label,Eric Stiller
9526,label,Walker Percy
9527,label,Eric Von Schmidt
9528,label,Erica James
9529,label,Erik Menkveld
9530,label,Erik Wielenberg
9531,label,Erika Ostrovsky
9532,label,Erin Aubry Kaplan
9533,label,Erin Bow
9534,label,Erin Levy
9535,label,Erin Shields
9536,label,Erin Soros
9537,label,Ermita (novel)
9538,label,Rough Justice (British TV programme)
9539,label,Horsell
9540,label,Ernest Elmore
9541,label,Ernest Franklin Bozman
9542,label,Long Crendon
9543,label,Ernest Hillen
9544,label,Ernest J. Chambers
9545,label,Ernest Marwick
9546,label,Ernest Neal
9547,label,Ernest Stewart Cox
9548,label,Shaft (novel)
9549,label,Ernesto García
9550,label,Wealdstone
9551,label,No Time to Die
9552,label,Ingrid Rimland
9553,label,Eros the Bittersweet
9554,label,Erra-Pater
9555,label,Errol Trzebinski
9556,label,Escapade (play)
9557,label,Escape Velocity: A Charles Portis Miscellany
9558,label,Escape from Memory
9559,label,Escape from Mr. Lemoncello's Library
9560,label,Escape from Taliban
9561,label,Escape from the Dark
9562,label,Escape to Danger
9563,label,Escape to Last Man Peak
9564,label,Esmail Khoi
9565,label,Esmeralda (1922 film)
9566,label,H. B. Higgins
9567,label,Un refugio para el amor
9568,label,Essex Boys
9569,label,"Springfield, Essex"
9570,label,The Crystal Maze
9571,label,Ester Wier
9572,label,Esther Averill
9573,label,Eythorne
9574,label,Esther Meynell
9575,label,Esther Milnes Day
9576,label,Esther Morgan (poet)
9577,label,Esther Raab
9578,label,Eswyn Lyster
9580,label,Eth Clifford
9581,label,Ethan Becker
9582,label,Ethan Kross
9583,label,Ethel Arnold
9584,label,Ethel Bertha Harrison
9585,label,Ethel Carnie Holdsworth
9586,label,Reginald Reynolds
9587,label,Ethel Nokes
9588,label,Ethel Portnoy
9589,label,Ethel Wilson
9590,label,"Ettrick, Scotland"
9591,label,Eucalyptus (novel)
9592,label,The Pages (novel)
9593,label,Eugene Benson
9594,label,Eugene Dubnov
9595,label,Eugene England
9596,label,Eugene Zubrinsky
9597,label,Eunice Frost
9598,label,Eunice White Beecher
9599,label,"Highland Park, Los Angeles"
9600,label,Euphemia Vale Blake
9601,label,Euphemia Wilson Pitblado
9602,label,Euphues
9603,label,John Lyly
9604,label,Eureka Street (TV series)
9606,label,Eva Le Gallienne
9607,label,Gwen Le Gallienne
9608,label,Eva Neander
9609,label,Eva Rutland
9610,label,Evan Currie
9611,label,Evan Daniel
9612,label,Evan Esar
9613,label,Evan George Stewart
9614,label,Modesty Blaise (1966 film)
9615,label,Evan Mandery
9616,label,Eve's Diary
9617,label,Eve (Chase novel)
9618,label,Jane Porter (Tarzan)
9619,label,Eve Brodlique Summers
9620,label,Villains by Necessity
9621,label,Eve Garnett
9622,label,Eve Patten
9623,label,The Australia Book
9624,label,Eve Sutton
9625,label,Evelio Grillo
9626,label,Stella Prize
9627,label,Evelyn Beatrice Hall
9628,label,Evelyn Everett-Green
9629,label,Evelyn Gardner
9630,label,Evelyn Ramsey
9631,label,Evelyn Sibley Lampman
9632,label,Evelyn Underhill
9633,label,Even the Dogs
9634,label,Jon McGregor
9635,label,Evening Class
9636,label,John Aikin
9637,label,Everett Owens
9638,label,Everfound (novel)
9639,label,Every Home Should Have One
9640,label,Every Inch a King
9641,label,Half the Blood of Brooklyn
9642,label,My Dead Body
9643,label,Jim Munroe
9644,label,History of the Jews in Russia
9645,label,Lee Cronin (director)
9646,label,Evil Roy Slade
9647,label,Evil Under the Sun (1982 film)
9648,label,Lezayre
9649,label,Ewelme
9650,label,Exchange Value
9651,label,Excuse My Glove
9652,label,Exhalation (short story)
9653,label,Exile's Return
9654,label,Exile (TV series)
9656,label,Exodus: Gods and Kings
9657,label,Julie Bertagna
9658,label,Experiment in Autobiography
9659,label,The New America: The New World
9660,label,Exploration Team
9661,label,The Scheme for Full Employment
9662,label,Explosion in a Cathedral
9663,label,Mal Peet
9664,label,Exquisite Corpse (novel)
9665,label,Extempore (short story)
9666,label,Extra Credit
9667,label,Generation A (book)
9668,label,Eye Against Eye
9669,label,Eye of the Storm (1991 film)
9670,label,Eyes Do More Than See
9671,label,Eyes Wide Open (book)
9672,label,Eyrie (novel)
9673,label,F. E. Mills Young
9674,label,F. J. Rowe
9675,label,F. L. Green
9676,label,F. Marian McNeill
9677,label,"Honington, Suffolk"
9678,label,Peter Dale Scott
9679,label,H. M. Harwood
9680,label,F. W. Harvey
9681,label,Hartpury
9682,label,FIYAH Literary Magazine
9683,label,Fablehaven: Rise of the Evening Star
9684,label,Fablehaven
9685,label,Fablehaven: Secrets of the Dragon Sanctuary
9686,label,Geneviève Pettersen
9687,label,Woon Swee Oan
9688,label,The Dogs of Riga
9689,label,Faces in the Moon
9690,label,Fade to Black (novel)
9691,label,Faerie Tale
9692,label,Faery in Shadow
9693,label,Fagatogo
9694,label,Fagin
9695,label,Fah Lo Suee
9696,label,Faintley Speaking
9697,label,Merlin's Furlong
9698,label,Watson's Choice
9699,label,Fair Game (2010 film)
9700,label,Fair Warning (Connelly novel)
9701,label,L. Adams Beck
9702,label,Fairy-Kist
9703,label,Fairyland (series)
9708,label,Faith of Our Fathers (short story)
9709,label,Faiz Muhammad Kateb
9710,label,Fake Reaction
9711,label,Snakecharm
9712,label,Falcons (film)
9713,label,Fall of Light
9714,label,Forge of Darkness
9715,label,The Kharkanas Trilogy
9716,label,Wolfshead
9717,label,Fallen Idols: Twelve Statues That Made History
9718,label,Falling onto Mars
9719,label,Fame Games Radio
9720,label,Tony Cowell
9721,label,Fame Is the Spur (film)
9722,label,Modern Family
9723,label,Family Front
9724,label,Family Matters (novel)
9725,label,The Art of Being Nick
9726,label,Famous Impostors
9727,label,Fanny Brawne
9728,label,John Keats
9729,label,Fanny Calder
9730,label,John Cleland
9731,label,Fanny Hill (1964 film)
9732,label,Mary Manning (writer)
9733,label,Fanny Mary Katherine Bulkeley-Owen
9734,label,Fanny Parkes
9735,label,Samuel Huntington (Connecticut politician)
9736,label,Fanny Stevenson
9737,label,Isobel Osbourne
9738,label,Ffestiniog
9739,label,Fanny by Gaslight (novel)
9740,label,Fantastic Beasts (film series)
9741,label,Frank Belknap Long
9742,label,Mary Gnaedinger
9743,label,Fantastic Voyage
9744,label,Fantasy Focus (XM radio program)
9745,label,Farah Ghuznavi
9746,label,"Farewell, Summer"
9747,label,Farewell Again
9748,label,Ponteland High School
9749,label,"Farley Drexel ""Fudge"" Hatcher"
9750,label,People of the Deer
9751,label,Michael Morpurgo
9752,label,Farms for City Children
9753,label,Farthing (novel)
9754,label,Farwa Ki ABC
9755,label,Quddusi Sahab Ki Bewah
9756,label,Fast Times
9757,label,Fast Workers
9758,label,The Runes of the Earth
9759,label,Golden Ashes (novel)
9760,label,Father's Kill
9761,label,Johnnie Mortimer
9762,label,"Father, Dear Father (film)"
9763,label,Father Sebastiaan
9764,label,Father Was a Fullback
9765,label,Fatherland (novel)
9766,label,Fathom Five (novel)
9767,label,Fay Godwin
9768,label,Unknown (magazine)
9769,label,Heather Graham Pozzessere
9770,label,Fear Nothing
9771,label,Seize the Night (novel)
9772,label,Hubert Selby Jr.
9773,label,Fearless (Angel novel)
9774,label,Fearless (Lott novel)
9775,label,Tim Lott
9776,label,Fearless Fourteen
9777,label,Lean Mean Thirteen
9778,label,Plum Lucky
9779,label,Finger Lickin' Fifteen
9780,label,Feathertop
9781,label,Zadie Smith
9782,label,Felicia Skene
9783,label,"Feliciana, Kentucky"
9784,label,Valerie Tripp
9785,label,Felicity Dahl
9786,label,The Theory of Everything (2014 film)
9787,label,"Chelmsford, Essex"
9788,label,"North Hills, Los Angeles"
9789,label,Felix Gilman
9790,label,The Half-Made World
9791,label,Felix Waldstein
9792,label,Fellini: A Director's Notebook
9793,label,Femina Miss India
9794,label,Fer-de-Lance (novel)
9795,label,Ferdinand Blumentritt
9796,label,Ferdynand Goetel
9797,label,John B. Keane
9798,label,"Watseka, Illinois"
9799,label,Fern Shumate
9800,label,Fernand Dorais
9801,label,Fernando Buyser
9802,label,Warsop
9803,label,Ferryside
9804,label,Fetch the Vet
9805,label,Stephen Thraves
9806,label,Sheila Callaghan
9807,label,Few Things Left Unsaid
9808,label,Fiction International
9809,label,Geoffrey Hoyle
9810,label,Fifty/Fifty (1992 film)
9811,label,Fifty Caricatures
9812,label,Forty Signs of Rain
9813,label,The War of the Worlds
9814,label,Garfield and Friends
9815,label,Fimbles
9816,label,Horrid Henry (TV series)
9817,label,Final Exit Network
9818,label,Final Flight
9819,label,Find the Lady (1956 film)
9820,label,Paul Erickson (screenwriter)
9821,label,William Lipkind
9822,label,Fine Clothes to the Jew
9823,label,Fine Feathers (1937 film)
9824,label,Sizzling Sixteen
9825,label,Fingerbobs
9826,label,Fingermouse
9827,label,Fingerprints Don't Lie
9828,label,Finished (novel)
9829,label,Finlay J. MacDonald
9830,label,Finn Murphy
9831,label,Fiona Beckett
9832,label,Fiona Finlay (producer)
9833,label,Fiona Neill
9834,label,Fiona Shaw (novelist)
9835,label,Fiona Watt (author)
9836,label,Firaq Gorakhpuri
9837,label,Fire & Movement
9838,label,Icefire (d'Lacey novel)
9839,label,Fire and Hemlock
9840,label,Mary Renault
9841,label,Fire in the East (novel)
9842,label,Harry Sidebottom
9843,label,Supercar (TV series)
9844,label,Firebird Books
9845,label,Firebrand (Green Rider series)
9846,label,Kristin Hannah
9847,label,Fires of Fate (1932 film)
9848,label,First Among Sequels
9849,label,Jasper Fforde
9850,label,Thursday Next
9851,label,First Love (play)
9852,label,First Test
9853,label,The War in the Air
9854,label,First and Only
9855,label,First to Fight (film)
9856,label,Kitty Flanagan
9857,label,Fist and Fang
9858,label,Fitz-Greene Halleck
9859,label,Fitzpatrick's War
9860,label,"Five, Six, Seven, Nate!"
9861,label,Five Are Together Again
9862,label,Five Have a Mystery to Solve
9863,label,Five Days in Paris
9864,label,Five Go to Demon's Rocks
9865,label,Joan Thomas
9866,label,Five laws of library science
9867,label,Martin Wolf
9868,label,Flamenco (novel)
9869,label,Flappers and Philosophers
9870,label,FlatSpin
9871,label,Flat Number Three
9872,label,Flat Stanley
9874,label,Henry Ong
9875,label,Flesh (1932 film)
9876,label,Fletch (novel)
9877,label,Gregory Mcdonald
9878,label,Fletch Won
9879,label,Theodore Roszak (scholar)
9880,label,Flight from Folly
9881,label,Flight of the Fire Thief
9882,label,Flight of the Intruder (novel)
9883,label,Flimby
9884,label,Flisk
9885,label,Flo Perry
9886,label,Floating Staircase
9887,label,Floods of Fear
9888,label,Flora Annie Steel
9889,label,"Terence Hamilton-Temple-Blackwood, 2nd Marquess of Dufferin and Ava"
9891,label,Flora Kidd
9892,label,Flora May Woodard Tuttle
9893,label,Flora McDonnell
9894,label,Florence Bell (writer)
9895,label,"Sir Hugh Bell, 2nd Baronet"
9896,label,Florence Bonime
9897,label,Florence Deeks
9898,label,Florence Dugdale
9899,label,Florence Hershman
9900,label,Florence May Wright
9901,label,Florence Prusmack
9902,label,Florence Warden
9903,label,Florence White (writer)
9904,label,Florentino Suico
9905,label,Floride Clemson
9906,label,Florina Ilis
9907,label,Flowers in the Attic
9908,label,"Fluke, or, I Know Why the Winged Whale Sings"
9909,label,Fluke (film)
9910,label,Flush: A Biography
9911,label,Fly West
9912,label,Michael Mitnick
9913,label,Flying Blind (novel)
9914,label,Flying the Flag
9915,label,"Flywheel, Shyster, and Flywheel"
9916,label,Foal's Bread
9917,label,Paddock Wood
9918,label,Fodor's
9919,label,Iain Reid
9920,label,National Book Trust
9921,label,Follow This
9922,label,Gillian Blake
9923,label,"Food, Inc."
9924,label,Grave Peril (The Dresden Files)
9925,label,Foolow
9926,label,Footrot Flats: The Dog's Tale
9927,label,Tom Scott (cartoonist)
9928,label,John Berger
9929,label,The Jimmy Dean Show
9930,label,For Love Alone (novel)
9931,label,For Rent: One Grammy One Gramps
9932,label,For Richer...For Poorer
9933,label,For Those in Peril (1944 film)
9934,label,For Want of a Nail (novel)
9935,label,For the Birds (short story)
9936,label,Lucy Madox Brown
9937,label,Stella Bowen
9938,label,Frank Soskice
9939,label,Ford v Ferrari
9940,label,Foreign Affairs (1966 TV series)
9941,label,Forest (novel)
9942,label,Forest Born
9943,label,Forest of Bliss
9944,label,Ray Connolly
9945,label,Forgotten Voices of the Second World War
9946,label,Max Arthur
9947,label,Forsyth Hardy
9948,label,"Fort Edward (town), New York"
9949,label,The Mindy Project
9950,label,Fortune Is a Woman
9951,label,John Herbert (playwright)
9952,label,Fortunes of Captain Blood
9953,label,Olivia Manning
9954,label,Forty Thousand in Gehenna
9955,label,Foster Hirsch
9956,label,Foster Street
9957,label,"Foulden, Scottish Borders"
9958,label,"Found, Lost, Found"
9959,label,Found Floating
9960,label,Man Overboard!
9961,label,Found in the Street
9962,label,Torchy the Battery Boy
9963,label,Four Quartets
9964,label,Four to Score
9965,label,High Five (novel)
9966,label,Fourfingers
9967,label,The Silver Sickle Case
9968,label,The Riddle of the Roost
9969,label,Fox Hunt (novel)
9970,label,Patriot Act (novel)
9971,label,John Foxe
9972,label,Foxes' Oven
9973,label,Susan Cooper
9974,label,The Hanging Tree (Aaronovitch novel)
9975,label,Fractured Flickers
9976,label,Fraggle Rock
9977,label,Fragments of a Hologram Rose
9978,label,Frail Women
9979,label,Framed (TV series)
9980,label,Fran Hauser
9981,label,FrancEyE
9982,label,France Boisvert
9983,label,Frances Aparicio
9984,label,Frances Browne
9985,label,Frances Burney
9986,label,Frances Chung (poet)
9987,label,Frances Claudia Wright
9988,label,Bedford Girls' Modern School
9989,label,Frances Collins
9990,label,Frances Edmonds
9992,label,Frances Forbes-Robertson
9993,label,Eric Forbes-Robertson
9994,label,Johnston Forbes-Robertson
9995,label,Norman Forbes-Robertson
9996,label,Frances Frost
9997,label,Frances Fyfield
9998,label,Frances Horovitz
9999,label,Adam Horovitz (poet)
10000,label,Michael Horovitz
10001,label,Frances Kai-Hwa Wang
10003,label,Frances Mabel Robinson
10004,label,"Frances Manners, Baroness Bergavenny"
10005,label,Frances Margaret Milne
10006,label,Frances Murray
10007,label,Frances Ramsay Simpson
10008,label,Frances Ridley Havergal
10009,label,Frances Temple
10010,label,Frances Winfield
10011,label,Francesca Inskipp
10012,label,Francesca Rhydderch
10013,label,Francesca Segal
10014,label,Francesca Simon
10015,label,Horrid Henry
10016,label,Francis Birrell
10017,label,Francis Bradley Bradley-Birt
10018,label,"Francis Cowper, 7th Earl Cowper"
10019,label,Francis Dolarhyde
10020,label,Francis Fuller the Younger
10021,label,Francis George Fowler
10022,label,Francis Gibson (writer)
10023,label,Francis Grierson
10024,label,Francis H. Jenks
10025,label,Physics World
10026,label,Francis Henry Atkins
10027,label,Francis Hindes Groome
10028,label,Monk Soham
10029,label,Francis Kalnay
10030,label,Witness for the Prosecution (play)
10031,label,Francis Ledwidge
10032,label,Samuel Ward (lobbyist)
10033,label,Francis Neilson
10034,label,Helen Swift Neilson
10035,label,Theophilus Eaton
10036,label,Francis Smith (judge)
10037,label,Puisne Judge
10038,label,Francis Tapon
10039,label,Francis Tolson
10040,label,House of Cards (British TV series)
10041,label,Jean Armour
10042,label,Francis William Steer
10043,label,Francis Wright (industrialist)
10044,label,"Osmaston, Derbyshire Dales"
10045,label,Francis X. King
10046,label,Francisco Lacueva
10047,label,Ian Hodder
10048,label,Frank Asch
10049,label,Frank Bonham
10050,label,Frank Challice Constable
10051,label,Frank Clifford Harris
10052,label,"Ocean Grove, New Jersey"
10053,label,Frank Frost Abbott
10054,label,Frank Gasperik
10055,label,Frank Gruber
10056,label,Seaton Carew
10057,label,Frank Hinkins
10058,label,Frank Howard Atkins
10059,label,Frank Key
10060,label,Frank Kidson
10061,label,Frank Kuppner
10062,label,Frank Longo
10063,label,Frank Lowe (advertiser)
10064,label,Matfield
10065,label,Teresa Cohen
10066,label,"Mastic Beach, New York"
10067,label,Frank Oliver Call
10068,label,Judith Kazantzis
10069,label,Frank Pease
10070,label,Frank Sargeant (author)
10071,label,Frank Schilling
10072,label,Henry Hugh Gordon Stoker
10073,label,Frank Tallis
10074,label,Frank Tilsley
10075,label,Frank Tuohy
10076,label,Frank V. Webster
10077,label,Frank Vickery
10078,label,Frank del Olmo
10079,label,"Frankenstein, or The Vampire's Victim"
10080,label,Henry Chance Newton
10081,label,Richard Butler (author)
10082,label,Frankenstein (2011 play)
10083,label,Jeanette Winterson
10084,label,Franklin B. Zimmerman
10085,label,Franklin Merrell-Wolff
10086,label,Frans Hedberg
10088,label,Ludwig Gumplowicz
10089,label,François E. Matthes
10090,label,François Gravel
10091,label,Fraser Nixon
10092,label,Pinky and the Brain
10093,label,Freckle Juice
10094,label,Fred Bodsworth
10095,label,Fred Bridgland
10097,label,Fred G. Leebron
10098,label,Fred Heutte
10099,label,Fred J. Barnes
10100,label,Fred Landon
10101,label,Fred Patten
10102,label,Fred Schwed
10103,label,Fred Urquhart (writer)
10104,label,Freddie McClair
10105,label,Freddy Lounds
10106,label,Frederic Balch
10107,label,Frederic Flach
10108,label,Frederic M. Hudson
10109,label,William Henry White
10110,label,Frederic Seebohm (historian)
10111,label,Jeffrey Wasserstrom
10112,label,Frederica J. Turle
10113,label,Frederica Maclean Rowan
10114,label,Mary Hayden Pike
10115,label,The Magnificent Defeat
10116,label,Frederick Chilton
10117,label,Honor Crowley
10118,label,The Day of the Jackal
10119,label,Frederick Hackwood
10120,label,Frederick Henry Sykes
10121,label,Frederick Houk Law
10122,label,Frederick Howard Collins (indexer)
10123,label,Frederick Huth Jackson
10124,label,Frederick Marryat
10125,label,"Langham, Norfolk"
10126,label,Frederick May (academic)
10127,label,Frederick Nebel
10128,label,Frederick O'Brien
10129,label,Samuel Laing (science writer)
10130,label,"Yarmouth, Isle of Wight"
10131,label,Frederick Simpich
10132,label,John Morgan Cobbett
10133,label,Frederick Stewart (geologist)
10134,label,Frederick William Bourne
10135,label,Frederick Young (writer)
10136,label,Frederika Menezes
10137,label,The Fabulous Clipjoint
10138,label,Fredric Warburg
10139,label,Fredrick Levenson
10140,label,Fredrick William Holiday
10141,label,Fredy Neptune
10142,label,Free Agents
10143,label,Freedom (Safire novel)
10144,label,Freedom Forum
10145,label,Freedom Radio
10146,label,Freedom to Die
10147,label,Freeglader
10148,label,Vox (Stewart and Riddell novel)
10149,label,The Edge Chronicles
10150,label,Michael Z. Williamson
10151,label,Freeman H. Hubbard
10152,label,Inspector French and the Starvel Tragedy
10153,label,Ronald Cass
10154,label,French Leave (de Larrabeiti book)
10155,label,"Freneau, New Jersey"
10156,label,Frenzy
10157,label,Freshwater (play)
10158,label,Freud: A Life for Our Time
10159,label,Peter Gay
10160,label,Freud (miniseries)
10161,label,Freya North
10162,label,The Farther Adventures of Robinson Crusoe
10163,label,The Jonathan Ross Show
10164,label,Frieda Hughes
10165,label,Friedrich Litten
10166,label,"Friends' School, Saffron Walden"
10167,label,Friends and Neighbours
10168,label,Friends with Benefits (TV series)
10169,label,Max Velthuijs
10170,label,"From A to Z, in the Chocolate Alphabet"
10171,label,From Anna
10172,label,From Babel's Fall'n Glory We Fled
10173,label,Tom Hood
10174,label,From Potter's Field
10175,label,Vítězslav Nezval
10176,label,"Michael Grant (author, born 1954)"
10177,label,Irene Bentley
10178,label,Frost/Nixon (film)
10179,label,Frosty Returns
10180,label,Stanley Chapman
10181,label,You Don't Have to Say You Love Me
10182,label,Tony Gerber
10183,label,Full Circle (1935 film)
10184,label,The Short-Timers
10185,label,Funny Farm (play)
10186,label,Furious George (book)
10187,label,Further Adventures of Lucky Jim
10188,label,Futurama: Bender's Big Score
10189,label,Fyfe Robertson
10190,label,History of the Ancient World
10191,label,G-Man at the Yard
10192,label,I'll Say She Does
10193,label,G. A. Henty
10194,label,Narayana Guru
10195,label,G. D. Baum
10196,label,Margaret Cole
10197,label,G. E. Trevelyan
10198,label,G. F. Maine
10199,label,Janet Trevelyan
10200,label,G. P. Rajarathnam
10201,label,G. P. Taylor
10202,label,G. P. Wells
10203,label,G. R. Hawting
10204,label,G. Sutton Breiding
10205,label,G. W. Steevens
10206,label,Nigel Findley
10207,label,Hanif Kureishi
10208,label,Pygmalion (1938 film)
10209,label,Gabriela (1975 TV series)
10210,label,Gabriella De Ferrari
10211,label,Gaby (film)
10212,label,Gai Eaton
10213,label,"Robbinston, Maine"
10214,label,Gairloch
10215,label,Gal Beckerman
10216,label,Galad Elflandsson
10217,label,Gale Wilhelm
10218,label,Sorbie
10219,label,Gallowglass (TV series)
10220,label,Michael Crummey
10221,label,Galton and Simpson
10223,label,"Galva, Illinois"
10224,label,Galveston (Quarrington novel)
10225,label,Gambit (novel)
10226,label,GamePlan (play)
10227,label,Julian Rignall
10228,label,Game On (British TV series)
10229,label,Game for Three Losers
10230,label,Seedless in Seattle
10231,label,Gangsta Granny (film)
10232,label,Gangsters (TV series)
10233,label,Philip Martin (screenwriter)
10234,label,Gaol Break
10235,label,Gardello Dano Christensen
10236,label,Garden Wall (band)
10237,label,Garden of Shadows
10239,label,Gardeopatra Quijano
10240,label,Gareth Alban Davies
10241,label,Gareth F. Williams
10242,label,Gareth Miles
10243,label,Gareth Russell (author)
10244,label,"Sister Bay, Wisconsin"
10245,label,Garielle Lutz
10247,label,"Horizon High School (Scottsdale, Arizona)"
10248,label,Garry Charles
10249,label,Garry Judd
10251,label,Garry Ryan
10252,label,Geoff Dyer
10253,label,Garsington
10254,label,Garth Christian
10255,label,Garve
10256,label,Okay for Now
10257,label,Gary Gach
10258,label,Gary Gibson (author)
10260,label,Gary Leach
10261,label,Gary M Dobbs
10262,label,Gary Miranda
10263,label,Gary Myers (writer)
10265,label,Hatchet (novel)
10266,label,Gary Provost
10268,label,Gary Young (screenwriter)
10269,label,Gas Light
10270,label,Patrick Hamilton (writer)
10271,label,Gates (TV series)
10272,label,Kenji Miyazawa
10273,label,Gautam Malkani
10274,label,Gavin Claxton
10275,label,Gavin Deas
10276,label,Gavin Extence
10277,label,Gavin James Bower
10278,label,Gavin Kramer
10279,label,Katharine Whitehorn
10280,label,Gavin Maxwell
10281,label,Lancaster Royal Grammar School
10282,label,Kathleen Watkins
10283,label,Gay Taylor
10284,label,Gee Langdon
10285,label,Geek Girl (novel)
10286,label,Holly Smale
10287,label,Stephen Osborne (writer)
10288,label,Gelacio Guillermo
10289,label,Gene Kemp
10290,label,"Wigginton, Staffordshire"
10291,label,Gene Sculatti
10292,label,General Crack (novel)
10293,label,Superman II
10294,label,Genevieve Stebbins
10295,label,Gennady Katsov
10296,label,Gentry McCreary
10297,label,Geoff Bouvier
10298,label,Geoff Hastings
10299,label,Geoffrey Archer (writer)
10300,label,Geoffrey Bocca
10301,label,Geoffrey Dennis
10302,label,Geoffrey G. O'Brien
10303,label,Geoffrey Grigson
10304,label,Lionel Grigson
10305,label,"Langar, Nottinghamshire"
10306,label,Hulbert Footner
10307,label,Geoffrey Nutter
10308,label,Geoffrey Rose (actor)
10309,label,Geoffrey Shakespeare
10310,label,Martin Mayer
10311,label,Lilian Sauter
10312,label,George Alexander Stevens
10313,label,George Alfred Kolkhorst
10314,label,George Allan England
10315,label,William Martin (judge)
10316,label,George Bailey (journalist)
10318,label,George Barker (poet)
10319,label,Itteringham
10320,label,George Benson Johnston
10321,label,Shaw's Corner
10322,label,George Birkbeck Hill
10323,label,"George Bridgeman, 2nd Earl of Bradford"
10324,label,Joseph Reed (politician)
10325,label,George Buchan Simpson
10326,label,George C. Cox
10327,label,George C. Howard
10328,label,George Calderon
10329,label,Philip Hermogenes Calderon
10330,label,William Frank Calderon
10331,label,George Caunter
10332,label,"Staverton, Devon"
10333,label,George Claridge Druce
10334,label,George Clayton
10335,label,George Crabbe
10336,label,George Cupples
10337,label,George Douglas Brown
10338,label,Scottish Renaissance
10339,label,The House with the Green Shutters
10340,label,George Doundoulakis
10341,label,John Vassos
10342,label,Patrick Leigh Fermor
10343,label,George Dubourg
10344,label,Yellow Submarine (film)
10345,label,George E. Hyde
10346,label,"Melbourne, Derbyshire"
10347,label,George Edgar (writer)
10348,label,George Edward Ayscough
10349,label,George Platt Brett Sr.
10350,label,George Elder Davie
10351,label,Sutton Veny
10352,label,Hastings Cemetery
10353,label,George Etherege
10354,label,George Farquhar
10355,label,George Forster (traveller)
10356,label,George Fyler Townsend
10357,label,George G. Blackburn
10358,label,Rock Ferry
10359,label,John Creasey
10360,label,George Gilfillan
10361,label,George Glasse
10362,label,Isle of Dogs
10363,label,George Gush
10364,label,George Henry Caunter
10365,label,George Moore (novelist)
10366,label,George Herbert
10367,label,"Montgomery, Powys"
10368,label,Metaphysical poetry
10369,label,George Herman (playwright)
10370,label,George Hirthler
10371,label,Isle of Thanet
10372,label,"Uffington, Oxfordshire"
10373,label,George J. Gruen
10374,label,George Jackson (Brookside)
10375,label,Vengeance (Jonas book)
10376,label,George Joseph Gustave Masson
10377,label,George Keats
10378,label,George L. Fox (clown)
10379,label,George Leite
10380,label,George Levey
10381,label,Mary Elizabeth Parker Bouligny
10382,label,Sarah Scott
10383,label,George Lichtheim
10384,label,George Linnaeus Banks
10385,label,Isabella Banks
10386,label,George Lopez (TV series)
10387,label,"Locust Grove, Orange County, Virginia"
10388,label,Stromness
10389,label,George Malcolm-Smith
10390,label,George Markstein
10391,label,George McCoy
10392,label,George McLeod Winsor
10393,label,George McWhirter
10394,label,George Metcalf Johnson
10395,label,Maria Semple
10396,label,George Mogridge (writer)
10398,label,George N. Crocker
10399,label,George Packer
10400,label,George Parkman
10401,label,"Ithaca High School (Ithaca, New York)"
10402,label,George Reginald Bacchus
10403,label,George Richardson (architect)
10404,label,Leueen MacGrath
10405,label,George Saintsbury
10406,label,George Sayer
10407,label,George Scot of Pitlochie
10408,label,George Simpson (HBC administrator)
10409,label,George Singleton
10410,label,George Sipos
10411,label,George Sitwell
10412,label,Lewis Richard Farnell
10413,label,George Sumner Huntington
10414,label,Longforgan
10415,label,George Thompson (traveller)
10416,label,George W. Haley
10417,label,George Wall (botanist)
10418,label,George Wallace (advocate)
10419,label,George Washington Cutter
10420,label,George Watson (scholar)
10421,label,George Wharton James
10422,label,George William Johnson (writer)
10423,label,George Wither
10424,label,George Zinati
10425,label,George and Martha
10426,label,Greg Kramer
10427,label,Maude Hirst
10428,label,Georgia on My Mind (novelette)
10429,label,Georgiana Chatterton
10430,label,Georgina Bruce
10431,label,Georgina Masson
10432,label,Georgy Adamovich
10433,label,Gerald A. Browne
10434,label,Gerald Bullett
10435,label,Gerald Butler (writer)
10436,label,Gerald Charles Dickens (actor)
10437,label,"Sally Grosvenor, Duchess of Westminster"
10438,label,Gerald Jacobs
10439,label,Gerald Kersh
10440,label,Gerald Larner
10441,label,Gerald Moore (journalist)
10442,label,Gerald Posner
10443,label,Trisha Posner
10445,label,Gerald Sparrow
10446,label,Gerald Suster
10447,label,Gerald Wingrove
10449,label,Gerald of Wales
10450,label,Geraldine Brooks (writer)
10451,label,Geraldine DeRuiter
10452,label,Gerard Beirne
10453,label,Gerard Benson
10454,label,Oxenhope
10456,label,Gerard Nolst Trenité
10457,label,Scrap Saturday
10458,label,Gerard W. Hughes
10459,label,Gerda Blees
10460,label,Gerda Mayer
10461,label,Gered Mankowitz
10462,label,Leslie Barringer
10463,label,Geri Doran
10464,label,Paul du Feu
10465,label,Germaine Guèvremont
10466,label,German (parish)
10467,label,German Sadulaev
10468,label,Germinal (novel)
10469,label,Terrahawks
10470,label,Gerry Hassan
10471,label,Gerry McNee
10472,label,Gerry Murphy (poet)
10473,label,Gershon Tannenbaum
10474,label,Gerson Rosenzweig
10475,label,Gert Westphaler
10476,label,Gertrude Barrows Bennett
10477,label,Gertrude Fenton
10478,label,Ralph Hoffmann
10479,label,Gertrude Page
10480,label,Gertrude Parsons
10482,label,Gertrude Rachel Levy
10483,label,Get Carter
10484,label,Get Lost!
10485,label,Get Real (film)
10486,label,Patrick Wilde
10487,label,Get Well Soon (TV series)
10488,label,"Get a Life, Chloe Brown"
10489,label,Talia Hibbert
10490,label,Get on Up (film)
10491,label,No Refuge Could Save
10492,label,Getting Out
10493,label,Getting Real (short story)
10494,label,Getting Rid of Bradley
10495,label,Getting Together
10496,label,Ghare Baire (film)
10497,label,Mihai Eminescu
10498,label,Ghost Hunter (Paver novel)
10499,label,Ghost Story (1974 film)
10500,label,Steve Coll
10501,label,Ghosts of Girlfriends Past
10502,label,Ugo Foscolo
10503,label,Giannina Braschi
10504,label,PEN International
10505,label,Giant Killer (story)
10506,label,Gibara
10507,label,Gideon Defoe
10508,label,The Pirates!
10509,label,Significant Other (play)
10510,label,Primetime Emmy Award for Outstanding Writing for a Drama Series
10511,label,Gila River Indian Community
10512,label,Gilbert Dempster Fisher
10513,label,Gilbert Gerard (theological writer)
10514,label,Gilbert Henry Collins
10515,label,Gilbert Laing Meason
10516,label,Gilbert Luis R. Centina III
10517,label,Gilbert M. Grosvenor
10518,label,Gilda Joyce
10519,label,Gilda Joyce: The Ladies of the Lake
10520,label,Giles Andreae
10521,label,Giles Milton
10522,label,Gilgamesh (novel)
10523,label,The Good Parents
10524,label,Gilgamesh the King
10525,label,Gill Sims
10527,label,Rosemary Pollock
10528,label,Norman MacKenzie (journalist)
10529,label,Gillian Linscott
10530,label,Gillian McAllister
10531,label,Gillian Plowman
10532,label,Gillian Rose
10533,label,Gillian Wagner
10534,label,Gimme Gimme Gimme (TV series)
10535,label,Gimme an 'F'
10536,label,Gina Ochsner
10537,label,Gini Koch
10538,label,Giovanni's Room
10539,label,Marathi people
10540,label,"Girl, 20"
10541,label,"Girl, Missing"
10542,label,Girl Crazy (1943 film)
10543,label,Girl Mans Up
10544,label,M-E Girard
10545,label,Motherless Brooklyn
10546,label,Girls' School (1938 film)
10547,label,Sheilah Graham
10548,label,Girls Under Pressure
10549,label,Giuliano Hazan
10550,label,Renfield
10551,label,Give Her a Ring
10552,label,Give Us a Break (TV series)
10553,label,Gl'innamorati
10554,label,Gladys Blake (writer)
10555,label,The Green School for Girls
10556,label,Rachel Caine
10557,label,The Morganville Vampires
10558,label,Glen Maney
10559,label,Glenn Erickson
10560,label,Glenriddell Manuscripts
10561,label,"Kewaskum, Wisconsin"
10562,label,Gliding On
10563,label,Roger Hall (playwright)
10564,label,Glimpses: A Collection of Nightrunner Short Stories
10565,label,Glitz (novel)
10566,label,Global Heresy
10567,label,Mark Mills (writer)
10568,label,Gloria Cumper
10569,label,Patricia Cumper
10570,label,Henry De Vere Stacpoole
10571,label,Glyn Parry (author)
10572,label,South Hampstead High School
10573,label,Gnomon (novel)
10574,label,Nick Harkaway
10575,label,The Hamlet
10576,label,Go to Blazes (1942 film)
10577,label,Goat Song (novelette)
10578,label,Yuz Aleshkovsky
10580,label,God the Invisible King
10581,label,Goddess of Yesterday
10582,label,Goddred Gylby
10583,label,Godfrey Ablewhite
10584,label,Rachel Verinder
10585,label,Godfrey Lias
10586,label,"Northampton, Fulton County, New York"
10587,label,Gods Behaving Badly
10588,label,Gods Without Men
10589,label,Hari Kunzru
10590,label,Gods and Generals (novel)
10591,label,Gods of Manhattan
10592,label,Gods of Riverworld
10593,label,Gogisgi
10594,label,Goin' Someplace Special
10595,label,Going Bananas (American TV series)
10596,label,Going Home (Steel novel)
10597,label,Matilda (novel)
10598,label,Going to Ground
10599,label,Golchin Gilani
10600,label,Houshang Ebtehaj
10601,label,Gold (Cleave novel)
10602,label,Gold Was Our Grave
10603,label,Too Soon to Die
10604,label,Golden Boys (novel)
10605,label,Golden Braid
10606,label,Golden Buddha (novel)
10607,label,Golden Eagle (play)
10608,label,Jim Turner (editor)
10609,label,Golden Miles
10610,label,Winged Seeds
10611,label,Golden Salamander (film)
10612,label,J. McCullough
10613,label,"Gone, But Not Forgotten (novel)"
10614,label,Gone for Good (novel)
10615,label,Good-Time Girl
10616,label,Good Country People
10617,label,Good Hair
10618,label,Good Luck to the Rider
10619,label,"Good Morning, Midnight (Rhys novel)"
10620,label,Sam Bobrick
10621,label,"Good Night, Moon"
10622,label,Good Omens
10623,label,Good Omens (TV series)
10624,label,Good as Gold (novel)
10625,label,Letting Go (novel)
10626,label,"Goodbye Piccadilly, Farewell Leicester Square"
10627,label,Goodnight Sweetheart (TV series)
10628,label,Googly Mohalla
10629,label,Goold Brown
10630,label,Goosebumps (upcoming TV series)
10631,label,Gorals
10632,label,"Gordon ""Jack"" Mohr"
10633,label,Gordon Boshell
10634,label,Gordon Bottomley
10635,label,Gordon Bowker (writer)
10636,label,Gordon Collins (Brookside)
10637,label,Paul Collins (Brookside)
10638,label,Gordon L. Rottman
10639,label,Tana Ramsay
10640,label,Gorley Putt
10641,label,Torquay Boys' Grammar School
10642,label,Gorō Masaki
10643,label,Gospa
10644,label,Gossip Girl (2021 TV series)
10645,label,Gotō Chūgai
10646,label,Nabadwip Bakultala High School
10647,label,Gourmet's Adventures with Ruth
10648,label,Grace (TV series)
10649,label,John Bunyan
10650,label,Grace Blood
10651,label,Grace Campbell (writer)
10652,label,Grace Dean Rogers
10654,label,Grace F. Edwards
10655,label,Grace Flandrau
10656,label,Grace Gethin
10657,label,Grace Helen Mowat
10658,label,Grace Kennedy (writer)
10659,label,Grace Nichols
10660,label,Queen's Gold Medal for Poetry
10661,label,"Inland Township, Cedar County, Iowa"
10662,label,Grace Norton
10663,label,Grace Sartwell Mason
10664,label,Grace Talusan
10665,label,Graeme Gibson
10666,label,Graeme Gleaves
10667,label,Graeme Macrae Burnet
10668,label,Graeme Morris (game designer)
10669,label,Marina Warner
10670,label,Graeme Shimmin
10671,label,Grafters
10672,label,King George V Silver Jubilee Medal
10673,label,Graham Howells
10674,label,Graham John Hills
10675,label,"Keresley, England"
10676,label,Grahame Davies
10677,label,Grail Prince
10678,label,Gran (TV series)
10679,label,Grand National Night (play)
10680,label,Grange-over-Sands
10681,label,Grange Hill
10682,label,Grania: She-King of the Irish Seas
10683,label,Grania Langrishe
10684,label,Grant Allen
10685,label,Grant Michaels
10686,label,Grant Naylor
10687,label,The 10%ers
10689,label,Grass (TV series)
10690,label,Grass Roots (novel)
10691,label,Natsume Sōseki
10692,label,Gray's Anatomy (film)
10693,label,Renée Shafransky
10694,label,Gray Matter (short story)
10695,label,Philippa Perry
10696,label,Great Britain (play)
10697,label,Richard Bean
10698,label,Great Catherine: Whom Glory Still Adores
10699,label,Tom Short
10700,label,Martin Fido
10701,label,Great Day (play)
10702,label,Great Expectations (1967 TV series)
10703,label,Great Jones Street (novel)
10704,label,Great Stuff
10705,label,Greatheart (novel)
10706,label,Greatrex Newman
10707,label,Greek Fire (novel)
10708,label,Green Eggs and Ham
10709,label,Green Grows the Vine
10710,label,Green Mansions (film)
10711,label,Green Patches
10712,label,"Green Shadows, White Whale"
10713,label,Green for Danger
10714,label,Heads You Lose (novel)
10715,label,Greenclaws
10716,label,Ursula Jones
10717,label,Greener Grass: The Famine Years
10718,label,Janet Hardy
10719,label,Greenleaf (short story)
10720,label,Greensea Island
10721,label,"Greenwood, Vernon County, Wisconsin"
10722,label,Greg Behrendt
10723,label,The Reigning Monarchs
10724,label,Greg Hall (poet)
10725,label,Greg Kennedy (historian)
10726,label,Greg MacArthur
10727,label,Greg Swann (blogger)
10728,label,Gregor Grant
10729,label,Gregor Ziemer
10730,label,Gregor and the Marks of Secret
10731,label,Gregor and the Prophecy of Bane
10732,label,Gregorios Xenopoulos
10733,label,Gregory Berns
10734,label,Gregory Crosby
10735,label,The Patron Saint of Eels
10736,label,Gregory Kolovakos
10737,label,Gregory Scofield
10738,label,Gregory de Polnay
10739,label,Moorgate
10740,label,Geoffrey Faber Memorial Prize
10741,label,Gretchen Dutschke-Klotz
10742,label,Gretel Ehrlich
10743,label,Greville Texidor
10744,label,Grey Owl (film)
10745,label,Reinhold Martin
10746,label,Greyfriars Bobby (film)
10747,label,Greyhawk: The Adventure Begins
10748,label,Roger E. Moore
10749,label,Griffin (The Invisible Man)
10750,label,The Invisible Man
10751,label,Locke & Key (TV series)
10752,label,Griffith Hartwell Jones
10753,label,Griffith Williams (Gutyn Peris)
10754,label,Llandygai
10755,label,Roger McGough
10756,label,Grimscribe: His Lives and Works
10757,label,Grindleford
10758,label,Gringos (novel)
10759,label,Grizabella
10760,label,Groaning Spinney
10761,label,Tom Brown's Body
10762,label,The Devil's Elbow
10763,label,Groeslon
10764,label,Grotesque (novel)
10765,label,Grotto of the Dancing Deer
10766,label,Groxis
10767,label,Grushko (TV series)
10768,label,Guadalupe Santa Cruz
10769,label,The Just and the Unjust
10770,label,Guido Majno
10771,label,Guillermo Cabrera Infante
10772,label,Guinevere: The Legend in Autumn
10773,label,Thomas & Friends
10774,label,Gunfight at the O.K. Corral (film)
10775,label,Gurjinder Basran
10776,label,Gurney Slade (writer)
10777,label,Gus Williams (vaudeville)
10778,label,Simon Spurrier
10779,label,Guy Bellamy
10780,label,Guy Chapman
10781,label,Guy Domville
10782,label,Guy Lyon Playfair
10783,label,Guy Mainwaring Morton
10784,label,Guy Mankowski
10785,label,Guy Mannering
10786,label,Waverley (novel)
10787,label,Guy N. Smith
10788,label,Hopwas
10789,label,Guy Pentreath
10790,label,Gwen Grant
10791,label,Gwendoline Butler
10792,label,Gwion Hallam
10793,label,Gwladys Evan Morris
10794,label,T. Gwynn Jones
10795,label,Llandwrog
10796,label,Gwynne Williams
10797,label,Karel Hynek Mácha
10798,label,H. A. Gwynne
10799,label,Kilvey
10800,label,H. B. Marriott Watson
10801,label,Rosamund Marriott Watson
10802,label,H. Beam Piper
10803,label,Jane Franklin (author)
10804,label,H. C. Bailey
10806,label,Reggie Fortune
10807,label,H. C. Cradock
10808,label,Sarah Winman
10809,label,The Country of the Blind
10810,label,The First Men in the Moon
10811,label,The Island of Doctor Moreau
10812,label,The Outline of History
10813,label,The Red Room (short story)
10814,label,The Shape of Things to Come
10815,label,The Time Machine
10816,label,When the Sleeper Wakes
10817,label,H. H. Abbott
10818,label,Herbert Asquith (poet)
10819,label,H. H. Lewis
10820,label,H. Hugh Bancroft
10821,label,H. J. R. Murray
10822,label,H. Keith Melton
10823,label,Sonia Greene
10824,label,H. R. Percy
10825,label,Fables
10826,label,King Solomon's Mines
10827,label,She: A History of Adventure
10829,label,H. S. Kraft
10830,label,H. S. Krishnaswamy Iyengar
10831,label,H. T. Dickinson
10832,label,H. Taprell Dorling
10833,label,H. V. Morton
10834,label,H. Winter Griffith
10835,label,War Trash
10836,label,Hack (TV series)
10837,label,Hafsah Faizal
10838,label,"Hainault, London"
10839,label,Hairspray (2007 film)
10840,label,Hakob Karapents
10841,label,Hal Elrod
10842,label,John Scott Haldane
10843,label,Haldane MacFall
10844,label,Haley Tanner
10845,label,Half-Breed (short story)
10846,label,Half-Breeds on Venus
10847,label,Jay Pinkerton
10848,label,Half Broken Things
10849,label,Morag Joss
10850,label,Half Moon Investigations
10851,label,Half Moon Investigations (TV series)
10852,label,Half a Sixpence
10853,label,Kipps
10854,label,Post Wheeler
10855,label,Passenger to Frankfurt
10856,label,Halloween Rain
10857,label,Halszka Wasilewska (soldier)
10858,label,Halt's Peril
10859,label,"Ham, Wiltshire"
10860,label,Hamastegh
10861,label,Hamid Reza Sadr
10862,label,"Sandhurst, Kent"
10863,label,Hamish MacDonald (author)
10864,label,Hamlet and the New Poetic
10865,label,William H. Quillian
10866,label,Hammer the Toff
10867,label,Hammered (Hearne novel)
10868,label,Hexed (novel)
10869,label,Tricked (novel)
10870,label,Hampton Court (TV series)
10871,label,Hellhound on His Trail
10872,label,Linda Tirado
10873,label,Naji al-Ali
10874,label,Jan Mark
10875,label,Handy Mandy in Oz
10876,label,When Last I Died
10877,label,The Kingdom of the Cults
10878,label,Hank Reinhardt
10879,label,Hank Searls
10880,label,Hank Zipzer's Christmas Catastrophe
10881,label,Hanky Panky (Madonna song)
10882,label,Seth Lochhead
10883,label,Hannah Allen
10884,label,Snelston
10885,label,Hannah Burdon
10886,label,Hannah Heaton
10887,label,Hannah Kahn
10888,label,Hannah Maria Jones
10889,label,Royal Central School of Speech & Drama
10890,label,Hannah Sullivan
10891,label,Hannah T. King
10892,label,Sawston
10893,label,Hannes Hólmsteinn Gissurarson
10894,label,Ross Leckie
10895,label,Hannibal Rising (film)
10896,label,Hans Busk (1772–1862)
10897,label,Hans Busk (1815–1882)
10898,label,Hans Dieter Aigner
10899,label,Happy Endings: Happy Rides
10900,label,Happy Together (American TV series)
10901,label,Happyland (TV series)
10902,label,Harbinger (Star Trek novel)
10903,label,Visions of Sugar Plums
10904,label,"Hard Labor: The First African Americans, 1619"
10905,label,Michael Leahy (author)
10906,label,Hard Revolution
10907,label,Hard Sun
10908,label,Hard Times (British TV series)
10909,label,Polly Toynbee
10910,label,Katie Kitamura
10911,label,Hark at Barker
10912,label,Harold Briercliffe
10913,label,Manchester School (writers)
10914,label,Harold C. Fleming
10915,label,Harold H. Joachim
10916,label,Harold Lord Varney
10917,label,Harold MacGrath
10918,label,David Cohen Prize
10920,label,Michael Rosen
10921,label,Harper Allen
10922,label,Harpist in the Wind
10923,label,Heir of Sea and Fire
10924,label,Harriet Angelina Fortescue
10925,label,Harriet Auber
10926,label,Harriet Cradock
10927,label,Harriet L. Childe-Pemberton
10928,label,"Harriet Loyd-Lindsay, Baroness Wantage"
10929,label,"Robert Loyd-Lindsay, 1st Baron Wantage"
10930,label,Pollyanna
10931,label,Harriet Miller Davidson
10932,label,Hugh Miller
10933,label,Lydia Mackenzie Falconer Miller
10934,label,Harriet Putnam Fowler
10935,label,Harriet Raikes
10936,label,Harriet Rohmer
10937,label,Harriet Said...
10938,label,Harriette G. Brittan
10939,label,Harrow (novel)
10940,label,South Harrow
10941,label,Harry's Mad
10942,label,Mark Billingham
10943,label,"Harry, A History"
10944,label,Harry B. Neilson
10945,label,Harry Bard
10946,label,Harry Bernstein
10947,label,Harry Blyth
10948,label,Old Harlow
10949,label,Thomas Hughes
10950,label,Harry Josephine Giles
10951,label,Harry Lee Poe
10953,label,Harry Martineau
10954,label,Maurice Procter
10955,label,The Absolute Sound
10956,label,Harry Potter and the Chamber of Secrets
10957,label,Harry Potter and the Philosopher's Stone
10958,label,Thomas Taylor (artist)
10959,label,Harry Rolnick
10960,label,Harry Thompson
10961,label,Mart Crowley
10962,label,"Hartburn, Northumberland"
10963,label,"Rydal, Cumbria"
10964,label,Harvest Bay
10965,label,Harvest of Hate
10966,label,Harvesting the Heart
10967,label,Harvey (play)
10968,label,Hasan Namir
10969,label,Hassan Poladi
10970,label,Krystyna Drohojowska
10971,label,"Stanton, Gloucestershire"
10972,label,"Hatching, Matching and Dispatching"
10973,label,Madhuri Banerjee
10974,label,Kirby Larson
10975,label,Haunted (Angel novel)
10976,label,Things That Go Bump (plays)
10977,label,Vivien Alcock
10978,label,Have Faith
10979,label,Have a Little Faith (book)
10980,label,Hawk of the Hills (short story)
10981,label,Hawks (film)
10982,label,Hawks over Shem
10983,label,Hawksmoor (novel)
10984,label,Hawksong
10985,label,Hayashi Shihei
10986,label,Ōtomo no Tabito
10987,label,Mary Hayley Bell
10988,label,Hazel Adair (novelist)
10989,label,Hazel Rowley
10990,label,Tête-à-tête (book)
10991,label,Hazel Townson
10992,label,He Knew He Was Right (TV serial)
10993,label,He Wouldn't Kill Patience
10994,label,The Curse of the Bronze Lamp
10995,label,HeadFirst PD
10996,label,James Treadwell
10997,label,Head and Shoulders (short story)
10998,label,Heads and Tails (TV series)
10999,label,Health and Efficiency (TV series)
11000,label,Hearing Dogs for Deaf People
11001,label,Sara Davidson
11002,label,Heart and Soul (Binchy novel)
11003,label,Heart of the World (novel)
11004,label,Hearts Unbroken
11005,label,Heat (1986 film)
11006,label,Heat (Buffy/Angel novel)
11007,label,Lucie Cave
11008,label,Heather Haversham
11009,label,Heather Lende
11010,label,Heather Ross Miller
11011,label,"Heaton, Newcastle upon Tyne"
11012,label,Heaven's Burning
11013,label,Heaven on Earth (1987 film)
11014,label,Heavenly Breakfast
11015,label,Heavy Petting (1989 film)
11016,label,Hedd Wyn
11017,label,What the Constitution Means to Me
11019,label,Sidney Drell
11020,label,Heir Presumptive (novel)
11021,label,Hekayati Molla Ibrahim-Khalil Kimyagar
11022,label,Yorick Blumenfeld
11023,label,Helbeck of Bannisdale
11024,label,Poet Lore
11025,label,Helen Adolf
11026,label,Helen Bannerman
11027,label,Helen Barolini
11028,label,Teodolinda Barolini
11029,label,Helen Benedict
11030,label,Helen Binyon
11031,label,Helen Blakeman
11032,label,Helen Chamberlain
11033,label,Helen Corke
11034,label,Helen Craig
11035,label,Angelina Ballerina
11036,label,Helen Cruickshank
11037,label,Helen Douglas Irvine
11038,label,Keesha's House
11039,label,Helen Gardner (critic)
11040,label,Helen Keynes
11041,label,Helen Nicoll
11042,label,Natland
11043,label,Helen Nielsen
11044,label,Helen Smith (writer)
11045,label,Virginia Tracy
11046,label,Helen Walsh
11047,label,Helen Weinzweig
11048,label,Jose Yglesias
11049,label,Helena Cobban
11050,label,James Cobban
11051,label,Jan Skrzetuski
11052,label,Helene Meyers
11053,label,Hell Divers
11054,label,Hell House (novel)
11055,label,Hell Is Sold Out
11056,label,Hell Is a City (novel)
11057,label,The Midnight Plumber
11058,label,Right as Rain
11059,label,Hellbound Hearts
11060,label,Marie O'Regan
11061,label,Hellmuth Ladies' College
11062,label,Hello Out There!
11063,label,Helpston
11064,label,Henceforward...
11065,label,Hendrik Adamson
11066,label,Heno Magee
11067,label,Henrietta Barnett School
11068,label,Henrietta Hardy Hammond
11069,label,Henrietta Skelton
11070,label,Henrietta Wilson
11072,label,James Wilson (zoologist)
11073,label,Henry Ames Blood
11074,label,Henry Banyer
11075,label,Henry Bourne
11076,label,Henry Butler Clarke
11077,label,Marchington
11078,label,Henry Charles Lahee
11079,label,Henry Clay Lewis
11080,label,Henry Collins Walsh
11081,label,Shottesbrooke
11082,label,Henry Fairlie
11083,label,Sharpham
11084,label,John Mason (diplomat)
11085,label,Henry Fox Bourne
11086,label,Henry Furneaux
11087,label,Henry Grady Weaver
11088,label,New Beacon School
11089,label,Henry H. Neff
11090,label,Henry Handel Richardson
11091,label,Henry Harrison Brown
11092,label,Henry Head
11093,label,Siegfried Sassoon
11094,label,Mary Ruth Mayhew
11095,label,Henry Hemming
11096,label,"Henry James, This One's for You"
11097,label,Henry James (Dean of Bangor)
11098,label,Henry James Forman
11099,label,Thomas Warton
11100,label,Henry Jones (writer)
11101,label,Governor-General of Sierra Leone
11102,label,Henry Kingsley
11103,label,Henry MacCormac (dermatologist)
11104,label,Henry MacCormac (physician)
11105,label,Henry Man (writer)
11106,label,Henry Meredith Parker
11107,label,Henry Nelson Coleridge
11108,label,Henry Neville Hutchinson
11109,label,"Shirley Paget, Marchioness of Anglesey"
11110,label,Henry Parkman Sturgis
11111,label,Henry Payson Dowst
11112,label,Henry Peacham (born 1546)
11113,label,Henry Reeve (journalist)
11114,label,Henry Rice (writer)
11115,label,Henry Richardson Labouisse Jr.
11116,label,Henry Riddell (poet)
11117,label,Teviothead
11118,label,Henry Sacheverell
11119,label,Mary Howard Schoolcraft
11120,label,Henry Self
11121,label,Henry Thew Stephenson
11122,label,John Miller Baer
11123,label,Henry Thomas Mackenzie Bell
11124,label,Henry Wack
11125,label,Henry Wilhelm
11127,label,Henry Youle Hind
11128,label,Ribsy
11129,label,Henry de Montherlant
11130,label,Leander de Cordova
11131,label,"Hoyleton, Illinois"
11132,label,Herbert Allingham
11133,label,Lady Cynthia Asquith
11134,label,Monteviot House
11135,label,Herbert Eisner
11136,label,Herbert Escott Inman
11137,label,Herbert Hailstone
11138,label,Herbert Hayens
11139,label,Herbert Knowles
11140,label,Herbert L. Stone
11141,label,Herbert Leslie Gee
11142,label,Muscoates
11143,label,Herbert Swears
11144,label,Herbert V. Prochnow
11145,label,Herbs and Apples
11146,label,"Here's to You, Rachel Robinson"
11147,label,Just as Long as We're Together (novel)
11148,label,Here Be Daemons
11149,label,Here Comes Civilization
11150,label,William Tenn
11151,label,The Rising of the Moon (novel)
11152,label,Here Comes the Queen
11153,label,Here There Be Tygers
11154,label,Here Today (novel)
11155,label,Herman Parish
11156,label,Herman Voaden
11157,label,"Hermanville, Mississippi"
11158,label,Hermione Lee
11159,label,Hero and the Terror
11160,label,Heroes Reborn (miniseries)
11161,label,Heroes (play)
11162,label,Hertha Ayrton
11163,label,Hesba Stretton
11164,label,Margaret Oliphant
11165,label,Hester Burton
11166,label,Sedlescombe
11167,label,Hetty Feather
11168,label,Heu-Heu
11169,label,The Holy Flower
11170,label,She and Allan
11171,label,Hew Strachan
11172,label,Hey! Spring of Trivia
11173,label,Hey Dad..!
11174,label,Joel Stein
11175,label,"Heydon, Norfolk"
11176,label,Hi-de-Hi!
11177,label,Hide & Seek (Patterson novel)
11178,label,Hide My Eyes
11179,label,The Beckoning Lady
11180,label,The China Governess
11182,label,The Golden Keel
11183,label,Wyatt's Hurricane
11184,label,High Couch of Silistra
11185,label,The Golden Sword
11186,label,High Plains Drifter
11187,label,High Road to China (novel)
11188,label,High Roding
11189,label,High Street Blues
11190,label,Neil Paterson (writer)
11191,label,The World Is Not Enough
11192,label,High Wages
11193,label,High in the Clouds
11194,label,Highly Dangerous
11195,label,Highways to a War
11196,label,Hikaru Okuizumi
11197,label,Mümtaz Soysal
11198,label,Hilary Cass
11199,label,Hilary Robinson (author)
11200,label,Hilda Mary Hooke
11201,label,Hilda Nickson
11202,label,Hildegarde Dolson Lockridge
11203,label,Julian Hawthorne
11204,label,Swanmore
11205,label,Hillary Carlip
11206,label,Hills Like White Elephants
11207,label,In Another Country
11208,label,Hilton Schleman
11209,label,Hind's Kidnap
11210,label,Hindle Wakes (1931 film)
11211,label,Sita Ram Goel
11212,label,The Gernsback Continuum
11213,label,Hipólito da Costa
11214,label,Hiroshi Kashiwagi
11215,label,His Excellency (play)
11216,label,His Illegal Self
11217,label,Parrot and Olivier in America
11218,label,His Parisian Wife
11219,label,William Matthew Scott
11220,label,His at Night
11221,label,History Decoded: The 10 Greatest Conspiracies of All Time
11222,label,History of England
11223,label,Hornsey (parish)
11224,label,John Law (economist)
11225,label,History of the Jews in Germany
11226,label,Hitchhiker: A Biography of Douglas Adams
11227,label,Hitler's Willing Executioners
11228,label,Hitonari Tsuji
11229,label,Hobson's Choice (1954 film)
11230,label,Holden Karau
11231,label,Holderness School
11232,label,Holding the Baby (British TV series)
11233,label,Holding the Fort
11234,label,Stanley Middleton
11235,label,Red Dwarf: The Promised Land
11236,label,Holly Kearl
11237,label,Holly Lang
11239,label,Hollywood Critics Association
11240,label,Scott Mantz
11241,label,Hollywood Film Festival
11242,label,Holy Childhood High
11243,label,Laura Wade
11244,label,Home (Coben novel)
11245,label,Lila (Robinson novel)
11246,label,Home (play)
11247,label,Home Economics (TV series)
11248,label,Simon Block
11249,label,Home Free!
11250,label,Home Front (BBC radio series)
11251,label,Sebastian Baczkiewicz
11252,label,Home Game (novel)
11253,label,The Life of Hope
11254,label,Home School (novel)
11255,label,Julia Jones (dramatist)
11256,label,R. F. Delderfield
11257,label,The Final Deduction
11258,label,Klaus Ebner
11259,label,Homo Sapiens Berliner Art
11260,label,Mitte 1
11261,label,Honeymoon in Bali
11262,label,Honor Croome
11263,label,Tuppy Glossop
11265,label,Ronni Ancona
11266,label,Horace Alexander
11267,label,Horace Hart
11268,label,Horace Smith (poet)
11269,label,The Last Encounter
11270,label,Horbury
11271,label,Hornblower and His Majesty
11272,label,Horrible Histories (2001 TV series)
11273,label,Horrible Science
11274,label,Nick Arnold (writer)
11275,label,Horrid Henry Tricks the Tooth Fairy
11276,label,Horse Feathers
11277,label,Will B. Johnstone
11278,label,Horst Frenz
11279,label,Tender Mercies
11280,label,Hossein Farhady
11281,label,I Just Wasn't Made for These Times
11282,label,Hotel Babylon (BBC series)
11283,label,Hotel Sahara
11284,label,Hotel du Lac
11285,label,Houdini & Doyle
11286,label,Houghton Townley
11287,label,Hour of the Wolf (novel)
11288,label,House & Garden (plays)
11289,label,House Calls (1978 film)
11290,label,House Mother Normal
11291,label,Leung Man-tao
11292,label,House of All Nations
11293,label,The Beauties and Furies
11294,label,To Play the King
11295,label,House of Chains
11296,label,Midnight Tides
11297,label,House of Odd
11298,label,No One Gets Out Alive
11299,label,House of Spies
11300,label,The Other Woman (Silva novel)
11301,label,House of Suns
11302,label,Kazuo Dan
11303,label,Penelope Skinner
11304,label,How I Shed My Skin
11305,label,How It Happened
11306,label,How Soccer Explains the World
11307,label,Saeed Jones
11308,label,How the Grinch Stole Christmas! (TV special)
11309,label,"How to Date a Brown Girl (Black Girl, White Girl, or Halfie)"
11310,label,Thomas Rockwell
11311,label,Howard A. Bell
11312,label,Howard Allison Sturtzel
11313,label,Howard Angus Kennedy
11314,label,Howard Austin
11315,label,Howard Engel
11316,label,Howard Hillman
11317,label,Howard Jacobson
11318,label,Howard Kissel
11319,label,Instant Mom
11320,label,Lilian Garis
11321,label,Howard Shaw (author)
11322,label,Howards' Way
11323,label,Józef Ignacy Kraszewski
11324,label,Hratch Kozibeyokian
11325,label,Hubert Crackanthorpe
11326,label,Hubert Evans (author)
11327,label,Hubert Selby Jr.: It/ll Be Better Tomorrow
11328,label,Huckleberry Finn (1931 film)
11329,label,Huckleberry Finn (1974 film)
11330,label,Huddling Place
11331,label,Stoke Abbott
11332,label,Hugh Brown (sportswriter)
11333,label,Hugh Bulkeley
11334,label,Hugh Dan MacLennan
11335,label,Hugh E. Conway
11336,label,Hugh Haggard
11337,label,Hugh Kennedy
11338,label,Hugh Marwick
11339,label,Hugh McIlvanney
11340,label,Joseph McManners
11341,label,John McManners
11342,label,Hugh McPhillips
11343,label,Hugh Stoker
11344,label,Hugh Sykes Davies
11345,label,Hugh Walters (writer)
11346,label,Hugo Williams
11347,label,Hugh Woodhouse
11348,label,Hugh de Sélincourt
11349,label,Hugh the Chanter
11350,label,Hugo Dyson
11351,label,Hullabaloo in the Guava Orchard
11352,label,Hum Sab Ajeeb Se Hain
11353,label,Hum Sub Umeed Se Hain
11354,label,Human Smoke
11355,label,Human Voices
11356,label,Humphrey Foulkes
11357,label,The Butter Battle Book
11358,label,"Woody Creek, Colorado"
11359,label,Hunter S. Thompson bibliography
11360,label,Hunter in the Dark
11361,label,Monica Hughes
11362,label,Janusz Głowacki
11363,label,Hurricanes (TV series)
11364,label,Hushang Ebtehaj
11365,label,Hustle (TV series)
11366,label,Hut 33
11367,label,"Huxley, Iowa"
11368,label,Hymn of the Nations
11369,label,HârnMaster
11370,label,N. Robin Crossby
11371,label,Héctor Tobar
11372,label,Héléna Arsène Darmesteter
11373,label,I'll Be Your Sweetheart
11374,label,I'll Love You Always
11375,label,You Can Always Duck
11376,label,I'll Stick to You
11377,label,I've Got Your Number (novel)
11378,label,"I, Claudius (film)"
11379,label,"I, Fatty"
11380,label,"I, Lovett"
11381,label,"I, Ripper"
11382,label,"I, Robot (short story)"
11383,label,I. A. Richards
11384,label,I. C. B. Dear
11385,label,I. J. Kapstein
11386,label,I. O. Evans
11387,label,I. S. O. Playfair
11388,label,Jocelyn Playfair
11389,label,I Am Abraham Lincoln
11390,label,I Am Albert Einstein
11391,label,I Am Amelia Earhart
11392,label,I Am Charlotte Simmons
11393,label,I Am Rosa Parks
11394,label,I Don't Know How She Does It
11395,label,I Don't Want to Kill You
11396,label,The Devil's Only Friend
11397,label,I Dream of Jeannie
11398,label,I Feel Bad
11399,label,I Got a Rocket
11400,label,"I Just Make Them Up, See!"
11401,label,I Love Betty La Fea
11402,label,I Love My Family
11403,label,I Own the Racecourse
11404,label,I Shudder
11405,label,I Smile Back
11406,label,I Spy (2002 TV series)
11407,label,I Start Counting
11408,label,I Start Counting (novel)
11409,label,I Was Dancing
11410,label,I Woke Up One Morning
11411,label,Roger Nichols (songwriter)
11412,label,Iain Blair
11413,label,Iain Gale
11414,label,Iain Martin
11415,label,Ian Martin (disambiguation)
11416,label,Iain Moireach
11417,label,Nicolson Institute
11418,label,Marketing Week
11419,label,Rab C. Nesbitt
11420,label,Iain Sinclair
11421,label,Ian Brown (director)
11422,label,Ian C. Esslemont
11423,label,Ian Colquhoun (author)
11424,label,Ian Daglish
11425,label,Ian Donald Cochrane Hopkins
11426,label,Ian Freer
11427,label,Will Hislop
11428,label,Ian Kennedy Martin
11429,label,The Sweeney
11430,label,Ian Mackintosh
11431,label,Ian Mitchell (author)
11432,label,Ian Mudie
11433,label,Grace Leven Prize for Poetry
11434,label,Jindyworobak Movement
11435,label,Ian Ridpath
11436,label,Ian Robinson (author)
11437,label,Ian Ross (playwright)
11438,label,Ian Sansom
11439,label,Ibi Kaslik
11440,label,Ibn-e-Insha
11441,label,Mir Sayyid Ali Hamadani
11442,label,Ice (Nowra novel)
11443,label,Ida Barlow
11444,label,Ida Lee
11445,label,Ida Pollock
11446,label,Lanreath
11447,label,Michael Cooney (screenwriter)
11448,label,Idiot's Delight (film)
11449,label,Idiot's Delight (play)
11450,label,Idiot Stick
11451,label,Safia Shah
11453,label,Idris (operating system)
11454,label,Ieronim Yasinsky
11455,label,If Ever I See You Again (film)
11456,label,"If I Die in a Combat Zone, Box Me Up and Ship Me Home"
11457,label,If I Were You (play)
11458,label,If Nobody Speaks of Remarkable Things
11459,label,This Book Is Not Good for You
11460,label,Laura Numeroff
11461,label,If You Liked School You'll Love Work
11462,label,"If You Were a Dinosaur, My Love"
11463,label,If the Shoe Fits (film)
11464,label,"Ife-Iyoku, the Tale of Imadeyunuagbon"
11465,label,Ignacy Tański
11466,label,Klementyna Hoffmanowa
11467,label,Ikbal Ali Shah
11468,label,Saira Elizabeth Luiza Shah
11469,label,Leo Longanesi
11470,label,The L Word
11471,label,Illegal (1932 film)
11472,label,Mariko Ōhara
11473,label,Image of the Beast (novel)
11474,label,Imagine That (film)
11475,label,"Immortality, Inc."
11476,label,Impact (2002 British TV series)
11477,label,Impossible Dreams
11478,label,Impressions of Theophrastus Such
11479,label,Improbable Fiction
11480,label,In-Group
11481,label,InMediaRes Productions
11482,label,In Abraham's Bosom
11483,label,In Certain Circles
11484,label,In Chancery
11485,label,The Forsyte Saga
11486,label,Steve White (author)
11487,label,In Druí Ua Cárthaigh
11488,label,In Her Skin
11489,label,In Love and War (2001 film)
11490,label,John Gribbin
11491,label,In Spite of Thunder
11492,label,The Dead Man's Knock
11493,label,In Too Deep (novel)
11494,label,The Viper's Nest
11495,label,In a Monastery Garden (film)
11496,label,In the Abyss
11497,label,In the Cold Dark Ground
11498,label,The Sky People
11499,label,In the Eye of the Sun: Mexican Fiestas
11500,label,In the Fifth at Malory Towers
11501,label,Last Term at Malory Towers
11502,label,In the Heart of the Country
11503,label,"In the Land of Time, and Other Fantasy Tales"
11504,label,Lord Dunsany
11505,label,In the Middle of the Night (novel)
11506,label,In the Morning I'll Be Gone
11507,label,In the Penny Arcade
11508,label,In the Presence of Mine Enemies
11509,label,In the President's Secret Service
11510,label,In the Shadow of the Sword (book)
11511,label,"In the Small, Small Pond"
11512,label,In the Spider's Web
11513,label,In the Time of the Butterflies (film)
11514,label,In the Wilderness (Robert Hichens novel)
11515,label,Inadmissible Evidence (film)
11516,label,Incandescence (novel)
11517,label,Inchon (film)
11518,label,Incident at Midnight
11519,label,Incidents in the Life of Madame Blavatsky
11520,label,Tim Parks
11521,label,Indian Summer: The Secret History of the End of an Empire
11522,label,Indian Summers
11523,label,Michael Gecan
11525,label,Jim Dawson
11526,label,Inferno (2001 film)
11527,label,Sharat Sardana
11528,label,Infinity Blade: Redemption
11529,label,Ingrid Law
11530,label,Ingrid Weaver
11531,label,Ingrid Wendt
11532,label,Inherent Vice
11533,label,Inherit the Wind (play)
11534,label,Morten Hansen
11535,label,Initiate's Trial
11536,label,Stormed Fortress
11537,label,Injury Time (novel)
11538,label,Innocence (Fitzgerald novel)
11539,label,Inquest (1931 British film)
11540,label,Natasha Rothwell
11541,label,Inside Charlie's Chocolate Factory
11542,label,Lucy Mangan
11543,label,Inside I'm Dancing
11544,label,Inside the World's Toughest Prisons
11545,label,Inspector French's Greatest Case
11546,label,The Cheyne Mystery
11547,label,The Sea Mystery
11548,label,No Man's Nightingale
11549,label,Instant Physics
11550,label,Robert Conquest
11551,label,Intelligence (American TV series)
11552,label,Intent to Kill (1958 film)
11553,label,Interlex
11554,label,Jhumpa Lahiri
11555,label,The Namesake (novel)
11556,label,"Neola, Iowa"
11557,label,Into the Land of the Unicorns
11558,label,John Brunner (author)
11559,label,Kelly Freas
11560,label,Into the Sun (2005 film)
11561,label,Trevor Miller
11562,label,Into the West (miniseries)
11563,label,Invisible (Auster novel)
11564,label,Invisible Friends
11565,label,Invisible Life
11566,label,Ioan Slavici
11567,label,Kostis Palamas
11568,label,Ion Pillat
11569,label,Iqbal Mohammed
11570,label,Ira Baldwin
11571,label,Ira Sadoff
11572,label,Irene Baird
11573,label,Irene Collins
11574,label,Irene Osgood
11575,label,Irish Pages
11576,label,Irma Chilton
11577,label,The Next Iron Chef
11578,label,Iron Council
11579,label,The Scar (novel)
11580,label,Iron Eagle II
11581,label,Iron Eagle on the Attack
11582,label,The Acid House
11583,label,Irwin Franklyn
11584,label,Isaac's Universe
11585,label,Isaac Casaubon
11586,label,Isaac Delano
11587,label,Isaac Deutscher
11588,label,Tamara Deutscher
11589,label,Isaac Rosenberg
11590,label,Isaac Williams
11591,label,Isabel Paterson
11592,label,Isabella Ford
11593,label,Stephen Hislop
11594,label,Isaiah Sellers
11595,label,Ryō Hanmura
11596,label,Island (2011 film)
11597,label,Stephen Mallatratt
11598,label,Isobel English
11599,label,Israel Citkowitz
11600,label,Israel Davidson
11601,label,The Piazza Tales
11602,label,The Big Bow Mystery
11603,label,"It's 2059, and the Rich Kids are Still Winning"
11604,label,It's All Relative
11605,label,It's Garry Shandling's Show
11606,label,Robie Harris
11607,label,It's Such a Beautiful Day
11608,label,It Always Rains on Sunday
11609,label,Kyo Maclear
11610,label,It Could Be Any One Of Us
11611,label,It Couldn't Matter Less
11612,label,Sorry You've Been Troubled (novel)
11613,label,It Ended Badly
11614,label,It Started with a Kiss (film)
11615,label,It Takes a Thief (1968 TV series)
11616,label,It Was Twenty Years Ago Today (film)
11617,label,Ivan Greenberg
11618,label,Ivan Panin
11619,label,Ivan Shakespeare
11620,label,Ivan the Terrible (novel)
11621,label,Ivanhoe (1970 TV series)
11622,label,Ivor Wynne Jones
11623,label,Ivy Ruckman
11624,label,Iza Duffus Hardy
11625,label,J. A. Cuddon
11626,label,J. Allen Boone
11627,label,J. B. Danquah
11628,label,Sylvia Goaman
11629,label,J. B. Selkirk
11630,label,"Stanton, New Jersey"
11631,label,J. C. Greenburg
11632,label,J. C. W. Brook
11633,label,J. D. Y. Peel
11634,label,Religion in Nigeria
11635,label,J. E. Harold Terry
11636,label,"Twinsburg, Ohio"
11637,label,J. F. Hendry
11638,label,Martha Frick Symington Sanger
11639,label,J. G. Farrell
11640,label,J. Gwyn Griffiths
11641,label,J. H. B. Bell
11642,label,J. H. B. Peel
11643,label,J. L. King
11645,label,J. Lincoln Fenn
11646,label,J. Meade Falkner
11647,label,J. Michael Yates
11648,label,J. P. Pickens
11649,label,J. P. Walker
11650,label,J. R. Orci
11651,label,J. Robert Janes
11652,label,Louis L. Redding
11653,label,J. T. Ellison
11654,label,Sarah Langan
11655,label,J. Timothy Hunt
11656,label,JJ Jones (Skins)
11657,label,South Woodford
11658,label,Jac Jones
11659,label,Mary Vaughan Jones Award
11660,label,Ysgol Gyfun Llangefni
11662,label,Jacek Malczewski
11663,label,Jack-in-the-Box (short story)
11664,label,Jack Allison
11665,label,Talbot Mundy
11666,label,Jack Barth
11667,label,Jack Common
11668,label,Jack Denton Scott
11669,label,Jack Gilbert
11670,label,Jack Hilton (writer)
11671,label,Jack Holborn
11672,label,Leon Garfield
11673,label,Jack Jones (novelist)
11674,label,Slad
11675,label,Jack Lindsay
11677,label,Jack Lively (political scientist)
11679,label,Jack Murphy (sportswriter)
11680,label,The Yellow Knight of Oz
11681,label,Jack Soren
11682,label,Jack Walter Lambert
11683,label,Jack West Jr
11684,label,Jack Wodhams
11685,label,Jack and the Beanstalk: The Real Story
11686,label,Stephen Knight (author)
11687,label,Jackal (The Day of the Jackal)
11688,label,Jackboots on Whitehall
11689,label,Jackie Corkhill
11690,label,Jacob's Ladder (Oppenheim novel)
11691,label,Jacob's Room
11692,label,Jacob Polley
11693,label,Jacqueline Briskin
11694,label,Kenneth Cook
11695,label,Morris C. Shumiatcher
11696,label,The Story of Tracy Beaker
11697,label,Vernard Eller
11698,label,John H. Coates
11699,label,Jadaliyya
11700,label,Jagannath Prasad Das
11701,label,Jake Adam York
11702,label,Jake Bell
11703,label,Jake Hamilton
11704,label,Jake MacDonald
11705,label,Jal Fazer
11706,label,Jambo Bolton
11707,label,Kinmuck
11708,label,Neil Kensington Adam
11709,label,James Adams (character)
11710,label,Thursley
11711,label,"Trinity Catholic High School, Woodford Green"
11712,label,James B. Twitchell
11713,label,James Barlow (author)
11714,label,James Barr (author)
11715,label,James Bentley (author)
11716,label,James Beresford (writer)
11718,label,James Bernard Frost
11719,label,James Billmaier
11721,label,"Sir Alexander Boswell, 1st Baronet"
11722,label,James Bowen (author)
11723,label,James Boyer
11724,label,James Bramston
11725,label,James Brown (guitarist)
11726,label,James Brown Craven
11727,label,James Burr
11728,label,James Burton (priest)
11729,label,James Campbell (author)
11730,label,James Campbell (potter)
11731,label,James Campbell Irons
11732,label,Kate Clark (writer)
11733,label,James Clay (author)
11734,label,William Cooper (judge)
11735,label,James Como
11736,label,James Cooray Smith
11737,label,James Cousins
11738,label,James Creed Meredith
11739,label,James Curtis (writer)
11740,label,James Cuthbert Hadden
11741,label,Taboo (2017 TV series)
11743,label,T. Ifor Rees
11744,label,James E. Aiken
11745,label,James E. Hyslop
11746,label,T. B. Hyslop
11747,label,James Ewing Ritchie
11748,label,James Finn Garner
11749,label,Katharine Stephen
11750,label,James Fox (art historian)
11751,label,James Francillon
11752,label,James Frenkel
11753,label,James George Frazer
11754,label,James Green (author)
11755,label,James H. McClure
11756,label,James Harrington (author)
11757,label,James Hayward (writer)
11758,label,James Hebblethwaite
11759,label,James Henry Marriott
11760,label,The Fog (novel)
11761,label,The Rats (novel)
11762,label,James Herriot
11763,label,Thirlby
11764,label,James Hogg
11765,label,James Holland (author)
11766,label,James I. Robertson Jr.
11767,label,James Jessen Badal
11768,label,Richard Ellmann
11769,label,St Andrew's Hospital
11770,label,Patricia Buckley Bozell
11771,label,James L. Haley
11772,label,James L. Snyder
11773,label,James Lamont (writer)
11774,label,James Leasor
11775,label,James Ley (literary critic)
11776,label,James Lovegrove
11777,label,James MacLagan
11778,label,James Macpherson
11779,label,"Ruthven, Badenoch"
11780,label,James Marjoribanks
11781,label,James Maude Richards
11782,label,Oz and James's Big Wine Adventure
11783,label,Oz and James Drink to Britain
11784,label,James Melvin Scott
11785,label,James Michie
11786,label,James Murphy (Irish novelist)
11787,label,Oswyn Murray (civil servant)
11788,label,James Neil Hollingworth
11789,label,James Nicol Dunn
11790,label,James O. Born
11791,label,James O. Rodgers (author)
11792,label,James Oswald (writer)
11794,label,Mercy Otis Warren
11795,label,James Pattinson (author)
11796,label,James Piotr Montague
11798,label,James Planché
11799,label,Burletta
11800,label,Extravaganza
11801,label,James Reeves (writer)
11802,label,James Richardson-Brown
11804,label,James Rushmore Wood
11805,label,Máirín Cregan
11806,label,James S. Harlan
11807,label,James S. Olson
11808,label,James Schevill
11809,label,William Plumer
11810,label,James Shields (academic)
11811,label,Julia Donaldson
11812,label,James Sime
11813,label,James Still (playwright)
11814,label,The Velocity of Gary
11815,label,James Stone (academic administrator)
11816,label,James Suckling
11817,label,James Sully
11818,label,James T. Mangan
11819,label,"James Thomson (poet, born 1834)"
11820,label,Royal Military Asylum
11821,label,James Tracy (activist)
11822,label,James Truslow Adams
11823,label,James Vincent Murphy
11824,label,James Wannerton
11825,label,Winter in the Blood
11826,label,James Wharton (author)
11827,label,James White (writer and translator)
11828,label,James Wilson Williams
11829,label,James Wise (civil surgeon)
11830,label,James Witt Sewell
11831,label,Quacks (TV series)
11832,label,James Woodhouse (poet)
11833,label,James Wysong
11834,label,James Young Simpson (diplomat)
11835,label,Jamia Wilson
11836,label,Screw (TV series)
11838,label,Jamie Broadnax
11839,label,Sense8
11840,label,Jamie Parsley
11841,label,Jamie Quatro
11842,label,Jamie Scallion
11843,label,Jamie Suzanne
11844,label,Jan Axelson
11845,label,Jan Barszczewski
11846,label,Jan Butler
11847,label,Sylvia Wynter
11848,label,Jan Geurt Gaarlandt
11849,label,Jan Jones (novelist)
11851,label,Jan Lechoń
11852,label,Jan Marsh
11853,label,Jan Morris
11854,label,Jan Ormerod
11855,label,Thurø
11856,label,Jan Těsnohlídek
11857,label,Janaka Stucky
11858,label,Janaki Ram
11859,label,Jancis Robinson
11860,label,Jane's All the World's Aircraft
11861,label,Jane Alexander (author)
11862,label,Jane Anger
11863,label,Jane Arbor
11864,label,Winchester Cathedral
11865,label,Jane Barlow
11866,label,Jane Bowdler
11867,label,Jane Bragg Pitman
11868,label,Jane C. Bonar
11869,label,John Grey (land agent)
11870,label,Jane Christmas
11871,label,Jane Cunningham Croly
11872,label,Jane Eaton Hamilton
11873,label,Jane Eyre (1973 TV series)
11874,label,Jane Fallon
11875,label,Jane Galletly
11876,label,Jane Gardiner
11877,label,Jane Hart (writer)
11878,label,Jane Herdman
11879,label,Jane Lovering
11880,label,Jane Margaret Strickland
11881,label,Jane Marsh Parker
11882,label,Jane McCafferty
11883,label,Jane Porter
11884,label,Tarzan the Magnificent (novel)
11885,label,Jane Resh Thomas
11886,label,Jane Richardson (author)
11887,label,Jane Satterfield
11888,label,Jane Scovell
11889,label,Jane Smisor Bastien
11890,label,Jane Soames
11891,label,Jane Stevenson
11892,label,Jane Taylor (poet)
11893,label,Jane Tompkins
11894,label,Jane Toombs
11895,label,Jane Vigor
11896,label,Jane Warton (writer)
11897,label,John Claudius Loudon
11898,label,Jane Wilde
11899,label,Willie Wilde
11900,label,Jane Williams
11901,label,Thomas Jefferson Hogg
11902,label,Jane Wilson-Howarth
11903,label,Jane Wymark
11904,label,Jane Yardley
11905,label,Jane and the Lost City
11906,label,Jane de Gay
11907,label,Jane of Lantern Hill
11908,label,Janet Bathgate
11909,label,Janet Colquhoun
11910,label,Janet Eldred
11911,label,Janet Fitch
11912,label,Janet Hamilton
11913,label,Janet Hitchman
11914,label,Janet Kitz
11915,label,Janet McNeill
11916,label,The Day the Earth Caught Fire
11917,label,Janet Quigley
11918,label,Janet Scott Salmon Blyth
11919,label,Janette Oke
11920,label,Janice Eidus
11921,label,Janina Bauman
11922,label,Janina Domańska
11923,label,Janine Brito
11924,label,Janis Freegard
11925,label,Janis Owens
11926,label,January Harshe
11927,label,Janus: A Summing Up
11928,label,Skatoony
11929,label,Moana (2016 film)
11930,label,Jared Carter (poet)
11931,label,Jaroslav Seifert
11932,label,Jarosław Marek Rymkiewicz
11933,label,Jasbinder Bilan
11934,label,The Bourne Legacy (novel)
11935,label,Jason Healey
11936,label,Obama Zombies
11937,label,Jason Stackhouse
11938,label,Jason Vale
11939,label,Orthomolecular medicine
11940,label,Jasper Morris
11943,label,Jassy (film)
11944,label,Jawaid Bhutto
11945,label,Jay Abraham
11946,label,The Walking Dead: The Road to Woodbury
11948,label,Jay Macpherson
11949,label,Jay Wright (poet)
11950,label,Jaz Parks series
11951,label,Jennifer Rardin
11952,label,Jazzy Danziger
11953,label,Jean-François Beauchemin
11954,label,Jean-Luc Raharimanana
11955,label,Jean-Marc Chaput
11956,label,Jean-Philippe Toussaint
11957,label,Jean-Pierre Guillet
11958,label,Jean-Rock Gaudreault
11959,label,Jean Adamson
11960,label,Topsy and Tim
11961,label,Jean Elliot
11962,label,Jean Fritz
11963,label,The Madwoman of Chaillot
11964,label,Jean Marishall
11965,label,Jean Mills
11966,label,Jean Moréas
11967,label,Jean Saunders
11969,label,Jean Trounstine
11970,label,Jean Wells
11971,label,Jeanette Threlfall
11972,label,Jeanette Windle
11973,label,Jeanette Winter
11974,label,Susie Orbach
11975,label,Jeanne Willis
11976,label,Syilx
11977,label,Josiah Bartlett
11978,label,Jeff Abraham
11979,label,Susan Cerulean
11980,label,Jeff Foust
11981,label,Jeff Goins
11982,label,Jeff Gundy
11983,label,Jeff Lindsay
11984,label,Jeff Sadler
11985,label,The Last Full Measure (novel)
11986,label,Jeff Stone (author)
11987,label,Jeff Torrington
11988,label,Jeffery Farnol
11989,label,The Constant Gardener (film)
11991,label,Jeffrey J. Byrd
11992,label,Jeffrey Lyons
11993,label,Johnson University
11994,label,Jeffrey Paparoa Holman
11995,label,Jeffrey Round
11996,label,Jeffrey Scott Savage
11997,label,Jeffty Is Five
11998,label,Jehan Rajab
11999,label,Jehanne Wake
12000,label,Jekyll and Hyde... Together Again
12001,label,Jem Poster
12002,label,Jemima Shore
12003,label,Jen Bryant
12004,label,Jen Hadfield
12005,label,Jen Williams
12007,label,Jenifer Wayne
12008,label,Jenna McCarthy
12009,label,Jennett Humphreys
12010,label,Jenni Fagan
12011,label,"Jennifer, Hecate, Macbeth, William McKinley, and Me, Elizabeth"
12012,label,Jennifer Baumgardner
12013,label,Jennifer Elder
12014,label,Jennifer K. Stuller
12015,label,Jennifer K Dick
12016,label,Rachel Matthews
12017,label,Jennifer Lauck
12018,label,Jennifer LoveGrove
12019,label,Jennifer McLagan
12020,label,Jennifer Taylor (writer)
12021,label,Jennifer Ziegler
12022,label,Jennings Carmichael
12023,label,Jenny Haddon
12024,label,Ronald Gow
12025,label,Jenny Manson
12026,label,Raphael Salaman
12027,label,Nina Salaman
12028,label,Redcliffe N. Salaman
12029,label,Jenny Nimmo
12030,label,Jeppe on the Hill
12031,label,Jeramy Dodds
12032,label,Jeremy Brooks
12033,label,Llanfrothen
12034,label,Jeremy Gable
12035,label,Jeremy Jackson (author)
12036,label,Jeremy John Beadle
12037,label,Grace and Favour
12038,label,Which Way to the War
12039,label,Jeremy Mercer
12040,label,Jeremy Musson
12041,label,Jeremy Stangroom
12042,label,Jeremy Strong (author)
12043,label,Jerome Allen (author)
12044,label,Jerome Beatty Jr.
12045,label,Jerome Schneider
12046,label,Kristine Belson
12047,label,Worth Bingham Prize
12048,label,Jerry Newport
12049,label,Jerry Schad
12050,label,Maniac Magee
12051,label,Jerusalem (play)
12052,label,Jerzy Giedroyc
12053,label,Jerzy Jarniewicz
12054,label,Jerzy Jedlicki
12055,label,Jess (novel)
12056,label,Jess Nevins
12058,label,Jesse Edgar Middleton
12059,label,Jesse Fink
12060,label,Jessel Miller
12061,label,Jessica (novel)
12062,label,Jessica Ahlquist
12063,label,Tirra Lirra by the River
12064,label,Jessica Bird
12065,label,Jessica Dee Humphreys
12066,label,The Phoenix and the Carpet (1997 serial)
12067,label,Jessica Horn
12068,label,Jessica Love
12069,label,Jessica Page Morrell
12071,label,Jessica Ruffner
12072,label,Jessica Shattuck
12073,label,Jessica Steele
12074,label,Jessie Cadell
12075,label,Jessie Fothergill
12076,label,Jessie Greengrass
12077,label,Jessie Kerr Lawson
12078,label,Robert Payne Smith
12079,label,Jessie Pope
12080,label,Jessie Weston (writer)
12081,label,Jethro Compton
12082,label,Jewish Letters
12083,label,Mojo (play)
12084,label,The Ferryman (play)
12085,label,The Lowland
12086,label,Unaccustomed Earth
12087,label,Jia Qing Wilson-Yang
12088,label,Jiang Feng (translator)
12089,label,Jiang Xuemo
12090,label,Jill Hoffman
12091,label,Jill Kroesen
12092,label,Jill Morrell
12093,label,John McCarthy (journalist)
12094,label,Jill Murphy
12095,label,Chelsea Art School
12096,label,St Mabyn
12097,label,The Worst Witch
12098,label,Roger Michell (studio potter)
12099,label,Jill Tweedie
12100,label,Jilly Cooper
12101,label,Miles Platting
12102,label,Jim Anderson (editor)
12103,label,Jim Bradbury
12104,label,Jim Burke (author)
12105,label,The Dresden Files short fiction
12106,label,Jim Cartwright
12107,label,Jim Halpert
12108,label,Pam Beesly
12109,label,Jim Hanna (writer)
12110,label,Jim Harmon
12111,label,"Kensington, Philadelphia"
12112,label,Jim Hawkins (character)
12113,label,Jim Hitchmough
12114,label,Taxi (TV series)
12115,label,Jim McCarthy (author)
12116,label,Jim Oldfield
12117,label,Jim Parton
12118,label,Jim Provenzano
12119,label,Jim Sullivan (writer)
12120,label,The Grifters (novel)
12121,label,Jim Tucker (journalist)
12122,label,Jim Williams (author)
12123,label,Jimmy B. Bedford
12124,label,Jimmy O'Connor (author)
12125,label,Jimmy and the Crawler
12126,label,Jindřich Veselý
12127,label,Jiří Pehe
12128,label,Jiří Wolker
12129,label,Jo Bannister
12130,label,Jo Beverley
12132,label,Jo Robinson (author)
12133,label,Jo Shapcott
12134,label,National Poetry Competition
12135,label,Jo Whittemore
12136,label,Joan Bodger
12137,label,Joan Brady (American-British writer)
12138,label,Joan Court
12139,label,Joan G. Robinson
12140,label,Joan Grant
12141,label,Joan Haslip
12142,label,Joan Haste
12143,label,Joan Henry
12144,label,Who Lie in Gaol
12145,label,Yield to the Night (novel)
12146,label,Joan Horvath
12147,label,Joan Kent
12148,label,Joan MacLeod
12149,label,The Family Conspiracy
12150,label,Joan Walker
12151,label,Rafferty Rides a Winner
12152,label,Joan and Peter
12153,label,Joanna Denny
12155,label,Joanna Scott
12156,label,Joanna Siedlecka
12157,label,Joanna Walsh
12159,label,Joanna Williams (author)
12160,label,Joanne Limburg
12161,label,Selhurst High School
12162,label,Jocelyn Godefroi
12163,label,Jocelyn Golden
12164,label,Jocelyn Ortt-Saeed
12165,label,Jocelyne Saucier
12166,label,Jodi Taylor
12167,label,Home Fires (UK TV series)
12168,label,Jody Day
12169,label,School for International Training
12170,label,Joe (TV series)
12171,label,Joe Abercrombie
12172,label,Joe Adamson
12174,label,Joe Bolton (poet)
12175,label,Joe Dabney
12176,label,Joe Dancer
12177,label,Joe Denham
12178,label,Joe Dunthorne
12179,label,Joe Hayes (author and storyteller)
12180,label,Joe Hortua
12181,label,Joe Pitt Casebooks
12182,label,Joe Sharkey
12183,label,Joe Tarnowski
12184,label,Joel Carmichael
12185,label,Joel Goldman
12186,label,University of Miami Patti and Allan Herbert Business School
12187,label,Joel Skousen
12188,label,Royal Skousen
12189,label,Joel Snape
12190,label,Joey Gutierrez
12191,label,Johann Christoph Arnold
12192,label,Johann Plenge
12193,label,Johannes Cabal the Necromancer
12194,label,Johannes de Bado Aureo
12195,label,"John, Paul, George, Ringo ... and Bert"
12196,label,Tommy Greenwald
12197,label,John Adams (educator)
12198,label,Mary Elizabeth Adams Brown
12199,label,John Alexander Stewart (philosopher)
12200,label,John Amis
12202,label,Stephen Longfellow
12203,label,"John Anderson (genealogist, 1798–1839)"
12205,label,John Arthur Barry
12206,label,John Arthur Blaikie
12207,label,John Ash (writer)
12208,label,"Norton, Wiltshire"
12209,label,Sive (play)
12210,label,The Field (play)
12211,label,John Bainbridge (author)
12212,label,John Balfour (Queensland politician)
12213,label,John Ballem
12214,label,John Bancks
12215,label,John Barnicoat
12216,label,John Barston
12217,label,Woldingham
12218,label,John Berwick Harwood
12219,label,John Blackburn (author)
12220,label,Lewin Bentham Bowring
12221,label,John Braheny
12222,label,John Brand (political writer)
12223,label,John Brett (chronicler)
12225,label,John Burnett (advocate)
12227,label,John Byrom
12228,label,Julia Cunningham
12229,label,John Cadwalader (jurist)
12230,label,Mary Cadwalader Rawle Jones
12231,label,John Cairns (1857–1922)
12232,label,John Campbell (biographer)
12233,label,John Carey (critic)
12234,label,John Cargill Thompson
12235,label,John Carlin (journalist)
12236,label,John Carver (Plymouth Colony governor)
12237,label,John Caughie
12238,label,John Channell Mills
12239,label,John Charles Dent
12240,label,John Christgau
12241,label,John Clare
12242,label,John Cloake
12243,label,John Conroy Hutcheson
12244,label,John Corry (writer)
12245,label,John Coulson Tregarthen
12246,label,"Shirley, Derbyshire"
12247,label,Owen Glendower (novel)
12248,label,John Coy
12249,label,The Toff
12250,label,John Cruso
12251,label,John Cunliffe (author)
12252,label,John Cutting (psychiatrist)
12253,label,John Dauncey
12254,label,John Davenport (orientalist)
12255,label,Erotica writer
12256,label,John Davies (author)
12257,label,John Davies (printer and journalist)
12258,label,John DeLancey Ferguson
12259,label,John Denniston (judge)
12261,label,The Hollow Man (1935 novel)
12262,label,John Donoghue (writer)
12263,label,John Drake (Danger Man)
12264,label,"John Dryden (writer, died 1701)"
12265,label,John Duignan
12266,label,Prix Femina Étranger
12267,label,John Edmands (librarian)
12268,label,"Piscataway, Maryland"
12269,label,John Edward King
12270,label,John Ellis Williams
12271,label,John Elsum
12272,label,John Emsley
12273,label,John Fage
12274,label,John Fairfax-Blakeborough
12275,label,Stamford Raffles
12276,label,John Fforde
12277,label,John Firth (folklorist)
12278,label,John Fisher (writer)
12279,label,John Fletcher (playwright)
12280,label,John Frayn Turner
12281,label,John Freeth
12282,label,John Fuller (poet)
12283,label,John G. Brandon
12284,label,John Gascoigne (lawyer)
12285,label,John Gierach
12286,label,John Gilmore (writer)
12287,label,John Gittings
12288,label,John Glasby
12289,label,"Upton, West Yorkshire"
12290,label,John Gohorry
12291,label,"John Goldfarb, Please Come Home!"
12292,label,John Gordon (author)
12293,label,The Crypt School
12294,label,John Gore (theatre producer)
12295,label,John Gray (mythologist)
12296,label,John Greening (poet)
12297,label,John Gross
12298,label,Tom Gross
12299,label,John Gunn (Australian writer)
12300,label,John Guzlowski
12302,label,Ysbyty Gwynedd
12303,label,John H. McGlynn
12304,label,John H. Reese
12305,label,John Hall (poet)
12306,label,John Hamilton Reynolds
12307,label,John Harding (author)
12308,label,John Hargrave
12309,label,Ruth Clark
12310,label,John Hartung
12311,label,John Harvey Gahan
12312,label,John Hay Beith
12313,label,John Henrik Clarke
12314,label,John Henry (picture book)
12315,label,St. Paul's Cathedral
12316,label,John Henry Grose
12317,label,John Herdman (author)
12318,label,John Herkless
12319,label,John Heskett
12320,label,John Hobart Caunter
12321,label,John Hodgson (antiquary)
12322,label,John Holt (author)
12324,label,John Hoyle (author)
12325,label,John Hulme (author)
12326,label,William George Carlile Kent
12327,label,John Hyson
12328,label,John Indermaur
12329,label,John Jenkins (penmanship)
12330,label,John Jones (Jac Glan-y-gors)
12331,label,John Joscelyn
12333,label,John Kane (writer)
12334,label,John Kao
12335,label,"John Kay (journalist, born 1943)"
12336,label,John Kelly (performance artist)
12337,label,John Kennedy Melling
12338,label,John Kuo Wei Tchen
12339,label,John Langan
12340,label,John Larkin (author)
12341,label,John Laurence Pritchard
12342,label,K9 (Doctor Who)
12344,label,John Lockwood Kipling
12345,label,Sheila Legge
12346,label,George Lily
12347,label,William Lily (grammarian)
12348,label,St Bartholomew-the-Less
12349,label,John Lymington
12350,label,John MacDougall Hay
12351,label,John Mackay Wilson
12352,label,John Malam
12353,label,John Mander
12354,label,John Marius Wilson
12356,label,Mary Cheke
12357,label,The Barracks
12358,label,The Dark (McGahern novel)
12359,label,John McIntyre (publisher)
12360,label,John Mellis
12361,label,John Menzies Macfarlane
12362,label,Mormon militia
12365,label,War on Everyone
12367,label,John Michell (writer)
12368,label,John Miller (journalist and author)
12370,label,John Milton Mackie
12371,label,John Minter Morgan
12372,label,"St Andrew's Church, Ham"
12373,label,John Mooney (historian)
12374,label,John Moore (British writer)
12375,label,John Moore (anarchist)
12378,label,John Morgan Wilson
12379,label,Rumpole of the Bailey
12380,label,William Nelson (governor)
12381,label,John Murray (novelist)
12382,label,John Neil Munro
12383,label,John Newbery
12384,label,John Nicholson (poet)
12385,label,John Noble Wilford
12386,label,John O'Kane Murray
12387,label,John Ogilvie (lexicographer)
12388,label,Look Back in Anger
12389,label,Helen Osborne
12390,label,Penelope Gilliatt
12391,label,John Osborne (writer)
12392,label,John Owen (author)
12393,label,John Owen Jones (Ap Ffarmwr)
12394,label,John Palgrave Simpson
12395,label,John Palmer (author)
12396,label,John Parry (editor)
12397,label,John Payne (poet)
12398,label,John Peck (sergeant)
12399,label,John Peel (writer)
12400,label,John Percival Postgate
12401,label,John Postgate (food safety campaigner)
12402,label,John Pilfold
12403,label,Zoe Pilger
12404,label,Yvonne Roberts
12405,label,John Prevas
12406,label,"St Cuthbert's Church, Edinburgh"
12407,label,John R. Allan
12408,label,Udny Station
12409,label,John R. Kirtley
12410,label,John R. Little
12411,label,John Rae (biographer)
12412,label,John Ramsay (magician)
12413,label,John Rector (writer)
12414,label,Mike Gold
12415,label,John Reynolds Gardiner
12416,label,John Richard de Capel Wise
12417,label,John Ridpath
12418,label,John Robert Gregg
12419,label,John Roberts (Vicar of Tremeirchion)
12420,label,John Robins (writer)
12421,label,John Robison (inventor)
12422,label,Walter Pater
12423,label,John Sadler (historian)
12424,label,John Shebbeare
12425,label,John Simon (MP for Dewsbury)
12426,label,Lady Rachel Simon
12427,label,John Smolenski (historian)
12428,label,John Stevenson (scriptwriter)
12429,label,John Stevenson (writer)
12430,label,John Strange Winter
12431,label,John Strejan
12432,label,John Sturrock (writer)
12433,label,Just Good Friends
12434,label,Rock & Chips
12435,label,John Sutherland (author)
12436,label,John T. Phillifent
12437,label,John Tatham
12438,label,John Taylor (English publisher)
12439,label,John Thompson (Canadian poet)
12440,label,John Trent (author)
12441,label,John Urquhart Cameron
12442,label,John V. Van Sickle
12443,label,John Verlenden
12445,label,John Volts
12446,label,John W. R. Taylor
12447,label,John Wellwood
12448,label,John Whitworth (poet)
12449,label,John William Staniforth
12450,label,John Wilson (Canadian writer)
12451,label,John Wingate Thornton
12452,label,William Hathorne
12453,label,John Worsley (artist)
12454,label,John of Procida (play)
12455,label,Johnny's in the Basement
12457,label,Johnny Coppin
12458,label,Johnny Diaz
12459,label,Johnny English
12460,label,Johnny English (franchise)
12461,label,Keith Mansfield (writer)
12462,label,"Plaistow, Bromley"
12463,label,Jolene Siana
12464,label,Jon Anderson (poet)
12465,label,Jon Blake (author)
12466,label,Mortimer Common
12467,label,Jon Canter
12469,label,The Shield
12470,label,Jon Michael Varese
12472,label,Jon Sharpe
12473,label,Jon Sprunk
12474,label,Jon Winokur
12475,label,Jonah (novel)
12476,label,Peter Nickowitz
12477,label,Jonathan Bardon
12479,label,Jonathan Coe
12480,label,Jonathan Del Mar
12481,label,Jonathan Gems
12482,label,Pam Gems
12483,label,Jonathan Goldstein (author)
12484,label,Jonathan Harker
12485,label,Mina Harker
12487,label,Jonathan Kemp (writer)
12488,label,Jonathan Kingdon
12489,label,Jonathan Livingston Seagull (film)
12490,label,Jonathan M. Roberts
12491,label,Jonathan M. Weiss
12492,label,Jonathan Myerson
12493,label,Julie Myerson
12494,label,Jonathan Overend
12495,label,Jonathan Rendall
12496,label,Jonathan Ruffle
12497,label,Jonathan Shay
12498,label,Jonathan Skinner
12499,label,Jonathan Smith (novelist)
12500,label,Jonathan Williams (antiquary)
12501,label,Jonathan Wright (historian)
12502,label,Jonny Trunk
12503,label,Jordan Ifueko
12504,label,Jorge Castillo (chef)
12505,label,Josef Kajetán Tyl
12506,label,Josefina Velázquez de León
12507,label,Joseph-Alphonse-Paul Cadotte
12508,label,"The Life and Death of Jonathan Wild, the Great"
12509,label,Joseph Andrews (film)
12510,label,Joseph Antonio Emidy
12511,label,Joseph Aquilina
12512,label,Joseph Bentwich
12513,label,Joseph Burgess
12514,label,Joseph C. Goulden
12515,label,Poles in the United Kingdom
12516,label,Joseph Cradock
12517,label,Joseph Delaney
12518,label,St Martin's College
12519,label,Joseph Edward Prince
12520,label,Pamela McCorduck
12521,label,Joseph H. Crawford Jr.
12523,label,Joseph Jacobs
12524,label,Joseph Laing Waugh
12525,label,The Go-Between (1971 film)
12526,label,Joseph Maddrey
12527,label,Lookout Cartridge
12528,label,Women and Men
12529,label,Joseph Millott Severn
12530,label,Joseph Palermo
12531,label,Joseph Park Babcock
12532,label,Joseph R. Fisher (author)
12533,label,Thomas Levenson
12534,label,Joseph Reed (playwright)
12535,label,Joseph S. O'Leary
12536,label,Joseph Skipsey
12538,label,Joseph T. Hallinan
12539,label,Joseph Telushkin
12540,label,Joseph Thomas James Hewlett
12541,label,Stambridge
12543,label,Josephine Dickinson
12544,label,Josephine Kermode
12545,label,Josephine MacLeod
12546,label,Josephine and Men
12547,label,The Spinal Cord Perception
12548,label,Josh Lacey
12549,label,Joshilyn Jackson
12550,label,Joshua B. Huckeby
12551,label,Melinda Mullins
12552,label,Joshua Ip
12553,label,Joshua Jelly-Schapiro
12554,label,Lovesick (TV series)
12555,label,Joshua Mohr
12556,label,Joshua Ozersky
12557,label,Joshua Prager (writer)
12559,label,Josiah Mitchell Morse
12560,label,Joss Sheldon
12561,label,José Carlos Somoza
12562,label,José Eustasio Rivera
12563,label,Mark Kramer (journalist)
12564,label,Journal of Urban History
12565,label,Journal of a Sad Hermaphrodite
12566,label,Journey Into Stone
12567,label,Journey into Fear (novel)
12568,label,Journeyman: Travels of a Writer
12569,label,Joy Ellis
12570,label,Joy Jones
12571,label,Joy Lusco
12572,label,Joyce Barkhouse
12573,label,Joyce Dunbar
12574,label,Joyce Haber
12575,label,Joyce Harrington
12576,label,Joyce Lankester Brisley
12577,label,Joyce M. S. Tompkins
12578,label,Joyce Marshall
12579,label,Joyce Reason
12580,label,Joyce Rupp
12581,label,Joygopal Podder
12582,label,Joël Pourbaix
12583,label,W. Walter Gill
12584,label,Juanita Casey
12585,label,Juanita Havill
12586,label,Juda Bennett
12587,label,"Judas, My Brother"
12588,label,Judgement Day (short story)
12589,label,The Schirmer Inheritance
12590,label,Judi Ann Mason
12591,label,Monique Wittig
12592,label,Judith C. Brown
12593,label,Judith Eagle
12594,label,Judith Hayes
12595,label,Judith Hooper
12596,label,Neil Shand
12597,label,Judith Lennox
12598,label,Judith Montefiore
12599,label,Levy Barent Cohen
12600,label,Moses Montefiore
12601,label,Judith Moore
12602,label,Judith Warner
12603,label,Judy A. Bernstein
12604,label,Judy Balan
12605,label,Judy Rebick
12606,label,Judy Rudoe
12607,label,Judy Troy
12608,label,Judy Waite
12609,label,Night of Error
12610,label,Juhan Viiding
12611,label,Jules Boykoff
12612,label,Jules Horne
12613,label,Prophecy
12614,label,Julia Boynton Green
12615,label,Julia Childs
12616,label,Julia Clara Byrne
12617,label,Julia Copus
12618,label,Julia Corner
12619,label,Julia Davis Adams
12620,label,Room on the Broom
12621,label,Stick Man
12622,label,The Gruffalo
12623,label,Julia Fox (author)
12624,label,Julia Gorin
12625,label,Julia Gregson
12626,label,Jessica Gregson
12627,label,Richard Gregson
12629,label,Tom Arnold (literary scholar)
12630,label,William Sorell
12631,label,Leonard Huxley (writer)
12632,label,Julia London
12633,label,Julia Pomeroy
12634,label,Julia Stephen
12635,label,Adrian Stephen
12636,label,Thoby Stephen
12637,label,Julian Bell
12638,label,Julia Wild
12639,label,Julia de Burgos
12640,label,Julian Gloag
12641,label,Kate Ross
12642,label,Julian Putkowski
12643,label,Julian Smith (author)
12644,label,Julian Sprung
12645,label,Julie Burchill
12646,label,Julie Cross
12647,label,Julie Czerneda
12648,label,Julie Elizabeth Leto
12649,label,Julie Gilbert
12650,label,Julie Hamill
12652,label,Julie Martin (writer)
12653,label,Julie Morgenstern
12654,label,Julie Phillips
12655,label,Julie Walters and Friends
12656,label,Jun'ya Yokota
12657,label,June Culp Zeitner
12658,label,June Rae Wood
12659,label,June Rose
12660,label,June Thomson
12661,label,Rettendon
12662,label,Junzo Shono
12663,label,Just Ella
12664,label,Just One Look (novel)
12665,label,Just Shocking!
12666,label,Just So Stories
12667,label,Tony Vigorito
12668,label,Just a Girl (film)
12669,label,Publishing Triangle
12670,label,Marcel Theroux
12671,label,Justina Robson
12672,label,János Nyíri
12673,label,Zofia Kirkor-Kiedroniowa
12674,label,Józef Retinger
12675,label,Jūgatsu Toi
12676,label,K-19: The Widowmaker
12677,label,K. J. Stevens
12678,label,Kaa
12679,label,Kadia Molodowsky
12680,label,Mark Crick
12681,label,Kaizoku Sentai Gokaiger
12682,label,Kajal Bandyopadhyay
12683,label,Kal Chaudhvin Ki Raat Thi
12684,label,Kali Yug: Goddess of Vengeance
12685,label,Sami (poet)
12686,label,Kamala Markandaya
12687,label,Kambara Tai
12688,label,Kamen Rider W
12689,label,Kamen Rider Fourze
12690,label,Kamen Rider OOO
12691,label,Kara Kush
12692,label,The Idries Shah Foundation
12693,label,Karel Havlíček Borovský
12694,label,Karel Jaromír Erben
12695,label,Karel Píč
12696,label,Karel Teige
12697,label,Karen Ackerman
12698,label,Karen Alkalay-Gut
12699,label,Vera Stanley Alder
12700,label,Karen C. Fox
12701,label,Karen Campbell
12703,label,Karen Inglis
12704,label,Karen Lawrence (writer)
12705,label,Karen M. McManus
12706,label,Karen Newman (artist)
12707,label,Karen Platt
12708,label,Karen Robards
12709,label,Karen Thompson Walker
12710,label,The Age of Miracles
12711,label,Karin Gayer
12712,label,Karin Ireland
12713,label,Karin Tanabe
12714,label,Karina Galvez
12715,label,Karl Gajdusek
12717,label,Karl Martin Sinijärv
12718,label,Karl Sabbagh
12720,label,Karl Stern
12721,label,Karleen Koen
12722,label,Karleen Pendleton Jiménez
12723,label,Karolina Světlá
12724,label,Karoline Georges
12725,label,Karyl McBride
12726,label,Karyn Monk
12727,label,Kashf al-Mahjub
12728,label,Reynold A. Nicholson
12729,label,Kasia Boddy
12730,label,Kat Richardson
12731,label,Kat Rosenfield
12732,label,Kate Aitken
12733,label,Kate Ascher
12734,label,Kate Banks
12735,label,The Miraculous Journey of Edward Tulane
12736,label,Kate Douglas Wiggin
12737,label,Kate Edger
12738,label,Kate Gordon (energy analyst)
12739,label,Kate Harrington (poet)
12740,label,Kate Hennessy
12741,label,Kate Johnson (writer)
12742,label,Kate Kellaway
12743,label,Kate Kennedy (writer)
12744,label,Kate Mascarenhas
12745,label,Kate Moira Ryan
12746,label,Kate Morton
12748,label,Kate Quinn
12749,label,Kate Roberts (author)
12750,label,Rhosgadfan
12751,label,Kate Saunders
12752,label,Kate Sedley
12753,label,Kate Seredy
12754,label,The Good Master
12755,label,Kate Summerscale
12757,label,Kater Gordon
12758,label,The Conners
12759,label,Katharine Sarah Macquoid
12760,label,Katharine Towers
12761,label,Katharine Tynan
12762,label,The One and Only Ivan
12763,label,Katherine Binney Shippen
12765,label,Katherine E. Standefer
12766,label,Katherine Elizabeth Krohn
12767,label,Katherine Faw Morris
12769,label,Katherine Hale
12770,label,Katherine Mayfield
12771,label,The Ten Commandments (1956 film)
12772,label,Katherine Pierpoint
12773,label,Katherine Ramsland
12774,label,Katherine Reed Balentine
12775,label,Matthew Stewart (philosopher)
12776,label,Katherine Whyte Grant
12777,label,Kathleen Behan
12778,label,The Flame and the Flower
12779,label,Kathleen Faragher
12780,label,Kathleen Flenniken
12781,label,Kathleen Hale
12782,label,Mary Lavin
12783,label,Kathleen Mary Easmon Simango
12784,label,Kathleen Meyer
12785,label,Kathleen Sully
12786,label,Kathryn Gray
12787,label,Kathryn Kuitenbrouwer
12788,label,Kathryn Wallace
12789,label,Kathy Barker
12790,label,Kathy Page
12792,label,Katie B. Edwards
12793,label,Katie Davis (missionary)
12794,label,Katie Fforde
12795,label,Katie Flynn
12796,label,Katie Heaney
12797,label,Katie Magnus
12798,label,Still Open All Hours
12799,label,Katie Rogers
12800,label,Katrina Porteous
12801,label,Katy Brand's Big Ass Show
12802,label,Peter Morris (playwright)
12803,label,Katy Gardner
12804,label,Tart Noir
12805,label,Katya Cengel
12806,label,Kay Gabriel
12807,label,Kay Smallshaw
12808,label,Kay Ward
12809,label,Kay the Left-Handed
12810,label,Kayla Czaga
12811,label,Kaza Kingsley
12812,label,Kazim Yazdani
12813,label,"Keats, Kansas"
12814,label,Kedar Man Vyathit
12815,label,Keep 'Em Flying
12816,label,Keep It Quiet
12817,label,Keep Smiling (1938 film)
12818,label,Keeping Mum
12819,label,Keeping Up Appearances
12820,label,Young Hyacinth
12821,label,Lady Chaa
12822,label,Keith Alldritt
12823,label,Keith Carter (comedian)
12825,label,Keith Fordyce
12826,label,Keith James Topping
12827,label,Keith Johnson (author)
12828,label,Keith Roberts
12829,label,Keki N. Daruwalla
12830,label,Smoke and Mirrors (novel)
12831,label,Kelli D. Potter
12832,label,Kellow Chesney
12833,label,Kelly J. Baker
12834,label,Kelly Leonard
12835,label,Ken Barlow
12836,label,Ken Barnes (writer)
12837,label,Ken Narasaki
12838,label,Writers Guild of America Award for Television: Long Form – Adapted
12839,label,Ken Silverstein (business journalist)
12840,label,Ken Spillman
12841,label,"Newman College, Perth"
12842,label,Ken St. Andre
12843,label,Kenan (TV series)
12844,label,Kendall College of Art and Design
12845,label,Kendermore
12847,label,Ruth Adam
12848,label,Kenneth D. Alford
12849,label,Kenneth Goldsmith
12850,label,Kenneth Grahame
12851,label,Margaret (2011 film)
12852,label,Kenneth Morris (author)
12853,label,Kenneth Ngwa
12854,label,Kenneth Patchen
12855,label,Kenneth Radu
12856,label,Northwest Passage (novel)
12857,label,Kenneth Shropshire
12858,label,Kenny Porpora
12859,label,Kent Russell
12860,label,Kenta Nishimura
12861,label,Kepier School
12862,label,Kermit Moyer
12863,label,Kerri Webster
12864,label,Kerry's Eye
12865,label,Kerry Lee Powell
12866,label,Kerry Wendell Thornley
12867,label,Keston Sutherland
12868,label,Ketmani Kouanchao
12869,label,Kevin Bazzana
12870,label,Kevin Brown (poet)
12871,label,Kevin Callan
12872,label,Kevin Canty (author)
12873,label,Kevin Chapman (author)
12874,label,Kevin Connolly (writer)
12875,label,Mursley
12876,label,Kevin Jackson (writer)
12877,label,Kevin Loring
12878,label,Kevin Malone
12879,label,Kevin McCarra
12880,label,Kevin Rockett
12881,label,Kevin Wilson (writer)
12882,label,Kevlin Henney
12883,label,Kiana Danial
12884,label,Kicking the Moon Around
12885,label,Kid Stuff
12886,label,The WotWots
12887,label,Kien Nguyen
12888,label,Kiku Amino
12889,label,Kill Her Gently
12890,label,Killer Net
12891,label,Killings (short story)
12892,label,Killybegs
12893,label,Kim Chernin
12894,label,Kim France
12896,label,Kim Sa-in
12897,label,William Stafford (poet)
12899,label,Kim Yeonsu
12900,label,Kimberley Chambers (author)
12901,label,Kimberly Colen
12902,label,Kimo Armitage
12903,label,Kin (short story)
12904,label,Kindly Leave the Kerb
12905,label,Kindness UK
12906,label,King-Kok Cheung
12907,label,King Charles III (film)
12908,label,King Charles III (play)
12909,label,King David's Spaceship
12910,label,"King Edward VII School, Melton Mowbray"
12911,label,The Quest for Saint Camber
12912,label,The Super Mario Bros. Super Show!
12913,label,King Leary
12914,label,King Solomon's Mines (1937 film)
12915,label,King Solomon's Treasure
12916,label,Tommy Blacha
12917,label,King Street Junior
12918,label,King Street Junior Revisited
12919,label,King Victor and King Charles
12920,label,King and Castle
12921,label,King in Prussia (novel)
12922,label,Talon of the Silver Hawk
12923,label,King of the Castle (TV series)
12924,label,Puritanism
12925,label,Kingfishers Catch Fire
12926,label,Kingsley Widmer
12927,label,Mick Inkpen
12928,label,Kirinyaga (short story)
12929,label,Kirkfieldbank
12930,label,Kirstin Innes
12931,label,Kirstin Valdez Quade
12932,label,The Girl Hunters
12933,label,Kit Berry
12934,label,Kitty Crowther
12935,label,Wynne Godley
12936,label,Kitty O'Neil (dancer)
12937,label,Kiyoshi Jinzai
12938,label,Kjartan Poskitt
12939,label,Philosophy of Education
12940,label,Thomas Perkins (businessman)
12941,label,Kleinzeit
12942,label,Klimt (film)
12943,label,Knees Up Mother Earth
12944,label,Sex and Drugs and Sausage Rolls
12945,label,The Brightonomicon
12946,label,The Thirst (novel)
12947,label,Prince of Chaos
12948,label,Koestler Arts
12949,label,Nii Parkes
12950,label,Koh-i-Noor: The History of the World's Most Infamous Diamond
12951,label,Yukichi Amano
12952,label,Kole Ade-Odutola
12953,label,Kona Macphee
12954,label,Konstantin Biebl
12955,label,Kota Neelima
12956,label,Redrawing India: The Teach For India Story
12957,label,Krakatoa: The Day the World Exploded
12958,label,Simon Winchester
12959,label,"Kredu min, sinjorino!"
12960,label,Kris Bertin
12961,label,Krista & Becca Ritchie
12962,label,Kristan Higgins
12963,label,Kristen Iversen
12964,label,Kristian Williams
12965,label,Kristin Halbrook
12966,label,Kristin Linklater
12967,label,Red Dwarf: Back to Earth
12968,label,Kristine Smith
12969,label,Kristīne Ulberga
12970,label,Krozair of Kregen
12971,label,Krystal Sutherland
12972,label,Ksenia Anske
12973,label,Kulwant Singh Virk
12974,label,Kurt Benson
12975,label,Kurt Sonnenfeld
12976,label,Kusum Sawhney
12977,label,Kyle Boelte
12978,label,Kym Ragusa
12979,label,Kyra Davis
12980,label,Kōichirō Uno
12981,label,L'Arrêt de mort
12982,label,L'Illusion Comique
12983,label,L'Île des esclaves
12984,label,L.A. Weatherly
12985,label,The Racketty Street Gang
12987,label,The Go-Between
12988,label,L. T. C. Rolt
12989,label,Stanley Pontlarge
12990,label,LBJ (1991 film)
12991,label,LJ Ross
12992,label,"LaOtto, Indiana"
12993,label,La Belle Fille Masquée Poitrine
12994,label,La Belle Sauvage (play)
12995,label,La Dispute
12996,label,La Grande Illusion
12997,label,La Grande Vie (novella)
12998,label,La Révolution française (film)
12999,label,La Sentinelle (novelette)
13000,label,La fea más bella
13001,label,La pasión de Teresa
13002,label,Stefan Żeromski
13003,label,Lachlan Mackinnon
13004,label,Wendy Cope
13005,label,Roberta Hodes
13006,label,Ladies Won't Wait
13007,label,Sinister Errand
13008,label,The Women in Black
13009,label,Lady Adelaide Cadogan
13010,label,Lady Amabel Kerr
13011,label,Lord Walter Kerr
13012,label,Lady Athlyne
13013,label,Lady Byron
13014,label,Lady Caroline Blackwood
13015,label,Lady Connie
13016,label,Lady Jane (1986 film)
13017,label,Lady Jennifer (film)
13018,label,Lady Jennifer (novel)
13019,label,Lady Kasa
13020,label,Lady Lucy Whitmore
13021,label,Quatt
13022,label,Parsons Green
13023,label,Oniroku Dan
13024,label,Lady Norah Beatrice Henriette Bradley-Birt
13025,label,Lady Rose's Daughter (novel)
13026,label,Lady from Lisbon
13027,label,Lafcadio: The Lion Who Shot Back
13028,label,Lafcadio Hearn
13029,label,Laggies
13030,label,Lair (novel)
13031,label,Lair of the Lion
13032,label,Laline Paull
13033,label,Parvez Dewan
13034,label,Lambing Season
13035,label,Lamed Shapiro
13036,label,Lammas Night
13037,label,Lan Wright
13038,label,Land (book)
13039,label,Land Beyond the Map
13040,label,Suzanne Baker
13041,label,Landscape of Farewell
13042,label,The Vivero Letter (novel)
13043,label,Langford Lovell Price
13044,label,Lankester Merrin
13045,label,Lara Croft: Tomb Raider – The Cradle of Life
13046,label,Lara Rae
13047,label,Lara Williamson
13050,label,Larissa MacFarquhar
13051,label,Roderick MacFarquhar
13052,label,Larkin Higgins
13053,label,Larry Fine (piano technician)
13054,label,Larry H. Abraham
13055,label,Larry L. Greenfield
13056,label,Larry Mitchell (author)
13057,label,Larry Pina
13058,label,Larry Smith (editor)
13059,label,Larry Taunton
13060,label,Vote for Larry
13061,label,Lars Iyer
13062,label,Lars Pearson
13063,label,Lascelles Abercrombie
13064,label,Lassie (2005 film)
13065,label,Lassie from Lancashire
13066,label,Last Contact
13067,label,Last Guardian of Everness
13068,label,Last Plane Out
13069,label,Last Resort (2000 film)
13070,label,Last of the Duanes (novel)
13071,label,Lathones
13072,label,Laugh It Off (1940 film)
13073,label,"Laugh It Up, Fuzzball: The Family Guy Trilogy"
13074,label,Laughter in the Dark (film)
13075,label,Laura Bannon
13076,label,Laura Drake
13077,label,Laura Glen Louis
13078,label,Laura Griffin
13079,label,Laura Jane Fraser
13080,label,Laura Kinsale
13081,label,Laura M. Brotherson
13082,label,Laura M. Johns
13083,label,Maddy Ferguson
13084,label,Laura Penny
13085,label,Laura Quilter
13086,label,Laura Redden Searing
13087,label,Laurels are Poison
13088,label,The Worsted Viper
13089,label,Lauren Henderson (writer)
13091,label,Laurence Binyon
13092,label,Nicolete Gray
13093,label,T. J. Binyon
13094,label,Laurence James Ludovici
13096,label,Roll Over Beethoven (TV series)
13097,label,The New Statesman (1987 TV series)
13098,label,"The Life and Opinions of Tristram Shandy, Gentleman"
13099,label,Laurie Garrett
13100,label,Laurie Jade Woodruff
13101,label,Laurie Magnus
13102,label,Philip Magnus-Allcroft
13103,label,Philip Magnus
13104,label,Laurie Nunn
13105,label,Laurie Penny
13106,label,Laurie Weidberg
13107,label,Laurie Winn Carlson
13108,label,Lavie Tidhar
13109,label,"Dalia, Israel"
13110,label,Osama (novel)
13111,label,Lavinia R. Davis
13112,label,Law and Disorder (1940 film)
13113,label,Lawless (British TV series)
13114,label,Margaret Durrell
13115,label,Lawrence Millman
13116,label,Lawrence Mynott
13118,label,Lawrence of Březová
13119,label,Le Morte d'Arthur
13120,label,Leah Blatt Glasser
13121,label,Leah Horlick
13122,label,Leah Kramer
13123,label,Leah Krinsky
13124,label,Leah Lax
13125,label,Plum Lovin'
13126,label,Jacob de Cordova
13127,label,Leanne Banks
13128,label,Learning How to Learn
13129,label,Leave It to Smith
13130,label,Mark Seal
13131,label,Leaving Time
13132,label,Leaving the Atocha Station
13133,label,Lecture Demonstration
13134,label,Ledfeather
13135,label,PEN America
13136,label,Lee Henshaw
13137,label,Lee Kohse
13138,label,Lee Konstantinou
13139,label,Lee Meriwether (author)
13140,label,Lee and Grant at Appomattox
13141,label,Lee at the Alamo
13142,label,Left Over Ladies
13143,label,Left Turn
13144,label,Legal Rites
13145,label,Time Pussy
13146,label,Legend (Gemmell novel)
13147,label,The King Beyond the Gate
13148,label,Legend of Suheldev: The King Who Saved India
13149,label,The Exorcist (novel)
13150,label,Legislative Studies Quarterly
13151,label,Legit (2013 TV series)
13152,label,Superman (1978 film)
13153,label,"Schnecksville, Pennsylvania"
13154,label,"Leigh, Surrey"
13155,label,Leigh Michaels
13156,label,Leila Aboulela
13157,label,Leila Mackinlay
13158,label,Leila Trapmann
13159,label,Leland Myrick
13160,label,Len Doherty
13161,label,Len Fulton
13162,label,Len Pentin
13163,label,Michael Pearson (author)
13164,label,Ludvík Vaculík
13165,label,Lenny Blue
13166,label,Lenore Glen Offord
13167,label,Mick Johnson
13168,label,Leo Kennedy
13169,label,Leofric (fl. 1070)
13170,label,Minder (TV series)
13172,label,Ralph & Katie
13173,label,The A Word
13174,label,Leon O. Chua
13175,label,Leon Surmelian
13176,label,Leon Walter Tillage
13177,label,Leonard Bacon (poet)
13178,label,Leonard Barnes
13179,label,Nacton
13180,label,Leonard DeLonga
13181,label,Leonard Elliott Elliott-Binns
13182,label,Leonard G. G. Ramsey
13183,label,The Arsenal Stadium Mystery (novel)
13184,label,Umberleigh
13185,label,Leonard S. Marcus
13186,label,Leonard Kessler
13187,label,Leonard Read
13188,label,Leonard Swindley
13189,label,Leonid Zuborev
13190,label,Leonie Adele Spitzer
13191,label,Simon Spitzer
13192,label,Leonora Brito
13193,label,Leora Bettison Robinson
13194,label,Les Barker
13195,label,Les Enfants terribles
13196,label,Vanessa Place
13198,label,Roswell George Mills
13199,label,Lesbian Vampire Killers
13201,label,Lesley Nneka Arimah
13203,label,Leslie Dunkling
13204,label,Leslie Glass
13205,label,Leslie Halward
13206,label,Leslie Patricelli
13207,label,"Leslie Runciman, 2nd Viscount Runciman of Doxford"
13208,label,Leslie Ryan
13209,label,Leslie Scalapino
13210,label,Leslie Seth-Smith
13211,label,Peter Hessler
13212,label,"Let's Clap, Jump, Sing & Shout; Dance, Spin & Turn It Out!"
13213,label,Let's Have Fun
13214,label,Tony Pastor
13215,label,Let Him Have It
13216,label,Let It Ride (film)
13217,label,Let Them All Talk (film)
13218,label,Let There Be Light (Clarke short story)
13219,label,Leta Hong Fincher
13220,label,The End of Faith
13221,label,Letters from 74 rue Taitbout
13222,label,Salmagundi (periodical)
13223,label,Lettice Bryan
13224,label,Lettice Cooper
13225,label,Positano
13226,label,Lev Yilmaz
13227,label,Leviathan (Auster novel)
13228,label,Levina Buoncuore Urbino
13229,label,Lewis & Clark: The Journey of the Corps of Discovery
13230,label,Lewis A. McArthur
13231,label,Lewis Davies (writer)
13232,label,Lewis Grassic Gibbon
13233,label,Lewis Grizzard
13234,label,Resurrection (1980 film)
13235,label,The Brotherhood (1968 film)
13236,label,Lewis Machin
13237,label,Lewis Richardson (Hollyoaks)
13238,label,Lewis Spence
13239,label,Lexie Dean Robertson
13240,label,Li Yeguang
13241,label,The Story of Tracy Beaker (TV series)
13242,label,Tracy Beaker Returns
13243,label,Liane the Wayfarer
13244,label,Liberalism and progressivism within Islam
13245,label,Liberating Alaska
13246,label,Libertarian Review
13247,label,Liberty City (Miami)
13248,label,Lidia Bajkowska
13249,label,Liedewy Hawke
13250,label,Liesel Moak Skorpen
13251,label,Life (2020 TV series)
13252,label,Life After Billy
13253,label,Porridge (2016 TV series)
13254,label,Life and Beth
13255,label,May Sinclair
13256,label,Life in Squares
13257,label,Life of Riley (play)
13258,label,Life of William Blake
13259,label,Life on the Mississippi
13260,label,Life or Death (novel)
13261,label,Michael Robotham
13262,label,Light a Penny Candle
13263,label,Lightbody on Liberty
13264,label,Vera Rich
13265,label,Lila: An Inquiry into Morals
13266,label,Lilian Leveridge
13267,label,Rudolf Helmut Sauter
13268,label,Lillian Delevoryas
13269,label,Robin Amis
13270,label,Lillian Faderman
13271,label,Lillian Hoban
13272,label,Lillian Maxine Serett
13273,label,Lillian Schoedler
13274,label,Lillie Patterson
13275,label,Lillipilly Hill
13276,label,The Green Laurel
13277,label,Lilly Turner
13278,label,Lily Beach
13279,label,Too Many Men (novel)
13280,label,Stella Kon
13281,label,The Courtroom
13282,label,Lin Wusong
13283,label,Lina Waterfield
13284,label,Lincoln (film)
13285,label,Linda Chapman
13286,label,Linda Gillard
13287,label,Linda Grant
13288,label,When I Lived in Modern Times
13289,label,Linda Johnsen
13290,label,Linda Kelly (author)
13291,label,Linda Lowery
13292,label,Linda McCullough Thew
13293,label,Linda Stone
13294,label,Lindo Bacon
13295,label,Lindsay Ashford
13296,label,Lindsay Pollock
13297,label,Lindsey Corkhill
13298,label,Lindsey Kelk
13299,label,Michael Chamberlain
13300,label,Lionel Bender
13301,label,Lionel Casson
13302,label,Lionel McColvin
13303,label,Paul Hoffman (business writer)
13304,label,Lisa Bonchek Adams
13305,label,Lisa Daily
13306,label,Lisa Fain
13307,label,Lisa Kahn (poet)
13308,label,Lisa McInerney
13309,label,Lisa Rowe Fraustino
13310,label,Lisa Scottoline
13311,label,Lisa Shannon
13312,label,Lisa Shea
13313,label,Robbie Duff Scott
13314,label,Lisa Stevens
13315,label,Lisa Swerling
13316,label,Harold's Planet
13317,label,Ralph Lazar
13318,label,Lisa Zwerling
13319,label,Lisanne Norman
13320,label,Twilight of the Gods (Clapham and Miller novel)
13321,label,List of Bridge to Terabithia characters
13333,label,List of Coronation Street characters (1961)
13342,label,Stan Ogden
13345,label,Martha Longhurst
13359,label,List of Coronation Street characters (1983)
13361,label,List of Hollyoaks characters (1995–1996)
13375,label,Roger Hargreaves
13376,label,Mr. Tickle
13378,label,Mr. Tall
13382,label,List of Sharpe series characters
13391,label,Sharpe's Eagle
13397,label,Sharpe's Waterloo (TV programme)
13412,label,Sharpe's Tiger
13415,label,Sharpe's Honour (TV programme)
13428,label,List of The Green Green Grass characters
13431,label,List of The Inbetweeners characters
13432,label,The Inbetweeners 2
13435,label,Ryan Howard (The Office)
13436,label,List of awards and honours received by Harold Pinter
13437,label,"Listen, Mom and Dad"
13438,label,Modern Language Association
13439,label,Little Blighty on the Down
13440,label,Little Boy Blue (novel)
13441,label,Little Darlings (novel)
13442,label,Martin Waddell
13443,label,Little Fish (novel)
13444,label,Little Jimmy Corkhill
13445,label,Little Man Little Man
13446,label,Quentin Crisp
13447,label,Little Red Riding Hood (Pinkney book)
13448,label,Roy (TV series)
13449,label,Little Things (short story)
13450,label,Liu Anwu
13451,label,Liu Banjiu
13452,label,Liv Malone
13453,label,Sven Delblanc
13454,label,Livi Michael
13455,label,The Whispering Road
13456,label,Livia Bloom
13457,label,Living Proof: The Hank Williams Jr. Story
13458,label,Living Space
13459,label,Liz Berry
13460,label,Liz Carlyle
13461,label,Liz Crokin
13462,label,Liz Hyder
13463,label,Liz Weir
13464,label,Liza Picard
13465,label,Lizzie Allen Harker
13466,label,Lizzy Dijeh
13467,label,Llanllwni
13468,label,Llef o'r Nant
13469,label,Lleucu Roberts
13470,label,Richard Maher
13471,label,Lloyd Grove
13472,label,Lloyd Jones (Welsh writer)
13473,label,Llywelyn ab y Moel
13474,label,Owain ap Llywelyn ab y Moel
13475,label,Lobby Hero
13476,label,Lochlan Bloom
13477,label,Lockdown (novel)
13478,label,Locker Sixty-Nine
13479,label,Lockhart Muirhead
13482,label,Lois Waisbrooker
13483,label,Lois Wickstrom
13484,label,Lokotown and Other Stories
13485,label,Lollipop Loves Mr Mole
13486,label,London: The Biography
13487,label,Thomas Burke (author)
13488,label,London Boulevard
13489,label,London Spy
13490,label,London Under
13491,label,Will James (artist)
13492,label,Malcolm Saville
13493,label,Lone Wolf (Muchamore novel)
13494,label,New Guard (novel)
13495,label,Long John Silver
13496,label,Long Lost
13497,label,Promise Me (novel)
13498,label,"Longridge, West Lothian"
13499,label,Look Back in Anger (1959 film)
13500,label,Look Back in Anger (1980 film)
13501,label,Look Back in Anger (1989 film)
13502,label,Look to the Lady
13503,label,Mystery Mile
13504,label,Police at the Funeral
13505,label,Looking Back (book)
13506,label,Looking for Alibrandi (novel)
13507,label,Lopez vs. Lopez
13508,label,"Lord, I Was Afraid"
13509,label,Lord Alfred Douglas
13510,label,Olive Custance
13511,label,Lord Babs
13512,label,William Robert Spencer
13513,label,The Gods of Pegāna
13514,label,The Illearth War
13515,label,Lord Sunday
13516,label,The Fires of Heaven
13517,label,Loretta Chase
13518,label,Lord of the Barnyard: Killing the Fatted Calf and Arming the Aware in the Corn Belt
13519,label,Wolf of the Plains
13520,label,Loren Coleman
13522,label,Lorie O'Clare
13523,label,Lorna Crozier
13524,label,Lorna Lewis (writer)
13525,label,2000 Whitbread Awards
13526,label,Lorne Pierce
13528,label,Los Alamos Ranch School
13529,label,Losing My Religion (novel)
13530,label,Lost (Robotham novel)
13531,label,The Kingdom (novel)
13532,label,Lost Empires (novel)
13533,label,Lost Girl (novel)
13534,label,Lost Souls (Brite novel)
13535,label,Lost in a Good Book
13536,label,The Eyre Affair
13537,label,The Well of Lost Plots
13538,label,Lotsa Luck
13539,label,Lou Cove
13540,label,My Hero (British TV series)
13541,label,Mount Hermon Female Seminary
13542,label,Loudon MacQueen Douglas
13543,label,Louie Myfanwy Thomas
13544,label,Louis Carmain
13545,label,Louis E. Boone
13546,label,National Guardian
13547,label,Louis Hasley
13548,label,Louis Kronenberger
13549,label,"The Cathedral School, Llandaff"
13550,label,Louis S. Peterson
13551,label,Louis Wilkinson
13552,label,Westcott Barton
13553,label,Oliver Goldsmith
13554,label,Louis de Pointe du Lac
13555,label,Louisa Henrietta Sheridan
13556,label,Louisa Leaman
13557,label,Louisa Parsons Hopkins
13558,label,Louisa Young
13559,label,Michel Faber
13560,label,Louise Arnold
13562,label,Louise London
13563,label,Tilly Bagshawe
13564,label,Love! Valour! Compassion!
13565,label,Love (2008 Bengali film)
13566,label,Love (Carter novel)
13567,label,William Burnaby (writer)
13568,label,Marguerite Merington
13569,label,Love Hurts (TV series)
13570,label,Love Is Only in the Movies
13571,label,Love Letters (novel)
13572,label,Love Story (1970 film)
13573,label,Love Story (novel)
13574,label,Love Without Hope
13575,label,Max Wallace
13576,label,Love and Mr Lewisham
13577,label,Love and War in the Apennines
13578,label,William Congreve
13579,label,Love for Sale (book)
13580,label,Love in Pawn
13581,label,The Pursuit of Love
13582,label,Love in a Cold Climate (1980 TV series)
13583,label,Richard Savage (poet)
13584,label,William Wycherley
13585,label,Love in the Wilderness (novel)
13586,label,Love on Wheels
13587,label,Love on a Branch Line (TV series)
13588,label,Lovejoy
13589,label,Lovers' Meeting
13590,label,Loving Her
13591,label,Loyalties (play)
13592,label,Lucas Cleeve
13593,label,Lucia Osborne-Crowley
13594,label,Lucilla Andrews
13595,label,Peregrine Worsthorne
13596,label,Lucinda Riley
13597,label,Lucinda Roy
13598,label,Unforgettable (novel)
13599,label,Lucky Boy (novel)
13600,label,Lucky Jim (2003 film)
13601,label,Lucky You (novel)
13602,label,Lucy Aikin
13603,label,Lucy Cary
13604,label,Lucy Coats
13605,label,Lucy Crane
13606,label,Lucy Dahl
13607,label,Olivia Dahl
13608,label,Lucy Dillon
13609,label,Lucy Garnett
13610,label,Lucy Hartley
13611,label,Lucy Lyttelton Cameron
13612,label,Swaby
13614,label,Lucy Sarah Atkins Wilson
13616,label,Lucy Westenra
13617,label,Ludlow Fair
13618,label,Ludmila's Broken English
13619,label,Luis T. Centina Jr.
13620,label,Luisa Etxenike
13621,label,Luiz Felipe Pondé
13622,label,Luke Vincent Lockwood
13623,label,Lukin Johnston
13624,label,Sam Taylor (author)
13625,label,Lulu Dark Can See Through Walls
13626,label,Lulu Delacre
13627,label,"Lumsden, Aberdeenshire"
13628,label,Lupe Wong Won't Dance
13629,label,Luria (play)
13630,label,Luther (play)
13631,label,Lydiard H. Horton
13632,label,Lyman Andrews
13633,label,Lyn Hancock
13634,label,Lynda Durrant
13635,label,Lynda Madaras
13636,label,Lynette Loeppky
13638,label,Lynn Buckle
13640,label,Lynn Davis (photographer)
13641,label,Lynn Lonidier
13642,label,Lynn Mamet
13643,label,Lynn Walford
13644,label,Lynne Barasch
13645,label,Lynne M. Thomas
13646,label,Uncanny Magazine
13647,label,Michael Damian Thomas
13648,label,Lynsay Sands
13649,label,Lyonesse (novel)
13650,label,Lyonshall
13651,label,Lysbeth
13652,label,Léo-Paul Desrosiers
13653,label,Léonie Adams
13654,label,M.I. High
13655,label,M. A. Griffiths
13656,label,M. C. A. Hogarth
13657,label,M. J. Rose
13658,label,M. K. Joseph
13659,label,M. P. Shiel
13660,label,M. S. Purnalingam Pillai
13661,label,Medford Bryan Evans
13662,label,M. W. Craven
13663,label,M. Wesley Swearingen
13664,label,M/f (feminist magazine)
13665,label,M or F?
13666,label,Ma Ainong
13667,label,Ma Aixin
13668,label,Ma Dear's Aprons
13669,label,The Shadow King (novel)
13670,label,Mabel Esther Allan
13671,label,Mabel Fuller Blodgett
13672,label,Mabel Quiller-Couch
13673,label,Mabrook Dreidi
13674,label,Tayeb Salih
13675,label,MacKinley Helm
13676,label,Macadam and Eve
13677,label,Stainless Longganisa
13678,label,Macavity
13679,label,The Executioner (book series)
13680,label,Mad Money (film)
13681,label,Madame Bovary (2000 TV series)
13682,label,Madame Louise (play)
13683,label,Maddie Parker
13684,label,Made Man (video game)
13685,label,Madeleine's Ghost
13686,label,Madeleine A. Polland
13687,label,Madeline Hunter
13688,label,Madhu Rye
13689,label,Mael Sechlainn Ó Domhnalláin
13690,label,Maelstrom (TV series)
13691,label,Michael J. Bird
13692,label,Magdalen King-Hall
13693,label,Maggie (1981 American TV series)
13694,label,Maggie Furey
13695,label,Granta Best of Young British Novelists
13696,label,The White Family
13697,label,Nicholas Rankin
13698,label,Maggie Kingsley
13699,label,Maggie Noach
13700,label,Magic City (TV series)
13701,label,Magnus Merriman
13702,label,Mahendra Bhatnagar
13703,label,Mahmoud Saeed
13704,label,Mahogany L. Browne
13705,label,Mahomet and His Successors
13706,label,Mai Ghoussoub
13707,label,Richard Adams
13708,label,Maigret (1960 TV series)
13709,label,The Patience of Maigret
13710,label,Mairi Robinson
13711,label,Maisie Mosco
13712,label,Maisie Ward
13713,label,Make It Three
13714,label,Make Me an Offer (novel)
13716,label,Making Good Again
13717,label,Making Waves (TV series)
13718,label,Makoto Ōoka
13720,label,Malaga (1954 film)
13721,label,Malcolm Andrew
13722,label,Malcolm Bennett
13723,label,Malcolm Charles Salaman
13724,label,Malcolm Cowley
13725,label,Malcolm Lowry
13726,label,Malcolm Mackay (writer)
13727,label,Malcolm Parks
13728,label,Revolution (TV series)
13729,label,Ruth Earnshaw Lo
13730,label,Malkia Cyril
13731,label,Malta Story
13732,label,Mama: Dispatches from the Frontline of Love
13733,label,Susan G. Cole
13734,label,Mamang Dai
13735,label,Mammals (TV series)
13736,label,The Man from Chinnamasta
13737,label,"Man, Woman and Child (film)"
13738,label,Man Down (TV series)
13739,label,Sian Harries
13740,label,Tony Parsons (British journalist)
13741,label,Man at the Top (TV series)
13742,label,Man from the South
13743,label,Man in Ambush
13744,label,Man in a Suitcase
13745,label,Man of Africa
13746,label,Montagu Slater
13747,label,Man of the Moment (play)
13748,label,Man on Fire (Kelman novel)
13749,label,Stephen Kelman
13750,label,Mandog
13751,label,Mandy (1952 film)
13752,label,Mandy Hampton
13753,label,Mandy Van Deven
13754,label,Paul Gravett
13755,label,Manhunt (2019 TV series)
13756,label,Manisha Joshi
13757,label,Mankind in the Making
13758,label,Manly P. Hall
13759,label,Mannchalay
13760,label,Manon Steffan Ros
13761,label,Mansfield Park (1999 film)
13762,label,Manu S. Pillai
13763,label,Manuel Chrysoloras
13764,label,Manuel Clouthier Carrillo
13765,label,Many Inventions
13766,label,Roman Holiday
13767,label,Mappowder
13768,label,Marabou Stork Nightmares
13769,label,Marc Jampole
13770,label,Marc Kilgour
13771,label,Marc Postman
13772,label,Marius (1931 film)
13773,label,Marcella (novel)
13774,label,Marcelle Perks
13775,label,March Violets
13776,label,Marching In
13777,label,Russell Davenport
13778,label,Marcia Levin
13779,label,Marcus Bourne Huish
13780,label,The Red Car
13781,label,Richard Hakluyt
13782,label,Marek Bieńczyk
13783,label,Margaret A. Ellis
13784,label,Margaret Bhatty
13785,label,Margaret Bonham
13786,label,Margaret C. Anderson
13787,label,Margaret Campbell Barnes
13788,label,Margaret Cushing Osgood
13789,label,Margaret Eleanor Parker
13790,label,Margaret Escott
13791,label,Margaret Frances Sullivan
13792,label,Margaret Harvey
13793,label,Margaret Henley
13794,label,William Ernest Henley
13795,label,Margaret Hollingsworth
13796,label,Margaret Irwin (novelist)
13797,label,Young Bess (novel)
13798,label,John Robert Monsell
13799,label,The Diviners
13800,label,Margaret Louisa Woods
13801,label,Margaret Maddocks
13803,label,Margaret Maxwell Inglis
13804,label,Margaret Mayo (children's author)
13805,label,Margaret Minifie
13806,label,Elizabeth Gunning (translator)
13807,label,Susannah Gunning
13808,label,Margaret Moore
13809,label,Margaret Moyes Black
13810,label,Olaus Murie
13811,label,Margaret Pargeter
13812,label,Margaret Potter
13813,label,Stringer Davis
13814,label,Margaret Scott (Australian author)
13815,label,Margaret Smith (author)
13816,label,Margaret Stuart Barry
13817,label,Simon and the Witch
13818,label,Margaret Thomas (hymnwriter)
13819,label,Margaret Yorke
13820,label,Margery Cuyler
13821,label,Margie Orford
13822,label,Margot Bennett (writer)
13823,label,Marguerite J. Gascoigne
13824,label,Mari Akasaka
13825,label,Mari Ellis Dunning
13826,label,Maria Abdy
13827,label,James Smith (writer)
13828,label,Maria C. Hakewill
13829,label,Maria Fusco
13830,label,Maria Henson
13831,label,Maria Jane Jewsbury
13832,label,Geraldine Jewsbury
13833,label,Maria McCann
13834,label,Maria Mutch
13835,label,Maria Pawlikowska-Jasnorzewska
13836,label,Maria Rodziewiczówna
13837,label,Maria Theresa Lewis
13838,label,Thomas Henry Lister
13839,label,Maria Venegas
13840,label,Władysław Jan Grabski
13841,label,Marian P. Opala
13842,label,Marianna Mayer
13843,label,Marianne Apostolides
13844,label,Marianne Dubuc (illustrator)
13845,label,War Horse (play)
13846,label,Marianne Monson
13847,label,Marianne Wolfe
13848,label,Nada the Lily
13849,label,Marie Hammontree
13850,label,Marie Joseph
13851,label,The Rose Society
13852,label,Marie Majerová
13853,label,Marie Marguerite Bouvet
13854,label,Marie McPhedran
13856,label,Marie Shear
13857,label,Marieke Lucas Rijneveld
13858,label,The Black Curtain
13859,label,Mariko Nagai
13860,label,Marilou Awiakta
13861,label,Marilyn Harris (writer)
13862,label,Marilyn Lacey
13864,label,Mario Reading
13865,label,Marion Arnott
13866,label,Marion Cabell Tyree
13867,label,Marion Deuchars
13868,label,Marion Foster (writer)
13869,label,Marion Hartog
13870,label,Philip Hartog
13871,label,Marion Mainwaring
13872,label,Marion McCready
13873,label,Mary Parker Follett
13874,label,Marion St John Webb
13875,label,Marion Winik
13876,label,Marissa Moss
13877,label,Maritta Wolff
13878,label,Un-Man
13879,label,Mariwan Halabjaee
13880,label,Marjorie Barrows
13881,label,Nora Johnson
13882,label,Marjorie Lewty
13883,label,Marjorie Oludhe Macgoye
13884,label,Marjorie Pickthall
13885,label,Marjorie W. Sharmat
13886,label,Mark Bence-Jones
13887,label,Mark Blake (writer)
13889,label,Mark Burgess (children's author)
13890,label,Mark Chadbourn
13891,label,Mark Dawson (writer)
13892,label,Mark Ellen
13893,label,Mark Forsyth
13894,label,Scott Frost (writer)
13895,label,Sos Eltis
13896,label,Mark Herber
13897,label,Mark Kilgard
13898,label,Mark L. Van Name
13899,label,Mark Lamster
13900,label,Mark Lawson
13901,label,Mark Linz
13902,label,Mark London Williams
13903,label,Mark McGurl
13904,label,Modern Ranch Living
13905,label,Smart People
13906,label,Mark Ravenhill
13907,label,Mark Shenton
13908,label,Mark Shulman (author)
13909,label,Mark Sundeen
13911,label,Mark Thomas Ketterson
13912,label,Mark Treitel
13913,label,Mark Tungate
13914,label,Mark Twain's (Burlesque) Autobiography and First Romance
13915,label,Mark Weston (journalist)
13916,label,Tad Danielewski
13917,label,Vladislav Vančura
13919,label,Marnie Fogg
13920,label,Marooned (1933 film)
13921,label,Ring Around the Sun
13922,label,Marquis Childs
13923,label,Marriage (novel)
13924,label,Married (radio series)
13925,label,Tony Bagley
13926,label,Marry Me (1932 film)
13927,label,Marry Me (novel)
13928,label,Mars Attacks!
13929,label,Mars Is Heaven!
13930,label,Marshall B. Davidson
13931,label,Marshall Terrill
13932,label,Marshall Tymn
13933,label,Marshall Vian Summers
13934,label,Marshel Arthur
13935,label,Marston Bigot
13936,label,Martha Adelaide Holton
13937,label,Martha Cheney
13938,label,Martha Medeiros
13939,label,Martha Moulsworth
13940,label,Martha Nell Smith
13941,label,Martha Reben
13942,label,Martha Rose Shulman
13943,label,Martha Vicinus
13944,label,Martha Whitmore Hickman
13945,label,Martica Sawin
13946,label,Martin's Close
13947,label,Martin's Day
13948,label,Valentine Baker (pilot)
13949,label,Martin (TV series)
13950,label,Martin Allen (writer)
13951,label,Stoodleigh
13953,label,Martin Dressler
13956,label,Martin Galvin (poet)
13957,label,"South Beach, Florida"
13958,label,Martin Middlebrook
13959,label,Martin Oliver (author)
13960,label,Martina Devlin
13961,label,Martyn Clayton
13962,label,Martyn Godfrey
13963,label,Martyn J. Fogg
13964,label,Martyn Skinner
13965,label,The Crisis
13966,label,Mary Alcock
13967,label,"Stanwick, Northamptonshire"
13968,label,Mary Alice Faid
13969,label,Mary Ann Hanway
13970,label,Mary Ann Kelty
13971,label,Mary Ann Maitland
13972,label,Mary Ann Radcliffe
13973,label,Mary Ann Rundall
13974,label,Mary Anne Burges
13975,label,Thomas Humphry Ward
13976,label,Moses Austin
13977,label,Mary Bathurst Deane
13978,label,Mary Beckett
13979,label,Mary Benson (campaigner)
13980,label,"Mary Berry (writer, born 1763)"
13981,label,"Washta, Iowa"
13982,label,Mary Bradbury
13983,label,Mary Brown (author)
13984,label,Mary Caesar
13985,label,Mary Cannell
13986,label,Mary Cary (prophetess)
13987,label,Mary Clarke Nind
13988,label,Mary Cresswell
13989,label,Mary Cross
13990,label,Mary Davies (poet)
13991,label,Mary Davys
13992,label,Mary Dawes Blackett
13993,label,Mary Dorcey
13994,label,Mary Dunn (writer)
13995,label,Mary Elizabeth Beauchamp
13996,label,Mary Elizabeth Hawker
13997,label,Mary Elizabeth Parker
13998,label,Mary Esther MacGregor
13999,label,Mary Fortune
14000,label,Mary Frances Gunner
14001,label,Victoria Price
14002,label,Mary Hays Weik
14003,label,Mary Helen McPhillips
14004,label,Mary Hennell
14005,label,Mary Hooper (author)
14006,label,Mary Howard (novelist)
14007,label,More Than Friendship
14008,label,Mary Hume-Rothery
14009,label,Mary J. Gregor
14010,label,Mary Jane's Pa (1917 film)
14011,label,Mary Jane Auch
14012,label,Mary Jo Bang
14013,label,Mary Kelly (writer)
14014,label,Mary Killen
14015,label,Mary Leapor
14016,label,Mary Louisa Armitt
14017,label,Mary Louisa Molesworth
14018,label,Mary Lundie Duncan
14019,label,Mary Lynde Craig
14020,label,Mary Martha Sherwood
14021,label,Mary Meriam
14022,label,Mary Miller (writer)
14023,label,Mary Monica Pulver Kuhfeld
14025,label,Mary Morrell Folger
14026,label,Thomas Aquinas College
14027,label,Mary Norton (writer)
14028,label,The Magic Bed Knob
14029,label,Mary O'Hara (journalist)
14030,label,Mary Oppen
14031,label,Mary Pendrill Llewelyn
14032,label,Mary Peters (hymn writer)
14033,label,Mary Robison
14034,label,Mary Russell (character)
14035,label,Mary Sinclair
14036,label,"Mary Somerset, Duchess of Beaufort (gardener)"
14037,label,Mary Soon Lee
14038,label,Robert McLellan
14039,label,Mary Stewart Gibson
14040,label,Mary Theresa Vidal
14041,label,"Sutton, Suffolk"
14042,label,Mary Treadgold
14043,label,Mary Turnbull
14044,label,Mary Vingoe
14045,label,Mary Wibberley
14047,label,Mary Wright Sewell
14048,label,Masaaki Tanaka
14049,label,Masahiko Shimada
14050,label,Shinran
14051,label,Masakazu Yamazaki
14052,label,Masande Ntshanga
14053,label,Pencil of Doom!
14054,label,Master Georgie
14055,label,Master Humphrey's Clock
14056,label,Master of the Five Magics
14057,label,Masters in Israel
14058,label,Mathew Bacon
14059,label,Mathilde Madden
14060,label,Mathyas Lefebure
14061,label,Matilda Wormwood
14062,label,Tilly Ramsay
14063,label,Matt Bullen
14064,label,Matt Cain (writer)
14065,label,Matt Dunn (author)
14066,label,Matt Freeman (Power of Five)
14067,label,Oblivion (Power of Five)
14068,label,Matt Hanson
14069,label,Matt Hern
14070,label,Matt Hughes (writer)
14071,label,Matt Lennox
14072,label,Matt Thorne
14073,label,Matthew Bridges
14074,label,Matthew Churchill
14075,label,Matthew Glass
14076,label,Matthew Henry
14077,label,Matthew Hollis
14078,label,Matthew J. Trafford
14080,label,Matthew Raggett
14083,label,Matthew Sturgis
14084,label,Matthew Tree
14086,label,Nick Levan
14087,label,Maud Cunard
14088,label,Nancy Cunard
14089,label,Maude Robinson
14090,label,Maura Dooley
14091,label,Maureen Daly
14092,label,Maureen Lee
14093,label,Maurice Broaddus
14095,label,Maurice Browning
14097,label,Maurice Dafydd
14098,label,Maurice Hébert
14099,label,Maurice Keen
14100,label,Maurice Lindsay (broadcaster)
14101,label,William Robertson Nicoll
14102,label,Maurice Orbach
14103,label,The Apollo of Bellac
14104,label,The Min-Min
14105,label,Mavourneen
14106,label,Ottoman Arabia
14107,label,Max Blagg
14108,label,Max Cunningham
14109,label,Max Farnham
14110,label,Max Nemni
14111,label,Max Rojas
14112,label,Max Rushden
14113,label,Max Wykes-Joyce
14114,label,Maxime Raymond Bock
14115,label,Maxwell Gray
14116,label,The Silence of Dean Maitland
14117,label,Maxxie Oliver
14118,label,May Agnes Fleming
14119,label,May Byron
14120,label,May Day (short story)
14121,label,May Herschel-Clarke
14123,label,Maya Cousineau Mollen
14124,label,Maya Kaathryn Bohnhoff
14125,label,Maynah Lewis
14126,label,Mazi Nwonwu
14127,label,Rebus (TV series)
14128,label,Mean Streets (anthology)
14129,label,Meanwhile (novel)
14130,label,Meary James Thurairajah Tambimuttu
14131,label,Meat Market: Female Flesh Under Capitalism
14132,label,Mechtilde Lichnowsky
14133,label,Meet Me at Dawn
14134,label,MegaTech
14135,label,Megamaths
14136,label,Megan Hunter
14137,label,Rahul Sankrityayan
14138,label,Mei Shaowu
14139,label,Meir Shalev
14140,label,Mel Morton
14141,label,Melanie Blake
14142,label,Melanie Delva
14143,label,Melanie McGrath
14144,label,Melbost
14145,label,Melesina Trench
14146,label,Melinda Hammond
14147,label,Melissa Bradshaw
14148,label,Penelope Leach
14149,label,Too Much Lip
14150,label,Melvin Helitzer
14151,label,Memnoch the Devil
14152,label,Memorare (novella)
14153,label,Men-of-War: Life in Nelson's Navy
14154,label,Men Like Gods
14155,label,Men and Women (poetry collection)
14156,label,Men of Stone
14157,label,The Graveyard Game
14158,label,Menelaos Lountemis
14159,label,Meralda Warren
14160,label,Meredydd Barker
14161,label,Meri Nana-Ama Danquah
14162,label,Merivel: A Man of His Time
14163,label,Restoration (Tremain novel)
14164,label,The Echoing Strangers
14165,label,Merlin Book 11: The Eternal Flame
14166,label,Merlin Book 5: A Wizard's Wings
14167,label,Merlusine
14169,label,Metaphysical Dog
14170,label,Metropolis (British TV series)
14171,label,Metropolitan Magazine (New York City)
14172,label,Mette Bach
14173,label,Philip Newth
14174,label,Miami Supercops
14175,label,Monkey Dust
14176,label,Michael Allaby
14177,label,Michael Bhaskar
14178,label,Michael Billington (critic)
14179,label,Michael Black (literary critic)
14180,label,Michael Blackburn (poet)
14181,label,Michael Blouin (writer)
14182,label,Xman
14183,label,Ragtime (TV series)
14184,label,Michael Coleman (author)
14185,label,Michael Cook (playwright)
14186,label,The Shadow Box
14187,label,Michael D. Jones
14188,label,Michael Edwards (fragrance expert)
14189,label,Midgham
14190,label,Michael Fitzgerald Page
14191,label,Guyana Prize for Literature
14192,label,Yvonne Gilan
14193,label,Michael Hardwick
14194,label,Michael Harrison (writer)
14196,label,Michael Jecks
14197,label,Michael John Harris
14198,label,Michael Kenward
14199,label,Queenie (miniseries)
14200,label,Michael Lewis
14201,label,Michael Longley
14202,label,Some Mothers Do 'Ave 'Em
14203,label,Michael Nath
14206,label,Michael Oliva
14207,label,Warlight
14208,label,Michael Ridley (writer)
14209,label,Michael Ridpath
14210,label,Michael Rowbotham
14211,label,Michael Sadler (educationist)
14212,label,Michael Scammell
14213,label,Michael Scott (Irish author)
14214,label,Michael Scott (novelist)
14215,label,Michael Scott Rohan
14216,label,William Henry Giles Kingston
14217,label,Michael V. Smith
14218,label,Michael Welland
14219,label,The Borrible Trilogy
14220,label,Michaela Reid
14221,label,Michalina Wisłocka
14222,label,Michel Pleau
14223,label,Michelle Cartlidge
14224,label,Mother Goose Award
14225,label,Teddy Trucks
14226,label,Royal Liberty School
14227,label,Mick Jackson (author)
14228,label,Mick Mercer
14230,label,Mick Paynter
14231,label,Middle C (novel)
14232,label,Middlemarch (TV serial)
14233,label,Midnight (Wilson novel)
14234,label,Shooting Script
14235,label,Twilight's Child
14236,label,Mieczysław Jałowiecki
14237,label,Saldutiškis
14238,label,Miguel Esteves Cardoso
14239,label,Mihail Sadoveanu
14240,label,Mihangel Morgan
14241,label,Popular Music from Vittula
14242,label,Mike Ashley (writer)
14243,label,Mike Dixon (Brookside)
14244,label,Mike Fisher (Only Fools and Horses)
14245,label,Mike Gayle
14246,label,"Terra Linda, San Rafael, California"
14247,label,Mike Horne
14248,label,Mike McCormack (writer)
14249,label,Notes from a Coma
14250,label,Mikhail German
14251,label,Mikirō Sasaki
14252,label,Mil Millington
14254,label,Sharman Apt Russell
14255,label,Mildred Anne Butler
14256,label,Mildred Roper
14257,label,Milestones (1916 film)
14258,label,Millennium (Holland book)
14259,label,Persian Fire
14260,label,Millions (1936 film)
14261,label,Millions (2004 film)
14262,label,Milly Johnson
14263,label,Milo Keynes
14264,label,Milton Acorn
14265,label,Mimi Lok
14268,label,Tony Buzan
14269,label,Mine Own Executioner
14270,label,Mine Own Executioner (novel)
14271,label,Mineke Schipper
14272,label,Mini McGuinness
14273,label,Oldland
14274,label,Minnie and Moo: The Night of the Living Bed
14275,label,Philippa Pearce
14276,label,Minou Reeves
14277,label,Mirabel Osler
14278,label,Aylmer Vallance
14279,label,Mirari Films
14280,label,Mircea Demetriade
14281,label,Miriam Del Banco
14282,label,Miriam Lord
14283,label,Miriam Michelson
14284,label,Miriam Waddington
14285,label,Mishawr Rawhoshyo
14286,label,Mismates
14287,label,Miss Brown of X.Y.O.
14288,label,Miss Clack
14289,label,Miss Temptation
14290,label,Miss Trunchbull
14291,label,Mission Hill (TV series)
14292,label,Tuesdays with Morrie
14293,label,Mitte 2
14294,label,Sara Zyskind
14295,label,Mixology
14296,label,Miyuki Tanobe
14297,label,The Republic of Wine
14298,label,Modern Electrics
14299,label,Professor Hoffmann
14300,label,Mohammad Nazim Uddin
14301,label,Mohammadreza Jalaeipour
14302,label,Poove Unakkaga (TV series)
14303,label,Priyamanaval
14304,label,Moira Roth
14305,label,Mokichi Saitō
14306,label,Mole's Christmas
14307,label,Moll King (coffee house proprietor)
14308,label,Molly MacArthur
14309,label,Moments of Being
14311,label,Mona Caird
14312,label,Mona McCluskey
14313,label,Mona the Vampire (book)
14314,label,Sonia Holleyman
14315,label,Monday or Tuesday
14316,label,Money and Trade Considered
14317,label,Thomas Southerne
14318,label,Mongo Wrestling Alliance
14319,label,Monica Charlot
14320,label,Monica Edwards
14321,label,Monica Mary Gardner
14322,label,Olga Lehmann
14323,label,Monisha Rajesh
14324,label,Monkey Puzzle (book)
14325,label,Monkey Shines
14326,label,Monkey Trousers
14327,label,Unseen (Buffy/Angel novel)
14328,label,Montague Summers
14329,label,Montana 1948
14330,label,Montmorency (character)
14331,label,The Man Who Came to Dinner
14332,label,Mood Music (play)
14333,label,Moominvalley (TV series)
14334,label,Moon Over Soho
14335,label,Moon of Israel (novel)
14336,label,Moonlight (play)
14337,label,Morag Shepherd
14338,label,Mordew
14339,label,More Happy Than Not
14340,label,The Tiger in the Smoke
14341,label,Moriarty: The Hound of the D'Urbervilles
14342,label,Nahoko Uehashi
14343,label,Mortal Stakes
14344,label,Mortimer and Arabel
14345,label,Morwenna Donnelly
14346,label,The Secret Servant (Silva novel)
14347,label,Moses Edrehi
14348,label,Moses Jones
14349,label,Moshe Pearlman
14350,label,Moss (band)
14351,label,MotherFatherSon
14352,label,Mother Goose and Grimm (TV series)
14353,label,Mother Riley Meets the Vampire
14354,label,Motoyoshi Shimizu
14355,label,Mountain Victory
14356,label,Mouse Noses on Toast
14357,label,Move Under Ground
14358,label,Mowgli
14359,label,Raksha (The Jungle Book)
14360,label,Moxyland
14361,label,Mr. Bennett and Mrs. Brown
14362,label,Mr. Blettsworthy on Rampole Island
14363,label,Mr. Britling Sees It Through
14364,label,Mr. Fezziwig
14365,label,Mr. Forbush and the Penguins
14366,label,Mr. Grex of Monte Carlo (novel)
14367,label,Mr. Justice Raffles (film)
14368,label,Mr. Ledbetter's Vacation
14369,label,Mr. Magorium's Wonder Emporium (novel)
14370,label,The Mayor (TV series)
14371,label,Mr. Mistoffelees
14372,label,Old Possum's Book of Practical Cats
14373,label,Mr. Murder (novel)
14374,label,Mr. Potter (novel)
14375,label,Mr. Potter of Texas (novel)
14376,label,Ray Russell
14377,label,Mr. Toad
14378,label,T. F. Powys
14379,label,Mr Meeson's Will
14380,label,Mrs. Caliban
14381,label,Rachel Ingalls
14382,label,Mrs. Cornwell Baron Wilson
14383,label,Mrs. Danvers
14384,label,Mrs. E. M. Field
14385,label,Mrs. Eckdorf in O'Neill's Hotel
14386,label,Mrs. Erricker's Reputation
14387,label,Mrs. Medwin
14388,label,Sui Sin Far
14389,label,Mrs Bardell (Pickwick Papers)
14390,label,Mrs Dalloway
14391,label,Mrs Henderson Presents
14392,label,The Message (1976 film)
14393,label,Muhammad Ibrahim Siddiqui
14394,label,Muhammad Mojlum Khan
14395,label,Muin Bseiso
14396,label,Mullumbimby (novel)
14397,label,Mum and Mr. Armitage
14398,label,Mungojerrie and Rumpleteazer
14399,label,Murder Anonymous
14400,label,Murder Investigation Team (TV series)
14401,label,Murder at Monte Carlo
14402,label,The Fire Engine That Disappeared
14403,label,Murder in Times Square
14404,label,Murder in the Cathedral (1951 film)
14405,label,Seeing is Believing (novel)
14406,label,Murderers' Row (novel)
14407,label,Murderous Maths
14408,label,Murdo Macfarlane
14409,label,Cànan nan Gàidheal
14410,label,Muriel Hine
14411,label,Muriel Wace
14412,label,Murphy's Law (British TV series)
14413,label,Murrow (film)
14414,label,Murry Hope
14415,label,Musa Okwonga
14416,label,Muse India
14417,label,Sonia Solicari
14418,label,Mustafa Zaidi
14419,label,Mutsuo Takahashi
14420,label,Mutual Friends
14421,label,My (Not So) Perfect Life
14422,label,My Beautiful Enemy
14423,label,Rekha Waheed
14424,label,The Nodding Canaries
14425,label,My Cleaner
14426,label,My Father Sleeps
14427,label,Sunset Over Soho
14429,label,My Heart's in the Highlands (play)
14430,label,Paul Mendelson
14431,label,My Learned Friend
14432,label,My Legendary Girlfriend (novel)
14433,label,My Life as a Fake
14434,label,My Losing Season
14435,label,My Mom's Having a Baby (book)
14436,label,My Music (radio programme)
14437,label,My Name Is Joe
14439,label,My Parents Are Aliens
14440,label,My Sister Sadie
14441,label,My Sister and I (1948 film)
14442,label,My Wonderful Day
14443,label,My Word!
14444,label,Mycroft Holmes
14445,label,Mykola Kanevets
14446,label,Myra Taylor (scriptwriter)
14447,label,Mysterious Mr. Sabin
14448,label,The Crime at Black Dudley
14449,label,Mystery Submarine (1963 film)
14450,label,Mystery in the Channel
14451,label,Sir John Magill's Last Journey
14452,label,The Strange Message in the Parchment
14453,label,The Double Jinx Mystery
14454,label,The Secret of the Forgotten City
14455,label,The 12.30 from Croydon
14456,label,Mystic Meg
14458,label,Mythgardia
14459,label,Robert J. Harris (writer)
14460,label,Màiri Mhòr nan Òran
14461,label,Máire MacNeill
14462,label,Robert Marinier
14463,label,N. M. Browne
14464,label,NOS4A2
14465,label,Nada Gordon
14466,label,Wisdom's Daughter
14467,label,The Blind Man's Garden
14468,label,Nadia Lipes
14469,label,Nadie dijo nada
14470,label,Nadine Bismuth
14471,label,Namba Roy
14472,label,Namiki Sōsuke
14473,label,Pacific Sea
14474,label,Nan Shepherd
14475,label,Woodend Hospital
14476,label,The Clue in the Diary
14477,label,Nancy (TV series)
14478,label,Nancy Astor (TV series)
14479,label,Nancy Bell (author)
14480,label,Nancy Brysson Morrison
14481,label,Nancy Buckingham
14482,label,Noblesse Oblige (book)
14483,label,Peter Rodd
14484,label,Nancy Warren (author)
14485,label,Weeds (TV series)
14486,label,Nanda Lwin
14487,label,Folksinger
14488,label,Stella Reid
14489,label,The Power (2016 novel)
14490,label,Naomi Campbell (Skins)
14491,label,Naomi Clark
14492,label,Naomi Foyle
14495,label,Natalie Duddington
14496,label,Natalie Fox
14497,label,Natalio Bacalso
14498,label,Natascha Bruce
14499,label,Natasha Andersen
14500,label,Natasha Gordon
14501,label,Nine Night
14502,label,Natasha Walter
14503,label,Nicolas Walter
14504,label,William Grey Walter
14505,label,Trinity Law School
14506,label,Nathan Hill (writer)
14507,label,Nathan Penlington
14508,label,Nathan Shaham
14509,label,Nathan Young
14510,label,Nathanael Salmon
14511,label,Nathanaël
14512,label,Nathaniel Culverwell
14513,label,Mother Mary Alphonsa
14514,label,The House of the Seven Gables
14515,label,Twice-Told Tales
14516,label,Nathaniel Winkle
14517,label,NationStates
14518,label,National Lampoon The 199th Birthday Book
14519,label,Native Tongue (Hiaasen novel)
14520,label,Nautch Girls of India
14521,label,Nava Macmel-Atir
14522,label,Naïm Kattan
14524,label,"Nearer, My God, to Thee"
14525,label,Nebula Alert
14526,label,Neel Mukherjee (writer)
14527,label,The Lives of Others (novel)
14528,label,Neelam Saxena Chandra
14529,label,Neelum Saran Gour
14530,label,Neem the Half-Boy
14531,label,Nehemias Folan
14532,label,Neighbourhood Watch (Ayckbourn play)
14533,label,Neil Bartram
14534,label,Neil Gordon Munro
14535,label,Neil McIntosh (journalist)
14536,label,Neil Mossey
14537,label,The Odd Couple (play)
14538,label,Neil Slorance
14539,label,Steaming (play)
14540,label,Up the Junction
14541,label,James Hamet Dunn
14542,label,Serena Rothschild
14543,label,Nell Gwyn (1926 film)
14544,label,Nell McCafferty
14545,label,Nell Regan
14546,label,Nelly Arcan
14547,label,Nelson Lyon
14549,label,Nemesis (Nesbø novel)
14550,label,The Devil's Star
14551,label,Neoconservatism: Why We Need It
14552,label,Tsitsi Dangarembga
14553,label,Nero Wolfe (1982 radio series)
14554,label,Nerve (Francis novel)
14555,label,Net.wars
14556,label,Wendy M. Grossman
14557,label,Netta Muskett
14558,label,Never Look Back (film)
14559,label,"Never Mind the Quality, Feel the Width"
14560,label,Never Never (novel)
14561,label,Never Shall We Be Enslaved
14562,label,Sumner Arthur Long
14563,label,Never a Dull Moment (novel)
14564,label,"Your Deal, My Lovely"
14565,label,Neville Cardus
14566,label,Neville Chittick
14567,label,Robert Wringham
14568,label,New Galloway
14569,label,New Land (novel)
14570,label,New Worlds for Old (Wells book)
14571,label,New York Quarterly
14572,label,Newburgh Hamilton
14573,label,Newman Watts
14574,label,Newman and Baddiel in Pieces
14575,label,News at Twelve
14576,label,Newton Arvin
14577,label,Newton Forster
14578,label,Next (play)
14579,label,Niall Duthie
14580,label,Niall Harrison
14581,label,Niall Williams (writer)
14582,label,Niall mac Fergal Óge Ó hUicinn
14583,label,Nicholas Barnes
14584,label,Nicholas Boyle
14585,label,Nicholas Bradshawe
14586,label,Nicholas Cowell
14587,label,Nicholas Fisk
14588,label,Nicholas Freeston
14589,label,Nicholas Goodrick-Clarke
14590,label,Nicholas Hammond (ornithologist)
14591,label,"Wildlife Trust for Bedfordshire, Cambridgeshire and Northamptonshire"
14593,label,Nicholas Hogg
14594,label,Nicholas J. Cull
14595,label,Nicholas Jubber
14597,label,Nicholas Moore
14598,label,Thomas Sturge Moore
14599,label,Nicholas Nickleby (1968 TV series)
14600,label,Nicholas Nickleby (1977 TV series)
14601,label,Nicholas Shakespeare
14602,label,Nicholas Tucker
14603,label,Nick Butterworth
14604,label,Nick Charles (author)
14606,label,Nick Green (writer)
14607,label,The Gone-Away World
14608,label,Nick Hayes
14609,label,Nick Hurst
14611,label,Nick Laird
14612,label,Nick Papadimitriou
14613,label,Shaun the Sheep
14614,label,Nick Pigott
14615,label,The Railway Magazine
14616,label,Nick Stone (author)
14617,label,Nick Toczek
14618,label,Nick Walters
14619,label,Nicola (novel)
14620,label,Nicola Barker
14621,label,Nida Jay
14622,label,Niel Bushnell
14623,label,Potterne
14624,label,Nigel Benson
14625,label,Nigel Dennis
14626,label,Nigel Gosling
14627,label,Nigel Hamilton (author)
14628,label,"Alnmouth, Northumberland"
14629,label,Nigel Tourneur
14630,label,Night Club (novel)
14631,label,Night Season
14632,label,Night Without Stars (novel)
14633,label,The Art of Detection
14634,label,Night and Day (Parker novel)
14635,label,Night and Day (Woolf novel)
14636,label,Night of Battle
14637,label,Night of the Fox
14638,label,Night of the Prowler
14639,label,Sarny (novel)
14640,label,Nightmare (Brock novel)
14641,label,Thomas Love Peacock
14642,label,Nights at the Circus
14643,label,Nikki (TV series)
14644,label,Niko Henrichon
14645,label,The Suicide (play)
14646,label,The Government Inspector
14647,label,Nikolaos van Dam
14648,label,Nikolay Ogarev
14649,label,Nina Allan
14651,label,Nina Dyakonova
14652,label,Nina Epton
14653,label,Ruth Collet
14654,label,Nine Lives (2002 film)
14655,label,Nine Lives (novelette)
14656,label,Nine Perfect Strangers (TV series)
14657,label,The Guns of Avalon
14658,label,Nineteen Minutes
14659,label,Victoria Mary Clarke
14660,label,T. P. Rajeevan
14661,label,"No, Honestly"
14662,label,"Yes, Honestly"
14663,label,No-No Boy (play)
14664,label,No Commitments
14665,label,The Duke of York's Steps
14666,label,No Job for a Lady
14667,label,No Name (novel)
14668,label,The Woman in White (novel)
14669,label,No Offence
14670,label,No Pressure (film)
14671,label,No Problem! (TV series)
14672,label,No Second Chance
14673,label,The Sands of Time (Hoeye novel)
14674,label,Time to Smell the Roses
14675,label,Noah's Ark (British TV series)
14676,label,Noah Warren
14677,label,Nobuko Takagi
14678,label,Noddy (TV series)
14679,label,Noel Cook
14680,label,Noel Malcolm
14681,label,Noel Slevin
14682,label,None But the Brave (play)
14683,label,Noor Abdulmajeed
14684,label,Norm Augustinus
14685,label,Norma K. Hemming
14686,label,Norman (TV series)
14687,label,Norman Cantor
14688,label,Norman Dennis
14689,label,Norman Douglas
14690,label,South Wind (novel)
14692,label,Norman Ginsbury
14693,label,Norman Harding
14694,label,Norman Harper
14695,label,Norman J. W. Thrower
14696,label,Norman Jacobs
14698,label,One Day at a Time (1975 TV series)
14699,label,Norman Leys
14700,label,Norman Longmate
14701,label,Norman MacCaig
14702,label,Norman Miller Johnson
14703,label,"Normandy, Surrey"
14704,label,North from Thursday
14705,label,"Northway, Gloucestershire"
14706,label,Not Final!
14707,label,Not Going Out
14708,label,The Sketch Show
14709,label,"Not Now, Comrade"
14710,label,"Not Now, Darling"
14711,label,"Not Now, Darling (film)"
14712,label,Not Only... But Also
14713,label,The Silent Speaker
14714,label,Not Quite a Husband
14715,label,Not with a Bang (short story)
14716,label,Notebook Found in a Deserted House
14717,label,Wayne Gladstone
14718,label,Notes of a Moroccan Infidel
14719,label,Now All Roads Lead to France
14720,label,Now I Lay Me
14721,label,Telling Secrets (memoir)
14722,label,Nude Men
14723,label,Nuggehalli Pankaja
14724,label,Numair Atif Choudhury
14725,label,Number Six (The Prisoner)
14726,label,The Prisoner
14727,label,Number Two (The Prisoner)
14728,label,Nurse Edith Cavell
14729,label,Ny Avana Ramanantoanina
14730,label,O.K. Crackerby!
14731,label,O. F. Snelling
14732,label,O Chifrudo
14733,label,Roman Pisarski
14734,label,Oakleaf Bearers
14735,label,Obadiah Elliott
14736,label,Obadiah Johnson
14737,label,Obama's Last Stand
14738,label,Oceana Fine
14739,label,Oceanic (novella)
14740,label,Octavio G. Barreda
14741,label,October Island
14742,label,Odd Is on Our Side
14743,label,Odd Man Out (British TV series)
14744,label,Odd Thomas: You Are Destined to Be Together Forever
14745,label,One Virgin Too Many
14746,label,Of Course I Love You ..! Till I Find Someone Better
14747,label,Off the Hook (radio program)
14748,label,Officer Down (novel)
14749,label,Officer Kicks
14750,label,Ogmore Valley
14751,label,"Oh, Doctor Beeching!"
14752,label,Oh Happy Band!
14753,label,Oh In Colour
14754,label,Ohad Elhelo
14755,label,Ohio Town
14756,label,Oladipo Agboluaje
14757,label,The Ghost Brigades
14758,label,Old Mortality
14759,label,The Black Dwarf (novel)
14760,label,Rob Roy (novel)
14761,label,Old Mother Riley's Jungle Treasure
14762,label,Old Mrs. Fitzgerald
14763,label,The Wicked Flee
14764,label,Old Rambling House
14765,label,Old Soldiers Never Die
14766,label,Old Times
14767,label,Olga Bardel
14768,label,Olive Fraser
14769,label,Olive Wyon
14770,label,Oliver Butterworth (writer)
14771,label,She Stoops to Conquer
14772,label,The Vicar of Wakefield
14773,label,Oliver Harrison
14774,label,Oliver Hogue
14775,label,Oliver Ready
14776,label,Oliver Twist (1962 TV serial)
14777,label,Rose Maylie
14778,label,Olivia Tapiero
14779,label,Olivier Kemeid
14780,label,Stickfighting Days
14781,label,Omega (Doctor Who)
14782,label,Omenana Magazine
14783,label,Omon Ra
14784,label,Omphalos (story)
14785,label,Paul West (writer)
14786,label,On the Air (TV series)
14787,label,Tony Russell (musician)
14788,label,On the Night of the Fire
14789,label,Once Upon a Dream (1949 film)
14790,label,One Deadly Summer (novel)
14791,label,One Door Away from Heaven
14792,label,One More River (novel)
14793,label,One Morning Like a Bird
14794,label,The Optimists (novel)
14795,label,One Night (British TV series)
14796,label,One Part Woman
14797,label,Two for the Lions
14798,label,One Wild Oat
14799,label,One Wild Oat (play)
14800,label,One by One (TV series)
14801,label,One of Our Thursdays is Missing
14802,label,The Woman Who Died a Lot
14803,label,One on One (novel)
14804,label,Only Fools and Horses The Musical
14805,label,The Fifty Year Sword
14806,label,Points of View (TV programme)
14807,label,Oriental Magic
14809,label,Orvin – Champion of Champions
14810,label,Osman Edwards
14811,label,Ossett Academy
14812,label,Ostron
14813,label,Oswald Yorke
14814,label,Other Bells for Us to Ring
14815,label,Other Electricities
14816,label,Otohiko Kaga
14817,label,Ottoline and the Yellow Cat
14819,label,Our Chemical Hearts
14820,label,Our Mutual Friend (1976 TV serial)
14821,label,Our Secret Weapon
14822,label,Out of Jimmy's Head
14823,label,Out of Order (play)
14824,label,Out of Time (novel)
14825,label,Out of True (film)
14826,label,Out of the Easy
14827,label,Philip Gibbs
14828,label,Out of the Silence (James novel)
14829,label,Outlander (TV series)
14830,label,Outpost: Rise of the Spetsnaz
14831,label,Outside Edge
14832,label,Outside Edge (TV series)
14833,label,Outside Looking In (play)
14834,label,Outside the Dog Museum
14835,label,Over Here (TV series)
14836,label,Over My Dead Body (novel)
14837,label,Some Buried Caesar
14838,label,Over at the Frankenstein Place
14839,label,Over the Long High Wall
14840,label,Overload (novel)
14841,label,Owd Bob (1938 film)
14842,label,Owen Barfield
14843,label,Owen Gruffydd
14844,label,Owen Johnson (dendrologist)
14845,label,Owen Jones (antiquary)
14846,label,Owen Price (writer)
14847,label,Owen Wynne Jones
14848,label,"Caernarfon, Gwynedd"
14849,label,Oxford Blood
14850,label,Oz (magazine)
14851,label,Richard Neville (writer)
14852,label,Richard Walsh (Australian publisher)
14853,label,P. H. Newby
14854,label,P. J. Kavanagh
14855,label,P. K. Page
14856,label,William Arthur Irwin
14857,label,P. T. Bivott
14858,label,PINY: Institute of New York
14859,label,Pablo Daniel Magee
14860,label,Pac-Man and the Ghostly Adventures
14861,label,Paco Ignacio Taibo II
14862,label,The Adventures of Paddington (2019 TV series)
14863,label,Padgett Powell
14864,label,Page (servant)
14865,label,The Croaking Raven
14866,label,Paidin mac Lochlainn Ó Mailchonaire
14867,label,Paint It Black (novel)
14868,label,Paint Your Dragon
14869,label,The Evil That Men Do (Buffy novel)
14870,label,Pam Ayres
14871,label,Pamela Bianco
14872,label,Pamela Brooks
14873,label,Pamela Duncan Edwards
14875,label,Pamela F. Service
14876,label,Pamela Ruskin
14877,label,Pamela Vandyke Price
14878,label,Pamela Wynne
14879,label,Pandora Moon
14880,label,Pankaj Dubey
14881,label,Panos Ioannides
14882,label,Pantazi Ghica
14883,label,Panther in the Basement
14885,label,Ship Breaker
14886,label,Paper & Printing Trades Journal
14887,label,Paper Orchid (novel)
14888,label,Paradise for Two (1937 film)
14889,label,Paranoiac (film)
14890,label,Parents of the Band
14891,label,Pariah (novel)
14892,label,Parker's Back
14893,label,Parkin's Patch
14894,label,Party Down
14895,label,Pascale Petit (poet)
14896,label,Passage of Arms
14897,label,The Night-Comers
14898,label,Passengers (short story)
14899,label,Passport to Oblivion
14900,label,Past the Shallows
14901,label,Pat (Alice's Adventures in Wonderland)
14902,label,Pat Barr (writer)
14903,label,Rosie and Jim
14904,label,Titch (TV series)
14905,label,Pat McIntosh
14906,label,Patricia Blondal
14907,label,Patricia Finney
14908,label,Strangers on a Train (novel)
14909,label,Shock Treatment
14910,label,The Rocky Horror Show
14911,label,Patricia Wilson
14912,label,Patrick Allen (music educator)
14913,label,Patrick Argüello
14914,label,Patrick Beesly
14915,label,Patrick Brydone
14916,label,Patrick Cave
14917,label,Patrick Gordon-Duff-Pennington
14918,label,Patrick Hume (editor)
14919,label,The Butcher Boy (novel)
14920,label,Patrick Skene Catling
14921,label,Patrick Tilley
14922,label,The Amtrak Wars
14923,label,Patrick West
14924,label,Patrick Weston Joyce
14927,label,Patrik Ouředník
14928,label,Patsy Smart
14929,label,Rosie Harris
14930,label,Paul Beard (spiritualist)
14931,label,Paul Birch (writer)
14932,label,Paul Broks
14933,label,Paul Brunton
14934,label,Paul Clammer
14935,label,Paul Clark (presenter)
14936,label,Paul Dowswell
14938,label,Paul Farley
14939,label,Paul Gardner (journalist)
14940,label,Paul Gillette
14941,label,Paul Harris (author)
14943,label,Paul Hawkins (humourist)
14944,label,Paul Hendrickson
14945,label,Paul Hornschemeier
14946,label,Paul Howard (writer)
14947,label,Paul Jaeg
14948,label,Paul Kater
14949,label,Paul Kerensa
14950,label,Paul Lebiedzinski
14951,label,Paul Mendelson (novelist)
14952,label,Paul Merton in Galton and Simpson's...
14953,label,Paul Morantz
14954,label,Paul Shipton
14956,label,Paul Vinogradoff
14957,label,Paul Willemen
14958,label,Paul Williams (journalist)
14959,label,Victor Willing
14960,label,Pauline Holdstock
14961,label,Pauline Melville
14962,label,The Ventriloquist's Tale
14963,label,Pauline Prior-Pitt
14964,label,Paulo da Costa (writer)
14965,label,Pavlos Matesis
14966,label,Paweł Jasienica
14968,label,Peacefully in their Sleeps
14969,label,Peachtree Road (novel)
14970,label,Pearl Maiden
14971,label,Peggy Angus
14972,label,Peggy Bennette Hume
14973,label,Peggy Makins
14974,label,Peig Sayers
14975,label,Pen y Fan
14976,label,Robert Sparke Hutchings
14977,label,Penda's Fen
14978,label,Sparkwell
14979,label,Penelope Fletcher
14981,label,Penelope Wallace
14982,label,Penguins Stopped Play
14983,label,Penny Dreadful: City of Angels
14984,label,People's Republic (novel)
14985,label,People Might Hear You
14986,label,People of Earth
14987,label,Per Nilsson (writer)
14988,label,Perceval Gibbon
14989,label,Percy (novel)
14990,label,Raymond Hitchcock (author)
14991,label,Percy Birtchnell
14992,label,Percy Izzard
14993,label,Percy James Brebner
14994,label,Peregrine Pollen
14995,label,Perfect Match (novel)
14996,label,Perrine Leblanc
14997,label,Personal Affair
14998,label,Persuasion (1995 film)
14999,label,Peshoton Dubash
15000,label,Pete Cashmore
15002,label,Peter Abbs
15004,label,Peter Bacon Hales
15005,label,Peter Baláž (Esperantist)
15006,label,Peter Bander van Duren
15007,label,Peter Blum
15008,label,Peter Blume
15009,label,Peter Cooper (author)
15010,label,Peter Crawford (filmmaker)
15011,label,Peter Cureton
15012,label,Peter Entwisle
15013,label,Peter Feldstein (translator)
15014,label,Peter Halkerston
15015,label,Holyrood Abbey
15016,label,Peter Hammond (priest)
15017,label,St Bees School
15018,label,Peter Hollindale
15019,label,Peter Irving
15020,label,Peter J. Conradi
15021,label,Peter John Allan
15022,label,Peter Levi
15023,label,Peter Lovesey
15024,label,"Peter Marshall (author, born 1939)"
15025,label,Peter McDonald (critic)
15026,label,Peter Morris (writer)
15027,label,Peter Newman (author)
15028,label,Peter Phillips (author)
15029,label,Ripon Grammar School
15030,label,Peter R. Newman
15032,label,Peter Robbins (author)
15033,label,Peter Russell (poet)
15034,label,Peter Solis Nery
15035,label,Peter Thomas Hay
15037,label,Peter Wilkins
15038,label,Peter Wilson Coldham
15039,label,Peter Wright (MI5 officer)
15040,label,Peter York
15041,label,Petra Taylor
15042,label,Petra White
15043,label,The Fortunes of Nigel
15044,label,Return to Peyton Place
15045,label,Susan Kay
15046,label,Phantom (Nesbø novel)
15047,label,Police (novel)
15048,label,Phanuel Bacon
15049,label,Phil Gayle
15050,label,Phil Gladwin
15051,label,Phil Parry
15052,label,Phil Porter
15053,label,VeggieTales in the City
15054,label,VeggieTales in the House
15056,label,Philco Radio Time
15057,label,Philip Augar
15058,label,Philip Casey
15059,label,Philip Coggan
15060,label,Philip Dafydd
15061,label,Philip Dodd (author)
15062,label,Philip E. High
15063,label,Philip Gross
15064,label,Philip Harbottle
15065,label,Philip Haythornthwaite
15066,label,Philip Kreiner
15067,label,Philip Levine (poet)
15068,label,Philip Magnus (historian)
15069,label,Poodle Springs
15070,label,Philip Mitchell
15071,label,Philip Steele
15072,label,Philip Tew
15073,label,Philip Wilkinson (author)
15074,label,Philip Womack
15075,label,Philip Yorke (antiquary)
15076,label,Philip of Oxford
15077,label,Philip Ó Ceallaigh
15078,label,The Philosophers' Magazine
15079,label,Phoebe Eclair-Powell
15080,label,Phoebe Gilman
15081,label,Phoebe Power
15082,label,Shark (novel)
15083,label,Phạm Xuân Nguyên
15084,label,Pic (novel)
15085,label,Picture and Text
15086,label,Pie Corbett
15087,label,Pierre Baillargeon
15088,label,Piers Brendon
15090,label,Piet Hagen
15091,label,Tokyo (novel)
15092,label,Pigeon English
15093,label,Pigeon Street
15094,label,Pink String and Sealing Wax
15095,label,Pippa Strachey
15096,label,Piranha II: The Spawning
15097,label,Richard Platt (writer)
15098,label,Pirates of the Caribbean: The Curse of the Black Pearl
15099,label,Pixelface
15100,label,Pixie O'Harris
15101,label,Plain Tales from the Hills
15102,label,Planet Tad
15103,label,Yūichi Suzumoto
15104,label,Play Dead (novel)
15105,label,Robert Goddard (novelist)
15106,label,Playing Away
15107,label,Plays for England
15108,label,Plugged (novel)
15109,label,Plum Johnson
15110,label,Plus One (TV series)
15111,label,Tim Allsop & Stewart Williams
15112,label,Pod Children's Charity
15113,label,"Poems, Chiefly in the Scottish Dialect (Belfast Edition)"
15114,label,"Poems, Chiefly in the Scottish Dialect (Dublin Variant)"
15115,label,"Poems, Chiefly in the Scottish Dialect (Edinburgh Edition)"
15116,label,"Poems, Chiefly in the Scottish Dialect (London Edition)"
15117,label,"Poems, Chiefly in the Scottish Dialect (Second Edinburgh Edition)"
15118,label,Poetry Review
15119,label,Robert Minhinnick
15120,label,Point Blanc
15121,label,Skeleton Key (novel)
15122,label,Poison in Jest
15123,label,Pola Gojawiczyńska
15124,label,Politian (play)
15125,label,Polly Devlin
15126,label,Polly Ho-Yen
15127,label,Polly Plus
15128,label,Pond (book)
15129,label,Poor Cow
15130,label,Poor Cow (novel)
15131,label,The Moonstone
15132,label,Poor White (novel)
15133,label,Pop. 1280
15134,label,PopCo
15135,label,Scarlett Thomas
15136,label,Poppy Cat (TV series)
15137,label,Porridge (1974 TV series)
15138,label,Portrait of a Lady (novel)
15139,label,Post Mortem (Gurney play)
15140,label,Potting On
15141,label,Poulton Hall
15142,label,The Spy in Black
15143,label,The Power (TV series)
15144,label,Power Rangers Operation Overdrive
15145,label,Power of Three (novel)
15146,label,Powers of Darkness
15147,label,Powers of Darkness (Iceland)
15148,label,Prabha Varma
15149,label,Pranciška Regina Liubertaitė
15150,label,Pratibha Nandakumar
15151,label,Pravrajika Vrajaprana
15152,label,Robert Ferrigno
15154,label,Prelude to Fame
15155,label,Prelude to a Kiss (play)
15157,label,Presse Africaine
15158,label,Pretzel (picture book)
15159,label,Pride & Prejudice (2005 film)
15160,label,Pride of Carthage
15161,label,Prideaux John Selby
15162,label,Primary Colors (novel)
15163,label,Prince Caspian and The Voyage of the Dawn Treader (1989 TV serial)
15164,label,Swordships of Scorpio
15165,label,Prince of the Blood (novel)
15166,label,The King's Buccaneer
15167,label,Princes (novel)
15168,label,Princess Diana's Revenge
15169,label,Princess Fitz
15170,label,Winifred Carter
15171,label,Prisoner's Base
15172,label,Private Arrangements
15173,label,Private Fears in Public Places
15174,label,Prochownik's Dream
15175,label,Prodigals of Monte Carlo
15176,label,Profession (novella)
15177,label,Professor Challenger
15178,label,Prometheus (1998 film)
15179,label,Promised Land: Thirteen Books That Changed America
15180,label,Proxima Centauri (short story)
15181,label,Psyche Debauched
15182,label,Thomas Duffet
15183,label,Pulaski (TV series)
15184,label,Pulling (TV series)
15185,label,Pulp (2012 film)
15187,label,Sheila Heti
15188,label,Pyjamas Preferred
15189,label,Pádraig Ó hÉigeartaigh
15190,label,Q... (TV series)
15191,label,Q.E.D. (novel)
15192,label,The Mendip Mystery
15193,label,The Stoat
15194,label,Quantic School of Business and Technology
15195,label,Tom Adams (entrepreneur)
15196,label,Quantum of Solace
15197,label,Queen of Demons
15198,label,Servant of the Dragon
15199,label,Queen of the Dawn
15200,label,Queenie Scott-Hopper
15201,label,Queer City
15202,label,Saint Ronan's Well
15203,label,Quentins
15204,label,Quest for Lost Heroes
15205,label,Waylander (novel)
15206,label,Questions of Travel
15207,label,The Lost Dog
15208,label,Quick Curtain
15209,label,Quiet Comes the Dawn
15210,label,The Quiller Memorandum
15211,label,Quintin Craufurd
15212,label,R. A. Waldron
15213,label,R. Allatini
15214,label,R. C. Lehmann
15215,label,R. D. Low
15216,label,R. J. Ellory
15218,label,R. M. Ballantyne
15219,label,R. M. Lamming
15220,label,R. P. M.
15221,label,R. V. Vernède
15222,label,R. W. Mackelworth
15223,label,R3 (TV series)
15224,label,Rabbittown (film)
15225,label,Rachel Ferguson
15226,label,Rachel Hewitt
15227,label,Rachel Hore
15228,label,Rachel Polonsky
15229,label,Rachel Qitsualik-Tinsley
15230,label,Rachel Wyatt
15231,label,Racists (novel)
15232,label,Radclyffe Hall
15233,label,Una Troubridge
15234,label,Radhika Sanghani
15235,label,Radio Free Albemuth
15236,label,Radwa Ashour
15237,label,Rafael Behr
15238,label,Rafael Medoff
15239,label,Rafts and Dreams
15240,label,Rage of a Demon King
15241,label,Shards of a Broken Crown
15242,label,Ragnhild Hatton
15243,label,Raiders of the Lost Car Park
15244,label,The Book of Ultimate Truths
15245,label,The Most Amazing Man Who Ever Lived
15246,label,Railsea
15247,label,Rain Is Not My Indian Name
15248,label,Ralph Chubb
15249,label,Rowan Gillespie
15251,label,Ramanujan (film)
15253,label,To the Islands
15254,label,Ranjana Ash
15255,label,Rappaccini's Daughter
15256,label,Ratking (novel)
15257,label,Raven Black
15258,label,Rawblood
15259,label,Run for Your Wife (play)
15260,label,Raylan
15261,label,Raymond Allen (scriptwriter)
15262,label,Raymond Antrobus
15263,label,The Pacific Between
15264,label,Raymond Lamont-Brown
15265,label,Raynor Winn
15266,label,Real Men (British TV series)
15267,label,Reay Tannahill
15268,label,Rebecca (1940 film)
15269,label,Rebecca (1997 TV series)
15270,label,Rebecca Curran
15271,label,Rebecca D. Costa
15272,label,Rebecca Dulcibella Orpen
15273,label,Rebecca Frazier
15274,label,Rebecca Morris (author)
15275,label,Rebecca Shaw (author)
15276,label,Rebecca West
15277,label,Reception (play)
15278,label,Reception history of Jane Austen
15279,label,Recitatif
15280,label,RedRobe
15281,label,Red Comet
15282,label,"Red Earth, White Earth"
15283,label,Red Nose Day Actually
15284,label,Red Seas Under Red Skies
15285,label,The Lies of Locke Lamora
15286,label,The Republic of Thieves
15287,label,Redemption (Fast novel)
15288,label,Reedy's Mirror
15289,label,Reeling (book)
15290,label,Refik Erduran
15291,label,The Way of the Sufi
15292,label,Refugees (drama)
15293,label,Regeneration (Haggard book)
15294,label,Reggie Perrin
15295,label,Regina v Rumpole
15296,label,Rumpole and the Golden Thread
15297,label,Reginald Alec Martin
15298,label,Reginald Allender Smith
15299,label,Reginald Copleston
15301,label,Reigate Heath
15302,label,Reign in Hell (novel)
15303,label,Reincarnation (novel)
15304,label,Rejection Slips
15305,label,Rejina Sabur-Cross
15306,label,Arranged marriage in the Indian subcontinent
15307,label,Bengali Muslim wedding
15308,label,Released for Death
15309,label,Relic (novel)
15310,label,Reliquary (novel)
15311,label,Remember Me? (novel)
15312,label,Twenties Girl
15313,label,Remembrance of Things Past (play)
15314,label,Reni Eddo-Lodge
15315,label,Why I'm No Longer Talking to White People About Race
15316,label,Societal racism
15317,label,Replacements (short story)
15318,label,Report on the Barnhouse Effect
15319,label,Reporting the Universe
15320,label,Reputation for a Song
15321,label,Resistance (2011 film)
15322,label,Respectable (TV series)
15323,label,Retrograde (TV series)
15324,label,Return to Sender (2004 film)
15325,label,Return to the Hundred Acre Wood
15326,label,Reuben Bourne
15327,label,Reunion (1989 film)
15328,label,Reunion (Uhlman novel)
15329,label,Rev. (TV series)
15330,label,Reva Unterman
15331,label,Revelations – The Initial Journey
15332,label,Revolutionary Sonnets and Other Poems
15333,label,Rez Bomb
15334,label,Steven Lewis Simpson
15335,label,Reşat Nuri Güntekin
15336,label,Yaprak Dökümü
15337,label,Yeşil Gece
15338,label,Çalıkuşu
15339,label,Rhapsody of Blood
15340,label,Rhiannon Lassiter
15341,label,Hex (1998 novel)
15342,label,Rhonda Mullins
15343,label,Giles Cooper Award
15344,label,Rhys Hughes
15345,label,Rich Hardbeck
15346,label,Rich and Strange
15347,label,Richard Albrecht
15348,label,Richard Armstrong (writer)
15349,label,Richard B. Cook
15350,label,Richard Ballantyne
15352,label,Richard Bannatyne
15353,label,Richard Blake Brown
15354,label,Samuel Clapham
15355,label,Richard Cabut
15356,label,Richard Carlile
15357,label,Richard Cobb
15358,label,Richard Cobbold
15359,label,Richard Crompton
15360,label,Richard Cyril Hughes
15361,label,Richard Dalziel Graham
15362,label,Richard Dowling (writer)
15363,label,Richard Evans (radio presenter)
15364,label,Richard Farrington
15365,label,Richard Foss
15366,label,Richard Fox (chef)
15367,label,Richard Gordon (Scottish author)
15368,label,Richard Green Moulton
15369,label,Richard Greene (writer)
15370,label,Richard Guest
15371,label,Richard Henry (pseudonym)
15372,label,Richard Humphreys (writer)
15373,label,Richard Huziak
15374,label,Richard James Cross
15375,label,Richard Jebb (journalist)
15376,label,Richard Johnson (16th century)
15377,label,Richard Lancelyn Green
15378,label,Richard Lemarchand
15379,label,Richard Llwyd
15380,label,Richard McDonald Caunter
15381,label,Richard Owain Roberts
15383,label,Richard Percival Lister
15384,label,Richard Reeves (British author)
15385,label,Trafalgar High School (Cape Town)
15386,label,Shaft's Big Score!
15387,label,Richard Seymour (18th-century writer)
15388,label,Richard Slaughter
15389,label,Richard Spencer (journalist)
15391,label,Richard Templar
15392,label,Richard Thacker Morris
15393,label,Richard Walker (angler)
15394,label,Speldhurst
15395,label,Richard van Emden
15397,label,Rick Shiomi
15398,label,Yellow Fever (play)
15399,label,Ricken Patel
15400,label,Ride on Stranger (novel)
15401,label,Riders of the Purple Wage
15402,label,Riders to the Sea (1936 film)
15403,label,Rie Yasumi
15404,label,Rieko Matsuura
15405,label,Rikki Ducornet
15406,label,Rina Ben-Menahem
15407,label,Ring Round the Moon
15408,label,Riot on Redchurch Street
15409,label,Rip It Up and Start Again
15410,label,Shadow of a Dark Queen
15411,label,Rita Bradshaw
15412,label,Rita Joe
15413,label,River Waveney
15414,label,Roanne Bardsley
15415,label,The Rising (TV series)
15417,label,Rob Goldstone
15418,label,Rob Hawthorne (Hollyoaks)
15419,label,Robbie Branscum
15420,label,Robbie the Reindeer
15421,label,Robert A. Johnson (psychotherapist)
15422,label,Robert Adamson (poet)
15423,label,Robert Aickman
15424,label,Robert Alaine
15425,label,Robert Andrews (translator)
15426,label,Robert Austin (divine)
15427,label,Robert Beiny
15428,label,Robert Bisset
15429,label,Robert Black (author)
15430,label,Robert Bloomfield
15431,label,Dramatic Lyrics
15432,label,Dramatis Personæ (poetry collection)
15433,label,The Ring and the Book
15435,label,Robert Bryan (poet)
15436,label,Robert Burns's Commonplace Book 1783–1785
15437,label,Robert Burns's Interleaved Scots Musical Museum
15438,label,Robert Burns World Federation
15440,label,Robert Carruthers
15441,label,Robert Chafe
15442,label,Robert Chambers Jr.
15443,label,Robert Christison (pastoralist)
15444,label,Worms of the Earth
15445,label,Robert Elsmere
15446,label,Robert Fergusson
15447,label,The Pirate's Daughter: A Novel of Adventure
15448,label,The Wrong Doyle
15449,label,Vaporetto 13: A Novel
15450,label,Robert Gregg Bury
15451,label,Robert Heron (writer)
15452,label,Robert Herrick (poet)
15453,label,Robert Huish
15454,label,Robert Ingpen
15455,label,Robert J.C. Stead
15456,label,Robert Keable
15457,label,Robert Kirkman's The Walking Dead: Descent
15458,label,The Walking Dead: The Fall of the Governor
15459,label,Robert Kirkman's The Walking Dead: Search and Destroy
15460,label,Robert Kirkman's The Walking Dead: Return to Woodbury
15461,label,Robert Leeson
15462,label,Robert Lopshire
15463,label,Robert Lyman
15464,label,Robert Maguire (architect)
15465,label,Robert Marriner-Dodds
15466,label,Rock War
15468,label,Robert Nye
15469,label,Robert Pollok
15471,label,Robert Priest
15472,label,Robert Richardson (travel writer)
15473,label,Robert Scott Mylne
15474,label,Seventh Victim
15475,label,Robert Smith (surgeon)
15476,label,Robert Surtees (antiquarian)
15477,label,Robert T. Oliver
15478,label,Robert T. Skinner
15479,label,Robert Talbot (scribe)
15480,label,Robert Tanitch
15481,label,Robert Thomas Allen
15482,label,Robert Thurston Hopkins
15484,label,Robert Tofte
15485,label,Robert Wegner
15486,label,The Patty Duke Show
15488,label,Robert Wilson Lynd
15489,label,Irish literary revival
15490,label,Sylvia Lynd
15491,label,Robert of Chester
15492,label,Roberta Leigh
15493,label,Children's stories
15494,label,"Church of St. Edward the Martyr, Brookwood"
15495,label,Robin Hyde
15496,label,Robin Jenkins
15497,label,Robin Llywelyn
15498,label,Robin Pilcher
15499,label,Robin Saikia
15502,label,Robin Sharma
15503,label,Robina Williams
15504,label,Robinson Elsdale
15505,label,Streamline Pictures
15506,label,Robyn Karney
15507,label,Robyn Sarah
15508,label,Robyn Scott
15509,label,Twenty Chickens for a Saddle
15510,label,Rock & Roll (TV series)
15511,label,Rock Australia Magazine
15512,label,Rock Springs (short story collection)
15513,label,Rocket Man (TV series)
15514,label,Rocky Fortune
15515,label,Rocky Horror Show Live
15516,label,Roderic Dunkerley
15517,label,Roderick Cameron
15518,label,Rory Cameron
15519,label,Roderick Haig-Brown
15520,label,Roderick Hunt
15521,label,Z-Cars
15522,label,Rodney Saint-Éloi
15523,label,Roger Hutchinson (writer)
15524,label,Roger King (novelist)
15525,label,Roger Morris (English writer)
15526,label,Roger Paulin
15527,label,Roger Pilkington (writer)
15528,label,Roger Sabin
15529,label,Rogue Male (1976 film)
15530,label,Rogues' Gallery (TV series)
15531,label,The Roving Party
15532,label,Rohina Malik
15534,label,Roland Everett Jayne
15535,label,Roland Huntford
15536,label,Valentine Penrose
15537,label,Roland Rotherham
15538,label,Roland Vernon
15539,label,Roland Viau
15540,label,RolePlay (play)
15541,label,Song of the Trees
15542,label,Roman Fever
15543,label,Romanitas (novel)
15544,label,Sophia McDougall
15545,label,Ron Butlin
15546,label,Rona Randall
15547,label,Ronald Bergan
15548,label,Ronald Chetwynd-Hayes
15549,label,Ronald Hardy
15550,label,Ronald Lockley
15551,label,The Mango Tree
15553,label,Ronni Ancona & Co
15554,label,Roo
15555,label,The New Adventures of Winnie the Pooh
15556,label,Rooftops of Tehran (novel)
15557,label,Room Service (British TV series)
15558,label,Room at the Bottom (1986 TV series)
15559,label,Room on the Broom (film)
15560,label,Rosa Rankin-Gee
15561,label,Rosalie K. Fry
15562,label,Vaughan Nash
15563,label,Rosamond Joscelyne Mitchell
15565,label,Wogan Philipps
15566,label,Rosamund Stanhope
15567,label,Rose Emma Salaman
15568,label,Rose Macaulay
15569,label,Rose Marie Muraro
15570,label,Orange Prize
15571,label,The Man Who Went Up in Smoke
15572,label,Roseanne Watt
15573,label,Rosemary Hayes
15574,label,Rosemary Manning
15575,label,Rosemary Rogers
15576,label,Rosewater (novel)
15577,label,Tade Thompson
15578,label,Rosie (TV series)
15579,label,Rosie Alison
15580,label,Rosie Thomas (writer)
15581,label,Roslyn Fuller
15582,label,Ross Laidlaw (author)
15583,label,Drumtochty Castle
15584,label,Vera Wülfing-Leckie
15586,label,Ross Welford
15587,label,Rossetti and His Circle
15588,label,Rough Shoot
15589,label,Roumelia Lane
15590,label,Rowan Hisayo Buchanan
15592,label,Rowland White (British writer)
15593,label,The Clairvoyant (TV series)
15594,label,Roy Heath
15595,label,The Murderer (Roy Heath novel)
15596,label,Roy Palmer (folklorist)
15597,label,Roy Peter Martin
15598,label,Roy Ridley
15599,label,Roy Slater
15600,label,Royal Flush (novel)
15601,label,Thomas Haining Gillespie
15602,label,Ruaraidh Erskine
15603,label,Rubicon (novel)
15605,label,Rudston
15606,label,Rudy Kousbroek
15607,label,Rudyard Kipling's Jungle Book
15608,label,Rufaida Umar Ibrahim
15609,label,The River (1951 film)
15610,label,Rumpole's Last Case
15611,label,Rumpole's Return
15612,label,Rumpole Rests His Case
15613,label,Rumpole a La Carte
15614,label,Rumpole and the Age of Miracles
15615,label,Rumpole and the Penge Bungalow Murders
15616,label,Rumpole and the Primrose Path
15617,label,Rumpole of the Bailey (novel)
15618,label,Vicky Jones
15619,label,Run for Your Life (Line novel)
15620,label,Run for Your Life (Patterson novel)
15621,label,Step on a Crack
15622,label,Run for Your Wife (2012 film)
15623,label,Run of the House
15624,label,The Mouse and the Motorcycle
15625,label,Runcible Jones: The Gate to Nowhere
15626,label,The Spoilers (Bagley novel)
15627,label,Running Dog (novel)
15628,label,Running on the Cracks
15629,label,"Rupert Baring, 4th Baron Revelstoke"
15630,label,Rupert Gleadow
15631,label,Rural England (book)
15632,label,Russell Lee (writer)
15633,label,Russell Thornton (writer)
15634,label,"Russia: Revolution and Civil War, 1917—1921"
15635,label,Ruth C. Williams
15636,label,Verity of Sydney Town
15637,label,Ruth Collie
15638,label,Ruth Downie
15639,label,Ruth Dugdall
15640,label,Ruth McKernan
15641,label,Ryad Assani-Razaki
15642,label,Ryoko Sekiguchi
15643,label,Ryuchi Matsuda
15644,label,Réflexions sur la peine capitale
15645,label,Rónán Mac Con Iomaire
15646,label,S. H. Leeder
15647,label,SOS Pacific
15648,label,Sabah Sanhouri
15649,label,Sabotage at Sea
15650,label,Sabrina Sidney
15651,label,William Sitwell
15653,label,Sacred Country
15654,label,Sadler's Birthday
15655,label,The Further Chronicles of Conan
15656,label,Saiichi Maruya
15657,label,Sailing to Byzantium (novella)
15658,label,Sally's Irish Rogue
15659,label,The Tin Princess
15660,label,Sally Nicholls
15661,label,Ways to Live Forever
15662,label,Sally O'Reilly
15663,label,Sally Purcell
15664,label,Sally Wentworth
15665,label,Salomé (1923 film)
15666,label,Saloon Bar
15667,label,Salt Is Leaving
15668,label,Salt Rain (novel)
15669,label,Salute the Toff (novel)
15670,label,Sam Black (public relations)
15671,label,Sam Gindin
15672,label,Sam Kogan
15675,label,Sam Leith
15676,label,Sam Locke
15677,label,Sam Thompson (writer)
15678,label,Samantha Shannon
15679,label,The Bone Season
15680,label,The Priory of the Orange Tree
15681,label,Sampadananda Mishra
15682,label,Samson Rausuk
15683,label,Samuel Archibald (writer)
15684,label,Samuel Boyce
15685,label,Samuel Coleridge-Taylor
15686,label,Samuel Daniel
15687,label,Samuel Edward Cook
15688,label,Samuel Edward Konkin III
15689,label,Samuel Ferguson
15690,label,Samuel Gordon (novelist)
15691,label,Samuel Johnson (Nigerian historian)
15692,label,Samuel Okoye
15693,label,Samuel Pickwick
15694,label,Samuel Rid
15695,label,Samuel Rogers
15696,label,San Demetrio London
15697,label,Sandi Tan
15698,label,Sandkings (novelette)
15699,label,Sandra Gulland
15700,label,Sandra Horn
15701,label,Sandra Shamas
15702,label,Whose Names Are Unknown
15703,label,Santa Olivia
15704,label,Sara (1985 TV series)
15705,label,Sara Banerji
15706,label,Sara Craven
15707,label,Sara Headley
15708,label,Sarah Hedley
15709,label,Sara Wheeler
15710,label,Sara and Hoppity
15711,label,"Sarah, Plain and Tall"
15712,label,Sarah Anne Curzon
15713,label,Sarah Ben-David
15714,label,Sarah Dunant
15715,label,Sarah Fuller Flower Adams
15716,label,Sarah Fyge Egerton
15717,label,Sarah Goldblatt
15718,label,Sarah Haffner
15719,label,Sarah Hilary
15720,label,Sarah Jinner
15721,label,Sarah Lane (theatre manager)
15722,label,Sarah Maguire
15723,label,Sarah Mian
15724,label,Sarah Rees Brennan
15725,label,Sarah Savage
15726,label,Sarah Selecky
15727,label,Sarah Thornhill
15728,label,The Lieutenant (novel)
15729,label,Sarah Woodhouse
15730,label,Saral Sarkar
15731,label,Sarban (author)
15732,label,Sasha Dugdale
15733,label,Sasquatch (novel)
15734,label,Satan's Circus (book)
15735,label,Schumacher College
15736,label,Saved (play)
15737,label,Saving the Appearances
15738,label,Say It with Flowers (novel)
15740,label,The End of Mr. Y
15741,label,Rod Edmond
15742,label,Scherzo with Tyrannosaur
15743,label,Schulmädchen
15744,label,Science Fiction/Double Feature
15745,label,Scion of Ikshvaku
15746,label,Scoop (TV series)
15747,label,The Ghostfaces
15748,label,Scotland Yard (film series)
15749,label,Scott Hastie
15750,label,Scott K. Andrews
15751,label,Scott Nimerfro
15752,label,Scott Timberg
15753,label,Screaming (TV series)
15754,label,Scum (television play)
15755,label,Thunderhead (Shusterman novel)
15756,label,Sea Menace
15757,label,Sea of Sand
15758,label,Sean Longden
15759,label,Seaneen Molloy
15760,label,Seascape (play)
15761,label,Season's Greetings (play)
15762,label,Sebhat Gebre-Egziabher
15763,label,Second Skin (novel)
15764,label,Secret Venture
15765,label,Secrets Worth Knowing
15766,label,The Yellow Leaves
15767,label,"See Ya, Simon"
15768,label,Seebohm Rowntree
15769,label,Seeing Double (2003 film)
15770,label,The Gilded Man
15771,label,Seeker After Truth
15772,label,Seekers (TV series)
15773,label,Seeking a Friend for the End of the World
15774,label,Seesaw (TV series)
15775,label,Sekou Andrews
15776,label,Selima Hill
15778,label,Selina Davenport
15779,label,Selina Hastings (writer)
15780,label,Selina Hastings
15781,label,Selma Vaz Dias
15782,label,Selwyn Griffith
15783,label,Senselessness
15784,label,Separation City
15785,label,Sergio Kokis
15786,label,Sergiusz Piasecki
15787,label,Smuggle
15788,label,Serpent's Reach
15789,label,Serpent (novel)
15790,label,Seven Emus
15791,label,Seven Little Monsters (TV series)
15792,label,Seven Periods with Mr Gormsby
15793,label,Seven Poor Men of Sydney
15794,label,Seventeen Against the Dealer
15795,label,Sexton Blake and the Demon God
15796,label,Sexton Blake and the Mademoiselle
15797,label,Seán Hewitt
15800,label,Seán Jennett
15801,label,Seán Mac Giollarnáth
15802,label,Seán Ó Neachtain (poet)
15803,label,The Way of Shadows
15804,label,Shadow Builder
15805,label,The White Rose (Cook novel)
15806,label,Shadowlands (1985 film)
15807,label,Shadowmarch
15808,label,Shadows Linger
15809,label,Shaft (1971 film)
15811,label,Shahrukh Ki Saliyan
15812,label,Shall the Dust Praise Thee?
15813,label,Shame on Me (memoir)
15814,label,Shame the Devil
15815,label,Shamim Hashimi
15816,label,Shamrock Alley
15817,label,Shana Yardan
15818,label,Shane Leslie
15819,label,The Garden Book
15820,label,Shao Wei (poet)
15821,label,Shari Benstock
15822,label,Umbrella (novel)
15823,label,Sharman Macdonald
15824,label,Will Knightley
15825,label,Sharon Bennett
15826,label,Walk Two Moons
15827,label,Sharon English
15828,label,Sharon McPherson
15829,label,Sharon Tregenza
15830,label,Sharpe (TV series)
15831,label,Sharpe's Ransom
15832,label,Shatter (novel)
15833,label,Shaun the Sheep: The Farmer's Llamas
15834,label,Timmy Time
15835,label,Shauna Singh Baldwin
15836,label,Shaw Neilson
15837,label,She's the Sheriff
15838,label,She (1916 film)
15839,label,She Died Young
15840,label,She Died a Lady
15841,label,She Shall Have Music
15842,label,She Would If She Could
15843,label,The Treasure of the Lake
15844,label,Sheena Blackhall
15845,label,Sheep in the Big City
15846,label,The Off-Beats
15847,label,Sheherazade Goldsmith
15848,label,Sheila Ballantyne
15849,label,Sheila Birtles
15850,label,Sheila Lowe
15851,label,Sheila MacLeod
15852,label,Sheila Stewart (author)
15853,label,Sheila Watson (writer)
15854,label,Sherlock Holmes: The Army of Dr. Moreau
15855,label,Sherlock Holmes: The Breath of God
15856,label,Sheryl James
15857,label,Shiao Yi
15858,label,Trevanian
15859,label,Shigeko Yuki
15860,label,Shinjū (novel)
15861,label,Ship Ahoy! (All the Nice Girls Love a Sailor)
15862,label,The Drowned Cities
15863,label,Shipyard Sally
15864,label,Shirkers
15865,label,The Great Fire (Hazzard novel)
15866,label,Shirley Kaufman
15867,label,Shirley Thomas (USC professor)
15868,label,Shirley Valentine
15869,label,George Catlin (political scientist)
15870,label,Shirley du Boulay
15871,label,Toyoko Yamasaki
15872,label,Shoebox Zoo
15873,label,Shoestring (TV series)
15874,label,Shoggoths in Bloom
15875,label,Shohola Falls
15876,label,Shon Faye
15877,label,Shooters (2002 film)
15878,label,Shopping (novel)
15879,label,Shopping and Fucking
15880,label,Tamai Kobayashi
15881,label,Shriek: An Afterword
15882,label,Shrine (novel)
15883,label,Shulamit Lapid
15884,label,Shūsaku Endō
15885,label,Tourist Trap (TV series)
15886,label,Sibs
15888,label,Whoops Baghdad
15889,label,Sid Jenkins
15890,label,The Man Who Smiled
15891,label,Sideways Arithmetic from Wayside School
15892,label,Sidewise in Time
15894,label,Sidney Oldall Addy
15895,label,Sidney Sheldon's After the Darkness
15896,label,Sidney Sheldon's Mistress of the Game
15897,label,Sidonie Nádherná von Borutín
15898,label,Sign of the Unicorn
15899,label,The Hand of Oberon
15900,label,Silence (1969 play)
15901,label,Silent Interviews
15902,label,Silk Stockings
15903,label,Silly Daddy
15904,label,Silver Blaze (1937 film)
15905,label,Silvertown (drama)
15907,label,Simon Cawkwell
15908,label,Simon Clark (novelist)
15909,label,The 39 Steps (play)
15910,label,Simon Grahame
15911,label,Simon Irvine
15912,label,Simon Jackson (playwright)
15913,label,Simon Kurt Unsworth
15914,label,"Simon Lloyd (priest, born 1756)"
15915,label,Simon Loftus
15916,label,Simon Loxley
15919,label,Simon Sinek
15921,label,Simon Tolkien
15922,label,Simon Toyne
15923,label,Simon Winder
15924,label,Simona Noorenbergh
15925,label,Sinbad (Brookside)
15926,label,Sing to the Dawn
15927,label,Sink or Swim (TV series)
15928,label,Sins of Empire
15929,label,Wrath of Empire
15930,label,Siobhan Roberts
15931,label,Sir Adam Disappeared
15932,label,"Sir Archibald Alison, 1st Baronet"
15933,label,"Sir Charles Petrie, 3rd Baronet"
15934,label,"Sir George Barrow, 2nd Baronet"
15935,label,Sir George Tressady
15936,label,Sir Hereward and Mister Fitz Go to War Again
15937,label,"Sir John Barrow, 1st Baronet"
15938,label,The Box Office Murders
15939,label,"Sir John Waller, 7th Baronet"
15940,label,"Sir Ralph Wedgwood, 4th Baronet"
15941,label,Sirens (2011 TV series)
15942,label,Siwan Davies
15943,label,Siôn Abel
15944,label,Sketch (Skins character)
15945,label,Skinner's Room
15946,label,Skins (American TV series)
15947,label,Skippy Dies
15948,label,Sky (TV serial)
15949,label,Sky West and Crooked
15950,label,Slap Happy Lion
15951,label,Yomi Adegoke
15952,label,Sleuth (1972 film)
15953,label,Sleuth (2007 film)
15954,label,Sleuth (play)
15955,label,Slipstream (1989 film)
15956,label,Small Engine Repair
15957,label,Small Favor
15958,label,Small Island (play)
15959,label,Small Potatoes (1999 TV series)
15960,label,Small g: a Summer Idyll
15961,label,Smallbone Deceased
15962,label,Tinker Tailor Soldier Spy (TV series)
15963,label,Smirt
15964,label,Snake 'n' Bacon
15965,label,Snow Queen (2002 film)
15966,label,Snow in the Desert
15967,label,Snowbound: The Record of a Theatrical Touring Party
15968,label,So Aono
15969,label,So Haunt Me
15970,label,So Many Ways to Begin
15971,label,So Much to Tell You
15972,label,So Totally Emily Ebers
15973,label,Social Creatures
15974,label,Society for Sale
15975,label,Sohan Singh Misha
15976,label,Sol Liptzin
15977,label,Soldiers' Daughters Never Cry
15978,label,Soldiers: A History of Men in Battle
15979,label,Solomon Silberstein
15980,label,Solution by Phone
15981,label,Some Came Running
15982,label,Some Kind of Fairy Tale
15983,label,Some Other Rainbow
15984,label,Someone Like Me (TV series)
15985,label,Someone at a Distance
15986,label,Someone at the Door (1936 film)
15987,label,Someone from the Past
15988,label,Something Borrowed (novel)
15989,label,Something Rotten (Fforde)
15990,label,Something of Myself
15991,label,Sommersby
15992,label,Son of the White Wolf
15993,label,Song of the Mysteries
15994,label,Songs of Innocence and of Experience
15995,label,Sonia Edwards
15996,label,Sophar Rangoon
15997,label,Sophia Hull
16001,label,Sophia Mort
16002,label,Sophie Dora Spicer Maude
16003,label,Sophie Mackintosh
16004,label,Sophie Pitt-Turnbull Discovers America
16005,label,Sorcerer's Son
16006,label,Sordello (poem)
16007,label,Soros: The World's Most Influential Investor
16008,label,They Never Say When
16010,label,Soul Music (TV series)
16011,label,Wyrd Sisters (TV series)
16012,label,Soulmates (play)
16013,label,Timothy Mo
16014,label,Source Decay
16015,label,South Riding (2011 TV series)
16016,label,South of Algiers
16017,label,Southmost Twelve
16018,label,Souvankham Thammavongsa
16019,label,Sowmya Rajendran
16020,label,Space Cats
16021,label,Space Jockey
16022,label,Space Patrol (1962 TV series)
16023,label,Spadena House
16024,label,Speak What We Feel
16025,label,Special Assignments
16026,label,Special Delivery (short story)
16027,label,Specimen Days
16028,label,Speed (novel)
16029,label,Spell My Name with an S
16030,label,Spider (novel)
16031,label,Spies of the Air
16032,label,Spillover (book)
16033,label,Spirit Warriors (TV series)
16034,label,Spooky Swabs
16035,label,Spotted Hemlock
16036,label,The Twenty-Third Man
16037,label,Squadron (TV series)
16038,label,Squire Trelawney
16039,label,"St Mary Magdalene's Church, Stapleford"
16040,label,"St Paul's, Bow Common"
16041,label,Stage Door (play)
16042,label,Staggered (film)
16043,label,Stalingrad (Beevor book)
16044,label,Stalky & Co.
16045,label,Stan Cross
16046,label,Stan Gooch
16047,label,Stands a Shadow
16048,label,Stanford Wong Flunks Big-Time
16049,label,Stanisław Srokowski (writer)
16050,label,Stanley (play)
16051,label,Stanley Manly
16052,label,Stanley Moss
16053,label,Stanley and the Women (novel)
16054,label,"Star Light, Star Bright (short story)"
16055,label,Star Trek: Planet of the Titans
16056,label,Star Wars Republic Commando: Hard Contact
16057,label,Star Wars Republic Commando: Triple Zero
16058,label,Star Wars Republic Commando: True Colors
16059,label,Stardust (magazine)
16060,label,Stars in Shorts
16061,label,Starting Over (2007 film)
16062,label,State of Georgia (TV series)
16063,label,State of the Union (play)
16064,label,Stay Lucky
16065,label,Steel Beach
16066,label,Stefan Wolski
16067,label,Stella Duffy
16068,label,Stella Fregelius
16069,label,Stephan Collishaw
16070,label,Stephen Barber (writer)
16071,label,Stephen Eyton
16072,label,Stephen Finucan
16073,label,Stephen Gold
16075,label,Stephen Jones (journalist)
16077,label,Stephen MacKenna
16078,label,Stephen Maybery
16079,label,Stephen Reid (writer)
16080,label,Stephen Roodhouse Gloyne
16082,label,Stephen Wakelam
16083,label,Stepping Out (play)
16084,label,Sterling E. Lanier
16085,label,Steve Antony
16086,label,Steve Aylett
16087,label,Steve Harris (writer)
16088,label,Steve Madge
16089,label,Steve Stanton
16090,label,Steve Voce
16091,label,The Zookeeper's War
16092,label,Steven Downes
16093,label,Steven Edward McDonald
16094,label,Steven Harris (cartoonist)
16095,label,Steven Heighton
16096,label,Steven Rea
16098,label,Stevie Davies
16099,label,Stevie Smith
16100,label,Stewart Ferris
16101,label,Stick (film)
16102,label,Still Standing (American TV series)
16103,label,Stitch & Ai
16104,label,Stone Butch Blues
16105,label,Stoned (film)
16106,label,Storm Warning (Park novel)
16107,label,Stormbringer (novel)
16108,label,Stormrider
16109,label,Story of Your Life
16110,label,Story of the Negro
16111,label,Storybook Dads
16112,label,Strafford (play)
16113,label,Straight White Men
16114,label,Stranger to the Sun
16115,label,Strawhead
16116,label,Streamline (character)
16117,label,Street People (film)
16118,label,Street and Lane
16119,label,Street of Dreams (musical)
16120,label,Strong Motion
16121,label,Stronghold (novel)
16122,label,Sunrunner's Fire
16123,label,Strongroom (film)
16124,label,Strumpet (film)
16125,label,The Army of the Republic
16126,label,Stuart Kelly (literary critic)
16127,label,Stuart MacGregor
16128,label,Stuart Pigott
16129,label,Stuart Reid (Scottish historical writer)
16130,label,Stuart Turton
16131,label,Suburban Strains
16132,label,Such Interesting Neighbors
16133,label,Such Is Life (1936 film)
16134,label,Sue Chandler
16135,label,Sue Hubbard
16137,label,Sue Johanson
16138,label,Sue Palmer
16139,label,Suffian Hakim
16140,label,Sugar Daddies (play)
16141,label,Sugar Girl
16142,label,Sulpicio Osório
16143,label,Summerland (novel)
16144,label,Summertime (1919 play)
16145,label,Sumuru
16146,label,Sun and Shadow (short story)
16147,label,Sun of Suns
16148,label,Sunburn (TV series)
16149,label,Sundays at Tiffany's
16150,label,Sundry Creditors
16151,label,Sunjeev Sahota
16152,label,Sunshine Susie
16153,label,Super-Neutron
16154,label,Superman II: The Richard Donner Cut
16155,label,Supermarket Direct
16156,label,Vidyapati
16157,label,Surrender (novel)
16158,label,Susan Beatrice Pearse
16159,label,Susan Doran
16160,label,Susan E. Connolly
16161,label,Susan Edmonstone Ferrier
16162,label,"Thomas ""Scotch Tom"" Nelson"
16163,label,Susan Hillmore
16164,label,Susan Holbrook
16165,label,Susan Mallery
16166,label,Susan Rasky
16167,label,The Wives of Bath
16168,label,Susan Yuzna
16169,label,Susanna Blamire
16170,label,Susanna Moodie
16171,label,Susanna Roxman
16172,label,Susanna Watts
16173,label,Susanna Whatman
16174,label,Susannah Dickey
16175,label,Susannah Morrisey
16176,label,Susannah Stacey
16177,label,Susanne Kappeler
16178,label,Susie Steiner
16179,label,Tom Happold
16181,label,Susie Wild
16182,label,Suspect (1960 film)
16183,label,Suzannah Olivier
16184,label,Suzanne Enoch
16185,label,Suzanne Fagence Cooper
16186,label,Suzanne Francis
16187,label,Suzanne Lamy
16188,label,Suzette Mayr
16189,label,Suzi Brent
16190,label,Suzy Enoch
16191,label,Sven Berlin
16192,label,Svetlana Ischenko
16193,label,Swallow (novel)
16194,label,Swallows and Amazons Forever!
16195,label,Swann: A Mystery
16196,label,Swarm (novelette)
16197,label,Sweeney 2
16198,label,Sweeney Agonistes
16199,label,Sweet Adelaide
16200,label,Sword Quest
16201,label,Sword of Gideon
16202,label,Swords Against the Shadowland
16203,label,Swords and Crowns and Rings
16204,label,Warrior of Scorpio
16205,label,Sybella Mary Crawley-Boevey
16206,label,Sybil Claiborne
16207,label,Sybil Tawse
16208,label,Sydney Montagu Samuel
16209,label,Sydney Thompson Dobell
16210,label,Sydor Rey
16211,label,Sylvain Neuvel
16212,label,Sylvia (opera)
16213,label,Sylvia Haymon
16214,label,Sylvia Kantaris
16215,label,Sylvia Leith-Ross
16216,label,Sylvia Thompson
16218,label,Synthia Saint James
16219,label,Séamus Ó Grianna
16220,label,Séamus Ó Súilleabháin
16221,label,Sítio do Picapau Amarelo (1977 TV series)
16222,label,Sławomir Mrożek
16224,label,The Waste Land
16225,label,Valerie Eliot
16226,label,Vivienne Haigh-Wood
16227,label,T C Ivens
16228,label,Tabish Dehlvi
16229,label,Tabitha Suzuma
16231,label,Tabitha Twitchit
16232,label,Tailchaser's Song
16233,label,Tadpole's Promise
16234,label,The Sand Child
16235,label,Tahereh Saffarzadeh
16236,label,The Bones of Grace
16237,label,Take It from Here
16238,label,Take Me Back to Dear Old Blighty
16239,label,Take My Life (novel)
16240,label,Take Three Girls
16241,label,Taking Steps
16242,label,Talbot Baines Reed
16243,label,Tales of Zorro
16244,label,The Exploits of the Incomparable Mulla Nasrudin
16246,label,Talia Rahimi
16247,label,Talisman (board game)
16248,label,Talk About Jacqueline
16249,label,Tall in the Saddle
16250,label,Tamar Yellin
16251,label,Tamara Thorne
16252,label,Taming a Sea-Horse
16253,label,Tamsin (novel)
16254,label,Tancred and Sigismunda
16255,label,Tangye Lean
16256,label,Tanita S. Davis
16257,label,Tara Lee Morin
16258,label,Tara Stevens
16259,label,Target (British TV series)
16260,label,Tarnished Heisman
16261,label,Tarzan Triumphant
16262,label,Tasos Vidouris
16263,label,Taste the Blood of Dracula
16264,label,Tat Wood
16265,label,Tatsuzō Ishikawa
16266,label,Teachers (2006 TV series)
16267,label,Teachers (British TV series)
16268,label,Team Yankee
16269,label,Tower of Babylon (story)
16270,label,Ted Hooper
16271,label,Ted Walker
16272,label,Teddy Montgomery
16273,label,Telex from Cuba
16274,label,Telford's Change
16275,label,Telford Waugh
16276,label,Tell No One (novel)
16277,label,Telling the Truth
16278,label,Template (novel)
16279,label,Ten from Tomorrow
16280,label,Tenderness (novel)
16282,label,Teresa Southwick
16283,label,Terminal (Tunnels novel)
16284,label,Terra Ignota
16288,label,Terry Harknett
16289,label,Terry Pratchett's Going Postal
16290,label,Terry Scales (painter)
16291,label,Teréza Nováková
16292,label,Tess Hurson
16293,label,Tess Uriza Holthe
16294,label,Testament of Youth
16295,label,Testament of Youth (film)
16296,label,Tetsuya Ishikawa
16297,label,Tex Geddes
16298,label,Texas Fists
16299,label,Thank Your Lucky Stars (TV series)
16300,label,"Thanks a Lot, Milton Jones!"
16301,label,Thanksgiving (novel)
16302,label,That's Life (1998 TV series)
16303,label,That's Not Me (The Beach Boys song)
16304,label,That Hamilton Woman
16305,label,That Only a Mother
16306,label,That Pesky Rat
16307,label,That Rabbit Belongs to Emily Brown
16308,label,Thatcher: The Final Days
16309,label,The 10th Kingdom
16310,label,The 43 Antarean Dynasties
16311,label,The Monastery
16312,label,The Accidental Sorcerer
16313,label,The Acolyte (TV series)
16314,label,The Act of Creation
16315,label,The Addams Family (1964 TV series)
16316,label,The Adventurers (1951 film)
16317,label,Tobias Smollett
16318,label,The Adventures of Lucky Pierre (novel)
16319,label,The Adventures of Shirley Holmes
16320,label,The Adventures of Super Diaper Baby
16322,label,The Adventures of Twizzle
16323,label,Zikmund Winter
16324,label,The After-Dinner Joke
16325,label,The Agronomist
16326,label,The Akhenaten Adventure
16327,label,The Blue Djinn of Babylon
16328,label,The Alan Davies Show
16329,label,The Alphabet of Grace
16330,label,The Hungering Dark
16331,label,The Altar of the Dead
16332,label,The Amazing Nero Wolfe
16333,label,The Shadowers
16334,label,The American (2010 film)
16335,label,The American Heiress
16336,label,The Amorous Old Woman
16337,label,The Anarchy (book)
16338,label,The Angelus (film)
16339,label,The Animals in That Country (novel)
16340,label,The Infiltrators
16341,label,The Antipope
16342,label,The Appeal of Fascism
16343,label,The Applicant (poem)
16344,label,The Arab's Mouth
16345,label,The Arabian Nights Murder
16346,label,To Wake the Dead
16347,label,The Argonauts of the Air
16349,label,The Army of a Dream
16350,label,The Arsenal Stadium Mystery
16351,label,The Late Show (1986 talk show)
16352,label,The Art of Cookery Made Plain and Easy
16353,label,The Artificial Nigger
16354,label,The Artist of the Beautiful
16355,label,The Ascent of Rum Doodle
16356,label,The Ashram
16357,label,The Audience (2013 play)
16358,label,The Autocracy of Mr. Parham
16359,label,The Awl
16360,label,The Bad Companions
16361,label,The Bad Girl's Guide
16362,label,The Bane Chronicles
16363,label,The Bank Raiders
16364,label,The Bargain (1931 film)
16365,label,The Bars of Iron
16366,label,The Barsac Mission
16367,label,The Basil Brush Show
16368,label,The Baskervilles
16369,label,The Bass Rock
16370,label,The Bat (play)
16371,label,The Bath Fugues
16372,label,The Battle for Spain
16373,label,The Tournament at Gorlan
16374,label,The Battle of Hastings (play)
16375,label,The Battle of the Books
16376,label,The Bawdy Adventures of Tom Jones
16377,label,The Beach of Dreams
16378,label,The Bear Who Slept Through Christmas
16379,label,The Beast (1988 film)
16380,label,The Beautiful Suit
16381,label,The Beautiful Things That Heaven Bears
16382,label,The Bed and Breakfast Star
16383,label,The Bedford Handbook
16384,label,The Bedroom Secrets of the Master Chefs
16385,label,The Bedsitting Room (play)
16386,label,The Beggar's Daughter of Bethnal Green
16387,label,The Beiderbecke Affair
16388,label,The Beiderbecke Tapes
16389,label,The Beiderbecke Connection
16391,label,The Best Christmas Ever (story)
16392,label,The Rosie Effect
16393,label,The Big Day (1960 film)
16394,label,The Big Four (novel)
16395,label,The Big Front Yard
16396,label,The Big Green
16397,label,The Big One (TV series)
16398,label,The Big Over Easy
16399,label,The Big Picture: Who Killed Hollywood? and Other Essays
16400,label,The Big Splash
16401,label,The Birth of Venus (novel)
16402,label,The Birth of the Clinic
16403,label,The Birthday Party (1968 film)
16404,label,The Birthplace
16405,label,The Black Robe
16406,label,The Black Spectacles
16407,label,The Problem of the Wire Cage
16408,label,The Black Stone
16409,label,The Black Swan (Sabatini novel)
16410,label,The Blackheath Poisonings
16411,label,The Blackhouse
16412,label,The Blessing (novel)
16413,label,The Eight of Swords
16414,label,The Bloody Chamber
16415,label,The Blue Angel (1959 film)
16416,label,The Blue Bird (1910 film)
16417,label,The Cobra King of Kathmandu
16418,label,The Blue Lagoon (1949 film)
16419,label,The Bob Dylan Encyclopedia
16420,label,The Body in Question
16421,label,The Bone Flute
16422,label,The Mime Order
16423,label,The Book Thief
16424,label,The Book Tower
16425,label,The Book of Ahania
16426,label,The Book of Bond
16427,label,The Book of Secrets (novel)
16428,label,The Book of the Book
16429,label,The Pleasantries of the Incredible Mulla Nasrudin
16430,label,Wisdom of the Idiots
16431,label,The Borgia Testament
16432,label,The Borribles: Across the Dark Metropolis
16433,label,The Borribles Go For Broke
16434,label,The Bottle Factory Outing
16435,label,The Boy Who Fell into a Book
16436,label,The Boys in the Island
16437,label,The Bracelet (novel)
16438,label,The Brave Don't Cry
16439,label,The Professor of Desire
16440,label,The Bride of Newgate
16441,label,The Bridges at Toko-Ri
16442,label,The Brief and Frightening Reign of Phil
16443,label,The Broken Kingdoms
16444,label,The Hundred Thousand Kingdoms
16445,label,The Broken Shore
16446,label,The Broom of the System
16447,label,The Brunist Day of Wrath
16448,label,The Origin of the Brunists
16449,label,The Buccaneers (TV series)
16450,label,The Bull Dog Breed
16451,label,The Bulpington of Blup
16452,label,The Bunce
16453,label,The Bunker (2001 film)
16454,label,The Burden of Proof (Barlow novel)
16455,label,The Burning Bridge
16456,label,The Ruins of Gorlan
16457,label,"The Bushrangers, a Play in Five Acts, and Other Poems"
16458,label,The Butler's Dilemma
16459,label,The Cabinet of Dr. Caligari (2005 film)
16460,label,The Calendar (1931 film)
16461,label,The Callbox Mystery
16462,label,The Canterville Ghost (1996 film)
16463,label,The Capone Investment
16464,label,The Captain and the Enemy
16465,label,The Captive Heart
16466,label,The Caramel Crisis
16467,label,The Cardturner
16468,label,The Caretaker
16469,label,The Caretaker (film)
16470,label,The Carved Lions
16471,label,The Case of Charles Peace
16472,label,The Case of Gabriel Perry
16473,label,The Case of Richard Meynell
16474,label,The Man Who Could Not Shudder
16475,label,The Fashion in Shrouds
16476,label,The Cask
16477,label,Thomas Constable (printer and publisher)
16478,label,The Casual Vacancy (miniseries)
16479,label,The Cat's Table
16480,label,The Census Taker
16481,label,W. Gordon Smith
16482,label,The Centurions (Lartéguy novel)
16483,label,The Chair Plays
16484,label,The Challenge (1938 film)
16485,label,The Champion of Paribanou
16486,label,The Changes (TV series)
16487,label,The Chantic Bird
16489,label,The Venetian Betrayal
16490,label,The Charmer (TV series)
16491,label,The Chelsea Murders
16492,label,The Chicken Song
16493,label,The Children in Room E4
16494,label,The Children of Dynmouth
16495,label,The Children of the Night
16496,label,The Chinese Detective
16497,label,The Chinese State in Ming Society
16498,label,The Christmas Princess
16499,label,The Christmas Truce (play)
16500,label,The Chronic Argonauts
16501,label,The Circus of Dr. Lao
16505,label,The Class (Erich Segal novel)
16506,label,The Clerkenwell Tales
16507,label,The Clown in the Belfry
16508,label,The Secret in the Old Attic
16509,label,The Secret of Red Gate Farm
16510,label,The Clue in the Old Album
16511,label,The Secret of the Golden Pavilion
16512,label,The Secret of the Wooden Lady
16513,label,The Clue of the Tapping Heels
16514,label,The Haunted Bridge
16515,label,The Day of the Djinn Warriors
16516,label,The Coca-Cola Kid
16517,label,The Cocktail Party
16519,label,The Cold Room
16520,label,Wayne Johnston (writer)
16521,label,The Colossus of Arcadia
16522,label,The Colour
16523,label,The Colour of Murder
16524,label,The Comfort of Strangers (film)
16525,label,The Comforts of Home
16526,label,The Comical Revenge
16527,label,The Commanding Self
16528,label,The Committed Men
16529,label,The Company of Wolves
16530,label,The Compulsory Husband
16531,label,The Conduct of Major Maxim
16532,label,The Cone
16533,label,The Confessions of Mycroft Holmes: A Paper Chase
16534,label,The Confessor (novel)
16535,label,The Constant Couple
16536,label,The Constant Husband
16537,label,The Contractor (2007 film)
16538,label,The Conversations at Curlow Creek
16539,label,The Copper Gauntlet
16540,label,The Coral Island
16541,label,The Cornhill Magazine
16542,label,The Coroner's Lunch
16543,label,The Country Life
16544,label,The Country Mouse and the City Mouse: A Christmas Tale
16545,label,The Country of the Blind and Other Stories
16546,label,The Court of Last Resort
16548,label,The Coxon Fund
16549,label,The Crime Doctor's Strangest Case
16550,label,The Crime of Laura Sarelle
16551,label,The Secret of Mirror Bay
16552,label,The Crooked Billet
16553,label,The Crooked Snake
16554,label,The Croquet Player
16555,label,The Riddle (novel)
16556,label,The Crown of Dalemark
16557,label,The Crowning Touch
16558,label,The Crozier Pharaohs
16559,label,The Cruise of the Dazzler
16560,label,The Crystal Egg
16561,label,The Cupboard Under the Stairs
16562,label,Zahid Hussain (author)
16563,label,The Da Vinci Code (play)
16564,label,The Dagwort Coombe Murder
16565,label,The Daily Alta California
16566,label,The Daily News (UK)
16567,label,The Dangerous Book for Boys
16568,label,The Daring Young Man on the Flying Trapeze (short story collection)
16569,label,The Dark Eyes of London (film)
16570,label,The Dark Frontier
16571,label,The Dark Stairway (1953 film)
16572,label,The Dark Street
16573,label,The Darkest Road
16574,label,The Daughter of Erlik Khan
16575,label,The Day's Work
16576,label,The Day I Swapped My Dad for Two Goldfish
16577,label,The Day Will Dawn
16578,label,The Eye of the Forest
16579,label,The Day the Music Died (radio programme)
16580,label,The Days of My Life
16581,label,The Dead (story)
16582,label,The Deadly Game (1982 film)
16583,label,The Death Kiss
16584,label,The Death of the Lion
16585,label,The Decameron
16586,label,The Deemster (1917 film)
16587,label,The Deep (short story)
16588,label,The Delivery Man (TV series)
16589,label,The Demon's Lexicon
16590,label,The Dermis Probe
16591,label,The Devil's Agent
16592,label,The Devil's Hour
16593,label,Tom Moran
16594,label,The Redeemer (novel)
16595,label,The Devil and the Deep Sea
16596,label,The Devil in Velvet
16597,label,The Diamond Maker
16598,label,The Diary of Anne Frank (play)
16599,label,The Diary of the Rose
16600,label,The Dick Van Dyke Show
16601,label,The Diplomat (novel)
16602,label,The Disappearance of Azaria Chamberlain
16603,label,The Disappointment (play)
16604,label,The Sea Lady
16605,label,The Disintegration Machine
16606,label,When the World Screamed
16607,label,The Displaced Person
16608,label,The District Nurse
16609,label,William Ingram (writer)
16610,label,Yōko Ogawa
16611,label,The Doating Lovers
16612,label,The White Lioness
16613,label,"The Doors of His Face, The Lamps of His Mouth"
16614,label,The Dorrington Deed-Box
16615,label,The Double Life of Mr. Alfred Burton (novel)
16616,label,The Great Hunt
16617,label,The Shadow Rising
16618,label,The Dragons of Babel
16619,label,The Dragonsitter
16620,label,The Drayton Case
16621,label,The Dream (novel)
16622,label,The Dreamers (2003 film)
16623,label,The Dreaming City
16624,label,The Dreamseller
16625,label,The Tree of Swords and Jewels
16628,label,The Drew Carey Show
16629,label,The Driver's Seat (film)
16630,label,The Drop (film)
16631,label,The Drum (1938 film)
16632,label,The Dumb Waiter
16633,label,The Dummy Talks
16634,label,The Dustbinmen
16635,label,The Dweller in High Places
16636,label,The Dyehouse
16637,label,The Dyke and the Dybbuk
16639,label,The Eccentric Lover
16640,label,The Edge O' Beyond
16641,label,The Edge of Love
16642,label,The Egg (de Camp short story)
16643,label,The Eichmann Show
16644,label,The Eldest Son
16645,label,The Electric Grandmother
16646,label,The Elephant in the Dark (book)
16647,label,The Magic Monastery
16648,label,The Eleventh Commandment (1933 film)
16649,label,The Eleventh Commandment (play)
16650,label,The Eleventh Hour (book)
16651,label,The Lost Stories
16652,label,The Empire (play)
16653,label,The Third Man
16654,label,The End of the Line (1957 film)
16655,label,The Ends of the Earth (play)
16656,label,The Enduring Chill
16657,label,The Enemy (short story)
16658,label,The Kill Artist
16659,label,The English Girl
16660,label,The Entertainer (film)
16661,label,The Epicurean
16662,label,Thomas Moore
16663,label,The Erstwhile
16664,label,The Vorrh
16665,label,The Essence of the Thing
16666,label,The Essential Shinran
16667,label,The European (2009 magazine)
16668,label,The Everafter War
16669,label,The Everlasting Secret Family
16670,label,The Evil Shepherd
16671,label,The Evolution of Human Science
16672,label,The Expedition of Humphry Clinker
16673,label,The Expert (TV series)
16674,label,The Exploding Detective
16675,label,The Mysterious Benedict Society (book)
16676,label,The Eye of Heaven
16677,label,The Mayan Secrets
16678,label,The Eye of the Storm (novel)
16679,label,The Ezekiel Option
16680,label,The Face (Koontz novel)
16681,label,The Face on the Milk Carton
16682,label,The Faces of Jesus
16683,label,The Facts of Life (Joyce novel)
16684,label,To Every Man a Penny
16685,label,The Fairy-Tale Detectives
16686,label,The Unusual Suspects (novel)
16687,label,The Fake (1953 film)
16688,label,The Falcon of Sparta
16689,label,The Fall (Nix novel)
16690,label,The Fall of the Pagoda
16691,label,The Fallen Idol (film)
16692,label,The Fallen Ones
16693,label,The False One
16694,label,The Family Fang
16695,label,The Family Law
16696,label,The Fashionable Lover
16697,label,The Fatal Discovery
16698,label,The Fatal Marriage
16699,label,The Fates of the Princes of Dyfed
16700,label,The Fatwa Girl
16701,label,The Place at Whitton
16702,label,The Feeling of Power
16703,label,The Ferguson Rifle
16704,label,The Fidget
16705,label,The Field Bazaar
16706,label,The Fierce Dispute
16707,label,The Fighting Prince of Donegal
16708,label,The Figure in the Carpet
16709,label,The Final Storm (Shaara novel)
16710,label,The Fire Gospel
16711,label,The Fire that Consumes
16712,label,The Firework-Maker's Daughter
16713,label,The Firm (1989 film)
16714,label,The First Commandment (novel)
16715,label,The First Death
16716,label,The First Gentleman (play)
16717,label,The First Lady (British TV series)
16718,label,The First Lady Brendon
16719,label,The Grass Crown (novel)
16720,label,The First Team (TV series)
16721,label,The First Tycoon
16722,label,The Fishermen (Obioma novel)
16723,label,The Five-Storied Pagoda
16724,label,The Fixer (1968 film)
16725,label,The Strange Case of Rachel K
16726,label,The Flaw (1933 film)
16727,label,The Flaw (1955 film)
16728,label,The Flaxton Boys
16729,label,The Flesh and the Fiends
16730,label,The Flight Attendant (novel)
16731,label,The Foreman Went to France
16732,label,The Forest of Peldain
16733,label,The Forgiven (2021 film)
16734,label,The Forsyte Saga (1967 TV series)
16735,label,The Forsyte Saga (2002 TV series)
16736,label,The Four-Chambered Heart
16737,label,The Four Fundamental Concepts of Psychoanalysis
16738,label,The Fourposter
16739,label,The Fourteenth Day
16740,label,The Fourth Arm (TV series)
16741,label,The Fourth of June
16742,label,The French Lieutenant's Woman (film)
16743,label,The Frightened Lady (1932 film)
16744,label,The Fringe Dwellers (novel)
16745,label,The Front Line (British TV series)
16746,label,The Frontier Trilogy
16747,label,The Frozen Deep
16748,label,The Fruit at the Bottom of the Bowl
16749,label,The Fun They Had
16750,label,The Key to Midnight
16751,label,The Furies (1930 film)
16752,label,The Furious Masters
16753,label,The Further Adventures of Lucky Jim
16754,label,The Future in America
16755,label,The Gadget (novel)
16756,label,The Gambler (Bacigalupi story)
16757,label,The Game (Jones novel)
16758,label,The Game (play)
16759,label,The Games Machine
16760,label,The Gamester (novel)
16761,label,The Gang That Couldn't Shoot Straight (novel)
16762,label,The Garden of Allah (novel)
16763,label,The Gate House
16764,label,The Gate of Angels
16765,label,The Gatekeeper (novel series)
16767,label,The Gaze of the Gorgon
16768,label,The Geddes Burns
16769,label,The General (Sillitoe novel)
16770,label,The Genesis Children
16771,label,The Gentle Gunman (play)
16772,label,The Gentle Vultures
16773,label,The Ghost Belonged to Me
16774,label,The Ghost Goes West
16775,label,The Ghost Kings
16776,label,The Ghost in the Machine
16777,label,The Gilded Cage (1955 film)
16778,label,The Girl Most Likely
16779,label,The Girl Next Door (Ketchum novel)
16780,label,The Girl in the Picture (1985 film)
16781,label,The Girl in the Polka Dot Dress
16782,label,The Girl on the Pier
16783,label,The Giver of Stars
16784,label,The Glass House (novel)
16785,label,The Glass Lake
16786,label,The Glory
16787,label,The Gnomes of Dulwich
16788,label,The God is Not Willing
16789,label,The Gold at the Starbow's End
16790,label,The Golden Age (London novel)
16792,label,The Golden Key (novel)
16793,label,The Golden Pebble
16794,label,The Widow of Bath
16795,label,The Golden Web (novel)
16796,label,The Good Companions (1933 film)
16797,label,The Good Life (1994 TV series)
16798,label,The Good People
16799,label,The Gospel According to Larry
16800,label,The Grand Wheel
16801,label,The Grapes of Wrath (play)
16802,label,The Grass-Cutting Sword
16803,label,The Great American Novel (Roth novel)
16804,label,The Great American Pastime
16805,label,The Great Boer War
16806,label,The Great Bridge (book)
16807,label,The Johnstown Flood (book)
16808,label,The Great Fetish
16809,label,The Great Fire of London (novel)
16810,label,The Great Good Place (short story)
16811,label,The Great Lover (1949 film)
16812,label,The Great Prince Shan (novel)
16813,label,The Great South Land: An Epic Poem
16814,label,William Le Queux
16815,label,The Great Wheel
16816,label,The Great Zoo of China
16817,label,The Greatest Asset
16818,label,The Greatest Mother of 'em All
16819,label,The Greek Myths
16820,label,The Green Bay Tree
16821,label,The Green Carnation (film)
16822,label,The Green Cockatoo
16823,label,The Green Helmet
16825,label,The Green Pastures (film)
16826,label,The Green Round
16827,label,The Grinch Grinches the Cat in the Hat
16828,label,The Grisly Wife
16829,label,The Grove of Eagles
16830,label,The Gruffalo's Child
16831,label,The Gruffalo's Child (film)
16832,label,The Gruffalo (film)
16833,label,The Guardian (1990 film)
16834,label,The Gustav Sonata
16835,label,The Guts (novel)
16836,label,The Gutting of Couffignal
16837,label,The Hair of Harold Roux
16838,label,The Hairstons
16839,label,The Halfway House
16840,label,The Hamilton Case
16841,label,The Hammer and the Cross
16842,label,The Sniper (novel)
16843,label,The Hand That First Held Mine
16844,label,The Hand of Night
16845,label,The Handmaid's Tale (film)
16846,label,The Hands of Orlac (1924 film)
16847,label,The Hanging Captain
16848,label,The Hanna-Barbera Happy Hour
16849,label,The Happy Breed
16850,label,The Happy Hypocrite
16851,label,The Happy Road
16852,label,The Hard Times of RJ Berger
16853,label,The Hardys Ride High
16854,label,The Harrad Experiment
16855,label,The Harry Hill Movie
16856,label,The Haunted Palace
16857,label,The Hidden Window Mystery
16858,label,The Haunter of the Ring
16859,label,The Hawk Eternal
16860,label,The Hazing
16861,label,The Headless Cupid
16862,label,The Heart of the Matter (film)
16863,label,The Heaven Shop
16864,label,The Heist (Silva novel)
16865,label,The Hellfire Club (film)
16866,label,The Hellions
16867,label,The Hibited Man
16868,label,The High Sheriff
16869,label,The Highly Effective Detective
16870,label,The Hired Hand
16871,label,The History of Mr Polly
16872,label,The Hitch-Hiker (short story)
16873,label,The Hitchhiker's Guide to the Galaxy (TV series)
16874,label,The Hitchhiker's Guide to the Galaxy (radio series)
16875,label,The Hollow Chocolate Bunnies of the Apocalypse
16876,label,The Hollow Tree
16877,label,The Hollywood Takes
16878,label,The Holy Terror (Wells novel)
16879,label,The Homecoming
16880,label,The Homecoming (film)
16881,label,The Homeward Bounders
16882,label,The Hoober-Bloob Highway
16883,label,The Hook Up Plan
16884,label,The Horror from the Hills
16885,label,The Hothouse
16887,label,The House (TV series)
16888,label,The House Opposite (1931 film)
16889,label,The House of Milton Jones
16890,label,The House of Thunder
16891,label,The House of the Wolf
16892,label,The Howling
16893,label,The Howling II (novel)
16894,label,The Howling III: Echoes
16895,label,The Human Angle
16896,label,The Human Comedy (novel)
16897,label,The Hunchback of Notre Dame (1976 film)
16898,label,The Hundred Tales of Wisdom
16899,label,The Hundredth Chance (novel)
16900,label,The Hungry Tide
16901,label,The Hunters (Brotherband)
16902,label,The Husband
16903,label,The Ice Cream Girls
16904,label,The Ice Palace (short story)
16905,label,The Idea of Perfection
16906,label,The Illustrated Weekly of India
16907,label,The Imaginary Cuckold
16908,label,The Imam and the Indian
16909,label,The Immortals (Barjavel novel)
16910,label,The Impressionist
16911,label,The Incorporated Knight
16912,label,The Inevitable Millionaires
16913,label,The Infamous Lady
16914,label,The Infernal
16915,label,The Infernal Desire Machines of Doctor Hoffman
16916,label,The Last Star (novel)
16917,label,The Ink Thief
16918,label,The International (play)
16919,label,The Interpretation of Murder
16920,label,The Interpreter (Kim novel)
16921,label,The Interpreters (novel)
16922,label,The Intimidators
16923,label,The Intriguers
16924,label,The Intruders (novel)
16925,label,The Inventors (novel)
16926,label,The Invisible Man Returns
16927,label,The Iron Dragon's Daughter
16928,label,The Island of Doctor Agor
16929,label,The Island of Sea Women
16930,label,The Ivory Child
16931,label,The Japanese Lover
16932,label,The Jewbird
16933,label,The Jimmy Timmy Power Hour
16934,label,The Jolly Corner
16935,label,The Ten Teacups
16936,label,The Judge's List
16937,label,The Killing Moon (novel)
16938,label,The Killing of Sister George (film)
16939,label,The King's Daughter
16940,label,The King of the Foxes
16941,label,The Tombs (novel)
16942,label,The Slip-Carriage Mystery
16943,label,The Kit Curran Radio Show
16944,label,The Knowledge (film)
16945,label,The Kumars at No. 42
16946,label,The Lab (novel)
16947,label,The Lady from Long Acre
16948,label,The Lady in the Car with Glasses and a Gun (1970 film)
16949,label,The Lady of Blossholme
16950,label,The Lady of Glenwith Grange
16951,label,The Lady of the Lake (film)
16952,label,The Lady of the Shroud
16953,label,The Lair of the White Worm
16954,label,The Lame Dog Man
16955,label,The Land Ironclads
16956,label,The Land of Painted Caves
16957,label,The Shelters of Stone
16958,label,The Land of Sunshine
16959,label,The Last Cuentista
16960,label,The Last Days on Mars
16961,label,The Last Detective
16962,label,The Last Dragonslayer
16963,label,The Song of the Quarkbeast
16964,label,The Last Inch
16965,label,The Last Kingdom
16966,label,The Pale Horseman
16967,label,The Last Legion
16968,label,The Last Man on Earth (1964 film)
16969,label,The Last Sherlock Holmes Story
16970,label,The Last Sin Eater
16971,label,The Last Song (TV series)
16972,label,The Last Testament of Oscar Wilde
16973,label,The Last Thing He Told Me
16974,label,The Last Times
16975,label,The Last Tycoon (1976 film)
16976,label,The Last Wolf
16977,label,The Last Word (Knight short story)
16978,label,The Last of the Baskets
16979,label,The Law and the McLaughlins
16980,label,The Lazarus Heart (novel)
16981,label,The Rubber Band
16982,label,The Legacy (1978 film)
16983,label,Winter Warriors
16984,label,The Legend of Zelda (TV series)
16985,label,The Legend of the Lost Keys
16987,label,Tonke Dragt
16988,label,The Liberation of Earth
16989,label,The Life and Times of Eddie Roberts
16990,label,The Light upon the Candlestick
16991,label,William Ames (Quaker)
16992,label,"The Lion, the Witch and the Wardrobe (1979 film)"
16993,label,"The Lion, the Witch and the Wardrobe (1988 TV serial)"
16994,label,The Lion Who Saw Himself in the Water
16995,label,The Lion and the Lamb (novel)
16996,label,The Lion in Love (play)
16997,label,The Litmore Snatch
16998,label,The Little Ballerina
16999,label,The Living Edens
17000,label,The Living Reed
17001,label,The Loneliness of the Long-Distance Runner
17002,label,The Long Pursuit
17003,label,The Long Song (TV series)
17004,label,The Longer Bodies
17005,label,The Longest Day (film)
17006,label,The Lorax (TV special)
17007,label,The Lord of the Rings (1981 radio series)
17008,label,The Merchant of Death
17009,label,The Lost Fleet: Dauntless
17010,label,The Lost People
17011,label,The Lottery (Beth Goobie)
17012,label,The Lotus and the Robot
17013,label,The Love Habit
17014,label,The Lovely Bones (play)
17015,label,The Lover (play)
17016,label,The Lovers (TV series)
17017,label,The Loving Spirit
17018,label,The Loyal Brother
17019,label,The Luck of Barry Lyndon
17020,label,The Luck of Ginger Coffey (film)
17021,label,The Luckiest Lady in London
17022,label,The Magic Bow
17023,label,The Magic Box
17024,label,The Magic Cloak of Oz
17025,label,The Magician's Elephant
17026,label,The Mahatma and the Hare
17027,label,The Maltby Collection
17028,label,The Man (Stoker novel)
17029,label,The Man Called Back
17030,label,The Man I Want
17031,label,The Man They Couldn't Arrest
17032,label,The Man Who Could Work Miracles
17033,label,The Man Who Could Work Miracles (short story)
17034,label,The Man Who Didn't Fly
17035,label,The Man Who Had Power Over Women
17036,label,The Man Who Liked Funerals
17037,label,The Man Who Lost Himself (novel)
17038,label,The Man Who Lost the Sea
17039,label,The Man Who Never Was
17040,label,The Man Who Shot Liberty Valance (stage play)
17041,label,The Man Who Would Be King
17042,label,The Man Without Desire
17043,label,The Man Without a Heart
17044,label,The Man and His Kingdom (novel)
17045,label,The Man from Beijing
17046,label,The Man from London
17047,label,The Man in the Road
17048,label,The Man in the White Suit (play)
17049,label,The Man with Bad Manners
17050,label,The Mansion (novel)
17051,label,The Simoqin Prophecies
17052,label,The Unwaba Revelations
17053,label,The Mark of the Assassin
17055,label,The Marriage of Robin Redbreast and the Wren
17056,label,The Marriage of William Ashe
17057,label,The Martian (du Maurier novel)
17058,label,The Martian Star-Gazers
17059,label,The Mask (novel)
17060,label,The Master of Stair
17061,label,The Matchgirls
17062,label,The Matter of Seggri
17063,label,The Meadow (play)
17064,label,The Medusa Frequency
17065,label,The Memory of Water
17066,label,The Merlin Effect
17067,label,Tourmaline (novel)
17068,label,The Merry Men and Other Tales and Fables
17069,label,The Method (film)
17070,label,The Middle of the World (1974 film)
17071,label,The Millennial Project
17072,label,The Million Pound Deposit
17073,label,The Millionairess (play)
17074,label,The Song Rising
17075,label,The Mindworm
17076,label,The Mirror and the Light (play)
17077,label,The Miser
17078,label,The Misleading Widow
17079,label,The Missing Partners
17080,label,The Missing and the Dead
17081,label,The Model's Confession
17082,label,The Monkey King (Mo novel)
17083,label,The Monster Bed
17084,label,The Monsters (short story)
17085,label,The Moons of Jupiter (short story)
17086,label,The Moonstone (1972 TV series)
17087,label,The Most Dangerous Game (novel)
17088,label,The Mothers (play)
17089,label,The Mouse That Roared (film)
17090,label,The Mouse and His Child (film)
17091,label,The Mulgray Twins
17092,label,The Mullets
17093,label,The Secret of Chimneys
17094,label,The Murders of Molly Southbourne
17095,label,The Mysterious Benedict Society and the Perilous Journey
17096,label,The Mysterious Benedict Society and the Prisoner's Dilemma
17097,label,The Mysterious Benedict Society and the Riddle of Ages
17098,label,The Mysterious Edge of the Heroic World
17099,label,The Mysterious Husband
17100,label,The Mystery of Dr. Fu-Manchu
17101,label,The Mystery of Mr. Bernard Brown (novel)
17102,label,The Mystery of the Sea
17103,label,The Mythmaker
17104,label,The Native Star
17105,label,The Nativity (TV series)
17106,label,The Passion (TV serial)
17107,label,The Natural Way of Things
17108,label,The Naulahka: A Story of West and East
17109,label,The Nearly Man
17110,label,The Nebuly Coat
17111,label,The Sorceress: The Secrets of the Immortal Nicholas Flamel
17112,label,The Neon Wilderness
17113,label,The Nether
17114,label,The Reality Bug
17115,label,The Nevers
17116,label,The New Accelerator
17117,label,The New Machiavelli
17118,label,The Tribe (1999 TV series)
17119,label,The New Traveller's Almanac
17120,label,The New World Order (Wells book)
17121,label,The Next Time (short story)
17122,label,The Next of Kin
17123,label,The Night Ferry
17124,label,The Night Has Eyes (novel)
17125,label,The Night Journey (novel)
17126,label,The Night of Wenceslas
17127,label,The North-Bound Rider
17128,label,The Nuptials of Corbal
17129,label,The October Man
17130,label,The Office (British TV series)
17131,label,The Offshore Pirate
17132,label,The Old Boys
17133,label,The Old Manor House
17134,label,The One (magazine)
17135,label,The Open Conspiracy
17136,label,The Ordeal of Richard Feverel (TV series)
17137,label,The Orders Were to Rape You
17138,label,The Osmonds (TV series)
17139,label,The Ostrekoff Jewels
17140,label,The Other Half (game show)
17141,label,The Other Woman (1931 film)
17143,label,The Outsider (1983 TV series)
17144,label,William Camden
17145,label,The Paladin (Cherryh novel)
17146,label,The Paper Chase (Symons novel)
17147,label,The Paradine Case (novel)
17148,label,The Partridge Festival
17149,label,The Passage (Palmer novel)
17150,label,The Passage of Love
17151,label,The Passages of H.M.
17152,label,The Passing of the Third Floor Back
17153,label,The Passing of the Third Floor Back (1918 film)
17154,label,The Passionate Friends: A Novel
17155,label,Thomas Jeckyll
17156,label,The Pearl of Love
17157,label,Waldemar Hammenhög
17158,label,The People of Sand and Slag
17159,label,The People of the Mist
17160,label,The Persuasionists
17161,label,The Peter Principle (TV series)
17162,label,The Phantom 'Rickshaw and Other Tales
17163,label,The Photos
17164,label,The Pied Piper of Hamelin (1957 film)
17165,label,The Quillan Games
17166,label,The Pirate (short story)
17167,label,The Pirates! In an Adventure with Scientists
17168,label,The Pirates! in an Adventure with Whaling
17169,label,The Pirates! in an Adventure with Communists
17170,label,The Pirates! in an Adventure with Napoleon
17171,label,The Pirates! in an Adventure with the Romantics
17172,label,The Pit-Prop Syndicate
17173,label,The White Priory Murders
17174,label,The Plattner Story
17175,label,The Play About the Baby
17176,label,The Playmaker
17177,label,The Plot Against Roger Rider
17178,label,The Pocket Dream
17179,label,The Poets' Corner
17180,label,The Poisoners (novel)
17181,label,The Polish Officer
17182,label,The Poor and the Land
17183,label,The Poorhouse Fair
17184,label,The Popcorn Kid
17185,label,The Possession of Joel Delaney
17186,label,The Power (Alderman novel)
17187,label,The Power To Kill
17188,label,The Power of Yes
17189,label,The Price of a Song
17190,label,The Primrose Path (Stoker novel)
17191,label,The Prince and the Pauper (1920 film)
17192,label,The Princes of the Golden Cage (novel)
17193,label,The Private Life of the Gannets
17194,label,The Private Secretary (1935 film)
17195,label,The Prize of Peril
17196,label,The Problem of Cell 13
17197,label,The Provençal Tales
17198,label,The Psychology of Time Travel
17199,label,The Psychopath
17200,label,The Public Ledger
17201,label,The Pumpkin Eater
17202,label,The Punch and Judy Murders
17203,label,The Unicorn Murders
17204,label,The Pupil (short story)
17206,label,The Queen's Nose (TV series)
17207,label,The Queen Who Kept Her Head
17208,label,The Queen of Air and Darkness (novella)
17209,label,The Queer Story of Brownlow's Newspaper
17210,label,The Quick and the Dead (1995 film)
17211,label,The Quickening Maze
17212,label,The Rivers of Zadaa
17213,label,The Rabbits Who Caused All the Trouble
17214,label,The Race (Allan novel)
17215,label,The Rage of the Vulture
17216,label,The Railway Children (2000 film)
17218,label,The Rapids
17219,label,The Ray-Gun: A Love Story
17220,label,The Real Story of Stone Soup
17221,label,The Reckoning (2003 film)
17222,label,The Reckoning (2011 TV series)
17224,label,The Red Box
17225,label,The Red Queen's Race
17226,label,The Redwater Raid
17227,label,The Removers
17228,label,The Republic of Love
17229,label,Tony Schumacher (English author)
17230,label,The Retreat from Moscow
17231,label,The Return of Captain Invincible
17232,label,The Return of Tharn
17233,label,The Return of the Dancing Master
17234,label,The Return of the Druses
17235,label,The Return of the Rat
17236,label,The Revenge of the Radioactive Lady
17237,label,The Revengers' Comedies
17238,label,The Review Show
17239,label,The Revolt of Islam
17240,label,The Rich Boy
17241,label,The Ridge and the River
17242,label,The Rim of Space
17243,label,The Ringer (1931 film)
17244,label,The Ringer (1952 film)
17245,label,The Scarlet Slipper Mystery
17246,label,The Riots
17247,label,The Rivals (1664 play)
17248,label,"Weep Not, Child"
17249,label,The River at the Center of the World
17250,label,The Road of the Dead
17251,label,The Roads to Sata
17252,label,The Whisper
17253,label,The Rock and the River
17254,label,The Rocket (short story)
17255,label,The Rocks of Valpré (novel)
17256,label,The Room (play)
17257,label,The Root Cellar
17258,label,The Roots of Coincidence
17259,label,The Rose Without a Thorn
17260,label,The Rose of Tibet
17261,label,The Rough and the Smooth
17262,label,The Royals (TV series)
17263,label,The Word of Unbinding
17264,label,The Runaway Skyscraper
17265,label,The Runaway Wok
17266,label,The Russian Girl
17267,label,The Sadeian Woman and the Ideology of Pornography
17268,label,The Saint's Vacation
17269,label,The Saint: The Brazilian Connection
17270,label,The Saint: The Software Murders
17272,label,The Salamander (1971 film)
17273,label,The Savage Garden (novel)
17274,label,The Scandal of Sophie Dawes
17275,label,The Scarlet Pimpernel (1934 film)
17276,label,The Scarlet Thread
17277,label,The School Story
17278,label,The School for Vanity
17279,label,The School for Widows
17280,label,The Schwa Was Here
17281,label,The Science of Life
17282,label,The Sea (play)
17283,label,The Sea Raiders
17284,label,The Seance (Harwood novel)
17285,label,The Second Angel
17286,label,The Second Coming (Masterson novel)
17287,label,The Second Confession
17288,label,The Second Deadly Sin
17289,label,The Secret Chord
17290,label,The Secret Garden (2020 film)
17291,label,The Secret Key and Other Verses
17292,label,The Secret Lives of Fortunate Wives
17293,label,The Secret Magdalene
17294,label,The Secret Servant (Lyall novel)
17295,label,The Secret World of Og
17296,label,The Secret of Crickley Hall
17297,label,The Sky Phantom
17299,label,The Serpent Power
17300,label,The Servant (1963 film)
17301,label,The Seven Wonders (Saylor novel)
17302,label,The Seventh Survivor
17303,label,The Shadow Club
17304,label,The Shadow Kingdom
17305,label,The Shadow of the Tower
17306,label,The Shadow of the Vulture
17307,label,The Shadowhunter's Codex
17308,label,The Shame of the Nation
17309,label,The Sharp End
17310,label,The Shawl
17311,label,The Shining Girls
17312,label,The Ship that Found Herself
17313,label,The Shoulder of Shasta
17314,label,The Show-Off
17315,label,The Show (2020 film)
17316,label,The Show Must Go Online
17317,label,The Shuttered Room and Other Pieces
17318,label,The Silencers (novel)
17319,label,The Silent Gondoliers
17320,label,The Silent Hostage
17321,label,The Silent Land
17322,label,The Silent Patient
17323,label,The Silver Brumby (novel)
17324,label,The Silver Chair (1990 TV serial)
17325,label,The Silver Kiss
17326,label,The Silver Spike
17327,label,The Silverado Squatters
17328,label,The Simpleton of the Unexpected Isles
17329,label,The Singer Not the Song
17330,label,The Singer Not the Song (novel)
17331,label,The Sirens Sang of Murder
17332,label,The Skin Game (1921 film)
17333,label,The Skull
17334,label,The Slave (Hichens novel)
17335,label,The Slave Girl (play)
17336,label,The Sledding Hill
17337,label,The Sleeper Awakes
17338,label,The Sleeping Beauty (novel)
17339,label,The Sleeping Beauty Quartet
17340,label,The Slugger's Game
17341,label,The Small Back Room (novel)
17342,label,The Smallest Show on Earth (musical)
17343,label,The Snail and the Whale
17344,label,The Van (novel)
17345,label,"The Snow-Image, and Other Twice-Told Tales"
17347,label,The Solomon Curse
17348,label,The Song Celestial
17349,label,The Song of Names
17350,label,Thomas Hood
17351,label,The Sorcerer's Ship
17352,label,The Soul Keeper
17353,label,The Sound (short story)
17354,label,The Spanish Armadas
17355,label,The Spanish House (novel)
17356,label,The Spanish Rogue
17357,label,The Sparrow (1967 play)
17358,label,The Sparticle Mystery
17360,label,The Spell of Egypt
17361,label,The Spider and the Fly (1949 film)
17362,label,The Spiraling Worm
17363,label,The Spirit of the Age
17364,label,The Split (TV series)
17365,label,The Sponge Divers
17366,label,The Sport of Kings (1931 film)
17367,label,The Spy (TV miniseries)
17368,label,The Square Ring
17369,label,The Squirrel Wife
17370,label,The Stain (novel)
17371,label,Trust Territory (novel)
17372,label,The Star (Wells short story)
17373,label,The State of Africa
17374,label,The Steel Remains
17375,label,The Stickpin
17376,label,The Still Point
17377,label,The Stolen Bacillus and Other Incidents
17378,label,The Stolen Body
17379,label,The Storm (Utterson short story)
17380,label,The Story of (book series)
17381,label,The Story of Francis Cludde
17382,label,The Story of My Life (musical)
17383,label,The Story of a Great Schoolmaster
17384,label,The Story of an Hour
17385,label,The Story to End All Stories for Harlan Ellison's Anthology Dangerous Visions
17386,label,The Straits of Messina
17387,label,The Strand (radio programme)
17388,label,The Stranger Diaries
17389,label,The Stranger Prince
17390,label,The Street of Adventure (film)
17391,label,The Street of Adventure (novel)
17392,label,The Streets of Ashkelon
17393,label,The Subject Was Roses
17394,label,The Sucker Punch
17395,label,The Sufis
17396,label,The Sun Chemist
17397,label,Transit to Scorpio
17398,label,The Sunset Limited
17399,label,The Super Hero Squad Show
17400,label,The Survivor (Herbert novel)
17401,label,The Swan Thieves
17402,label,The Sword of God (novelette)
17403,label,The Swords Trilogy
17407,label,The Swords of Night and Day
17408,label,The Syro-Aramaic Reading of the Koran
17409,label,The TNT Punch
17410,label,The Tables of the Law
17411,label,The Tale of Squirrel Nutkin
17412,label,The Tale of Benjamin Bunny
17413,label,The Tailor of Panama (film)
17414,label,The Tain (novella)
17415,label,The Taking
17416,label,The Talking Clothes: Poems
17418,label,The Tavern Knight (novel)
17419,label,The Temple (Oates short story)
17420,label,The Temptation of Tavernake
17421,label,The Tenant of Wildfell Hall (1968 TV series)
17422,label,The Territory (1981 film)
17423,label,The Theory of Relativity (musical)
17425,label,The Third Day (TV series)
17426,label,The Third Jihad: Radical Islam's Vision For America
17427,label,The Third Man (TV series)
17428,label,The Thirteen Hallows
17429,label,The Thirteenth Hour (1947 film)
17430,label,The Three Strangers
17431,label,The Threepenny Review
17432,label,The Time of the Ghost
17433,label,The Tinted Venus
17434,label,The Tivington Nott
17435,label,The Toff Goes to Market
17436,label,The Top Secret Life of Edgar Briggs
17437,label,The Top of the World (novel)
17438,label,The Touch of Evil
17439,label,The Tough Guide to Fantasyland
17440,label,The Tournament (2009 film)
17441,label,The Tournament (Reilly novel)
17442,label,The Tower of Babel (novel)
17443,label,The Toynbee Convector
17444,label,The Train Driver
17445,label,The Train Now Standing
17446,label,The Treacherous Brothers
17447,label,The Treasure in the Royal Tower (novel)
17448,label,The Triangle (miniseries)
17449,label,The Tritonian Ring
17450,label,The Triumph of Love (play)
17451,label,The Trojan Dog
17452,label,The Truce (1997 film)
17453,label,The Truth About Spring
17454,label,The Tunnel of Love (play)
17455,label,The Turbulent Term of Tyke Tiler
17456,label,Twelve Horses and the Hangman's Noose
17457,label,The Two Charleys
17458,label,The Ugly Duckling (1959 film)
17459,label,The Unconquered (short story)
17460,label,The Undomestic Goddess
17461,label,The Undying Fire (Wells novel)
17462,label,The Undying Land
17463,label,The Unfortunates
17464,label,The Unicorn in the Garden
17465,label,The Unpleasant Profession of Jonathan Hoag
17466,label,The Unsex'd Females
17467,label,The Unspeakable Skipton
17468,label,The Upper Hand (TV series)
17469,label,The Veldt (short story)
17470,label,The Venetian (play)
17471,label,The Verdant Passage
17472,label,The Verdict (1964 film)
17473,label,The Verdict of You All
17474,label,The Very Persistent Gappers of Frip
17475,label,The Very Thought of You (novel)
17476,label,The Vicar of Nibbleswicke
17477,label,The Village Bike
17478,label,The Virgin of the Sun
17479,label,The Voice from the Minaret (play)
17480,label,The Voyage of QV66
17481,label,The Waitabits
17482,label,The Walking Drum
17483,label,The Walking Stick (novel)
17484,label,The Wanderer's Necklace
17485,label,The Wanderer (TV series)
17486,label,The War Against the Chtorr
17487,label,The War Plays
17488,label,The War of the Worlds (1968 radio drama)
17489,label,The Wars
17490,label,The Watcher in the Woods (1980 film)
17491,label,The Watchman (Crais novel)
17492,label,The Watter's Mou'
17493,label,The Waves
17495,label,The Way Ahead
17496,label,The Way It Came
17497,label,The Way the World Is Going
17498,label,The Way to Santiago
17499,label,The Way to the Lantern
17500,label,The Weak and the Wicked
17501,label,The Weaker Sex
17502,label,The Weapon (short story)
17503,label,The Weapon Shops of Isher
17504,label,The Weather in the Streets
17505,label,The Weatherboard Cathedral
17507,label,The Week That Wasn't (British TV programme)
17508,label,The Well of Loneliness
17509,label,The Wheels of Chance
17510,label,The Whimper of Whipped Dogs
17512,label,The Whistler (novel)
17513,label,The White People
17514,label,The White Unicorn
17515,label,The Whitehall Worrier
17516,label,The Wicker Man (novel)
17517,label,The Widow of Bath (TV series)
17518,label,The Widower's Son
17519,label,The Wife of Sir Isaac Harman
17520,label,The Wind at Your Door
17521,label,The Wind in the Willows (1983 film)
17522,label,The Wind in the Willows (2006 film)
17523,label,The Windermere Children
17524,label,War and Remembrance (miniseries)
17525,label,The Witches of Chiswick
17526,label,The Wives Excuse
17527,label,The Wizard (novel)
17528,label,The Wolf Man (franchise)
17529,label,The Woman Eater
17530,label,The Woman in White (1921 film)
17531,label,The Woman in White (musical)
17532,label,The Woman of Knockaloe
17533,label,The Wombles (1973 TV series)
17534,label,The Wombles (1996 TV series)
17535,label,The Wonder (film)
17536,label,The Wonderful Visit
17537,label,The Wooden Leg of Inspector Anders
17538,label,The Woods Are Dark
17539,label,The Woolf Institute
17540,label,The Woolgatherer
17541,label,"The Work, Wealth and Happiness of Mankind"
17542,label,The World's Desire
17543,label,"The World's Number One, Flat-Out, All-Time Great Stock Car Racing Book"
17544,label,The World According to Kipling (A Plain Tale from the Hills)
17545,label,The World Set Free
17546,label,The World is Round (novel)
17547,label,The World of Paul Slickey
17548,label,The World of William Clissold
17549,label,The Wrong Arm of the Law
17550,label,The Years (Woolf novel)
17551,label,The Yellow Claw
17552,label,The Yellow Claw (film)
17553,label,The Yellow God
17554,label,The Yield
17555,label,The Yogi and the Commissar
17556,label,The Young Cosima
17557,label,The Young Pioneers (miniseries)
17558,label,"The story of Monsieur Jourdan, a botanist and the dervish Mastalishah, a famous sorcerer"
17559,label,Theatricals: Second Series
17560,label,Theatricals
17561,label,Thelma (novel)
17562,label,Thelma Adams
17563,label,Theodora Bosanquet
17564,label,Theodore (TV series)
17565,label,Theodore Bathurst
17566,label,Theodore de Korwin Szymanowski
17567,label,Theodosia Trollope
17568,label,Theophilus Evans
17569,label,Theophilus North
17570,label,There Is Another Sun
17571,label,They (1993 film)
17572,label,They Came from Somewhere Else
17573,label,Uneasy Terms (novel)
17574,label,They Who Dare
17575,label,Thin Air (Morgan novel)
17576,label,Things My Girlfriend and I Have Argued About
17577,label,Things We Do for Love (play)
17578,label,Things We Lost in the Fire (film)
17579,label,Things to Come
17580,label,Things to Do Before You're 30
17581,label,Think the Unthinkable
17582,label,Thiotimoline
17583,label,Third Time Lucky (1931 film)
17584,label,"Thirteen Albatrosses (or, Falling off the Mountain)"
17585,label,This (journal)
17586,label,This Isn't What It Looks Like
17587,label,This Can't Be Happening at Macdonald Hall
17588,label,This Census-Taker
17589,label,This House (play)
17590,label,This Is My Street
17591,label,This Is Where We Came In
17592,label,This Man Is Dangerous (novel)
17593,label,This Misery of Boots
17594,label,This Other Eden (film)
17595,label,This River Awakens
17596,label,This Thing of Darkness
17597,label,This Was a Woman
17598,label,Thom Nairn
17599,label,Thomas Alfred Grut
17600,label,Thomas Baden Morris
17601,label,Thomas Baskerville (topographer)
17602,label,Thomas Bell (antiquarian)
17603,label,Thomas Bungay
17604,label,Thomas Chubb
17605,label,Thomas Clark (writer)
17606,label,Thomas Coward
17607,label,Thornton in Craven
17608,label,Thomas Dafydd
17609,label,Thomas Edward Brown
17610,label,Thomas Edward Spencer
17611,label,Thomas Emson
17612,label,Thomas Eyre (Jesuit)
17613,label,Thomas Finlayson Henderson
17615,label,Thomas Forbes Kelsall
17616,label,Thomas Fuller (writer)
17617,label,Thomas Furlong (poet)
17618,label,Thomas Gray
17619,label,Thomas Guthrie Marquis
17620,label,Thomas Henry Mahy
17621,label,Thomas Henry Smith (poet)
17622,label,Thomas Hill (author)
17623,label,Thomas Hinde (novelist)
17624,label,Frances Freeling Broderip
17625,label,Thomas Hudson (poet)
17626,label,Thomas Johnson (botanist)
17627,label,Thomas Keightley
17628,label,Thomas Killigrew
17629,label,Thomas Master (died 1643)
17630,label,Thomas McCarthy (poet)
17631,label,Thomas Meech
17633,label,Thomas Nail
17634,label,Thomas Okey
17635,label,Thomas Owen Beachcroft
17636,label,Thomas P. Kelley
17637,label,Thomas Price (Baptist minister)
17638,label,Thomas Sautner
17639,label,Thomas Seccombe
17640,label,Thomas Shapiro
17641,label,Thomas Shore (writer)
17642,label,Thomas Somerville (minister)
17643,label,Thomas Tanner (writer)
17644,label,"Thomas Tomlin, Baron Tomlin"
17645,label,Thomas Vane
17646,label,Thomas de Veil
17647,label,Thomas van Aalten
17648,label,Thorn Castle
17649,label,Thorndyke (TV series)
17650,label,Those Who Walk Away
17651,label,Three-Ten to Yuma
17652,label,Three Guineas
17653,label,Three Poems
17654,label,Threesome (British TV series)
17655,label,Tom Edge
17656,label,Throwback (short story)
17657,label,Tideline (short story)
17658,label,Till A' the Seas
17659,label,Tilly Armstrong
17661,label,Tim Atkin
17662,label,Tim Jackson (businessman)
17663,label,Tim Kendall
17664,label,Tim Lawrence (author)
17665,label,Tim McLelland
17666,label,Time Enough
17667,label,"Time Gentlemen, Please!"
17668,label,Time Out (drama)
17669,label,Time Out of Mind (2014 film)
17670,label,Time Right Deadly
17671,label,Time Warp (song)
17672,label,Time and the Gods (omnibus)
17673,label,Time in Advance
17674,label,Time of Miracles
17675,label,Time on Fire
17677,label,Times Without Number
17678,label,Timothy Corsellis
17679,label,Timothy Garton Ash
17680,label,Timothy McSweeney's Quarterly Concern
17681,label,Tin Star (TV series)
17682,label,Tina Hannan
17683,label,Tiny Alice
17684,label,Tipping the Velvet (TV series)
17685,label,Titanic 2020: Cannibal City
17686,label,Titanic 2020
17687,label,Titanium Mike Saves the Day
17688,label,Titmuss Regained
17689,label,"To Dorothy, a Son"
17690,label,To Outrun Doomsday
17692,label,To Serve Them All My Days (TV series)
17693,label,"To Sir, with Love"
17694,label,To the Lighthouse
17695,label,To the Lighthouse (film)
17696,label,To the Wild Sky
17697,label,Todd James Pierce
17698,label,Todd Swift
17699,label,Tom Blofeld
17700,label,"Veronica Wadley, Baroness Fleet"
17701,label,Tom Brown's Schooldays (TV serial)
17703,label,Tom Clancy's Op-Center: Mirror Image
17704,label,Wensley Clarkson
17706,label,Vigil (TV series)
17708,label,Tom Emmett
17709,label,Tom Emmott
17710,label,Tom Hadaway
17712,label,Tom Kristensen (poet)
17713,label,Tom Leonard (poet)
17714,label,Tom Lloyd (author)
17716,label,Tom McGrath (playwright)
17718,label,Tom Raworth
17719,label,Tommies (radio drama)
17720,label,Tommy the Toreador
17721,label,Tomás O'Crohan
17722,label,Tongue Tied (Red Dwarf song)
17723,label,Tonite Let’s All Make Love in London (film)
17724,label,Tono-Bungay
17725,label,Tony (2009 film)
17726,label,Tony Bennett at the Talk of the Town
17727,label,Tony Bilbow
17728,label,Tony Conigliaro (mixologist)
17730,label,Tony Drake (hiker)
17731,label,Tony Draws a Horse (play)
17733,label,Tony O'Neill
17734,label,Tony Ortega
17735,label,Tony Robinson (business adviser)
17736,label,Tony Topham
17737,label,Toother
17739,label,Totally Biased with W. Kamau Bell
17740,label,Toti Martínez de Lezea
17741,label,Tower Hamlets Summer University
17742,label,Town on Trial
17743,label,Tracey Corderoy
17744,label,We Are Not Free
17745,label,Track the Man Down
17746,label,Tracy Hogg
17747,label,Tracy Tupman
17748,label,Train to Pakistan
17749,label,Travels with My Aunt (play)
17750,label,Travels with My Cats
17751,label,Travis Elborough
17752,label,Treasure Island (1950 film)
17753,label,Treasure Island (1977 TV series)
17754,label,Trebor Healey
17755,label,Tree Palace
17756,label,Tremor (novel)
17757,label,Tremor of Intent: An Eschatological Spy Novel
17758,label,Tres tristes tigres (novel)
17759,label,Trevor Blake (entrepreneur)
17760,label,Trevor W. Payne
17761,label,Trezza Azzopardi
17762,label,Trials of Death
17763,label,Triangulation (novel)
17764,label,Tributes: Remembering Some of the World's Greatest Wrestlers
17765,label,Triptych (Frey novel)
17766,label,Triumphs of a Taxidermist
17767,label,Trolls: The Beat Goes On!
17768,label,Trolls: TrollsTopia
17769,label,Trouble in Mind (TV series)
17770,label,Trousers (film)
17771,label,Truckers (2013 TV series)
17772,label,True Love (TV series)
17773,label,Trust (British TV series)
17774,label,Tu An
17775,label,Tunnel Through the Deeps
17776,label,Turning Thirty
17777,label,Turning on the Girls
17778,label,Turtle Diary
17779,label,Tuvalu (novel)
17780,label,Twelve Sharp
17781,label,Twice a Fortnight
17782,label,Twilight Eyes
17783,label,Twisted Nerve
17784,label,Twisted Souls
17785,label,Two's Company (British TV series)
17786,label,"Two Overtures Humbly Offered to His Grace John Duke of Argyll, Her Majesties High Commissioner, and the Right Honourable the Estates of Parliament"
17787,label,Two Small Bodies (play)
17788,label,Two in Clover
17789,label,Tõnu Õnnepalu
17790,label,U. A. Fanthorpe
17791,label,Un Lun Dun
17792,label,Una (film)
17793,label,Una Lucy Silberrad
17794,label,"Una Vincenzo, Lady Troubridge"
17795,label,Unbroken (Zamperini biography)
17796,label,Uncle Tom's Cabin (1903 film)
17797,label,Unconditional Honor
17798,label,Unconditional Love (2003 film)
17799,label,Undead and Unwed
17800,label,Undeniable (TV series)
17801,label,Ysabel
17802,label,Under Milk Wood (2015 film)
17803,label,Under Plain Cover
17804,label,Under Suspicion (1991 film)
17805,label,Under Your Hat
17806,label,Under the Deodars
17807,label,Under the Hawthorn Tree (novel)
17808,label,Under the Red Robe (novel)
17810,label,Under the Sunset
17811,label,Underground (role-playing game)
17812,label,Understand (story)
17813,label,Undertones of War
17814,label,Unlighted Lamps
17815,label,Unnatural Exposure
17816,label,Unpublished Story
17817,label,Unscientific America
17819,label,Unspeakable Things
17820,label,Untitled fifth Indiana Jones film
17821,label,Untouchable (novel)
17822,label,Up the Elephant and Round the Castle
17823,label,Up the Ladder of Gold
17824,label,Urban Gothic (TV series)
17825,label,Ursula Bentley
17826,label,Ursula Bloom
17827,label,Wolfblood
17828,label,Ursula St. George
17829,label,Ursula Torday
17830,label,Witches' Sabbath (novel)
17831,label,Us (British TV series)
17832,label,Usman T. Malik
17833,label,Uthaya Sankar SB
17834,label,"Ułani, ułani, chłopcy malowani"
17835,label,V. A. Urechia
17836,label,V. Anamika
17837,label,Vacuuming Completely Nude in Paradise
17838,label,Val Mulkerns
17839,label,Valerie Randle
17842,label,Vampira (1974 film)
17843,label,Vanessa Grant
17844,label,Vanishing Girls
17845,label,Vanishing Point (1971 film)
17846,label,Vanity Fair (1967 TV serial)
17847,label,Vasl (TV series)
17848,label,Vast (novel)
17849,label,Vatta's War
17852,label,Vault of the Beast
17853,label,Vector (magazine)
17854,label,Venetian Lovers
17855,label,Venetian Masque
17856,label,Venita Coelho
17857,label,Venus (play)
17858,label,Venus and the Seven Sexes
17859,label,Venus with Pistol
17860,label,Vera Barclay
17861,label,Verity Stob
17862,label,Vermeer's Hat
17863,label,Vernon Knowles
17864,label,Vernon Louis Parrington
17865,label,Vernon Scannell
17867,label,Vicente Ranudo
17868,label,Viceroy Sarah
17869,label,Vicious (TV series)
17871,label,Vicki Mackenzie
17873,label,Vicky Angel
17874,label,Victor Marra Newland
17875,label,Victor Wallace Germains
17876,label,Victoria (British TV series)
17877,label,Victoria Knowles
17878,label,Viken Berberian
17879,label,Vikings of the Gloves
17880,label,Village of Secrets
17881,label,Villem Grünthal-Ridala
17882,label,Vilém Závada
17883,label,Vincenc Lesný
17884,label,Vincent King
17885,label,Vincent Michael Brown
17886,label,Viola Bayley
17887,label,William Arthur Smith Benson
17888,label,Violet Needham
17889,label,"Francis Needham, 2nd Earl of Kilmorey"
17890,label,Virginia Henley
17891,label,Virginia Rounding
17892,label,Laura Stephen
17893,label,Virginius (play)
17894,label,Vivian Smith (poet)
17895,label,Vivienne Haigh-Wood Eliot
17896,label,Vivienne de Watteville
17897,label,Vivimarie Vanderpoorten
17898,label,Vladimir Kostenko
17900,label,Voyage of the Space Bubble
17901,label,Vratislav Effenberger
17902,label,W. D. M. Bell
17903,label,W. E. Cule
17904,label,W. E. D. Ross
17905,label,W. E. Shewell-Cooper
17906,label,W. H. D. Rouse
17907,label,W. N. Herbert
17909,label,W. P. D. Wightman
17910,label,W. R. Mitchell
17911,label,W. Ralph Eubanks
17912,label,Waiting for God (TV series)
17913,label,Waiting for Godalming
17914,label,Waiting for an Angel
17915,label,Wake Me When the War Is Over
17916,label,Waking Dream
17917,label,Walk Through Darkness
17918,label,Walkabout (film)
17919,label,Walker Hamilton
17920,label,Waller Rodwell Wright
17921,label,Walter Armstrong (art historian)
17922,label,Walter Baxter
17923,label,Walter Brut
17924,label,Walter Davison
17925,label,Walter Ellis
17926,label,Walter Leslie Wilmshurst
17927,label,Walter Richard Cassels
17928,label,Walter de Milemete
17929,label,Wang Jiaxiang (translator)
17930,label,Wang Menghan
17931,label,Wang Yizhu
17932,label,War Game (short story)
17933,label,War and Peace (1956 film)
17934,label,War and the Future
17935,label,Warday
17936,label,Warn That Man
17937,label,Warner (writer)
17938,label,Warren Cohen
17939,label,Warship (1973 TV series)
17940,label,Warwick Cairns
17941,label,Was She Justified?
17942,label,Wasted (British TV series)
17943,label,Watching (TV series)
17944,label,Watching the Climbers on the Mountain
17945,label,Watching the Dark (novel)
17946,label,Water Man (novel)
17947,label,Waterclap
17948,label,Watercress (book)
17949,label,Waterfront Beat
17950,label,Waterless Mountain
17951,label,Waterloo Road (film)
17952,label,Watt (novel)
17953,label,Wayne Karlin
17954,label,Wayne Sharrocks
17955,label,Ways of Seeing
17956,label,Ways to Live Forever (film)
17957,label,"We Are Proud to Present a Presentation About the Herero of Namibia, Formerly Known as Southwest Africa, From the German Sudwestafrika, Between the Years 1884–1915"
17958,label,We Can Report Them
17959,label,Wedge: The Secret War Between the FBI and CIA
17960,label,Wee Willie Winkie and Other Child Stories
17961,label,Wei Wu Wei
17962,label,"Welcome to Our Village, Please Invade Carefully"
17963,label,Wen Meihui
17964,label,Wendy Moore
17965,label,Wendy Rose
17966,label,Wendy Windham
17967,label,Wenlock and Mandeville
17968,label,Went the Day Well?
17969,label,Wentworth Dilke
17970,label,Wentworth M. Johnson
17971,label,Wentworth Smith
17972,label,Werner Kofler
17973,label,What's Expected of Us
17974,label,What About Joan?
17975,label,What a Piece of Work
17976,label,When Jays Fly to Barbmo
17977,label,When Jeremy Hardy Spoke To The Nation
17978,label,When We Are Married
17979,label,When the People Fell
17980,label,Whenever (play)
17981,label,Where Have All the People Gone?
17982,label,Whereabouts (novel)
17983,label,Which Side Are You On? (book)
17984,label,Whicker's World
17985,label,Whisky Galore! (1949 film)
17987,label,White Face
17988,label,White Girls
17989,label,White Mischief (film)
17990,label,White Nights (1916 film)
17991,label,White Teeth (TV serial)
17992,label,"Whitehall and the Jews, 1933-1948"
17993,label,Whitethorn Woods
17994,label,Who Do You Think You Are? (1976 Australian TV series)
17995,label,Who Is America?
17996,label,Who Killed Doc Robin?
17997,label,Whodunnit? (British game show)
17998,label,Why She Would Not
17999,label,Wicked as They Come
18000,label,Wikipedia and the Democratization of Knowledge
18001,label,Wilbur Schramm
18002,label,Wild Decembers (TV series)
18003,label,Wild Jack
18004,label,Wild Papa
18005,label,Wild at Heart (British TV series)
18006,label,Wilfred Bennetto
18007,label,Wilhelmina Hay Abbott
18008,label,Will Any Gentleman?
18009,label,Will Any Gentleman...?
18010,label,Will Shakespeare (TV series)
18011,label,Willa Muir
18012,label,William A. Jones (writer)
18014,label,William Addy
18016,label,William Astley
18017,label,William Auld
18018,label,William Banting
18019,label,Milton: A Poem in Two Books
18020,label,"Vala, or The Four Zoas"
18021,label,Catherine Blake
18022,label,William Blamire
18023,label,William Brodrick (writer)
18025,label,William Cartwright (dramatist)
18026,label,William Collins (poet)
18027,label,William Craigie
18028,label,William Crowe (poet)
18029,label,William Dafydd
18030,label,William Douw Lighthall
18031,label,William Dudgeon (poet)
18032,label,William Duff (writer)
18033,label,William Dunn Macray
18034,label,William Edmondstoune Aytoun
18035,label,William Edward Hickson
18036,label,William Ernest Bowman
18037,label,William Evans (judge)
18038,label,William F. Temple
18039,label,William Falconer (poet)
18040,label,William Foulkes (priest)
18041,label,William Fream
18042,label,William Garner (novelist)
18044,label,William Graham Stanton
18045,label,William Grainge
18046,label,William Hazlitt (Unitarian minister)
18047,label,William Henry Drummond
18048,label,William Henry Hitchener
18049,label,William Henry Meadowcroft
18050,label,William Henry Oliphant Smeaton
18051,label,William Holt (writer)
18052,label,William Holwell
18053,label,William Houghton (naturalist)
18054,label,William Howard Russell
18055,label,William Irving (politician)
18056,label,William James Royce
18057,label,William Jeffrey Prowse
18058,label,William Keith Leask
18059,label,William Keith Neal
18060,label,William Kirk Dickson
18061,label,William L. Manly
18062,label,William Leonard Courtney
18063,label,William Lithgow (traveller and author)
18064,label,William Lorimer (scholar)
18065,label,William Mason (religious writer)
18066,label,William Master (author)
18067,label,William McGonagall
18068,label,William Money Hardinge
18069,label,William Morison (minister)
18070,label,William Neill (poet)
18071,label,William Nicholson (poet)
18072,label,William Owen Roberts
18073,label,William Perkins (author)
18074,label,William Phiston
18075,label,William Poy Lee
18076,label,William Rishanger
18077,label,William Ritchie (editor)
18079,label,William Robertson Smith
18080,label,William Roscoe
18081,label,William Sampson (author)
18082,label,William Sarjeant
18083,label,William Saunders (poet)
18084,label,William Schreiner
18085,label,William Shand
18086,label,William Stafford (author)
18088,label,William Taylor (man of letters)
18090,label,William Thomas Lowndes
18091,label,William Toye (author)
18092,label,William Van Alstyne
18093,label,William Vandyck
18094,label,William Watkins (cleric)
18095,label,William Watson (writer)
18097,label,William Williams (Caledfryn)
18098,label,William Wilson (short story)
18099,label,William Wogan (religious writer)
18100,label,William Woodruff
18101,label,William Wright (author)
18102,label,William Wright (poet)
18103,label,William of Exeter (fl. 1320–1340)
18104,label,Willy Nilly
18105,label,Wilmot (TV series)
18106,label,"Winesburg, Ohio"
18107,label,Winged Pharaoh
18108,label,Winifred Duke
18109,label,Winifred Holtby
18110,label,Winner Take All (short story)
18111,label,Winner Take Nothing
18112,label,Winsome Pinnock
18113,label,Winter (Marsden novel)
18114,label,Winter Journal
18115,label,Winter Ridge
18116,label,Winterdance
18117,label,WireTap (radio program)
18118,label,Wireless (short story)
18119,label,Wishful Thinking (book)
18120,label,Withdrawal from Aden
18121,label,Without You (film)
18122,label,Witness (play)
18123,label,Wives and Daughters (1999 TV series)
18124,label,Wolfe (TV series)
18125,label,Woman Hater (1948 film)
18126,label,Woman in Mind
18127,label,Wonderwall (film)
18128,label,Word of Honor (novel)
18129,label,World Tales
18130,label,"World War II Behind Closed Doors: Stalin, the Nazis and the West"
18131,label,World of Wonder (anthology)
18132,label,Wu Junxie
18133,label,Wu Ningkun
18134,label,Wuthering Heights (1953 TV play)
18135,label,Wuthering Heights (2009 TV serial)
18136,label,Wyatt (novel)
18137,label,Władysław Syrokomla
18138,label,X-Men: Evolution
18139,label,Xavier F. Salomon
18140,label,Xenu's Link Sleuth
18141,label,Xiao San
18142,label,Yahya Birt
18143,label,Yang Jingyuan
18144,label,Yangtse Incident: The Story of H.M.S. Amethyst
18145,label,Yanks Go Home
18146,label,Yao Naiqiang
18147,label,Year of Wonders
18148,label,Year of the Rabbit (TV series)
18149,label,Yeh Duniyan Gazab Ki
18150,label,Yeh Jo Hai Zindagi
18151,label,Yellow Card Man
18152,label,Yellow Sands (film)
18153,label,"Yes, Madam (1933 film)"
18154,label,Yishai Sarid
18155,label,Yoshinori Yagi
18156,label,You'd Be Surprised (novel)
18157,label,You're Another
18158,label,You Don't Know Me (TV series)
18159,label,You Lie Like a Dog
18160,label,You Must Be the Husband
18161,label,You Never Can Tell (play)
18162,label,You Still Believe in Me
18163,label,"Young, Gifted and Broke"
18164,label,Young Catherine
18165,label,Young Fu of the Upper Yangtze
18166,label,Young Man of Arévalo
18168,label,Young at Heart (1980 TV series)
18169,label,Your Bad Self
18170,label,Your Girl and Mine
18171,label,Youthful Folly
18172,label,Yumi Sakugawa
18173,label,Yuri Nosenko: Double Agent
18174,label,Yvonne Green
18175,label,Yvonne Kapp
18176,label,Yvonne Whittal
18177,label,Yūto Tonokawa
18178,label,Zack (play)
18179,label,Zayd Mutee' Dammaj
18180,label,Zhang Yousong
18181,label,Zheng Zu
18182,label,Ziva Ben-Porat
18183,label,Zoe Dyke
18184,label,Zog (children's book)
18185,label,Zoë Tomalin
18186,label,Zygmunt Gloger
18187,label,Zzap!64
18188,label,Ælfwine (Tolkien)
18189,label,Æpyornis Island
18190,label,Éilís Ní Dhuibhne
18191,label,"Ščuke pa ni, ščuke pa ne"
